# Blender 5.1.2
# www.blender.org
mtllib Untitled.mtl
o defaultMaterial
v 3.550669 0.914773 -2.580546
v 3.304950 2.029217 -2.739583
v 4.247497 2.120552 -2.725490
v 4.452932 3.731294 -2.345558
v 4.702949 3.587956 -1.748495
v 4.631331 2.290917 -1.515822
v 3.577345 0.702168 -1.543058
v 3.355051 1.343219 -1.125026
v 2.769313 0.964643 -1.209371
v 2.988420 0.579071 -1.575013
v 4.627055 3.749462 -2.030542
v 2.482051 1.256780 -2.495847
v 4.119761 1.131638 -1.500271
v 4.020849 1.933103 -1.119377
v 2.820595 0.666836 -2.298156
v -2.088966 0.778382 -1.649010
v -2.820595 0.666836 -2.298156
v -2.483308 1.257838 -2.496970
v -1.970810 0.927633 -1.987023
v -3.552601 0.916465 -2.581382
v -2.988420 0.579071 -1.575013
v -3.577345 0.702168 -1.543058
v 2.088966 0.778382 -1.649010
v -2.769313 0.964643 -1.209371
v 4.789086 2.294476 6.253025
v 3.789311 2.038537 6.339468
v 4.164389 0.917754 6.254741
v 4.944280 3.369871 5.917150
v 4.881144 2.274729 5.095098
v 4.967032 3.533759 5.147044
v 2.349962 0.878870 5.468794
v 3.059329 1.067797 5.112148
v 3.201064 0.519376 5.322323
v 4.927886 3.749462 5.570684
v 2.909495 1.276440 6.164533
v 3.762007 1.496349 4.925623
v 4.497922 1.142442 5.142904
v 4.061016 0.702167 5.200534
v 3.141853 0.557521 5.985483
v 4.736236 3.548313 6.012592
v 4.453919 3.024750 6.282888
v 4.789003 3.006625 4.950257
v 4.288479 1.973639 4.855057
v -3.974991 3.047324 -2.701556
v -4.247625 2.120957 -2.725407
v -3.305123 2.029438 -2.738454
v -4.119761 1.131638 -1.500271
v -4.631331 2.290918 -1.515822
v -4.541709 2.990797 -1.399927
v -4.020849 1.933103 -1.119377
v 3.974991 3.047324 -2.701556
v 2.313039 0.920692 5.684272
v 4.541709 2.990797 -1.399927
v -4.702949 3.587956 -1.748495
v -4.452933 3.731294 -2.345558
v -4.627055 3.749462 -2.030542
v -3.355051 1.343219 -1.125026
v 1.970810 0.927633 -1.987023
v -4.164389 0.917754 6.254741
v -3.789311 2.038537 6.339468
v -4.789086 2.294476 6.253025
v -4.944280 3.369871 5.917150
v -4.967032 3.533759 5.147044
v -4.881144 2.274729 5.095098
v -2.349962 0.878870 5.468794
v -3.201063 0.519376 5.322323
v -3.059329 1.067797 5.112148
v -4.927886 3.749462 5.570684
v -2.909495 1.276440 6.164533
v -4.061016 0.702167 5.200534
v -4.497922 1.142442 5.142904
v -3.762007 1.496349 4.925623
v -3.141853 0.557521 5.985483
v -4.736236 3.548313 6.012592
v -4.453919 3.024750 6.282888
v -4.789003 3.006625 4.950257
v -4.288479 1.973639 4.855057
v -2.313039 0.920692 5.684272
v 0.562119 5.477815 -5.749802
v 0.462247 5.369364 -6.138698
v 0.423611 5.594944 -5.945870
v 0.355548 5.721667 -5.922688
v 0.000000 5.693267 -6.130611
v 0.000000 5.829175 -5.890347
v 0.459518 5.070087 -6.135351
v 0.591781 5.025273 -5.783872
v 0.284804 4.828547 -6.134755
v 0.366097 4.714040 -5.806680
v 0.000000 4.597871 -5.896898
v 0.273314 5.593867 -6.121986
v 0.000000 4.751366 -6.121986
v 0.168707 5.354875 -6.573891
v 0.244847 5.556622 -6.353572
v 0.397739 5.347832 -6.353575
v 0.393475 5.485841 -6.120336
v 0.183303 5.099122 -6.573902
v -0.069530 5.003159 -6.571612
v 0.247384 4.879121 -6.353574
v 0.000000 4.792513 -6.340182
v 0.377321 4.925818 -6.120333
v -0.144566 4.772500 -6.119182
v 0.398708 5.089051 -6.353576
v 0.000000 5.682532 -6.121986
v -0.126154 5.605593 -6.404817
v -0.046831 5.361238 -6.611859
v -0.423611 5.594944 -5.945870
v -0.462247 5.369364 -6.138698
v -0.562119 5.477815 -5.749802
v -0.355548 5.721667 -5.922688
v -0.459518 5.070087 -6.135351
v -0.591781 5.025273 -5.783872
v -0.284804 4.828547 -6.134755
v -0.366097 4.714040 -5.806680
v -0.273314 5.593867 -6.121986
v -0.217553 5.229408 -6.573896
v -0.397739 5.347832 -6.353575
v -0.393475 5.485841 -6.120336
v -0.247384 4.879121 -6.353574
v -0.398708 5.089051 -6.353575
v -0.442929 5.073486 -6.121986
v -2.142429 6.063047 5.809602
v -2.192400 6.221352 5.902231
v -3.284081 6.063047 5.809602
v -3.226781 6.245259 5.916632
v -3.284081 5.004666 5.189052
v -3.208169 4.825353 5.084059
v -2.142429 5.004666 5.189052
v -2.226512 4.805547 5.072161
v -2.192399 4.926888 4.972096
v -2.142429 5.085189 5.064723
v -2.226512 6.342692 5.802167
v -2.142429 6.143571 5.685276
v -3.284081 5.085189 5.064723
v -3.226781 4.902979 4.957694
v -3.284081 6.143571 5.685276
v -3.208167 6.322889 5.790269
v -2.713255 4.719611 4.850377
v -2.713255 4.719611 4.850377
v -3.126205 4.839488 4.920663
v -2.300304 4.839488 4.920663
v -3.126205 6.308749 5.953662
v -3.126205 6.389274 5.829335
v -2.713255 4.639088 4.974704
v -3.126205 4.758964 5.044991
v -2.713255 6.428627 6.023948
v -2.713255 6.509150 5.899621
v -2.713255 6.509150 5.899621
v -2.300304 6.389274 5.829335
v -2.300304 6.308749 5.953662
v 3.126205 4.758964 5.044991
v 3.208169 4.825353 5.084059
v 2.300304 4.758964 5.044991
v 2.226512 4.805547 5.072161
v 2.713255 4.639088 4.974704
v 3.284081 5.004666 5.189052
v 2.142429 5.004666 5.189052
v 2.300304 6.308749 5.953662
v 2.192400 6.221352 5.902231
v 2.142429 6.063047 5.809602
v 3.284081 6.063047 5.809602
v 3.226781 6.245259 5.916632
v 3.126205 6.308749 5.953662
v 2.713255 6.428627 6.023948
v 3.226781 4.902979 4.957694
v 3.284081 5.085189 5.064723
v 3.208167 6.322889 5.790269
v 3.284081 6.143571 5.685276
v 2.192399 4.926888 4.972096
v 2.142429 5.085189 5.064723
v 2.300304 4.839488 4.920663
v 2.226513 6.342692 5.802167
v 2.300304 6.389274 5.829335
v 2.142429 6.143571 5.685276
v 3.126205 4.839488 4.920663
v 2.713255 4.719611 4.850377
v 2.713255 4.719611 4.850377
v 2.713255 6.509150 5.899621
v 2.713255 6.509150 5.899621
v 3.126205 6.389274 5.829335
v -2.300304 4.758964 5.044991
v 2.591859 4.620416 6.701668
v 2.470464 4.757793 6.893413
v 2.470464 5.524765 5.397310
v 2.591859 5.333823 5.290514
v 2.591859 4.948996 6.977427
v 2.591859 5.714312 5.509727
v 2.834650 4.714758 6.514669
v 2.832841 5.313207 5.363055
v 2.956046 4.929823 6.552425
v 2.890992 5.582656 5.538786
v 2.713255 4.996167 6.883926
v 2.713255 4.996167 6.883926
v 2.713255 5.705329 5.548946
v 2.713255 5.705329 5.548946
v 2.834650 5.043338 6.790427
v -2.591859 4.620416 6.701668
v -2.570851 5.384429 5.316949
v -2.470464 4.757793 6.893413
v -2.591859 5.714312 5.509727
v -2.591859 4.948996 6.977427
v -2.834650 4.714758 6.514669
v -2.832841 5.313207 5.363055
v -2.956046 4.929823 6.552425
v -2.890992 5.582656 5.538786
v -2.713255 5.705329 5.548946
v -2.713255 5.705329 5.548946
v -2.713255 4.996167 6.883926
v -2.713255 4.996167 6.883926
v -2.834650 5.043338 6.790427
v -1.371647 6.876592 -4.938284
v -1.257105 6.650475 -4.938062
v -1.277013 6.611023 -5.976485
v -0.759257 6.116416 -4.938452
v -0.944045 6.272183 -4.938062
v -0.955644 6.236990 -5.973664
v 0.000000 5.930592 -4.938062
v 0.000000 5.930592 -4.938062
v 0.000000 5.930592 -4.938062
v -0.506002 6.018644 -4.938062
v -0.540289 6.001318 -5.972119
v 0.001753 5.914370 -5.966192
v -0.000897 5.910290 -5.962358
v -1.427366 7.119436 -4.938062
v -1.427366 7.618495 -4.938062
v -1.427366 7.618495 -4.938062
v -1.257105 8.087456 -4.938062
v -1.101414 8.337433 -4.938221
v -1.424893 7.091933 -5.965840
v -1.373541 5.644501 5.443435
v -1.771162 3.672126 6.088226
v -2.295291 4.387647 6.998634
v -2.548520 5.339327 7.452745
v -1.416067 7.584433 -5.962172
v -2.253368 6.848963 7.363552
v -0.506002 8.719286 -4.938062
v -0.506002 8.719286 -4.938062
v 0.000000 8.807339 -4.938062
v 0.264284 8.796442 -4.938332
v -1.852672 7.841731 7.107903
v -1.376626 7.566727 6.322392
v 0.000000 8.777598 -5.969429
v -0.510594 8.682326 -5.966640
v -1.404951 8.349625 6.930804
v 0.000000 8.606717 7.014123
v -0.946407 8.426750 -5.966183
v -1.256437 8.046844 -5.965458
v -1.241636 7.378228 -6.278853
v -1.142798 7.139588 -6.278378
v -1.006824 6.765067 -6.278378
v -0.979923 6.578777 -6.278854
v -0.751277 6.459754 -6.278378
v -0.408313 6.260270 -6.290987
v 0.002086 6.189641 -6.303257
v -0.002086 6.189641 -6.303257
v 0.000000 8.486468 -6.278378
v 0.203549 8.403612 -6.020190
v -0.383085 8.351448 -6.017002
v -0.406979 8.417259 -6.278378
v -0.842851 8.043973 -6.018396
v -0.751277 8.217979 -6.278378
v -0.406979 6.260474 -6.278378
v -0.383085 6.326285 -6.017002
v 0.000000 6.261301 -6.017002
v 0.000000 6.261301 -6.017002
v 0.000000 6.191266 -6.278378
v 0.000000 6.191266 -6.278378
v -0.751277 6.459754 -6.278378
v -0.851436 6.643970 -6.018389
v -1.006824 6.765067 -6.278378
v -1.142798 7.139588 -6.278378
v -1.101440 7.345543 -6.018380
v 0.000000 7.468143 5.912348
v 0.000000 5.556730 5.134016
v -0.929573 8.159668 -6.278778
v -1.006824 7.912667 -6.278378
v -1.142798 7.538146 -6.278378
v -0.751277 8.217979 -6.278378
v -0.406117 8.418256 -6.291000
v 0.228748 8.543681 -6.278718
v 0.000000 8.486468 -6.278378
v 0.000000 8.750126 -5.955196
v -0.496463 8.663733 -5.955196
v -0.496463 6.014000 -5.955196
v 0.000000 5.928975 -5.955196
v 0.000000 5.928975 -5.955196
v -0.926249 8.414973 -5.955196
v -1.233407 8.043813 -5.955196
v -0.919453 6.258826 -5.955196
v -1.233407 6.633920 -5.955196
v -1.400459 7.583692 -5.955196
v -1.400459 7.094042 -5.955196
v -1.006824 7.912667 -6.278378
v -1.142798 7.538146 -6.278378
v 0.513327 5.997589 -5.965404
v -0.944045 8.465747 -4.938062
v 1.339961 6.668500 -5.774548
v 1.160336 6.487152 -4.939692
v 1.257105 6.650475 -4.938062
v 0.944045 6.272183 -4.938062
v 0.953745 6.237929 -5.972755
v 0.506002 6.018644 -4.938062
v 0.506002 6.018644 -4.938062
v 1.477639 7.353682 -4.938456
v 1.427366 7.119436 -4.938062
v 1.427366 7.618495 -4.938062
v 1.257105 8.087456 -4.938062
v 1.101413 8.337434 -4.938221
v 1.424748 7.096073 -5.965479
v 1.233407 6.633920 -5.955196
v 1.416067 7.584433 -5.962172
v 0.506002 8.719286 -4.938062
v 0.510594 8.682326 -5.966640
v 0.946407 8.426750 -5.966183
v 1.256437 8.046844 -5.965458
v 1.241636 7.378228 -6.278853
v 0.979923 6.578777 -6.278854
v 1.006824 6.765067 -6.278378
v 1.142798 7.139588 -6.278378
v 0.751277 6.459754 -6.278378
v 0.408313 6.260270 -6.290987
v 0.406979 8.417259 -6.278378
v 0.751277 8.217979 -6.278378
v 0.842850 8.043973 -6.018396
v 0.406979 6.260474 -6.278378
v 0.383085 6.326285 -6.017002
v 0.751277 6.459754 -6.278378
v 0.851435 6.643970 -6.018389
v 1.006824 6.765067 -6.278378
v 1.142798 7.139588 -6.278378
v 1.101439 7.345543 -6.018380
v 0.929573 8.159668 -6.278778
v 1.142798 7.538146 -6.278378
v 1.006824 7.912667 -6.278378
v 0.751277 8.217979 -6.278378
v 0.406979 8.417259 -6.278378
v 0.496463 8.663733 -5.955196
v 0.496463 6.014000 -5.955196
v 0.926249 8.414973 -5.955196
v 1.233407 8.043813 -5.955196
v 0.919453 6.258826 -5.955196
v 1.233407 6.633920 -5.955196
v 1.400459 7.583692 -5.955196
v 1.400459 7.094042 -5.955196
v 1.006824 7.912667 -6.278378
v 1.142798 7.538146 -6.278378
v 0.944045 8.465747 -4.938062
v 1.868518 6.583429 -4.812772
v 0.000000 5.131664 -5.415927
v 3.408685 5.131664 -3.422914
v 4.208258 6.557112 -1.534286
v 4.754869 5.131664 0.367929
v 3.623213 3.207502 1.029669
v 4.829375 5.342238 4.410318
v 0.566867 1.174954 7.397923
v 0.566867 1.174954 7.397923
v 0.566867 1.174954 7.397923
v 1.980858 1.607354 7.615598
v 1.113122 1.713841 8.113627
v 1.113122 1.713841 8.113627
v 4.279749 7.297592 -1.571847
v 4.201080 6.554574 -1.533348
v 4.691229 5.334650 0.367929
v 4.744470 5.124510 0.371099
v 4.798356 6.092709 0.367929
v 0.000000 0.731906 6.446940
v 0.000000 1.111183 7.377438
v 0.000000 1.111183 7.377438
v 1.925831 7.288562 -4.836613
v 1.831691 6.665546 -4.742981
v 1.831691 6.665546 -4.742981
v 3.409441 5.134353 -3.418965
v 3.425909 6.051878 -3.506138
v 3.725471 7.957888 5.650936
v 3.904446 8.216652 5.295907
v 4.490925 7.124667 4.906628
v 4.310141 6.900615 5.315515
v 3.847170 5.875389 -3.784712
v 3.982433 5.309135 -3.871589
v 2.292189 6.735836 -5.272969
v 2.191169 7.254560 -5.136168
v 1.407476 0.967722 6.590313
v 1.407476 0.967722 6.590313
v 2.530508 9.520404 6.376326
v 1.279096 9.902408 6.482225
v 1.189957 9.378528 7.566077
v 2.282305 8.909824 7.700107
v -0.000000 5.835296 -5.898149
v 0.000000 6.087073 -5.464669
v 4.766316 7.397503 2.506158
v 4.771410 6.406440 2.495991
v 4.629756 5.481780 4.422297
v 4.705213 5.959376 4.455691
v 2.209790 6.544774 -5.099133
v 3.915915 5.131664 -3.822233
v 3.915915 5.131664 -3.822233
v 2.333845 5.137329 -5.282033
v 0.000000 2.553010 -5.096548
v 1.721447 2.183043 -4.453011
v 1.278553 1.395252 -3.715006
v 0.000000 1.460399 -3.982779
v 2.956537 1.308928 6.276330
v 3.835386 2.078658 6.440616
v 2.567916 2.298687 8.349683
v 2.258999 4.072666 -5.229199
v 0.000000 4.061253 -5.837398
v 0.000000 5.133391 -5.959944
v 2.079091 4.002759 9.876850
v 1.905192 3.269018 9.503794
v 2.949340 3.216006 8.880727
v 3.177879 4.073676 9.184991
v 2.072630 4.073676 9.874710
v 3.055732 1.104976 -1.311868
v 2.325180 1.267089 -2.726987
v 2.325180 1.267089 -2.726987
v 3.084954 2.057695 -3.153111
v 3.084954 2.057695 -3.153111
v 3.930568 1.954472 -1.546502
v 0.000000 0.140106 2.506158
v 2.165829 0.563970 4.520701
v 2.165829 0.563970 4.520701
v 0.000000 0.334618 4.624961
v 4.607602 4.143821 7.044237
v 5.276672 4.063686 4.701256
v 5.345484 5.131664 4.781045
v 4.739008 5.193966 7.002954
v 5.418443 3.808024 2.654281
v 4.382485 2.005277 4.615687
v -0.627687 3.339752 9.903137
v 0.983072 3.940600 10.223701
v -0.684186 4.105642 10.337466
v 2.126844 5.131664 9.927732
v 0.655082 5.132210 10.397461
v 5.115281 7.216410 5.021829
v 4.425659 8.510960 5.475503
v 2.240568 0.396490 2.506158
v 2.240568 0.396490 2.506158
v 3.545213 0.935233 2.506158
v 3.374303 1.090141 4.621033
v 5.433381 5.131664 0.367929
v 5.336038 6.452560 2.506158
v 5.551621 5.131664 2.506158
v 4.773405 6.541711 -1.757710
v 4.915781 5.131664 -1.790038
v 3.127300 8.510006 5.861261
v 2.846740 9.179785 5.612156
v 2.139436 0.440851 0.372063
v 2.139436 0.440851 0.372063
v 3.883369 4.058913 8.316350
v 3.760547 3.172092 7.868583
v 5.354259 4.070723 0.365989
v 5.386685 5.131664 4.352232
v 0.762486 9.942850 5.831483
v -0.000001 10.383495 6.081412
v 1.281029 10.258386 6.046850
v 5.406217 5.916030 0.367565
v 5.348741 7.215223 2.507136
v 3.665279 9.216143 5.740150
v 5.422517 5.730820 4.485330
v 4.729987 7.252748 -1.726193
v 2.598455 9.874603 5.953165
v 2.553421 2.320848 8.338813
v 4.302534 8.181633 5.929599
v 3.544879 8.878131 6.179104
v 3.556853 8.899350 6.190085
v 3.374353 8.689381 6.826926
v 3.678862 7.629191 7.725080
v 4.484715 1.855121 2.506158
v -0.000000 1.733415 8.356783
v 1.597411 2.365978 8.899277
v -0.445831 2.427676 9.155654
v 4.310141 6.900615 5.315515
v 0.000000 5.131664 9.961987
v 3.725471 7.957888 5.650936
v 5.166919 6.895065 5.344255
v 5.511183 5.219529 4.639960
v 4.302534 8.181633 5.929599
v 5.008113 6.813144 5.434782
v 4.295905 8.494227 5.950013
v 5.002585 6.951358 5.492197
v 1.251172 9.407891 6.177020
v 2.341566 8.999839 6.048841
v 1.251172 9.407891 6.177020
v 0.000000 9.556712 6.187387
v 2.647466 3.207502 -2.588549
v 3.731043 3.207502 4.230908
v 0.000000 5.450881 -5.323287
v 0.000000 5.450881 -5.323287
v 4.829375 5.342238 4.410318
v 4.552507 5.617875 4.861821
v 1.868518 6.583429 -4.812772
v 0.000000 5.131664 -5.415927
v 3.915915 5.131664 -3.822233
v 2.209790 6.544774 -5.099133
v 4.557457 2.113217 0.516630
v 1.279096 9.902408 6.482225
v 2.546794 9.507735 6.371800
v 2.328402 9.849368 6.390306
v 3.544879 8.878131 6.179104
v 3.419053 0.956659 0.365393
v 2.112357 8.163617 8.671508
v 2.755574 7.530805 8.785563
v 2.755574 7.530805 8.785563
v 4.773405 6.541711 -1.757710
v 4.891346 6.719101 -1.771673
v 4.075546 6.670423 7.898561
v 4.552507 5.617875 4.861821
v 4.552507 5.617875 4.861821
v 1.601105 7.393334 9.470093
v 2.097032 6.514959 9.690443
v 3.062938 6.536907 9.086925
v -3.623214 3.207502 1.029670
v 4.512303 3.033245 6.161884
v 2.045270 3.111748 -4.948490
v 3.860740 4.081369 -3.756537
v 3.860740 4.081369 -3.756537
v 3.565608 3.081860 -3.503108
v 3.565608 3.081860 -3.503108
v 3.127300 8.510006 5.861261
v 0.000000 1.030174 -3.162068
v 0.753084 0.979001 -2.925855
v 0.753084 0.979001 -2.925855
v 0.000000 0.511226 -1.727085
v 0.000000 0.511226 -1.727085
v 3.033324 8.274037 7.875887
v 3.033324 8.274037 7.875887
v 3.221694 5.131664 9.253604
v 3.950804 5.129653 8.361589
v 1.864111 0.594253 -1.059985
v 1.864111 0.594253 -1.059985
v 1.337919 0.802689 -2.286180
v 1.337919 0.802689 -2.286180
v 1.337919 0.802689 -2.286180
v 0.000000 3.207502 6.370770
v 0.000000 3.207502 6.370770
v 3.159843 4.083814 5.850502
v 3.159843 4.083814 5.850502
v -0.000001 7.814910 9.434494
v 0.000000 6.489504 10.155100
v 1.049625 6.492692 10.061011
v 0.000000 5.133391 -5.959944
v 0.000000 5.336826 -6.092957
v 1.141265 8.424262 8.726659
v 1.904701 0.768913 5.681934
v 1.904701 0.768913 5.681934
v 0.000000 3.207502 -4.367892
v 4.834908 3.838811 -1.799165
v 4.793067 6.436389 2.506158
v 5.386685 5.131664 4.352232
v 5.336038 6.452560 2.506158
v 5.485731 6.672063 2.506158
v 5.433381 5.131664 0.367929
v 5.548120 5.344082 0.367149
v 0.000000 10.042665 6.542593
v -0.512914 10.273085 6.469385
v 1.596332 2.392077 8.885278
v 2.341566 8.999839 6.048841
v 0.000000 9.556712 6.187387
v -0.000001 9.357525 7.822778
v 5.345484 5.131664 4.781045
v 0.000000 0.196741 0.232256
v 0.000000 10.042665 6.542593
v -3.408685 5.131664 -3.422914
v -1.868518 6.583429 -4.812772
v -4.754869 5.131664 0.367929
v -4.208258 6.557112 -1.534286
v -4.829375 5.342238 4.410318
v -1.113122 1.713841 8.113627
v -1.113122 1.713841 8.113627
v -1.980858 1.607354 7.615598
v -1.980858 1.607354 7.615598
v -0.566867 1.174954 7.397923
v -0.566867 1.174954 7.397923
v -0.566867 1.174954 7.397923
v -4.279749 7.297592 -1.571847
v -4.798356 6.092709 0.367929
v -4.691229 5.334650 0.367929
v -4.744470 5.124510 0.371099
v -4.201080 6.554574 -1.533348
v -1.925831 7.288562 -4.836613
v -3.425909 6.051878 -3.506138
v -3.409441 5.134353 -3.418965
v -1.831691 6.665546 -4.742981
v -1.831691 6.665546 -4.742981
v -3.725471 7.957888 5.650936
v -4.310141 6.900615 5.315515
v -4.490925 7.124667 4.906628
v -3.904446 8.216652 5.295907
v -3.847169 5.875389 -3.784712
v -2.191169 7.254560 -5.136168
v -2.292189 6.735836 -5.272969
v -3.982433 5.309135 -3.871589
v -1.407476 0.967722 6.590313
v -1.407476 0.967722 6.590313
v -1.407476 0.967722 6.590313
v -2.530506 9.520405 6.376326
v -2.282305 8.909824 7.700107
v -1.189957 9.378528 7.566077
v -1.279096 9.902408 6.482225
v -4.766316 7.397503 2.506158
v -4.705213 5.959376 4.455691
v -4.629756 5.481780 4.422297
v -4.771410 6.406440 2.495991
v -2.333845 5.137329 -5.282033
v -3.915915 5.131664 -3.822233
v -3.915915 5.131664 -3.822233
v -2.209790 6.544774 -5.099133
v -1.278553 1.395252 -3.715006
v -1.721447 2.183043 -4.453011
v -2.956537 1.308928 6.276330
v -2.619587 2.390113 8.419518
v -3.835386 2.078658 6.440616
v -2.258999 4.072666 -5.229199
v -2.079091 4.002760 9.876850
v -1.905192 3.269018 9.503794
v -2.072630 4.073676 9.874710
v -3.177879 4.073676 9.184991
v -3.177879 4.073676 9.184991
v -2.949340 3.216006 8.880727
v -2.949340 3.216006 8.880727
v -3.055732 1.104976 -1.311868
v -3.930568 1.954472 -1.546502
v -3.084954 2.057695 -3.153111
v -3.084954 2.057695 -3.153111
v -2.325180 1.267089 -2.726987
v -2.325180 1.267089 -2.726987
v -2.165829 0.563970 4.520701
v -2.165829 0.563970 4.520701
v -4.607602 4.143821 7.044236
v -4.739008 5.193965 7.002955
v -5.345484 5.131664 4.781045
v -5.276672 4.063686 4.701256
v -5.408516 3.783032 2.626566
v -4.382485 2.005278 4.615687
v -2.126844 5.131664 9.927732
v -1.024465 5.131664 10.322223
v -5.115281 7.216411 5.021830
v -4.425659 8.510960 5.475503
v -2.240568 0.396490 2.506158
v -2.240568 0.396490 2.506158
v -3.374303 1.090141 4.621033
v -3.545213 0.935233 2.506158
v -5.551621 5.131664 2.506158
v -5.336038 6.452560 2.506158
v -5.433381 5.131664 0.367929
v -4.915781 5.131664 -1.790038
v -4.773405 6.541711 -1.757710
v -2.846738 9.179786 5.612156
v -3.127300 8.510006 5.861261
v -2.139436 0.440851 0.372063
v -2.139436 0.440851 0.372063
v -3.883369 4.058913 8.316350
v -3.760547 3.172092 7.868583
v -5.354259 4.070723 0.365989
v -5.383064 5.131664 4.366327
v -1.226382 9.825965 5.796715
v -1.281026 10.258387 6.046850
v -5.406217 5.916030 0.367565
v -5.348741 7.215222 2.507136
v -3.665280 9.216143 5.740149
v -5.422517 5.730820 4.485330
v -4.729987 7.252748 -1.726193
v -2.598455 9.874603 5.953165
v -2.553421 2.320848 8.338813
v -4.302534 8.181633 5.929599
v -3.678863 7.629190 7.725080
v -3.374353 8.689381 6.826926
v -3.556853 8.899350 6.190085
v -3.544879 8.878131 6.179104
v -4.484715 1.855121 2.506158
v -3.725471 7.957888 5.650936
v -4.310141 6.900615 5.315515
v -5.510826 5.216685 4.638466
v -5.166919 6.895065 5.344255
v -4.302534 8.181633 5.929599
v -4.295906 8.494227 5.950013
v -5.008113 6.813144 5.434782
v -5.002584 6.951359 5.492197
v -2.341566 8.999839 6.048841
v -1.251172 9.407891 6.177020
v -1.251172 9.407891 6.177020
v -2.647466 3.207502 -2.588549
v -3.731043 3.207502 4.230908
v -4.552507 5.617875 4.861821
v -4.829375 5.342238 4.410318
v -1.868518 6.583429 -4.812772
v -3.915915 5.131664 -3.822233
v -2.209790 6.544774 -5.099133
v -4.557457 2.113217 0.516627
v -1.279096 9.902408 6.482225
v -2.626637 9.698696 6.344815
v -2.546794 9.507735 6.371800
v -3.544879 8.878131 6.179104
v -3.419053 0.956659 0.365393
v -2.112356 8.163618 8.671508
v -2.755574 7.530805 8.785563
v -2.755574 7.530805 8.785563
v -2.755574 7.530805 8.785563
v -4.773405 6.541711 -1.757710
v -4.891346 6.719101 -1.771673
v -4.075546 6.670422 7.898561
v -4.552507 5.617875 4.861821
v -4.552507 5.617875 4.861821
v -1.601105 7.393334 9.470094
v -3.062938 6.536907 9.086925
v -3.062938 6.536907 9.086925
v -2.097032 6.514959 9.690443
v -4.512303 3.033245 6.161884
v -2.045270 3.111748 -4.948490
v -3.565608 3.081860 -3.503108
v -3.565608 3.081860 -3.503108
v -3.565608 3.081860 -3.503108
v -3.860740 4.081369 -3.756537
v -3.860740 4.081369 -3.756537
v -3.127300 8.510006 5.861261
v -0.753084 0.979001 -2.925855
v -0.753084 0.979001 -2.925855
v -3.033324 8.274037 7.875887
v -3.033324 8.274037 7.875887
v -3.221694 5.131664 9.253604
v -3.221694 5.131664 9.253604
v -3.950804 5.129653 8.361589
v -1.864111 0.594253 -1.059985
v -1.864111 0.594253 -1.059985
v -1.337919 0.802689 -2.286180
v -1.337919 0.802689 -2.286180
v -1.337919 0.802689 -2.286180
v -3.159843 4.083814 5.850502
v -3.159843 4.083814 5.850502
v -1.049625 6.492692 10.061011
v -1.141263 8.424262 8.726659
v -1.904701 0.768913 5.681934
v -1.904701 0.768913 5.681934
v -4.834908 3.838812 -1.799165
v -4.793067 6.436389 2.506158
v -5.383064 5.131664 4.366327
v -5.485731 6.672063 2.506158
v -5.336038 6.452560 2.506158
v -5.548120 5.344082 0.367149
v -5.433381 5.131664 0.367929
v -1.596332 2.392077 8.885278
v -1.596332 2.392077 8.885278
v -2.341566 8.999839 6.048841
v -5.345484 5.131664 4.781045
v 1.376626 7.566727 6.322392
v 1.373541 5.644501 5.443435
v 1.771162 3.672126 6.088226
v 1.376626 3.221450 5.423254
v 0.000000 3.277949 5.134016
v 1.404951 8.349625 6.930804
v 1.852672 7.841731 7.107903
v 2.253368 6.848963 7.363552
v 2.548520 5.339327 7.452745
v 2.295291 4.387647 6.998634
v -1.376626 3.221450 5.423254
vn 0.3392 -0.6557 -0.6746
vn -0.0141 -0.0961 -0.9953
vn 0.5271 -0.1832 -0.8298
vn 0.9211 -0.1294 -0.3672
vn 0.9908 -0.0778 -0.1103
vn 0.9251 -0.2995 0.2335
vn 0.3786 -0.8343 0.4008
vn 0.2342 -0.4844 0.8429
vn -0.0386 -0.7361 0.6758
vn -0.0045 -0.9581 0.2864
vn 0.8300 0.1247 -0.5436
vn -0.3226 -0.4979 -0.8050
vn 0.7501 -0.5681 0.3386
vn 0.5228 -0.2836 0.8039
vn -0.1545 -0.8365 -0.5257
vn 0.1630 -0.9690 -0.1856
vn 0.1545 -0.8370 -0.5250
vn 0.3220 -0.4969 -0.8058
vn 0.0087 -0.9223 -0.3863
vn -0.3442 -0.5997 -0.7224
vn 0.0005 -0.9590 0.2832
vn -0.3709 -0.8396 0.3968
vn -0.2685 -0.9276 -0.2598
vn 0.0386 -0.7361 0.6758
vn 0.6448 -0.0871 0.7593
vn 0.0395 -0.0407 0.9984
vn 0.4045 -0.5556 0.7264
vn 0.8327 0.1958 0.5180
vn 0.8532 -0.1785 -0.4902
vn 0.9968 -0.0622 -0.0511
vn -0.4001 -0.8031 -0.4416
vn -0.1388 -0.3539 -0.9250
vn -0.1319 -0.8001 -0.5852
vn 0.9491 0.2532 0.1873
vn -0.2553 -0.2570 0.9321
vn 0.0805 -0.3086 -0.9478
vn 0.6178 -0.4455 -0.6480
vn 0.3355 -0.7640 -0.5511
vn -0.2716 -0.7660 0.5826
vn 0.6187 0.3435 0.7066
vn 0.3767 0.1186 0.9187
vn 0.6708 -0.0783 -0.7375
vn 0.3425 -0.2045 -0.9170
vn 0.0153 -0.0965 -0.9952
vn -0.5664 -0.2819 -0.7744
vn -0.2850 0.0895 -0.9543
vn -0.7503 -0.5664 0.3409
vn -0.9193 -0.1050 0.3793
vn -0.7797 -0.0604 0.6232
vn -0.5228 -0.2836 0.8039
vn 0.2854 0.0896 -0.9542
vn -0.4727 -0.7324 0.4899
vn 0.7797 -0.0604 0.6232
vn -0.9908 -0.0778 -0.1103
vn -0.8360 -0.2278 -0.4992
vn -0.2342 -0.4844 0.8429
vn -0.8300 0.1248 -0.5436
vn -0.0091 -0.9224 -0.3862
vn -0.4194 -0.5439 0.7268
vn -0.0395 -0.0407 0.9984
vn -0.6467 -0.0831 0.7582
vn -0.8321 0.1786 0.5250
vn -0.9990 -0.0330 -0.0309
vn -0.8532 -0.1785 -0.4902
vn 0.4001 -0.8031 -0.4416
vn 0.0668 -0.8106 -0.5817
vn 0.1388 -0.3539 -0.9250
vn -0.9491 0.2532 0.1873
vn 0.2553 -0.2570 0.9321
vn -0.3368 -0.7632 -0.5515
vn -0.6188 -0.4440 -0.6481
vn -0.0805 -0.3086 -0.9478
vn 0.2807 -0.8119 0.5118
vn -0.6187 0.3435 0.7066
vn -0.3767 0.1186 0.9187
vn -0.6708 -0.0783 -0.7375
vn -0.3425 -0.2045 -0.9170
vn 0.4727 -0.7324 0.4899
vn 0.9209 0.2095 -0.3287
vn 0.8905 0.2858 -0.3540
vn 0.8033 0.4659 -0.3710
vn -0.0000 0.8704 -0.4923
vn 0.4743 0.6819 -0.5568
vn -0.0018 0.8408 -0.5413
vn 0.8999 -0.2851 -0.3300
vn 0.8969 -0.2479 -0.3662
vn 0.5372 -0.7362 -0.4116
vn 0.5805 -0.7120 -0.3952
vn 0.0043 -0.8726 -0.4885
vn 0.4524 0.6541 -0.6061
vn -0.0000 -0.8262 -0.5634
vn 0.4731 0.7658 -0.4356
vn 0.8830 0.2210 -0.4140
vn 0.4256 0.3394 -0.8388
vn 0.8427 0.5282 -0.1047
vn 0.4327 -0.2503 -0.8661
vn -0.1522 -0.4547 -0.8775
vn -0.1080 0.3453 -0.9323
vn 0.4792 -0.7691 -0.4229
vn 0.0663 -0.9292 -0.3636
vn 0.7908 -0.6077 -0.0730
vn -0.2753 -0.9586 -0.0731
vn 0.8955 -0.2138 -0.3904
vn 0.0082 0.9868 -0.1618
vn -0.2557 0.8197 -0.5125
vn -0.8033 0.4659 -0.3710
vn -0.9251 0.1625 -0.3431
vn -0.9209 0.2095 -0.3287
vn -0.4140 0.7187 -0.5586
vn -0.9086 -0.2678 -0.3205
vn -0.8969 -0.2479 -0.3662
vn -0.5593 -0.7271 -0.3981
vn -0.5805 -0.7120 -0.3952
vn -0.4524 0.6541 -0.6061
vn -0.4928 0.0186 -0.8700
vn -0.8713 0.2688 -0.4107
vn -0.8068 0.5556 -0.2009
vn -0.5580 -0.7108 -0.4283
vn -0.8574 -0.2625 -0.4427
vn -0.9459 -0.2851 -0.1549
vn 0.6697 -0.2159 0.7106
vn -0.6697 -0.2159 0.7106
vn -0.6772 -0.5125 0.5280
vn 0.6772 -0.5125 0.5280
vn 0.5948 -0.1268 0.7938
vn 0.4971 -0.7475 0.4407
vn 0.5948 0.1268 -0.7938
vn 0.4971 0.7475 -0.4407
vn 0.6697 0.2159 -0.7106
vn -0.6697 0.2159 -0.7106
vn -0.6772 0.5125 -0.5280
vn 0.6772 0.5125 -0.5280
vn 0.0001 -0.4973 -0.8676
vn -0.4291 -0.0688 -0.9007
vn 0.4291 -0.0688 -0.9006
vn -0.0082 -0.9982 -0.0590
vn -0.4497 -0.6957 0.5602
vn -0.5745 0.0528 -0.8168
vn -0.0031 -0.4666 -0.8845
vn -0.5745 -0.0528 0.8168
vn -0.0031 0.4666 0.8845
vn -0.0082 0.9982 0.0590
vn -0.4497 0.6957 -0.5602
vn -0.4440 0.8239 -0.3521
vn 0.4439 0.8240 -0.3521
vn -0.0001 0.9968 0.0798
vn 0.4439 -0.8240 0.3521
vn -0.4440 -0.8240 0.3521
vn -0.0001 -0.9968 -0.0798
vn -0.4291 0.0689 0.9006
vn 0.4291 0.0688 0.9006
vn 0.0001 0.4973 0.8676
vn 0.5745 -0.0528 0.8168
vn 0.4497 -0.6957 0.5602
vn 0.5745 0.0528 -0.8168
vn 0.4497 0.6957 -0.5602
vn -0.4972 -0.7474 0.4407
vn -0.5948 0.1268 -0.7938
vn 0.0031 -0.4666 -0.8845
vn 0.0081 -0.9982 -0.0590
vn 0.0031 0.4666 0.8845
vn 0.0082 0.9982 0.0590
vn -0.4972 0.7474 -0.4407
vn -0.5948 -0.1268 0.7938
vn -0.4291 -0.0689 -0.9007
vn -0.4291 0.0689 0.9007
vn -0.4857 -0.7784 -0.3977
vn -1.0000 -0.0010 0.0015
vn -0.4938 -0.7748 -0.3948
vn -0.5186 0.7576 0.3963
vn 0.9999 0.0105 -0.0035
vn 0.4609 -0.7940 -0.3963
vn 0.5730 -0.7341 -0.3643
vn 0.8892 0.4360 0.1386
vn -0.0339 0.8825 0.4690
vn -0.0340 0.8825 0.4690
vn 0.4930 0.7686 0.4076
vn 0.5565 0.7581 0.3401
vn 0.4834 -0.7770 -0.4033
vn 0.8158 -0.4713 -0.3352
vn 1.0000 0.0019 -0.0063
vn 0.7023 0.6474 0.2959
vn 0.5186 0.7576 0.3963
vn -0.9999 0.0105 -0.0035
vn -0.9045 0.3903 0.1718
vn -0.4830 -0.7286 -0.4856
vn -0.4609 -0.7940 -0.3963
vn 0.0340 0.8825 0.4690
vn 0.0339 0.8825 0.4690
vn -0.4930 0.7686 0.4076
vn -0.5565 0.7581 0.3401
vn -0.3463 -0.5539 0.7571
vn -0.8171 -0.3467 0.4606
vn -0.8631 -0.5028 0.0469
vn -0.6493 -0.7585 0.0551
vn -0.0344 -0.6947 0.7185
vn -0.2870 -0.9569 0.0440
vn -0.0093 -0.9999 -0.0099
vn -0.8637 0.1520 0.4806
vn -0.9082 -0.2057 0.3644
vn -0.7144 -0.3803 0.5874
vn -0.5989 0.3428 0.7238
vn -0.6619 0.1699 -0.7301
vn -0.8608 0.0072 -0.5089
vn -0.8636 0.0095 -0.5041
vn -0.8651 0.0997 -0.4916
vn -0.9824 -0.1860 0.0186
vn -0.8383 0.1923 -0.5102
vn -0.2366 0.6513 0.7210
vn -0.2339 -0.6312 0.7395
vn -0.0000 -0.6733 0.7394
vn -0.0000 0.6936 0.7204
vn -0.8691 0.1561 0.4694
vn -0.9842 0.1765 -0.0146
vn -0.7641 0.3251 -0.5572
vn -0.4311 0.5041 -0.7484
vn -0.4101 0.5503 -0.7273
vn -0.0000 0.6530 -0.7573
vn -0.5611 -0.0271 -0.8273
vn 0.0350 0.0125 -0.9993
vn 0.0124 0.0044 -0.9999
vn -0.3902 -0.3215 -0.8628
vn 0.2449 0.4671 -0.8496
vn -0.2477 -0.7542 -0.6082
vn 0.0254 -0.9562 -0.2916
vn -0.1873 -0.9325 -0.3089
vn 0.3432 -0.8965 -0.2803
vn 0.3464 -0.8962 -0.2772
vn 0.7364 -0.6130 -0.2863
vn 0.5647 -0.7639 -0.3124
vn 0.3280 0.9085 -0.2589
vn 0.3384 0.8991 -0.2777
vn -0.0000 0.9660 -0.2585
vn 0.0001 0.9660 -0.2585
vn 0.5947 0.7553 -0.2754
vn 0.7489 0.5949 -0.2920
vn 0.8513 0.4216 -0.3124
vn 0.9209 0.2224 -0.3202
vn 0.9521 -0.0060 -0.3057
vn -0.0034 0.5389 -0.8424
vn 0.0004 0.1824 -0.9832
vn -0.4259 0.3214 -0.8457
vn 0.0288 -0.0106 -0.9995
vn 0.0119 -0.0044 -0.9999
vn 0.0440 -0.1277 -0.9908
vn -0.2791 0.7189 -0.6366
vn 0.0512 0.5571 -0.8289
vn 0.0802 -0.3262 -0.9419
vn -0.0473 0.8250 -0.5632
vn -0.2607 0.7513 -0.6063
vn -0.2730 -0.7432 -0.6109
vn -0.1303 -0.7338 -0.6667
vn 0.0093 -0.8009 -0.5987
vn -0.5195 0.6739 -0.5253
vn -0.7426 0.3834 -0.5492
vn -0.4926 -0.6627 -0.5640
vn -0.7556 -0.3917 -0.5250
vn -0.8309 0.1845 -0.5249
vn -0.8168 -0.1819 -0.5475
vn 0.8488 -0.4205 -0.3204
vn 0.9236 -0.2229 -0.3120
vn -0.4455 -0.5152 0.7321
vn -0.4466 0.5280 0.7223
vn -0.5242 0.4644 0.7139
vn -0.8813 0.4720 -0.0238
vn -0.2412 0.6694 0.7026
vn 0.1353 0.6734 0.7268
vn -0.0168 0.9991 -0.0384
vn -0.3634 0.9314 -0.0191
vn -0.6394 0.7685 -0.0244
vn 0.5227 -0.4298 0.7362
vn 0.6279 -0.7782 0.0131
vn 0.8764 -0.4680 -0.1135
vn 0.2552 -0.6376 0.7268
vn 0.3168 -0.9454 0.0768
vn 0.8891 0.0017 0.4577
vn 0.8637 0.1520 0.4806
vn 0.5989 0.3428 0.7238
vn 0.6555 -0.4599 0.5989
vn 0.9061 -0.1809 0.3823
vn 0.8018 -0.4642 -0.3763
vn 0.9885 -0.1415 -0.0534
vn 0.2366 0.6513 0.7210
vn 0.2365 -0.6308 0.7390
vn 0.9793 0.2021 -0.0127
vn 0.5121 -0.0090 -0.8589
vn 0.4401 -0.2952 -0.8481
vn -0.0124 0.0044 -0.9999
vn -0.0350 0.0125 -0.9993
vn -0.2450 0.4670 -0.8496
vn 0.3041 -0.7222 -0.6213
vn -0.3712 -0.8668 -0.3329
vn -0.5647 -0.7639 -0.3124
vn -0.7250 -0.6160 -0.3081
vn -0.3280 0.9085 -0.2589
vn -0.0001 0.9660 -0.2585
vn -0.3384 0.8991 -0.2777
vn -0.5947 0.7553 -0.2754
vn -0.7489 0.5949 -0.2920
vn -0.8513 0.4216 -0.3124
vn -0.9209 0.2224 -0.3202
vn -0.9521 -0.0060 -0.3057
vn 0.3728 0.3412 -0.8629
vn -0.0119 -0.0044 -0.9999
vn -0.0288 -0.0106 -0.9995
vn -0.0051 -0.0086 -0.9999
vn -0.0074 -0.0132 -0.9999
vn 0.3187 0.7762 -0.5440
vn 0.2730 -0.7432 -0.6109
vn -0.0093 -0.8009 -0.5987
vn 0.1303 -0.7338 -0.6667
vn 0.5195 0.6739 -0.5253
vn 0.7426 0.3834 -0.5492
vn 0.4926 -0.6627 -0.5640
vn 0.7556 -0.3917 -0.5250
vn 0.8309 0.1845 -0.5249
vn 0.8168 -0.1819 -0.5475
vn -0.8488 -0.4205 -0.3204
vn -0.9236 -0.2229 -0.3120
vn 0.0047 -0.7134 0.7007
vn -0.0120 -0.9999 -0.0094
vn 0.4501 -0.5157 0.7290
vn 0.4466 0.5280 0.7223
vn 0.8871 0.4616 -0.0038
vn 0.5028 0.4432 0.7421
vn 0.3736 0.9274 -0.0191
vn 0.6394 0.7685 -0.0244
vn -0.4846 0.2794 0.8289
vn -0.0000 0.4011 0.9161
vn -0.6812 0.3730 0.6299
vn -0.9389 0.0849 0.3334
vn -0.9260 0.3327 0.1783
vn -0.5885 0.8066 0.0545
vn -0.9173 0.3634 -0.1627
vn 0.1309 -0.8782 0.4600
vn 0.2887 -0.8393 0.4607
vn 0.1607 -0.8174 0.5532
vn -0.6403 0.7310 0.2357
vn -0.9436 0.2540 0.2122
vn -0.9798 -0.0931 0.1772
vn -0.6128 0.7813 0.1183
vn -0.0000 -0.9508 0.3097
vn 0.1308 -0.8782 0.4600
vn -0.0000 -0.8730 0.4876
vn -0.3385 0.7555 0.5609
vn -0.5179 -0.2232 0.8258
vn -0.8672 0.4091 0.2840
vn -0.4675 0.8013 0.3734
vn -0.7193 -0.3648 -0.5912
vn -0.3699 0.0309 -0.9286
vn -0.4629 0.1505 -0.8735
vn -0.8702 -0.1422 -0.4718
vn 0.6431 0.6019 -0.4734
vn 0.7817 -0.1432 -0.6070
vn 0.4923 -0.1573 -0.8561
vn 0.2878 0.8536 -0.4343
vn 0.2062 -0.9076 0.3657
vn 0.4203 0.7927 0.4417
vn 0.2354 0.8671 0.4390
vn 0.1900 0.8258 0.5309
vn 0.3802 0.7606 0.5262
vn 0.0518 0.5430 -0.8382
vn -0.0003 0.9158 0.4017
vn -0.6580 0.7529 0.0120
vn -0.9909 0.0184 -0.1330
vn -0.9260 -0.3581 -0.1195
vn -0.8204 0.4854 -0.3022
vn 0.4857 0.1546 -0.8604
vn 0.7993 0.0310 -0.6002
vn 0.4891 0.0338 -0.8716
vn 0.0033 -0.5567 -0.8307
vn 0.3330 -0.6456 -0.6872
vn 0.1743 -0.8374 -0.5181
vn -0.0000 -0.8051 -0.5931
vn 0.4509 -0.8315 0.3246
vn 0.6779 -0.6437 0.3551
vn 0.4440 -0.7401 0.5051
vn 0.4702 -0.2280 -0.8526
vn -0.0000 -0.2457 -0.9694
vn -0.0000 0.0312 -0.9995
vn 0.3849 -0.3066 0.8706
vn 0.5435 -0.5118 0.6653
vn 0.6441 -0.2367 0.7274
vn 0.4928 -0.8319 -0.2552
vn 0.3929 -0.8291 -0.3977
vn 0.6001 -0.6246 -0.4997
vn 0.7391 -0.6012 -0.3038
vn -0.0000 -0.9995 0.0318
vn 0.2179 -0.9660 0.1394
vn -0.0000 -0.9858 0.1679
vn 0.8932 -0.2215 0.3912
vn 0.9673 -0.1979 0.1584
vn 0.9773 -0.0279 0.2101
vn 0.9248 0.0195 0.3800
vn 0.9620 -0.2718 0.0259
vn 0.7897 -0.5923 0.1596
vn -0.0976 -0.5693 0.8163
vn 0.1804 -0.3432 0.9218
vn -0.1360 -0.2727 0.9525
vn 0.4222 0.0465 0.9053
vn 0.1342 0.0484 0.9898
vn 0.4208 -0.2406 0.8747
vn 0.7616 0.4454 -0.4708
vn 0.6593 0.5949 -0.4599
vn 0.2503 -0.9677 0.0305
vn 0.5466 -0.8369 0.0277
vn 0.5288 -0.8313 0.1710
vn 0.2190 -0.9656 0.1402
vn 0.9892 0.0350 -0.1421
vn 0.9868 0.1611 0.0167
vn 0.9993 0.0346 0.0170
vn 0.9357 0.1022 -0.3377
vn 0.9405 0.0154 -0.3393
vn -0.6076 -0.4939 -0.6220
vn -0.2222 -0.0135 -0.9749
vn 0.2502 -0.9677 0.0305
vn 0.2203 -0.9724 -0.0763
vn 0.7977 -0.2324 0.5565
vn 0.7325 -0.4677 0.4946
vn 0.9665 -0.2185 -0.1350
vn 0.9961 0.0014 0.0881
vn -0.0279 -0.0470 -0.9985
vn 0.0131 0.9428 -0.3332
vn 0.1649 0.9580 -0.2346
vn 0.8200 0.4347 0.3723
vn 0.6258 0.6791 0.3837
vn 0.6207 0.6637 0.4174
vn 0.7269 0.4654 0.5050
vn 0.3299 -0.5458 0.7702
vn 0.5632 0.8127 -0.1493
vn 0.8060 -0.5914 0.0233
vn 0.8185 0.5440 -0.1845
vn 0.8757 0.4787 0.0634
vn 0.6215 0.7834 -0.0075
vn -0.0060 -0.8086 0.5884
vn 0.1044 -0.6788 0.7269
vn -0.0525 -0.6937 0.7183
vn -0.7261 -0.0344 -0.6867
vn -0.0000 -0.1839 -0.9829
vn -0.6414 -0.2572 -0.7228
vn 0.8294 0.0729 0.5539
vn 0.8604 -0.4950 0.1215
vn 0.4749 -0.0305 0.8795
vn 0.5240 -0.1476 0.8388
vn 0.6362 0.3380 0.6935
vn -0.1958 -0.6172 -0.7620
vn -0.3903 -0.5272 -0.7548
vn -0.2535 -0.6806 -0.6874
vn 0.0612 -0.7354 -0.6748
vn -0.4964 0.8192 0.2871
vn -0.5183 0.7927 -0.3210
vn -0.0000 -0.0987 0.9951
vn -0.5282 -0.2212 0.8198
vn -0.6083 -0.7853 -0.1149
vn -0.9484 -0.2615 -0.1792
vn -0.9241 -0.3280 0.1962
vn -0.4550 -0.6547 0.6036
vn -0.0000 -0.3771 0.9262
vn -0.0000 -0.0988 0.9951
vn 0.6162 -0.6020 -0.5078
vn 0.3838 -0.5828 -0.7163
vn 0.8324 -0.5423 -0.1141
vn 0.0975 0.5134 0.8526
vn 0.2355 0.1340 0.9626
vn 0.3073 0.5786 0.7555
vn 0.4131 0.3231 0.8515
vn 0.2204 -0.9724 -0.0763
vn 0.5471 -0.8294 -0.1132
vn 0.8284 -0.4748 -0.2970
vn 0.9345 -0.1137 -0.3373
vn -0.7374 0.2875 -0.6113
vn 0.5152 0.8195 -0.2509
vn 0.3927 0.8678 -0.3046
vn 0.2626 0.5064 0.8213
vn 0.4211 0.2961 0.8573
vn 0.6156 0.2810 0.7363
vn 0.5189 0.5107 0.6855
vn 0.5323 0.8456 0.0392
vn 0.8645 -0.4075 0.2944
vn 0.4160 -0.4533 -0.7883
vn 0.7775 -0.2139 -0.5914
vn 0.7124 -0.4317 -0.5533
vn -0.5284 -0.4120 -0.7424
vn -0.0000 -0.9114 -0.4115
vn 0.1000 -0.9239 -0.3694
vn -0.0000 -0.9652 -0.2614
vn 0.5336 0.6228 0.5722
vn 0.6550 0.0398 0.7546
vn 0.8159 0.0219 0.5778
vn 0.8136 0.2688 0.5155
vn 0.2063 -0.9598 -0.1905
vn 0.1815 -0.9358 -0.3022
vn -0.0000 0.9365 -0.3508
vn -0.5655 0.6065 -0.5589
vn -0.0101 0.5956 0.8032
vn -0.0045 0.3435 0.9392
vn 0.1912 0.3275 0.9253
vn -0.0000 0.9362 -0.3515
vn -0.5654 0.6065 -0.5589
vn -0.0000 -0.7014 -0.7128
vn -0.0005 -0.1686 -0.9857
vn 0.3588 0.6360 0.6832
vn 0.1546 0.6973 0.6999
vn 0.2012 -0.9475 0.2487
vn 0.3929 -0.8291 -0.3978
vn 0.0002 0.7904 0.6126
vn 0.9132 -0.2427 -0.3272
vn 0.7088 -0.4385 -0.5525
vn 0.7745 -0.2078 -0.5974
vn -0.9998 -0.0010 0.0185
vn 0.8965 -0.4269 -0.1186
vn 0.8280 -0.5590 -0.0432
vn 0.9884 -0.1509 -0.0176
vn 0.8464 -0.5226 -0.1023
vn 0.9837 -0.1325 -0.1220
vn 0.0720 0.4284 0.9007
vn -0.0521 0.7233 0.6886
vn 0.2164 -0.7055 0.6749
vn 0.2062 -0.9598 -0.1905
vn -0.0000 -0.9653 -0.2613
vn 0.1815 -0.9358 -0.3021
vn -0.3636 -0.6381 -0.6787
vn -0.0000 -0.6490 -0.7608
vn -0.7374 0.2874 -0.6113
vn 0.6000 -0.6247 -0.4998
vn 0.5482 0.6339 0.5456
vn 0.6108 0.7044 0.3615
vn -0.0000 0.8220 0.5695
vn 0.1993 -0.9101 0.3634
vn 0.1542 -0.8230 0.5468
vn 0.1322 -0.8771 0.4618
vn -0.0000 -0.8750 0.4842
vn 0.1950 -0.9493 0.2464
vn 0.2201 -0.6832 0.6962
vn 0.4055 -0.7011 0.5865
vn 0.5050 0.5017 0.7023
vn 0.9126 0.2129 0.3491
vn -0.0000 -0.9652 -0.2613
vn 0.7993 0.0310 -0.6001
vn -0.9940 0.1096 0.0035
vn 0.6726 -0.4350 0.5987
vn -0.0000 -0.9945 -0.1045
vn -0.0000 0.8869 0.4619
vn 0.6812 0.3730 0.6299
vn 0.4846 0.2794 0.8289
vn 0.9260 0.3327 0.1783
vn 0.9389 0.0849 0.3334
vn 0.9173 0.3634 -0.1627
vn -0.1686 -0.8148 0.5547
vn -0.2868 -0.8311 0.4764
vn -0.1309 -0.8782 0.4600
vn 0.6443 0.7310 0.2250
vn 0.6128 0.7813 0.1183
vn 0.9798 -0.0931 0.1772
vn 0.9861 0.0794 0.1458
vn -0.1308 -0.8782 0.4600
vn 0.3385 0.7555 0.5609
vn 0.4688 0.8013 0.3717
vn 0.8672 0.4091 0.2841
vn 0.5179 -0.2232 0.8258
vn 0.7193 -0.3648 -0.5912
vn 0.8702 -0.1422 -0.4718
vn 0.4629 0.1505 -0.8735
vn 0.3696 0.0305 -0.9287
vn -0.6435 0.6019 -0.4729
vn -0.2835 0.8531 -0.4379
vn -0.4923 -0.1573 -0.8561
vn -0.7790 -0.1451 -0.6100
vn -0.1993 -0.9101 0.3634
vn -0.4224 0.7912 0.4423
vn -0.3802 0.7606 0.5262
vn -0.1900 0.8258 0.5309
vn -0.2354 0.8671 0.4390
vn 0.6581 0.7528 0.0140
vn 0.8203 0.4851 -0.3029
vn 0.9260 -0.3581 -0.1195
vn 0.9957 0.0692 -0.0621
vn -0.4891 0.0338 -0.8716
vn -0.7993 0.0310 -0.6002
vn -0.4857 0.1546 -0.8604
vn -0.1743 -0.8374 -0.5181
vn -0.3303 -0.6452 -0.6889
vn -0.4515 -0.8308 0.3254
vn -0.3056 -0.8355 0.4567
vn -0.5738 -0.6243 0.5301
vn -0.6775 -0.6432 0.3567
vn -0.4702 -0.2280 -0.8526
vn -0.3849 -0.3066 0.8706
vn -0.6558 -0.2292 0.7193
vn -0.5307 -0.5220 0.6677
vn -0.4928 -0.8319 -0.2552
vn -0.7391 -0.6012 -0.3038
vn -0.6001 -0.6247 -0.4997
vn -0.3929 -0.8291 -0.3977
vn -0.2179 -0.9660 0.1394
vn -0.8941 -0.2250 0.3871
vn -0.9247 0.0196 0.3802
vn -0.9777 -0.0277 0.2084
vn -0.9673 -0.1987 0.1575
vn -0.9632 -0.2680 0.0229
vn -0.7909 -0.5914 0.1573
vn -0.4305 0.0460 0.9014
vn -0.3889 -0.2650 0.8824
vn -0.2105 0.0559 0.9760
vn -0.7523 0.4385 -0.4917
vn -0.6555 0.5979 -0.4613
vn -0.2503 -0.9677 0.0305
vn -0.2190 -0.9656 0.1402
vn -0.5288 -0.8313 0.1710
vn -0.5466 -0.8369 0.0277
vn -0.9993 0.0336 0.0166
vn -0.9868 0.1611 0.0173
vn -0.9892 0.0350 -0.1421
vn -0.9405 0.0154 -0.3394
vn -0.9357 0.1022 -0.3377
vn 0.2255 -0.0135 -0.9742
vn 0.6076 -0.4939 -0.6220
vn -0.2203 -0.9724 -0.0763
vn -0.2502 -0.9677 0.0305
vn -0.7983 -0.2338 0.5550
vn -0.7452 -0.4583 0.4844
vn -0.5608 -0.4939 0.6645
vn -0.6347 -0.2462 0.7325
vn -0.9665 -0.2183 -0.1350
vn -0.9960 0.0053 0.0897
vn 0.0756 -0.0940 -0.9927
vn -0.2175 0.9329 -0.2869
vn -0.8200 0.4347 0.3723
vn -0.7356 0.4577 0.4995
vn -0.6207 0.6637 0.4174
vn -0.6258 0.6791 0.3837
vn -0.3148 -0.5380 0.7819
vn -0.5179 0.8441 -0.1390
vn -0.8058 -0.5918 0.0233
vn -0.8414 0.5140 -0.1670
vn -0.6024 0.7959 0.0596
vn -0.8946 0.4454 -0.0374
vn 0.6414 -0.2572 -0.7228
vn 0.7261 -0.0344 -0.6867
vn -0.8227 -0.5379 0.1839
vn -0.8294 0.0728 0.5539
vn -0.4749 -0.0305 0.8795
vn -0.6419 0.3266 0.6937
vn -0.5242 -0.1477 0.8387
vn 0.3903 -0.5272 -0.7548
vn 0.1958 -0.6172 -0.7620
vn 0.1860 -0.6654 -0.7230
vn 0.4981 0.8190 0.2848
vn 0.5172 0.7919 -0.3246
vn 0.5282 -0.2212 0.8198
vn 0.9484 -0.2615 -0.1792
vn 0.6083 -0.7853 -0.1149
vn 0.9241 -0.3280 0.1962
vn 0.4550 -0.6547 0.6036
vn -0.6162 -0.6020 -0.5078
vn -0.3838 -0.5828 -0.7163
vn -0.8314 -0.5437 -0.1143
vn -0.1324 0.2919 0.9473
vn -0.3483 0.5423 0.7646
vn -0.1812 0.1141 0.9768
vn -0.3790 0.2344 0.8952
vn -0.5471 -0.8294 -0.1132
vn -0.2204 -0.9724 -0.0763
vn -0.8284 -0.4748 -0.2970
vn -0.9344 -0.1137 -0.3377
vn 0.7374 0.2875 -0.6113
vn -0.5111 0.8137 -0.2770
vn -0.3262 0.8986 -0.2935
vn -0.2616 0.5107 0.8190
vn -0.4946 0.5114 0.7028
vn -0.6013 0.2837 0.7469
vn -0.4211 0.2965 0.8572
vn -0.8645 -0.4075 0.2944
vn -0.4160 -0.4533 -0.7883
vn -0.7124 -0.4317 -0.5533
vn -0.7775 -0.2139 -0.5914
vn 0.5284 -0.4120 -0.7424
vn -0.0999 -0.9239 -0.3694
vn -0.5336 0.6228 0.5723
vn -0.6566 0.0423 0.7530
vn -0.6292 0.2756 0.7268
vn -0.8104 0.2746 0.5175
vn -0.8148 0.0200 0.5794
vn -0.2063 -0.9598 -0.1905
vn -0.1815 -0.9358 -0.3022
vn -0.2105 -0.9061 0.3671
vn 0.5655 0.6065 -0.5589
vn -0.1868 0.3279 0.9261
vn 0.5654 0.6065 -0.5589
vn -0.1516 0.6979 0.7000
vn -0.3598 0.6390 0.6799
vn -0.2012 -0.9475 0.2487
vn -0.1000 -0.9239 -0.3694
vn -0.3929 -0.8291 -0.3978
vn -0.9090 -0.2579 -0.3273
vn -0.7745 -0.2079 -0.5974
vn -0.7089 -0.4385 -0.5525
vn 0.9998 -0.0010 0.0185
vn -0.8900 -0.4362 -0.1325
vn -0.9877 -0.1551 -0.0195
vn -0.8226 -0.5667 -0.0467
vn -0.6535 0.0375 0.7560
vn -0.9837 -0.1325 -0.1220
vn -0.8464 -0.5226 -0.1023
vn -0.2285 -0.6948 0.6820
vn -0.4055 -0.7011 0.5865
vn -0.1815 -0.9358 -0.3021
vn -0.2062 -0.9598 -0.1905
vn 0.3737 -0.6162 -0.6933
vn 0.7374 0.2874 -0.6113
vn -0.6000 -0.6247 -0.4998
vn -0.6108 0.7044 0.3615
vn -0.5482 0.6339 0.5456
vn -0.1322 -0.8771 0.4618
vn -0.1573 -0.8137 0.5596
vn -0.2317 -0.7072 0.6680
vn -0.1950 -0.9493 0.2464
vn -0.5050 0.5017 0.7023
vn -0.9161 0.2106 0.3412
vn -0.5363 0.5086 0.6736
vn -0.7993 0.0309 -0.6001
vn 0.9940 0.1096 0.0035
vn -0.6722 -0.4335 0.6002
vn 0.4273 0.4979 -0.7546
vn 0.6134 0.2688 -0.7426
vn 0.8608 0.0072 -0.5088
vn 0.5823 0.0044 -0.8130
vn -0.0000 -0.0000 -1.0000
vn 0.4101 0.5503 -0.7273
vn 0.7641 0.3251 -0.5572
vn 0.8383 0.1923 -0.5102
vn 0.8651 0.0997 -0.4916
vn 0.8636 0.0095 -0.5041
vn -0.5823 0.0044 -0.8130
vt 0.967922 0.669570
vt 0.953962 0.655515
vt 0.965206 0.644632
vt 0.966535 0.616976
vt 0.980673 0.616946
vt 0.986865 0.638714
vt 0.986926 0.673576
vt 0.997134 0.673260
vt 0.989082 0.687634
vt 0.983810 0.684010
vt 0.974208 0.612133
vt 0.965045 0.686329
vt 0.988511 0.660320
vt 0.997385 0.649259
vt 0.970142 0.683827
vt 0.979859 0.696025
vt 0.965015 0.686286
vt 0.973039 0.696247
vt 0.967912 0.669521
vt 0.979859 0.696025
vt 0.965396 0.639232
vt 0.967564 0.665893
vt 0.969117 0.619395
vt 0.986066 0.637006
vt 0.982652 0.615238
vt 0.980023 0.696247
vt 0.983200 0.683065
vt 0.965541 0.687033
vt 0.987104 0.658306
vt 0.986457 0.669163
vt 0.972304 0.683481
vt 0.965293 0.616908
vt 0.957875 0.629483
vt 0.989422 0.626075
vt 0.965206 0.644624
vt 0.986865 0.638714
vt 0.972304 0.683481
vt 0.461609 0.549854
vt 0.474963 0.564746
vt 0.472625 0.533806
vt 0.515160 0.518161
vt 0.480902 0.527467
vt 0.515160 0.535781
vt 0.474975 0.590660
vt 0.455761 0.597304
vt 0.490457 0.611637
vt 0.478393 0.626818
vt 0.515160 0.637051
vt 0.490544 0.543840
vt 0.515160 0.619611
vt 0.498750 0.555158
vt 0.488651 0.569105
vt 0.505251 0.570076
vt 0.482047 0.555341
vt 0.504845 0.584730
vt 0.519039 0.589724
vt 0.517857 0.569423
vt 0.498733 0.600253
vt 0.515160 0.606282
vt 0.483547 0.602149
vt 0.527480 0.615602
vt 0.488647 0.586315
vt 0.515160 0.535839
vt 0.523226 0.552776
vt 0.557695 0.533806
vt 0.554258 0.564746
vt 0.568711 0.549854
vt 0.549418 0.527467
vt 0.554242 0.590660
vt 0.574559 0.597304
vt 0.539863 0.611637
vt 0.551927 0.626818
vt 0.539776 0.543840
vt 0.527647 0.577336
vt 0.541669 0.569105
vt 0.547662 0.555341
vt 0.531587 0.600253
vt 0.541673 0.586315
vt 0.554144 0.590643
vt 0.019206 0.384827
vt 0.019206 0.413594
vt 0.050112 0.413594
vt 0.050112 0.384827
vt 0.015138 0.411338
vt 0.055460 0.410629
vt 0.055603 0.413468
vt 0.012095 0.412726
vt 0.060788 0.399205
vt 0.057287 0.409616
vt 0.057287 0.388805
vt 0.054927 0.387497
vt 0.056378 0.385707
vt 0.063563 0.399205
vt 0.014522 0.387424
vt 0.008531 0.399205
vt 0.005884 0.399205
vt 0.012644 0.385789
vt 0.012032 0.409616
vt 0.012032 0.388805
vt 0.055460 0.410629
vt 0.012095 0.412727
vt 0.015138 0.411338
vt 0.043629 0.715185
vt 0.051868 0.715185
vt 0.051868 0.685816
vt 0.043629 0.685816
vt 0.060117 0.715185
vt 0.060117 0.685816
vt 0.018796 0.715185
vt 0.027012 0.715185
vt 0.027138 0.685816
vt 0.015017 0.685816
vt 0.068308 0.715185
vt 0.068308 0.685816
vt 0.010412 0.715185
vt 0.002100 0.685816
vt 0.002100 0.715185
vt 0.045608 0.685816
vt 0.027138 0.685816
vt 0.001685 0.587760
vt 0.001685 0.568983
vt 0.020542 0.573738
vt 0.020569 0.583315
vt 0.001685 0.602512
vt 0.020586 0.592770
vt 0.020472 0.602512
vt 0.094147 0.953317
vt 0.094147 0.966261
vt 0.098563 0.978425
vt 0.098563 0.941153
vt 0.096108 0.341980
vt 0.111056 0.361298
vt 0.127977 0.345731
vt 0.130875 0.331991
vt 0.020553 0.564310
vt 0.133774 0.318251
vt 0.118045 0.924764
vt 0.118045 0.994813
vt 0.131169 0.997097
vt 0.131169 0.922481
vt 0.001685 0.555381
vt 0.020559 0.555381
vt 0.124250 0.284961
vt 0.096108 0.284961
vt 0.099203 0.267750
vt 0.070503 0.262791
vt 0.941255 0.873508
vt 0.934453 0.867913
vt 0.934453 0.857018
vt 0.941255 0.853548
vt 0.934453 0.848494
vt 0.934519 0.838973
vt 0.934453 0.912638
vt 0.918765 0.917696
vt 0.918765 0.902948
vt 0.934453 0.902948
vt 0.918765 0.890189
vt 0.934453 0.894053
vt 0.934453 0.838973
vt 0.918765 0.838973
vt 0.918765 0.829060
vt 0.934453 0.829060
vt 0.918765 0.852900
vt 0.918765 0.872796
vt 0.070503 0.290279
vt 0.070503 0.346006
vt 0.941255 0.890795
vt 0.934453 0.886022
vt 0.934453 0.877342
vt 0.934519 0.902948
vt 0.941255 0.917685
vt 0.968488 0.912638
vt 0.968488 0.902948
vt 0.968488 0.838973
vt 0.934619 0.829060
vt 0.968488 0.829060
vt 0.968488 0.894053
vt 0.968488 0.886022
vt 0.968488 0.848494
vt 0.968488 0.857018
vt 0.968488 0.877342
vt 0.968488 0.867913
vt 0.106683 0.988237
vt 0.106683 0.931341
vt 0.001685 0.541976
vt 0.020565 0.546768
vt 0.001685 0.530700
vt 0.001685 0.518704
vt 0.020544 0.522759
vt 0.020552 0.530700
vt 0.020558 0.538705
vt 0.001685 0.468122
vt 0.020581 0.462202
vt 0.015254 0.472391
vt 0.001685 0.452747
vt 0.020532 0.452747
vt 0.001685 0.485399
vt 0.168192 0.953316
vt 0.163776 0.941153
vt 0.163776 0.978425
vt 0.168192 0.966261
vt 0.020567 0.471779
vt 0.020545 0.481208
vt 0.144294 0.924764
vt 0.144294 0.994813
vt 0.020559 0.490137
vt 0.941255 0.951768
vt 0.941255 0.971728
vt 0.934453 0.968257
vt 0.934453 0.957363
vt 0.934453 0.976782
vt 0.934519 0.986302
vt 0.934453 0.922327
vt 0.934453 0.931223
vt 0.918765 0.935087
vt 0.934453 0.986302
vt 0.934453 0.996216
vt 0.918765 0.996216
vt 0.918765 0.986302
vt 0.918765 0.972376
vt 0.918765 0.952480
vt 0.941255 0.934480
vt 0.934453 0.947934
vt 0.934453 0.939253
vt 0.968488 0.922327
vt 0.968488 0.986302
vt 0.968488 0.996216
vt 0.934619 0.996216
vt 0.968488 0.931223
vt 0.968488 0.939253
vt 0.968488 0.976782
vt 0.968488 0.968257
vt 0.968488 0.947934
vt 0.968488 0.957363
vt 0.001685 0.443050
vt 0.020188 0.442984
vt 0.155656 0.988237
vt 0.155656 0.931341
vt 0.020565 0.498750
vt 0.001685 0.503542
vt 0.020552 0.514817
vt 0.020558 0.506813
vt 0.953642 0.372440
vt 0.997189 0.383516
vt 0.931271 0.414885
vt 0.897935 0.433392
vt 0.905238 0.470323
vt 0.927122 0.483854
vt 0.903416 0.522377
vt 0.432257 0.994988
vt 0.453726 0.967224
vt 0.414239 0.966220
vt 0.858727 0.023676
vt 0.858727 0.004551
vt 0.814461 0.008724
vt 0.814461 0.023676
vt 0.004901 0.056069
vt 0.028950 0.024970
vt 0.004901 0.020659
vt 0.950870 0.023676
vt 0.950870 0.008724
vt 0.905400 0.004609
vt 0.905400 0.023676
vt 0.648029 0.008446
vt 0.648029 0.023676
vt 0.684303 0.023676
vt 0.684303 0.008446
vt 0.905400 0.044002
vt 0.905400 0.055171
vt 0.950870 0.055171
vt 0.950870 0.043696
vt 0.478838 0.994988
vt 0.413873 0.442871
vt 0.323241 0.442522
vt 0.320982 0.512734
vt 0.393588 0.528430
vt 0.995137 0.044014
vt 0.995137 0.023676
vt 0.768266 0.023676
vt 0.768266 0.004324
vt 0.723598 0.008446
vt 0.720332 0.023676
vt 0.659127 0.513930
vt 0.585075 0.571593
vt 0.659171 0.571406
vt 0.765553 0.678055
vt 0.674992 0.695391
vt 0.687137 0.736793
vt 0.765553 0.733826
vt 0.529652 0.967224
vt 0.538579 0.934437
vt 0.437537 0.934437
vt 0.659215 0.609555
vt 0.765553 0.609555
vt 0.765553 0.571593
vt 0.370595 0.869239
vt 0.422081 0.902831
vt 0.413731 0.866793
vt 0.841360 0.967224
vt 0.914277 0.967224
vt 0.914277 0.933791
vt 0.841360 0.934437
vt 0.004901 0.200726
vt 0.064331 0.126711
vt 0.004901 0.126127
vt 0.524745 0.866793
vt 0.619523 0.866793
vt 0.617587 0.828619
vt 0.526675 0.828619
vt 0.697530 0.874755
vt 0.613302 0.932609
vt 0.211674 0.902831
vt 0.305668 0.872229
vt 0.208486 0.866793
vt 0.366625 0.828619
vt 0.285316 0.828619
vt 0.364657 0.866793
vt 0.684303 0.045279
vt 0.648029 0.045226
vt 0.697530 0.994641
vt 0.697530 0.967224
vt 0.603742 0.967224
vt 0.585800 0.994988
vt 0.767159 0.828619
vt 0.697530 0.782501
vt 0.697530 0.828619
vt 0.841822 0.783850
vt 0.841360 0.828619
vt 0.610890 0.008446
vt 0.592167 0.023676
vt 0.065868 0.200726
vt 0.063139 0.278654
vt 0.459066 0.866793
vt 0.473963 0.902831
vt 0.767159 0.866793
vt 0.633565 0.828619
vt 0.517860 0.023676
vt 0.492424 0.045514
vt 0.533733 0.045596
vt 0.553067 0.698527
vt 0.531859 0.640627
vt 0.501015 0.644512
vt 0.471952 0.698527
vt 0.352285 0.902831
vt 0.858727 0.043581
vt 0.697530 0.934437
vt 0.814461 0.044542
vt 0.720332 0.046422
vt 0.768266 0.044918
vt 0.247998 0.964662
vt 0.333646 0.934437
vt 0.221029 0.934437
vt 0.918115 0.738786
vt 0.996947 0.786400
vt 0.928068 0.729293
vt 0.684303 0.055171
vt 0.719728 0.055171
vt 0.648029 0.059180
vt 0.684303 0.059180
vt 0.640020 0.055171
vt 0.972152 0.709178
vt 0.952880 0.714514
vt 0.533733 0.008446
vt 0.492424 0.008446
vt 0.945991 0.436762
vt 0.925037 0.525330
vt 0.995137 0.004540
vt 0.950870 0.004540
vt 0.721231 0.004540
vt 0.717812 0.008446
vt 0.814461 0.004540
vt 0.995137 0.008724
vt 0.905400 0.059180
vt 0.950870 0.059180
vt 0.767159 0.926065
vt 0.533733 0.059180
vt 0.573085 0.059180
vt 0.563551 0.055171
vt 0.610890 0.059180
vt 0.767159 0.994641
vt 0.767159 0.967224
vt 0.858727 0.059180
vt 0.858727 0.055171
vt 0.904577 0.535215
vt 0.610890 0.045653
vt 0.573085 0.045586
vt 0.345121 0.698527
vt 0.370775 0.754913
vt 0.411160 0.754913
vt 0.413146 0.698527
vt 0.562185 0.902831
vt 0.668822 0.653506
vt 0.585075 0.609555
vt 0.585075 0.653506
vt 0.940614 0.720693
vt 0.765553 0.763164
vt 0.810756 0.765590
vt 0.765553 0.810310
vt 0.454330 0.658076
vt 0.412089 0.828619
vt 0.458675 0.828619
vt 0.476746 0.754913
vt 0.841360 0.994641
vt 0.914277 0.994641
vt 0.968413 0.819316
vt 0.936749 0.788058
vt 0.248010 0.664620
vt 0.248010 0.754913
vt 0.306178 0.754913
vt 0.997189 0.555186
vt 0.936083 0.547212
vt 0.995137 0.059180
vt 0.995137 0.055171
vt 0.383588 0.605481
vt 0.312854 0.604043
vt 0.060979 0.089856
vt 0.720351 0.765590
vt 0.624594 0.743763
vt 0.684216 0.770780
vt 0.997189 0.427877
vt 0.841360 0.874139
vt 0.914277 0.902831
vt 0.914277 0.866793
vt 0.883850 0.498630
vt 0.723125 0.059180
vt 0.768266 0.059180
vt 0.768266 0.055171
vt 0.814461 0.059180
vt 0.814461 0.055171
vt 0.492424 0.059180
vt 0.508167 0.055171
vt 0.394514 0.934608
vt 0.062308 0.310466
vt 0.004901 0.373982
vt 0.053763 0.371850
vt 0.573085 0.008446
vt 0.994253 0.706451
vt 0.905084 0.756801
vt 0.598533 0.699513
vt 0.445921 0.557261
vt 0.469944 0.442810
vt 0.248010 0.528944
vt 0.050352 0.056011
vt 0.314720 0.964662
vt 0.284424 0.994641
vt 0.248010 0.994641
vt 0.536278 0.994988
vt 0.435629 0.934437
vt 0.420619 0.625205
vt 0.585089 0.754913
vt 0.914277 0.828619
vt 0.814461 0.004472
vt 0.717338 0.059180
vt 0.004901 0.314614
vt 0.248010 0.442522
vt 0.081781 0.966220
vt 0.044661 0.967224
vt 0.063762 0.994988
vt 0.858727 0.004551
vt 0.905400 0.044002
vt 0.019550 0.994988
vt 0.082146 0.442871
vt 0.102431 0.528430
vt 0.175038 0.512734
vt 0.172778 0.442522
vt 0.871936 0.571406
vt 0.945882 0.571593
vt 0.871979 0.513930
vt 0.843970 0.736793
vt 0.856115 0.695391
vt 0.436687 0.934437
vt 0.538579 0.934437
vt 0.871892 0.609555
vt 0.125425 0.869239
vt 0.084691 0.866793
vt 0.076341 0.902831
vt 0.526675 0.828619
vt 0.697530 0.875556
vt 0.129395 0.828619
vt 0.131362 0.866793
vt 0.189331 0.828619
vt 0.684303 0.045279
vt 0.592167 0.023676
vt 0.632161 0.828619
vt 0.533733 0.023676
vt 0.533733 0.045596
vt 0.471952 0.698527
vt 0.143734 0.902831
vt 0.768266 0.044919
vt 0.719764 0.055171
vt 0.640020 0.055171
vt 0.767159 0.926065
vt 0.573085 0.055171
vt 0.149927 0.698527
vt 0.086391 0.698527
vt 0.087262 0.754913
vt 0.125244 0.754913
vt 0.862285 0.653506
vt 0.945882 0.653506
vt 0.945882 0.609555
vt 0.189842 0.754913
vt 0.183166 0.604043
vt 0.112431 0.605481
vt 0.846890 0.770780
vt 0.906364 0.743763
vt 0.086333 0.828619
vt 0.101506 0.934608
vt 0.062793 0.934437
vt 0.932425 0.699513
vt 0.024601 0.442810
vt 0.047887 0.557261
vt 0.211596 0.994641
vt 0.181300 0.964662
vt 0.162308 0.934437
vt 0.947370 0.653506
vt 0.073188 0.625205
vt 0.098319 0.373017
vt 0.070503 0.380535
s 1
usemtl defaultMaterial
f 1/1/1 2/2/2 3/3/3
f 4/4/4 5/5/5 6/6/6
f 4/4/4 6/6/6 3/3/3
f 7/7/7 8/8/8 9/9/9
f 7/7/7 9/9/9 10/10/10
f 5/5/5 4/4/4 11/11/11
f 12/12/12 2/2/2 1/1/1
f 7/7/7 13/13/13 14/14/14
f 7/7/7 14/14/14 8/8/8
f 1/1/1 15/15/15 12/12/12
f 16/16/16 17/15/17 18/17/18
f 16/16/16 18/17/18 19/18/19
f 20/19/20 17/15/17 21/10/21
f 20/19/20 21/10/21 22/7/22
f 23/20/23 15/15/15 10/10/10
f 21/10/21 16/16/16 24/9/24
f 25/21/25 26/2/26 27/22/27
f 28/23/28 25/21/25 29/24/29
f 28/23/28 29/24/29 30/25/30
f 31/26/31 32/9/32 33/27/33
f 34/11/34 28/23/28 30/25/30
f 35/28/35 27/22/27 26/2/26
f 36/8/36 37/29/37 38/30/38
f 35/28/35 39/31/39 27/22/27
f 38/30/38 27/22/27 39/31/39
f 38/30/38 39/31/39 33/27/33
f 25/21/25 27/22/27 37/29/37
f 25/21/25 37/29/37 29/24/29
f 34/11/34 40/32/40 28/23/28
f 25/21/25 28/23/28 41/33/41
f 30/25/30 29/24/29 42/34/42
f 38/30/38 37/29/37 27/22/27
f 43/14/43 29/24/29 37/29/37
f 46/2/44 45/35/45 44/33/46
f 47/13/47 48/36/48 45/35/45
f 47/13/47 45/35/45 20/19/20
f 49/34/49 48/36/48 50/14/50
f 51/33/51 4/4/4 3/3/3
f 52/18/52 39/31/39 35/28/35
f 36/8/36 38/30/38 33/27/33
f 36/8/36 33/27/33 32/9/32
f 53/34/53 6/6/6 5/5/5
f 7/7/7 1/1/1 13/13/13
f 13/13/13 6/6/6 14/14/14
f 40/32/40 41/33/41 28/23/28
f 41/33/41 26/2/26 25/21/25
f 43/14/43 37/29/37 36/8/36
f 42/34/42 29/24/29 43/14/43
f 39/31/39 52/18/52 31/26/31
f 39/31/39 31/26/31 33/27/33
f 50/14/50 48/36/48 47/13/47
f 22/7/22 47/13/47 20/19/20
f 54/5/54 48/36/48 49/34/49
f 44/33/46 45/35/45 55/4/55
f 21/10/21 17/15/17 16/16/16
f 20/19/20 18/17/18 17/15/17
f 22/7/22 57/8/56 50/14/50
f 22/7/22 50/14/50 47/13/47
f 18/17/18 20/19/20 46/2/44
f 56/11/57 55/4/55 54/5/54
f 22/7/22 21/10/21 24/9/24
f 22/7/22 24/9/24 57/8/56
f 55/4/55 45/35/45 48/36/48
f 55/4/55 48/36/48 54/5/54
f 45/35/45 46/2/44 20/19/20
f 14/14/14 6/6/6 53/34/53
f 13/13/13 1/1/1 3/3/3
f 13/13/13 3/3/3 6/6/6
f 51/33/51 3/3/3 2/2/2
f 10/10/10 9/9/9 23/20/23
f 1/1/1 7/7/7 10/10/10
f 1/1/1 10/10/10 15/15/15
f 23/20/23 58/18/58 12/12/12
f 23/20/23 12/12/12 15/15/15
f 59/22/59 60/2/60 61/21/61
f 62/23/62 63/25/63 64/24/64
f 62/23/62 64/24/64 61/21/61
f 65/26/65 66/27/66 67/9/67
f 63/25/63 62/23/62 68/11/68
f 69/28/69 60/2/60 59/22/59
f 70/30/70 71/29/71 72/8/72
f 69/28/69 59/22/59 73/37/73
f 70/30/70 66/27/66 73/37/73
f 70/30/70 73/37/73 59/22/59
f 61/21/61 64/24/64 71/29/71
f 61/21/61 71/29/71 59/22/59
f 62/23/62 74/32/74 68/11/68
f 75/33/75 62/23/62 61/21/61
f 76/34/76 64/24/64 63/25/63
f 70/30/70 59/22/59 71/29/71
f 71/29/71 64/24/64 77/14/77
f 78/18/78 69/28/69 73/37/73
f 72/8/72 67/9/67 66/27/66
f 72/8/72 66/27/66 70/30/70
f 62/23/62 75/33/75 74/32/74
f 61/21/61 60/2/60 75/33/75
f 72/8/72 71/29/71 77/14/77
f 77/14/77 64/24/64 76/34/76
f 73/37/73 66/27/66 65/26/65
f 73/37/73 65/26/65 78/18/78
f 79/38/79 80/39/80 81/40/81
f 84/41/82 82/42/83 83/43/84
f 82/42/83 81/40/81 80/39/80
f 85/44/85 80/39/80 79/38/79
f 85/44/85 79/38/79 86/45/86
f 87/46/87 85/44/85 86/45/86
f 87/46/87 86/45/86 88/47/88
f 89/48/89 87/46/87 88/47/88
f 80/39/80 90/49/90 82/42/83
f 90/49/90 83/43/84 82/42/83
f 91/50/91 87/46/87 89/48/89
f 93/51/92 94/52/93 92/53/94
f 95/54/95 94/52/93 93/51/92
f 96/55/96 97/56/97 105/57/98
f 98/58/99 99/59/100 97/56/97
f 98/58/99 97/56/97 96/55/96
f 100/60/101 101/61/102 99/59/100
f 100/60/101 99/59/100 98/58/99
f 95/54/95 100/60/101 102/62/103
f 95/54/95 102/62/103 94/52/93
f 94/52/93 102/62/103 96/55/96
f 94/52/93 96/55/96 92/53/94
f 92/53/94 96/55/96 105/57/98
f 102/62/103 98/58/99 96/55/96
f 100/60/101 98/58/99 102/62/103
f 103/63/104 95/54/95 93/51/92
f 103/63/104 93/51/92 104/64/105
f 104/64/105 93/51/92 92/53/94
f 104/64/105 92/53/94 105/57/98
f 106/65/106 107/66/107 108/67/108
f 83/43/84 109/68/109 84/41/82
f 107/66/107 106/65/106 109/68/109
f 110/69/110 111/70/111 108/67/108
f 110/69/110 108/67/108 107/66/107
f 112/71/112 113/72/113 111/70/111
f 112/71/112 111/70/111 110/69/110
f 89/48/89 113/72/113 112/71/112
f 107/66/107 109/68/109 114/73/114
f 114/73/114 109/68/109 83/43/84
f 91/50/91 89/48/89 112/71/112
f 104/64/105 105/57/98 115/74/115
f 104/64/105 115/74/115 116/75/116
f 117/76/117 104/64/105 116/75/116
f 118/77/118 97/56/97 99/59/100
f 101/61/102 118/77/118 99/59/100
f 117/76/117 116/75/116 119/78/119
f 117/76/117 119/78/119 120/79/120
f 116/75/116 115/74/115 119/78/119
f 105/57/98 97/56/97 115/74/115
f 119/78/119 115/74/115 97/56/97
f 119/78/119 97/56/97 118/77/118
f 120/79/120 119/78/119 118/77/118
f 120/79/120 118/77/118 101/61/102
f 103/63/104 104/64/105 117/76/117
f 121/80/121 123/81/122 125/82/123
f 121/80/121 125/82/123 127/83/124
f 122/84/125 128/85/126 129/86/127
f 122/84/125 129/86/127 131/87/128
f 130/83/129 133/82/130 135/81/131
f 130/83/129 135/81/131 132/80/132
f 137/88/133 139/89/134 140/90/135
f 143/88/136 126/91/137 134/92/138
f 143/88/136 134/92/138 138/93/139
f 140/90/135 139/89/134 133/82/130
f 140/90/135 133/82/130 130/83/129
f 124/94/140 145/95/141 146/96/142
f 124/94/140 146/96/142 136/97/143
f 142/98/144 148/99/145 132/80/132
f 142/98/144 132/80/132 135/81/131
f 147/95/146 148/99/145 142/98/144
f 145/95/141 122/84/125 131/87/128
f 145/95/141 131/87/128 146/96/142
f 150/89/147 152/90/148 154/88/149
f 150/89/147 155/82/124 156/83/123
f 150/89/147 156/83/123 152/90/148
f 157/99/150 159/80/122 160/81/121
f 157/99/150 160/81/121 162/98/151
f 157/99/150 162/98/151 163/95/152
f 161/94/153 151/91/154 164/92/155
f 161/94/153 164/92/155 166/97/156
f 153/100/157 168/86/158 175/93/159
f 153/100/157 175/93/159 154/88/160
f 163/95/161 177/96/162 171/101/163
f 163/95/161 171/101/163 158/102/164
f 179/98/145 172/99/144 178/95/146
f 179/98/145 167/81/132 173/80/131
f 179/98/145 173/80/131 172/99/144
f 161/94/153 166/97/156 177/96/162
f 161/94/153 177/96/162 163/95/161
f 170/90/165 169/83/130 165/82/129
f 170/90/165 165/82/129 174/89/135
f 154/88/160 175/93/159 164/92/155
f 154/88/160 164/92/155 151/91/154
f 170/90/165 174/89/135 176/88/133
f 169/83/130 173/80/131 167/81/132
f 169/83/130 167/81/132 165/82/129
f 158/102/164 171/101/163 168/86/158
f 158/102/164 168/86/158 153/100/157
f 159/80/122 156/83/123 155/82/124
f 159/80/122 155/82/124 160/81/121
f 143/88/149 180/90/147 144/89/148
f 144/89/148 180/90/147 127/83/124
f 144/89/148 127/83/124 125/82/123
f 149/99/151 141/98/166 123/81/122
f 149/99/151 123/81/122 121/80/121
f 145/95/152 141/98/166 149/99/151
f 124/94/140 136/97/143 134/92/138
f 124/94/140 134/92/138 126/91/137
f 128/85/126 143/88/136 138/93/139
f 128/85/126 138/93/139 129/86/127
f 181/103/167 182/104/168 183/105/168
f 181/103/167 183/105/168 184/106/169
f 182/104/168 185/107/170 186/108/170
f 182/104/168 186/108/170 183/105/168
f 189/109/171 187/110/172 188/111/173
f 189/109/171 188/111/173 190/112/174
f 185/107/170 191/113/175 193/114/176
f 185/107/170 193/114/176 186/108/170
f 195/115/177 189/109/171 190/112/174
f 195/115/177 190/112/174 194/116/178
f 195/115/177 194/116/178 192/117/175
f 181/103/167 184/106/169 188/111/173
f 181/103/167 188/111/173 187/110/172
f 196/103/179 197/118/180 198/104/181
f 198/104/181 197/118/180 199/108/182
f 198/104/181 199/108/182 200/107/183
f 203/109/184 204/112/185 202/119/186
f 203/109/184 202/119/186 201/110/187
f 200/107/183 199/108/182 205/114/188
f 200/107/183 205/114/188 207/113/189
f 209/115/190 204/112/185 203/109/184
f 209/115/190 208/117/189 206/116/191
f 209/115/190 206/116/191 204/112/185
f 196/103/179 201/110/187 202/119/186
f 196/103/179 202/119/186 197/118/180
f 213/120/192 210/121/193 212/122/194
f 213/120/192 212/122/194 215/123/195
f 216/124/196 213/120/192 220/125/197
f 216/124/196 220/125/197 221/126/198
f 213/120/192 215/123/195 220/125/197
f 224/127/199 223/128/200 211/129/201
f 224/127/199 211/129/201 226/130/202
f 229/131/203 230/132/204 231/133/205
f 232/134/206 229/131/203 231/133/205
f 228/135/207 212/122/194 210/121/193
f 229/131/203 232/134/206 234/136/208
f 235/137/209 219/138/210 217/139/211
f 235/137/209 217/139/211 237/140/212
f 225/141/213 233/142/214 228/135/207
f 225/141/213 228/135/207 210/121/193
f 239/143/215 240/144/216 229/131/203
f 239/143/215 229/131/203 234/136/208
f 243/145/217 240/144/216 239/143/215
f 244/146/218 240/144/216 243/145/217
f 247/147/219 248/148/220 249/149/221
f 247/147/219 249/149/221 250/150/222
f 250/150/222 249/149/221 251/151/223
f 250/150/222 251/151/223 252/152/224
f 255/153/225 256/154/226 257/155/227
f 255/153/225 257/155/227 258/156/228
f 258/156/228 257/155/227 259/157/229
f 258/156/228 259/157/229 260/158/230
f 261/159/231 262/160/232 263/161/233
f 261/159/231 263/161/233 265/162/234
f 267/151/235 268/163/236 262/160/232
f 267/151/235 262/160/232 261/159/231
f 269/149/237 268/163/236 267/151/235
f 270/148/238 271/164/239 268/163/236
f 270/148/238 268/163/236 269/149/237
f 229/131/203 272/165/240 273/166/241
f 274/167/242 275/168/243 276/169/244
f 274/167/242 276/169/244 247/147/219
f 274/167/242 277/158/245 275/168/243
f 278/170/246 277/158/245 274/167/242
f 279/171/247 280/153/248 278/170/246
f 281/172/249 279/171/247 278/170/246
f 281/172/249 278/170/246 282/173/250
f 283/174/251 252/152/224 253/175/252
f 283/174/251 253/175/252 284/176/253
f 282/173/250 278/170/246 274/167/242
f 282/173/250 274/167/242 286/177/254
f 286/177/254 274/167/242 287/178/255
f 288/179/256 250/150/222 252/152/224
f 288/179/256 252/152/224 283/174/251
f 289/180/257 250/150/222 288/179/256
f 290/181/258 247/147/219 291/182/259
f 260/158/230 259/157/229 292/168/260
f 292/168/260 259/157/229 271/164/239
f 292/168/260 271/164/239 293/169/261
f 287/178/255 274/167/242 247/147/219
f 287/178/255 247/147/219 290/181/258
f 293/169/261 271/164/239 270/148/238
f 291/182/259 247/147/219 250/150/222
f 291/182/259 250/150/222 289/180/257
f 247/147/219 276/169/244 248/148/220
f 214/183/262 295/184/263 226/130/202
f 214/183/262 226/130/202 211/129/201
f 225/141/213 227/185/264 246/186/265
f 225/141/213 246/186/265 233/142/214
f 235/137/209 295/184/263 214/183/262
f 235/137/209 214/183/262 219/138/210
f 236/187/266 238/188/267 241/189/268
f 236/187/266 241/189/268 242/190/269
f 227/185/264 236/187/266 242/190/269
f 227/185/264 242/190/269 245/191/270
f 227/185/264 245/191/270 246/186/265
f 297/192/271 300/193/272 296/194/273
f 301/195/274 294/196/275 300/193/272
f 301/195/274 300/193/272 297/192/271
f 296/194/273 303/197/276 297/192/271
f 305/198/277 306/199/278 298/200/279
f 305/198/277 298/200/279 304/201/280
f 300/193/272 309/202/281 296/194/273
f 303/197/276 296/194/273 308/203/282
f 308/203/282 296/194/273 309/202/281
f 311/204/283 237/140/212 217/139/211
f 311/204/283 217/139/211 302/205/284
f 303/197/276 308/203/282 310/206/285
f 315/207/286 316/208/287 317/209/288
f 315/207/286 317/209/288 318/210/289
f 316/208/287 319/211/290 317/209/288
f 316/208/287 320/212/291 319/211/290
f 255/153/225 321/213/292 256/154/226
f 321/213/292 322/214/293 323/215/294
f 321/213/292 323/215/294 256/154/226
f 324/216/295 266/217/296 264/218/233
f 324/216/295 264/218/233 325/219/297
f 326/211/298 324/216/295 325/219/297
f 326/211/298 325/219/297 327/220/299
f 328/209/300 326/211/298 327/220/299
f 329/210/301 328/209/300 327/220/299
f 329/210/301 327/220/299 330/221/302
f 331/222/303 315/207/286 332/223/304
f 331/222/303 332/223/304 333/224/305
f 331/222/303 333/224/305 334/214/306
f 279/171/247 331/222/303 334/214/306
f 279/171/247 334/214/306 335/213/307
f 279/171/247 335/213/307 280/153/248
f 281/172/249 336/225/308 279/171/247
f 337/226/309 285/227/310 254/228/311
f 337/226/309 254/228/311 320/212/291
f 336/225/308 338/229/312 331/222/303
f 336/225/308 331/222/303 279/171/247
f 338/229/312 339/230/313 331/222/303
f 340/231/314 337/226/309 320/212/291
f 340/231/314 320/212/291 316/208/287
f 341/232/315 340/231/314 316/208/287
f 342/233/316 343/234/317 315/207/286
f 322/214/293 344/224/318 323/215/294
f 344/224/318 345/223/319 330/221/302
f 344/224/318 330/221/302 323/215/294
f 339/230/313 342/233/316 315/207/286
f 339/230/313 315/207/286 331/222/303
f 345/223/319 329/210/301 330/221/302
f 343/234/317 341/232/315 316/208/287
f 343/234/317 316/208/287 315/207/286
f 315/207/286 318/210/289 332/223/304
f 301/195/274 218/235/320 222/236/321
f 301/195/274 222/236/321 294/196/275
f 299/237/322 298/200/279 306/199/278
f 299/237/322 306/199/278 346/238/323
f 303/197/276 310/206/285 314/239/324
f 303/197/276 314/239/324 307/240/325
f 311/204/283 302/205/284 299/237/322
f 311/204/283 299/237/322 346/238/323
f 238/188/267 312/241/326 241/189/268
f 307/240/325 313/242/327 312/241/326
f 307/240/325 312/241/326 238/188/267
f 307/240/325 314/239/324 313/242/327
f 347/243/328 348/244/329 349/245/330
f 350/246/331 349/245/330 351/247/332
f 351/247/332 352/248/333 353/249/334
f 354/250/335 357/251/336 358/252/337
f 360/253/338 361/254/339 362/255/340
f 360/253/338 362/255/340 364/256/341
f 365/257/342 355/258/343 366/259/344
f 368/260/345 369/261/346 371/262/347
f 368/260/345 371/262/347 372/263/348
f 373/264/349 374/265/350 375/266/351
f 373/264/349 375/266/351 376/267/352
f 377/268/353 378/269/354 379/270/355
f 377/268/353 379/270/355 380/271/356
f 381/272/357 357/251/336 354/250/335
f 383/273/358 384/274/359 385/275/360
f 383/273/358 385/275/360 386/276/361
f 380/271/356 387/277/362 388/278/363
f 380/271/356 388/278/363 368/260/345
f 389/279/364 390/280/365 391/281/366
f 389/279/364 391/281/366 392/282/367
f 393/283/368 394/284/369 396/285/370
f 397/286/371 398/287/372 399/288/373
f 397/286/371 399/288/373 400/289/374
f 401/290/375 402/291/376 403/292/377
f 401/290/375 403/292/377 357/251/336
f 404/293/378 405/294/379 406/295/380
f 404/293/378 406/295/380 396/285/370
f 407/296/381 409/297/382 410/298/383
f 412/299/384 413/300/385 415/301/386
f 412/299/384 415/301/386 417/302/387
f 418/303/388 419/304/389 421/305/390
f 422/306/391 423/307/392 424/308/393
f 422/306/391 424/308/393 425/309/394
f 426/310/395 423/307/392 427/311/396
f 428/312/397 429/313/398 430/314/399
f 431/315/400 432/316/401 429/313/398
f 431/315/400 429/313/398 411/317/402
f 433/318/403 375/266/351 374/265/350
f 433/318/403 374/265/350 434/319/404
f 435/320/405 437/321/406 438/322/407
f 435/320/405 438/322/407 420/323/408
f 432/316/401 430/314/399 429/313/398
f 439/324/409 440/325/410 441/326/411
f 442/327/412 439/324/409 443/328/413
f 373/264/349 444/329/414 445/330/415
f 373/264/349 445/330/415 374/265/350
f 436/331/416 418/303/388 446/332/417
f 448/333/418 410/298/383 409/297/382
f 448/333/418 409/297/382 449/334/419
f 441/326/411 426/310/395 450/335/420
f 441/326/411 450/335/420 439/324/409
f 423/307/392 451/336/421 424/308/393
f 426/310/395 441/326/411 451/336/421
f 426/310/395 451/336/421 423/307/392
f 452/337/422 453/338/423 454/339/424
f 462/340/425 463/341/426 465/342/427
f 462/340/425 465/342/427 466/343/428
f 411/317/402 429/313/398 408/344/429
f 372/263/348 360/253/338 459/345/430
f 372/263/348 459/345/430 377/268/353
f 437/321/406 467/346/431 427/311/396
f 437/321/406 427/311/396 438/322/407
f 380/271/356 368/260/345 372/263/348
f 380/271/356 372/263/348 377/268/353
f 455/347/432 459/345/430 360/253/338
f 455/347/432 360/253/338 364/256/341
f 389/279/364 392/282/367 458/348/433
f 389/279/364 458/348/433 456/349/434
f 468/350/435 469/351/436 470/352/437
f 455/347/432 364/256/341 389/279/364
f 455/347/432 389/279/364 456/349/434
f 471/353/438 472/354/439 473/355/440
f 458/348/433 433/318/403 474/356/441
f 458/348/433 474/356/441 475/357/442
f 476/358/443 477/359/444 474/356/441
f 476/358/443 474/356/441 478/360/445
f 472/354/439 480/361/446 481/362/447
f 452/337/422 482/363/448 483/364/449
f 352/248/333 351/247/332 484/365/450
f 353/249/334 352/248/333 485/366/451
f 486/367/452 370/368/453 368/260/345
f 486/367/452 368/260/345 388/278/363
f 488/369/454 489/370/455 391/281/366
f 390/280/365 488/369/454 391/281/366
f 361/254/339 363/371/456 362/255/340
f 490/368/457 371/262/347 369/261/346
f 491/367/458 490/368/457 369/261/346
f 491/367/458 369/261/346 487/372/459
f 492/373/460 493/374/461 379/270/355
f 492/373/460 379/270/355 378/269/354
f 426/310/395 494/375/462 450/335/420
f 391/281/366 489/370/455 392/282/367
f 495/376/463 496/377/464 497/378/465
f 497/378/465 496/377/464 498/379/466
f 497/378/465 498/379/466 478/360/445
f 406/295/380 393/283/368 396/285/370
f 372/263/348 371/262/347 361/254/339
f 372/263/348 361/254/339 360/253/338
f 437/321/406 435/320/405 447/380/467
f 437/321/406 447/380/467 499/381/468
f 503/382/469 492/373/460 378/269/354
f 503/382/469 378/269/354 504/383/470
f 485/366/451 506/384/471 353/249/334
f 457/385/472 445/330/415 460/386/473
f 508/387/474 509/388/475 510/389/476
f 508/387/474 510/389/476 502/390/477
f 352/248/333 511/248/478 485/366/451
f 423/307/392 422/306/391 512/391/479
f 423/307/392 512/391/479 427/311/396
f 513/392/480 404/293/378 514/393/481
f 513/392/480 514/393/481 516/394/482
f 478/360/445 498/379/466 476/358/443
f 497/378/465 460/386/473 454/339/424
f 518/395/483 472/354/439 481/362/447
f 519/396/484 520/397/485 522/398/486
f 466/343/428 465/342/427 524/399/487
f 472/354/439 518/395/483 473/355/440
f 526/400/488 527/401/489 505/402/490
f 526/400/488 505/402/490 510/389/476
f 528/403/491 530/404/492 413/300/385
f 528/403/491 413/300/385 412/299/384
f 422/306/391 449/334/419 512/391/479
f 357/251/336 381/272/357 401/290/375
f 458/348/433 392/282/367 375/266/351
f 458/348/433 375/266/351 433/318/403
f 533/405/493 472/354/439 535/406/494
f 459/345/430 504/383/470 378/269/354
f 459/345/430 378/269/354 377/268/353
f 508/387/474 537/407/495 538/408/496
f 508/387/474 538/408/496 539/409/497
f 519/396/484 400/289/374 399/288/373
f 534/410/498 536/411/499 485/366/451
f 493/374/461 540/412/500 541/413/501
f 493/374/461 541/413/501 379/270/355
f 508/387/474 500/414/502 542/415/503
f 421/305/390 543/416/504 365/257/342
f 521/417/485 399/288/373 414/418/505
f 521/417/485 414/418/505 531/419/492
f 511/248/478 352/248/333 484/365/450
f 511/248/478 484/365/450 545/420/506
f 351/247/332 349/245/330 484/365/450
f 546/421/507 517/422/508 515/423/509
f 547/424/510 351/247/332 353/249/334
f 449/334/419 422/306/391 448/333/418
f 478/360/445 474/356/441 433/318/403
f 478/360/445 433/318/403 434/319/404
f 548/425/511 549/426/512 550/427/513
f 548/425/511 550/427/513 475/357/442
f 431/315/400 407/296/381 410/298/383
f 431/315/400 410/298/383 526/400/488
f 549/426/512 551/428/514 552/429/515
f 549/426/512 552/429/515 550/427/513
f 551/428/514 503/382/469 504/383/470
f 551/428/514 504/383/470 552/429/515
f 553/430/516 495/376/463 497/378/465
f 553/430/516 497/378/465 554/431/517
f 358/252/337 357/251/336 403/292/377
f 358/252/337 403/292/377 555/432/518
f 497/378/465 478/360/445 457/385/472
f 497/378/465 457/385/472 460/386/473
f 529/433/519 523/434/520 532/435/521
f 556/436/522 445/330/415 444/329/414
f 472/354/439 557/437/523 480/361/446
f 507/438/524 535/406/494 472/354/439
f 399/288/373 398/287/372 416/439/525
f 399/288/373 416/439/525 414/418/505
f 386/276/361 525/440/526 464/441/527
f 386/276/361 464/441/527 383/273/358
f 404/293/378 396/285/370 394/284/369
f 404/293/378 394/284/369 514/393/481
f 434/319/404 374/265/350 445/330/415
f 434/319/404 445/330/415 457/385/472
f 452/337/422 445/330/415 556/436/522
f 452/337/422 556/436/522 482/363/448
f 431/315/400 509/388/475 539/409/497
f 431/315/400 539/409/497 432/316/401
f 499/381/468 494/375/462 467/346/431
f 499/381/468 467/346/431 437/321/406
f 558/442/528 542/415/503 385/275/360
f 527/401/489 526/400/488 410/298/383
f 527/401/489 410/298/383 448/333/418
f 382/443/529 355/258/343 365/257/342
f 484/365/450 349/245/330 545/420/506
f 359/444/530 468/350/435 356/445/531
f 356/445/531 468/350/435 367/446/532
f 359/444/530 469/351/436 468/350/435
f 428/312/397 470/352/437 469/351/436
f 428/312/397 469/351/436 429/313/398
f 382/443/529 365/257/342 543/416/504
f 499/381/468 412/299/384 417/302/387
f 499/381/468 417/302/387 494/375/462
f 494/375/462 426/310/395 467/346/431
f 513/392/480 516/394/482 416/439/525
f 513/392/480 416/439/525 398/287/372
f 544/447/533 401/290/375 381/272/357
f 397/286/371 513/392/480 398/287/372
f 512/391/479 449/334/419 402/291/376
f 545/420/506 349/245/330 348/244/329
f 517/422/508 546/421/507 417/302/387
f 517/422/508 417/302/387 415/301/386
f 449/334/419 403/292/377 402/291/376
f 449/334/419 409/297/382 403/292/377
f 494/375/462 417/302/387 546/421/507
f 427/311/396 512/391/479 402/291/376
f 409/297/382 407/296/381 555/432/534
f 409/297/382 555/432/534 461/448/535
f 408/344/429 429/313/398 469/351/436
f 426/310/395 427/311/396 467/346/431
f 501/449/536 525/440/526 500/414/502
f 501/449/536 500/414/502 508/387/474
f 452/337/422 454/339/424 460/386/473
f 452/337/422 460/386/473 445/330/415
f 508/387/474 542/415/503 537/407/495
f 479/450/537 425/309/394 424/308/393
f 466/343/428 505/402/490 479/450/537
f 466/343/428 479/450/537 462/340/425
f 425/309/394 505/402/490 527/401/489
f 502/390/477 510/389/476 505/402/490
f 502/390/477 505/402/490 466/343/428
f 526/400/488 510/389/476 509/388/475
f 526/400/488 509/388/475 431/315/400
f 508/387/474 539/409/497 509/388/475
f 432/316/401 539/409/497 538/408/496
f 405/294/379 404/293/378 513/392/480
f 405/294/379 513/392/480 397/286/371
f 471/353/438 507/438/524 472/354/439
f 380/271/356 379/270/355 541/413/501
f 380/271/356 541/413/501 387/277/362
f 534/410/498 485/366/451 511/248/478
f 521/417/485 531/419/492 522/398/538
f 392/282/367 489/370/455 376/267/352
f 392/282/367 376/267/352 375/266/351
f 506/384/471 485/366/451 536/411/499
f 500/414/502 386/276/361 385/275/360
f 500/414/502 385/275/360 542/415/503
f 500/414/502 525/440/526 386/276/361
f 466/343/428 524/399/487 502/390/477
f 451/336/421 441/326/411 440/325/410
f 455/347/432 456/349/434 550/427/513
f 455/347/432 550/427/513 552/429/515
f 395/451/539 442/327/412 443/328/413
f 455/347/432 552/429/515 504/383/470
f 455/347/432 504/383/470 459/345/430
f 364/256/341 363/452/540 390/280/365
f 364/256/341 390/280/365 389/279/364
f 436/331/416 419/304/389 418/303/388
f 559/453/541 548/425/511 475/357/442
f 419/304/389 543/416/504 421/305/390
f 401/290/375 438/322/407 427/311/396
f 401/290/375 427/311/396 402/291/376
f 443/328/413 546/421/507 515/423/509
f 443/328/413 515/423/509 395/451/539
f 558/442/528 537/407/495 542/415/503
f 475/357/442 474/356/441 477/359/444
f 475/357/442 477/359/444 559/453/541
f 425/309/394 479/450/537 505/402/490
f 499/381/468 447/380/467 528/403/491
f 499/381/468 528/403/491 412/299/384
f 450/335/420 546/421/507 443/328/413
f 450/335/420 443/328/413 439/324/409
f 478/360/445 434/319/404 457/385/472
f 554/431/517 497/378/465 454/339/424
f 554/431/517 454/339/424 453/338/423
f 523/434/520 529/433/519 560/454/542
f 446/332/417 560/454/542 529/433/519
f 450/335/420 494/375/462 546/421/507
f 420/323/408 438/322/407 401/290/375
f 420/323/408 401/290/375 544/447/533
f 560/454/542 446/332/417 418/303/388
f 458/348/433 475/357/442 550/427/513
f 458/348/433 550/427/513 456/349/434
f 558/442/528 385/275/360 384/274/359
f 558/442/528 384/274/359 561/455/543
f 527/401/489 448/333/418 422/306/391
f 527/401/489 422/306/391 425/309/394
f 399/288/373 521/417/485 519/396/484
f 562/245/544 348/244/329 563/243/545
f 564/247/546 562/245/544 565/246/547
f 566/249/548 511/248/478 564/247/546
f 567/456/549 569/457/550 571/458/551
f 574/253/552 575/256/553 576/255/554
f 574/253/552 576/255/554 578/459/555
f 366/259/344 572/258/556 365/257/342
f 579/260/557 580/263/558 581/262/559
f 579/260/557 581/262/559 582/261/560
f 584/264/561 585/267/562 586/266/563
f 584/264/561 586/266/563 587/265/564
f 588/460/565 589/271/566 590/270/567
f 588/460/565 590/270/567 591/269/568
f 571/458/551 569/457/550 592/461/569
f 595/462/570 596/463/571 597/464/572
f 595/462/570 597/464/572 598/465/573
f 589/271/566 579/260/557 388/278/363
f 589/271/566 388/278/363 387/277/362
f 599/279/574 600/282/575 601/281/576
f 599/279/574 601/281/576 602/280/577
f 603/466/578 604/467/579 606/468/580
f 397/286/371 400/289/374 607/469/581
f 397/286/371 607/469/581 608/470/582
f 609/290/583 570/251/584 610/471/585
f 609/290/583 610/471/585 611/472/586
f 612/473/587 603/466/578 406/295/380
f 612/473/587 406/295/380 405/294/379
f 613/474/588 616/475/589 618/476/590
f 620/299/591 621/302/592 622/301/593
f 620/299/591 622/301/593 624/300/594
f 421/305/390 626/304/595 418/303/388
f 628/306/596 629/477/597 630/308/598
f 628/306/596 630/308/598 631/307/599
f 632/478/600 633/311/601 631/307/599
f 634/479/602 615/480/603 430/314/399
f 634/479/602 430/314/399 635/481/604
f 636/482/605 637/319/606 587/265/564
f 636/482/605 587/265/564 586/266/563
f 638/320/607 627/323/608 640/322/609
f 638/320/607 640/322/609 641/321/610
f 635/481/604 430/314/399 432/316/401
f 642/326/611 643/325/612 644/324/613
f 645/328/614 644/324/613 646/327/615
f 584/264/561 587/265/564 647/483/616
f 584/264/561 647/483/616 648/329/617
f 649/332/618 418/303/388 639/331/619
f 651/333/620 652/334/621 619/297/622
f 651/333/620 619/297/622 617/298/623
f 642/326/611 644/324/613 653/335/624
f 642/326/611 653/335/624 632/478/600
f 630/308/598 654/484/625 631/307/599
f 642/326/611 632/478/600 631/307/599
f 642/326/611 631/307/599 654/484/625
f 452/337/422 655/485/626 656/486/627
f 452/337/422 656/486/627 453/338/423
f 664/340/628 665/487/629 666/342/630
f 664/340/628 666/342/630 668/341/631
f 615/480/603 614/488/632 428/312/397
f 615/480/603 428/312/397 430/314/399
f 580/263/558 588/460/565 661/345/633
f 580/263/558 661/345/633 574/253/552
f 641/321/610 640/322/609 633/311/601
f 641/321/610 633/311/601 669/346/634
f 589/271/566 588/460/565 580/263/558
f 589/271/566 580/263/558 579/260/557
f 657/347/635 575/256/553 574/253/552
f 657/347/635 574/253/552 661/345/633
f 599/279/574 658/489/636 660/348/637
f 599/279/574 660/348/637 600/282/575
f 657/347/635 658/489/636 599/279/574
f 657/347/635 599/279/574 575/256/553
f 670/355/638 472/354/439 671/353/639
f 660/348/637 672/490/640 673/356/641
f 660/348/637 673/356/641 636/482/605
f 674/358/642 675/491/643 673/356/641
f 674/358/642 673/356/641 676/359/644
f 678/362/645 679/361/646 472/354/439
f 452/337/422 483/364/449 680/363/647
f 452/337/422 680/363/647 655/485/626
f 681/365/648 564/247/546 511/248/478
f 682/366/649 511/248/478 566/249/548
f 486/367/452 388/278/363 579/260/557
f 486/367/452 579/260/557 583/368/650
f 601/281/576 683/370/651 684/369/652
f 602/280/577 601/281/576 684/369/652
f 578/459/555 576/255/554 577/371/653
f 685/368/654 582/261/560 581/262/559
f 491/367/458 487/372/459 582/261/560
f 491/367/458 582/261/560 685/368/654
f 686/373/655 591/269/568 590/270/567
f 686/373/655 590/270/567 687/374/656
f 632/478/600 653/335/624 688/492/657
f 600/282/575 683/370/651 601/281/576
f 689/376/658 554/431/517 690/493/659
f 689/376/658 690/493/659 691/377/660
f 690/493/659 675/491/643 692/379/661
f 690/493/659 692/379/661 691/377/660
f 603/466/578 606/468/580 406/295/380
f 580/263/558 574/253/552 578/459/555
f 580/263/558 578/459/555 581/262/559
f 641/321/610 693/381/662 650/380/663
f 641/321/610 650/380/663 638/320/607
f 698/382/664 699/383/665 591/269/568
f 698/382/664 591/269/568 686/373/655
f 566/249/548 701/384/666 682/366/649
f 659/385/667 662/386/668 647/483/616
f 703/494/669 696/495/670 704/496/671
f 703/494/669 704/496/671 706/497/672
f 631/307/599 633/311/601 707/391/673
f 631/307/599 707/391/673 628/306/596
f 708/498/674 709/499/675 712/500/676
f 708/498/674 712/500/676 612/473/587
f 675/491/643 674/358/642 692/379/661
f 554/431/517 656/486/627 662/386/668
f 554/431/517 662/386/668 690/493/659
f 678/362/645 472/354/439 714/395/677
f 522/398/486 715/417/678 519/396/484
f 665/487/629 717/399/679 666/342/630
f 670/355/638 714/395/677 472/354/439
f 719/400/680 705/389/681 700/402/682
f 719/400/680 700/402/682 721/401/683
f 722/403/684 620/299/591 624/300/594
f 722/403/684 624/300/594 724/404/685
f 628/306/596 707/391/673 652/334/621
f 609/290/583 593/272/686 570/251/584
f 660/348/637 636/482/605 586/266/563
f 660/348/637 586/266/563 600/282/575
f 727/406/687 472/354/439 533/405/493
f 661/345/633 588/460/565 591/269/568
f 661/345/633 591/269/568 699/383/665
f 703/494/669 729/501/688 538/408/496
f 703/494/669 538/408/496 537/407/495
f 607/469/581 400/289/374 519/396/484
f 682/366/649 728/411/689 534/410/498
f 687/374/656 590/270/567 541/413/501
f 687/374/656 541/413/501 540/412/500
f 703/494/669 730/502/690 694/503/691
f 365/257/342 731/416/692 421/305/390
f 716/397/693 725/504/685 625/505/694
f 716/397/693 625/505/694 607/469/581
f 511/248/478 545/420/506 681/365/648
f 681/365/648 562/245/544 564/247/546
f 733/421/695 713/423/696 710/422/697
f 566/249/548 564/247/546 734/424/698
f 652/334/621 651/333/620 628/306/596
f 675/491/643 637/319/606 636/482/605
f 675/491/643 636/482/605 673/356/641
f 735/425/699 672/490/640 736/427/700
f 735/425/699 736/427/700 737/426/701
f 634/479/602 720/506/702 616/475/589
f 634/479/602 616/475/589 613/474/588
f 737/426/701 736/427/700 738/429/703
f 737/426/701 738/429/703 739/428/704
f 739/428/704 738/429/703 699/383/665
f 739/428/704 699/383/665 698/382/664
f 553/430/516 554/431/517 689/376/658
f 567/456/549 740/507/705 663/508/706
f 567/456/549 663/508/706 569/457/550
f 690/493/659 662/386/668 659/385/667
f 690/493/659 659/385/667 675/491/643
f 726/435/707 523/434/520 723/433/708
f 742/436/709 648/329/617 647/483/616
f 679/361/646 557/437/523 472/354/439
f 472/354/439 727/406/687 702/438/710
f 607/469/581 625/505/694 623/509/711
f 607/469/581 623/509/711 608/470/582
f 596/463/571 595/462/570 667/510/712
f 596/463/571 667/510/712 718/511/713
f 612/473/587 712/500/676 604/467/579
f 612/473/587 604/467/579 603/466/578
f 637/319/606 659/385/667 647/483/616
f 637/319/606 647/483/616 587/265/564
f 655/485/626 680/363/647 742/436/709
f 655/485/626 742/436/709 647/483/616
f 634/479/602 635/481/604 729/501/688
f 634/479/602 729/501/688 706/497/672
f 693/381/662 641/321/610 669/346/634
f 693/381/662 669/346/634 688/492/657
f 558/442/528 597/464/572 730/502/690
f 721/401/683 651/333/620 617/298/623
f 721/401/683 617/298/623 719/400/680
f 365/257/342 572/258/556 594/443/569
f 545/420/506 562/245/544 681/365/648
f 573/512/714 468/350/435 568/513/715
f 367/446/532 468/350/435 573/512/714
f 568/513/715 468/350/435 470/352/437
f 568/513/715 470/352/437 741/514/716
f 731/416/692 365/257/342 594/443/569
f 693/381/662 688/492/657 621/302/592
f 693/381/662 621/302/592 620/299/591
f 688/492/657 669/346/634 632/478/600
f 708/498/674 608/470/582 623/509/711
f 708/498/674 623/509/711 711/515/675
f 732/447/717 593/272/686 609/290/583
f 397/286/371 608/470/582 708/498/674
f 707/391/673 611/472/586 652/334/621
f 348/244/329 562/245/544 545/420/506
f 710/422/697 622/301/593 621/302/592
f 710/422/697 621/302/592 733/421/695
f 652/334/621 611/472/586 610/471/585
f 652/334/621 610/471/585 619/297/622
f 688/492/657 733/421/695 621/302/592
f 633/311/601 611/472/586 707/391/673
f 618/476/590 663/508/706 740/507/705
f 618/476/590 740/507/705 613/474/588
f 614/488/632 741/514/716 470/352/437
f 614/488/632 470/352/437 428/312/397
f 632/478/600 669/346/634 633/311/601
f 694/503/691 718/511/713 695/516/718
f 703/494/669 694/503/691 695/516/718
f 655/485/626 647/483/616 662/386/668
f 655/485/626 662/386/668 656/486/627
f 703/494/669 537/407/495 730/502/690
f 677/450/719 630/308/598 629/477/597
f 665/487/629 664/340/628 677/450/719
f 665/487/629 677/450/719 700/402/682
f 629/477/597 721/401/683 700/402/682
f 697/390/720 665/487/629 700/402/682
f 697/390/720 700/402/682 705/389/681
f 720/506/702 634/479/602 706/497/672
f 720/506/702 706/497/672 704/496/671
f 703/494/669 706/497/672 729/501/688
f 635/481/604 432/316/401 538/408/496
f 635/481/604 538/408/496 729/501/688
f 405/294/379 397/286/371 708/498/674
f 405/294/379 708/498/674 612/473/587
f 472/354/439 702/438/710 671/353/639
f 589/271/566 387/277/362 541/413/501
f 589/271/566 541/413/501 590/270/567
f 511/248/478 682/366/649 534/410/498
f 522/398/538 725/504/685 716/397/693
f 600/282/575 586/266/563 585/267/562
f 600/282/575 585/267/562 683/370/651
f 728/411/689 682/366/649 701/384/666
f 694/503/691 730/502/690 597/464/572
f 694/503/691 597/464/572 596/463/571
f 596/463/571 718/511/713 694/503/691
f 697/390/720 717/399/679 665/487/629
f 643/325/612 642/326/611 654/484/625
f 657/347/635 738/429/703 736/427/700
f 657/347/635 736/427/700 658/489/636
f 645/328/614 646/327/615 605/451/721
f 657/347/635 661/345/633 699/383/665
f 657/347/635 699/383/665 738/429/703
f 575/256/553 599/279/574 602/280/577
f 575/256/553 602/280/577 577/452/722
f 418/303/388 626/304/595 639/331/619
f 743/453/723 672/490/640 735/425/699
f 421/305/390 731/416/692 626/304/595
f 609/290/583 611/472/586 633/311/601
f 609/290/583 633/311/601 640/322/609
f 645/328/614 605/451/721 713/423/696
f 645/328/614 713/423/696 733/421/695
f 558/442/528 730/502/690 537/407/495
f 672/490/640 743/453/723 676/359/644
f 672/490/640 676/359/644 673/356/641
f 629/477/597 700/402/682 677/450/719
f 693/381/662 620/299/591 722/403/684
f 693/381/662 722/403/684 650/380/663
f 653/335/624 644/324/613 645/328/614
f 653/335/624 645/328/614 733/421/695
f 675/491/643 659/385/667 637/319/606
f 554/431/517 453/338/423 656/486/627
f 560/454/542 723/433/708 523/434/520
f 723/433/708 560/454/542 649/332/618
f 653/335/624 733/421/695 688/492/657
f 627/323/608 732/447/717 609/290/583
f 627/323/608 609/290/583 640/322/609
f 418/303/388 649/332/618 560/454/542
f 660/348/637 658/489/636 736/427/700
f 660/348/637 736/427/700 672/490/640
f 558/442/528 561/455/543 598/465/573
f 558/442/528 598/465/573 597/464/572
f 721/401/683 629/477/597 628/306/596
f 721/401/683 628/306/596 651/333/620
f 519/396/484 716/397/693 607/469/581
f 744/144/724 272/165/240 244/146/218
f 745/131/725 746/132/726 747/517/727
f 744/144/724 745/131/725 272/165/240
f 273/166/241 745/131/725 747/517/727
f 273/166/241 747/517/727 748/518/728
f 745/131/725 273/166/241 272/165/240
f 749/145/729 744/144/724 244/146/218
f 750/143/730 744/144/724 749/145/729
f 750/143/730 751/136/731 745/131/725
f 750/143/730 745/131/725 744/144/724
f 751/136/731 752/134/732 745/131/725
f 753/133/733 745/131/725 752/134/732
f 753/133/733 746/132/726 745/131/725
f 244/146/218 272/165/240 240/144/216
f 754/517/734 230/132/204 229/131/203
f 240/144/216 272/165/240 229/131/203
f 273/166/241 748/518/728 754/517/734
f 273/166/241 754/517/734 229/131/203
o defaultMaterial.001
v -0.579156 7.158885 -5.079043
v -1.372304 5.944935 -5.079040
v -1.372245 5.944937 -4.570377
v -0.579157 7.158885 -4.570377
v -0.579156 7.158885 -5.079043
v -0.504787 7.244161 -5.079044
v -0.504788 7.158885 -5.166024
v -0.504787 7.244634 -4.570377
v -0.245775 7.243927 -4.570377
v 0.000000 7.244157 -4.570377
v 0.000000 7.244161 -5.079044
v -0.504788 7.158885 -5.166024
v -1.276633 5.944935 -5.166022
v -0.579157 7.158885 -4.570377
v 0.000000 7.158885 -5.166024
v 0.000000 5.944936 -5.166023
v 0.504788 7.158885 -5.166024
v 1.276633 5.944935 -5.166022
v 0.504787 7.244161 -5.079044
v 0.579156 7.158885 -5.079043
v 0.579157 7.158885 -4.570377
v 1.372245 5.944937 -4.570377
v 1.372304 5.944935 -5.079040
v 0.579156 7.158885 -5.079043
v 0.000000 7.244157 -4.570377
v 0.245775 7.243927 -4.570377
v 0.504787 7.244634 -4.570377
v 0.504788 7.158885 -5.166024
v 0.579157 7.158885 -4.570377
v 0.700647 8.264930 -3.861174
v 0.636001 8.152509 -3.806384
v 0.767226 8.015709 -3.806384
v 0.879826 8.080042 -3.861174
v 1.052946 7.642852 -3.803165
v 1.052946 7.704891 -3.803165
v 0.860973 7.704891 -3.724347
v 0.860973 7.642852 -3.724347
v 1.052946 7.642852 -4.183734
v 0.860973 7.642852 -4.262552
v 0.860973 7.704891 -4.262552
v 1.052946 7.704891 -4.183734
v 0.636001 8.152509 -4.180515
v 0.700647 8.264930 -4.125725
v 0.879826 8.080042 -4.125725
v 0.767226 8.015709 -4.180515
v 0.727424 8.311497 -3.993449
v 0.926467 8.106688 -3.993449
v 1.132640 7.642852 -3.993449
v 1.132039 7.704891 -3.993449
v 0.666862 7.642852 -4.183734
v 0.666862 7.704891 -4.183734
v 0.571355 8.040088 -4.125725
v 0.654625 7.951376 -4.125725
v 0.571355 8.040088 -3.861174
v 0.654625 7.951376 -3.861174
v 0.725718 7.763510 -3.861174
v 0.860654 7.763510 -3.806384
v 0.607984 7.924727 -3.993449
v 0.725718 7.763510 -4.125725
v 0.669165 7.763510 -3.993449
v 0.544578 7.993521 -3.993449
v 0.607984 7.924727 -3.993449
v 0.669165 7.763510 -3.993449
v 0.544578 7.993521 -3.993449
v 0.336730 8.136934 -3.856755
v 0.336730 8.083218 -3.989031
v 0.336730 8.083218 -3.989031
v 0.336730 8.136934 -4.121306
v 0.336730 8.266618 -3.801965
v 0.336730 8.266618 -4.176096
v 0.336730 8.396299 -3.856755
v 0.336730 8.396299 -4.121306
v 0.336730 8.450017 -3.989031
v 0.666862 7.642852 -3.803165
v 0.666862 7.704891 -3.803165
v 0.585508 7.704891 -3.993449
v 0.585508 7.642852 -3.993449
v 0.585508 7.642852 -3.993449
v 0.585508 7.704891 -3.993449
v 0.860654 7.763510 -4.180515
v 0.994103 7.763510 -3.861174
v 0.994103 7.763510 -4.125725
v 1.049084 7.763510 -3.993449
v -0.669165 7.763510 -3.993449
v -0.725718 7.763510 -3.861174
v -0.666862 7.704891 -3.803165
v -0.585508 7.704891 -3.993449
v -0.725718 7.763510 -4.125725
v -0.669165 7.763510 -3.993449
v -0.585508 7.704891 -3.993449
v -0.666862 7.704891 -4.183734
v -0.860654 7.763510 -4.180515
v -0.860973 7.704891 -4.262552
v -0.994103 7.763510 -4.125725
v -1.052946 7.704891 -4.183734
v -1.049084 7.763510 -3.993449
v -1.132039 7.704891 -3.993449
v -0.994103 7.763510 -3.861174
v -1.052946 7.704891 -3.803165
v -0.860654 7.763510 -3.806384
v -0.860973 7.704891 -3.724347
v 0.669165 7.763510 -3.993449
v 0.585508 7.704891 -3.993449
v 0.666862 7.704891 -3.803165
v 0.725718 7.763510 -3.861174
v 0.725718 7.763510 -4.125725
v 0.666862 7.704891 -4.183734
v 0.585508 7.704891 -3.993449
v 0.669165 7.763510 -3.993449
v 0.860654 7.763510 -4.180515
v 0.860973 7.704891 -4.262552
v 0.994103 7.763510 -4.125725
v 1.052946 7.704891 -4.183734
v 1.049084 7.763510 -3.993449
v 1.132039 7.704891 -3.993449
v 0.994103 7.763510 -3.861174
v 1.052946 7.704891 -3.803165
v 0.860654 7.763510 -3.806384
v 0.860973 7.704891 -3.724347
v -0.700647 8.264930 -3.861174
v -0.879826 8.080042 -3.861174
v -0.767226 8.015709 -3.806384
v -0.636001 8.152509 -3.806384
v -1.052946 7.642852 -3.803165
v -0.860973 7.642852 -3.724347
v -0.860973 7.704891 -3.724347
v -1.052946 7.704891 -3.803165
v -1.052946 7.642852 -4.183734
v -1.052946 7.704891 -4.183734
v -0.860973 7.704891 -4.262552
v -0.860973 7.642852 -4.262552
v -0.636001 8.152509 -4.180515
v -0.767226 8.015709 -4.180515
v -0.879826 8.080042 -4.125725
v -0.700647 8.264930 -4.125725
v -0.727424 8.311497 -3.993449
v -0.926467 8.106688 -3.993449
v -1.132640 7.642852 -3.993449
v -1.132039 7.704891 -3.993449
v -0.666862 7.704891 -4.183734
v -0.666862 7.642852 -4.183734
v -0.571355 8.040088 -4.125725
v -0.654625 7.951376 -4.125725
v -0.654625 7.951376 -3.861174
v -0.571355 8.040088 -3.861174
v -0.860654 7.763510 -3.806384
v -0.725718 7.763510 -3.861174
v -0.607984 7.924727 -3.993449
v -0.669165 7.763510 -3.993449
v -0.725718 7.763510 -4.125725
v -0.544578 7.993521 -3.993449
v -0.669165 7.763510 -3.993449
v -0.607984 7.924727 -3.993449
v -0.544578 7.993521 -3.993449
v -0.336730 8.136934 -3.856755
v -0.336730 8.083218 -3.989031
v -0.336730 8.083218 -3.989031
v -0.336730 8.136934 -4.121306
v -0.336730 8.266618 -3.801965
v -0.336730 8.266618 -4.176096
v -0.336730 8.396299 -3.856755
v -0.336730 8.396299 -4.121306
v -0.336730 8.450017 -3.989031
v -0.666862 7.642852 -3.803165
v -0.585508 7.642852 -3.993449
v -0.585508 7.704891 -3.993449
v -0.666862 7.704891 -3.803165
v -0.585508 7.642852 -3.993449
v -0.585508 7.704891 -3.993449
v -0.860654 7.763510 -4.180515
v -0.994103 7.763510 -3.861174
v -0.994103 7.763510 -4.125725
v 0.171699 7.244637 -3.503506
v 0.171699 7.244637 -4.483397
v 0.000000 7.244637 -4.483397
v 0.000000 7.244637 -3.503506
v 1.432132 7.642852 -3.503506
v 0.256975 7.642852 -3.503506
v 0.256975 7.557576 -3.416525
v 1.432132 7.557576 -3.416525
v 0.256975 7.243929 -4.570377
v 0.000000 7.244161 -4.570377
v 0.256975 7.245010 -4.570377
v 1.432170 5.944935 -4.570375
v 0.256975 5.944937 -4.570377
v 1.432132 7.642852 -4.483397
v 0.256975 7.642852 -4.483397
v 1.432132 7.557576 -3.416525
v 0.256975 7.557576 -3.416525
v 0.256975 5.944938 -3.416525
v 1.432132 5.944938 -3.416525
v 1.432133 7.557576 -4.570378
v 0.256975 7.557576 -4.570377
v 0.171699 7.557576 -4.483397
v 0.171699 7.557576 -3.503506
v 0.256975 7.243929 -4.570377
v 0.171699 7.244637 -4.483397
v 0.171699 7.557576 -4.483397
v 1.502716 7.557576 -4.483396
v 1.502719 7.557576 -3.503505
v 1.502719 5.944938 -3.503505
v 1.502752 5.944935 -4.483393
v 0.171699 7.557576 -3.503506
v 0.171699 7.557576 -4.483397
v 0.171699 7.244637 -4.483397
v 0.171699 7.244637 -3.503506
v 1.502719 7.557576 -3.503505
v 1.502716 7.557576 -4.483396
v 0.171699 7.244637 -3.503506
v 0.171699 5.944938 -3.503506
v 1.502716 7.557576 -4.483396
v 1.502752 5.944935 -4.483393
v 1.502719 5.944938 -3.503505
v 1.502719 7.557576 -3.503505
v 0.171699 7.557576 -3.503506
v -0.171699 7.244637 -3.503506
v -0.171699 7.244637 -4.483397
v -1.432132 7.642852 -3.503506
v -1.432132 7.557576 -3.416525
v -0.256975 7.557576 -3.416525
v -0.256975 7.642852 -3.503506
v -0.256975 7.243929 -4.570377
v -0.256975 5.944937 -4.570377
v -1.432170 5.944935 -4.570375
v -0.256975 7.245010 -4.570377
v -0.256975 7.642852 -4.483397
v -1.432132 7.642852 -4.483397
v -1.432132 7.557576 -3.416525
v -1.432132 5.944938 -3.416525
v -0.256975 5.944938 -3.416525
v -0.256975 7.557576 -3.416525
v -0.256975 7.557576 -4.570377
v -1.432133 7.557576 -4.570378
v -0.171699 7.557576 -3.503506
v -0.171699 7.557576 -4.483397
v -0.171699 7.557576 -4.483397
v -0.171699 7.244637 -4.483397
v -0.256975 7.243929 -4.570377
v -1.502716 7.557576 -4.483396
v -1.502752 5.944935 -4.483393
v -1.502719 5.944938 -3.503505
v -1.502719 7.557576 -3.503505
v -0.171699 7.557576 -3.503506
v -0.171699 7.244637 -3.503506
v -0.171699 7.244637 -4.483397
v -0.171699 7.557576 -4.483397
v -1.502719 7.557576 -3.503505
v -1.502716 7.557576 -4.483396
v -0.171699 5.944938 -3.503506
v -0.171699 7.244637 -3.503506
v -1.502752 5.944935 -4.483393
v -1.502716 7.557576 -4.483396
v -1.502719 7.557576 -3.503505
v -1.502719 5.944938 -3.503505
v -0.171699 7.557576 -3.503506
v -1.049084 7.763510 -3.993449
vn -0.7582 0.5734 -0.3104
vn -0.7895 0.5128 -0.3371
vn -0.8372 0.5470 0.0001
vn -0.7977 0.6030 -0.0001
vn -0.7582 0.5735 -0.3103
vn -0.4004 0.8433 -0.3584
vn -0.3591 0.4717 -0.8053
vn -0.4144 0.9101 -0.0002
vn 0.0003 1.0000 0.0003
vn -0.0000 1.0000 -0.0000
vn -0.0000 0.9258 -0.3781
vn -0.3592 0.4717 -0.8053
vn -0.3592 0.2316 -0.9041
vn -0.0000 0.3872 -0.9220
vn -0.0000 -0.0000 -1.0000
vn -0.3592 0.2315 -0.9041
vn 0.3592 0.4717 -0.8053
vn 0.3592 0.2315 -0.9041
vn 0.4004 0.8433 -0.3584
vn 0.7582 0.5734 -0.3104
vn 0.7977 0.6030 -0.0001
vn 0.8372 0.5470 0.0001
vn 0.7895 0.5128 -0.3371
vn 0.7582 0.5735 -0.3103
vn -0.0003 1.0000 0.0003
vn 0.4144 0.9101 -0.0002
vn 0.3904 0.5963 0.7014
vn 0.0039 -0.0007 1.0000
vn 0.0001 -0.0001 1.0000
vn 0.6036 0.3771 0.7025
vn 0.7051 0.0024 0.7091
vn 0.0019 -0.0000 1.0000
vn 0.7051 0.0024 -0.7091
vn 0.0019 -0.0000 -1.0000
vn -0.0096 0.0032 -0.9999
vn 0.3828 0.5997 -0.7027
vn 0.6036 0.3771 -0.7025
vn 0.0002 -0.0000 -1.0000
vn 0.5412 0.8409 -0.0001
vn 0.8485 0.5292 -0.0000
vn 1.0000 0.0048 -0.0000
vn -0.7006 -0.0000 -0.7136
vn -0.4108 -0.5848 -0.6994
vn -0.6040 -0.3766 -0.7024
vn -0.4008 -0.5895 0.7013
vn -0.6040 -0.3766 0.7024
vn -0.6700 -0.2529 0.6979
vn 0.0014 -0.0012 1.0000
vn -0.8492 -0.5281 -0.0000
vn -0.6700 -0.2529 -0.6979
vn -0.9351 -0.3543 -0.0000
vn -0.5728 -0.8197 0.0002
vn -0.8492 -0.5280 -0.0000
vn -0.1339 -0.6980 0.7035
vn -0.1988 -0.9800 0.0002
vn -0.1988 -0.9800 0.0001
vn -0.1449 -0.6954 -0.7039
vn 0.0044 -0.0013 1.0000
vn -0.0090 0.0026 -1.0000
vn 0.1277 0.6998 0.7029
vn 0.1195 0.7016 -0.7025
vn 0.1713 0.9852 -0.0001
vn -0.7006 -0.0000 0.7136
vn -0.7006 -0.0000 0.7135
vn -1.0000 -0.0000 -0.0000
vn 0.0014 -0.0012 -1.0000
vn 0.6756 0.2438 0.6958
vn 0.6756 0.2438 -0.6958
vn 0.9412 0.3379 0.0001
vn 0.5739 0.8189 -0.0000
vn 0.4047 0.8156 0.4136
vn 0.4047 0.8156 0.4135
vn 0.5739 0.8190 -0.0000
vn 0.4046 0.8156 -0.4136
vn 0.5738 0.8190 -0.0000
vn 0.4047 0.8156 -0.4136
vn -0.0008 0.8136 -0.5814
vn -0.0013 0.8136 -0.5814
vn -0.4078 0.8156 -0.4105
vn -0.5771 0.8167 -0.0000
vn -0.4078 0.8156 0.4105
vn -0.4079 0.8156 0.4104
vn -0.0008 0.8136 0.5814
vn -0.0013 0.8136 0.5814
vn -0.5739 0.8190 -0.0000
vn -0.5738 0.8190 -0.0000
vn -0.4047 0.8156 0.4135
vn -0.4046 0.8156 0.4136
vn -0.4046 0.8156 -0.4137
vn -0.4047 0.8156 -0.4136
vn -0.5739 0.8189 -0.0000
vn 0.0008 0.8136 -0.5814
vn 0.0013 0.8136 -0.5814
vn 0.4078 0.8156 -0.4105
vn 0.4079 0.8156 -0.4105
vn 0.5771 0.8167 -0.0000
vn 0.4078 0.8156 0.4105
vn 0.4079 0.8156 0.4104
vn 0.0008 0.8136 0.5814
vn 0.0013 0.8136 0.5814
vn -0.3904 0.5963 0.7014
vn -0.6036 0.3771 0.7025
vn -0.0001 -0.0001 1.0000
vn -0.0039 -0.0007 1.0000
vn -0.7051 0.0024 0.7091
vn -0.0019 -0.0000 1.0000
vn -0.7051 0.0024 -0.7091
vn -0.0019 -0.0000 -1.0000
vn 0.0096 0.0032 -0.9999
vn -0.0002 -0.0001 -1.0000
vn -0.6036 0.3771 -0.7025
vn -0.3828 0.5997 -0.7027
vn -0.5412 0.8409 -0.0001
vn -0.8485 0.5292 -0.0000
vn -1.0000 0.0048 -0.0000
vn 0.7006 -0.0000 -0.7136
vn 0.4108 -0.5848 -0.6994
vn 0.6040 -0.3766 -0.7024
vn 0.6040 -0.3766 0.7024
vn 0.4008 -0.5895 0.7013
vn -0.0014 -0.0012 1.0000
vn 0.6700 -0.2529 0.6979
vn 0.8492 -0.5280 -0.0000
vn 0.9351 -0.3543 -0.0000
vn 0.6700 -0.2529 -0.6979
vn 0.5728 -0.8197 0.0002
vn 0.8492 -0.5281 -0.0000
vn 0.1339 -0.6980 0.7035
vn 0.1987 -0.9801 0.0002
vn 0.1988 -0.9800 0.0001
vn 0.1449 -0.6954 -0.7039
vn -0.0044 -0.0012 1.0000
vn 0.0090 0.0026 -1.0000
vn -0.1277 0.6998 0.7029
vn -0.1195 0.7016 -0.7025
vn -0.1713 0.9852 -0.0001
vn 0.7006 -0.0000 0.7136
vn 1.0000 -0.0000 -0.0000
vn 0.7006 -0.0000 0.7135
vn 1.0000 0.0001 -0.0000
vn -0.0014 -0.0012 -1.0000
vn -0.6756 0.2438 0.6958
vn -0.6756 0.2438 -0.6958
vn -0.6284 0.7334 -0.2592
vn -0.0000 1.0000 -0.0027
vn 0.4126 0.8383 0.3565
vn -0.3675 0.8566 0.3623
vn -0.4588 0.2957 0.8379
vn 0.4162 0.3653 0.8327
vn -0.5035 0.7056 -0.4987
vn -0.0000 1.0000 -0.0065
vn -0.1895 -0.0000 -0.9819
vn 0.2832 -0.0000 -0.9591
vn 0.4126 0.8383 -0.3565
vn -0.3675 0.8566 -0.3623
vn -0.4587 0.2957 0.8379
vn -0.5113 -0.0000 0.8594
vn 0.4300 -0.0000 0.9028
vn 0.3322 0.2916 -0.8970
vn -0.3711 0.3712 -0.8512
vn -0.8565 0.3676 -0.3623
vn -0.8565 0.3675 0.3623
vn -0.3712 0.3712 -0.8512
vn -0.5035 0.7057 -0.4986
vn -0.6283 0.7335 -0.2591
vn -0.8566 0.3675 -0.3623
vn 0.8884 0.3271 -0.3220
vn 0.8884 0.3271 0.3221
vn 0.9425 -0.0000 0.3343
vn 0.9425 -0.0000 -0.3342
vn -0.8566 0.3675 0.3622
vn -0.8314 -0.0000 0.5557
vn 0.8884 0.3272 0.3221
vn 0.8884 0.3271 -0.3221
vn -0.7141 -0.0000 0.7001
vn 0.9425 -0.0000 -0.3343
vn -0.8566 0.3675 0.3623
vn 0.6284 0.7334 -0.2592
vn -0.4126 0.8383 0.3565
vn -0.4162 0.3653 0.8327
vn 0.4588 0.2957 0.8379
vn 0.3675 0.8566 0.3622
vn 0.5035 0.7056 -0.4987
vn -0.2832 -0.0000 -0.9591
vn 0.1895 -0.0000 -0.9819
vn 0.3675 0.8566 -0.3623
vn -0.4126 0.8383 -0.3565
vn -0.4300 -0.0000 0.9028
vn 0.5113 -0.0000 0.8594
vn 0.3711 0.3712 -0.8512
vn -0.3322 0.2916 -0.8970
vn 0.8565 0.3675 0.3623
vn 0.8565 0.3676 -0.3623
vn 0.3712 0.3712 -0.8511
vn 0.8566 0.3675 -0.3623
vn 0.6284 0.7335 -0.2591
vn 0.5059 0.7057 -0.4960
vn -0.8884 0.3271 -0.3221
vn -0.9425 -0.0000 -0.3342
vn -0.9425 -0.0000 0.3343
vn -0.8884 0.3271 0.3220
vn 0.8566 0.3675 0.3623
vn 0.8314 -0.0000 0.5557
vn 0.8566 0.3675 -0.3622
vn -0.8884 0.3272 0.3221
vn 0.7141 -0.0000 0.7001
vn -0.9425 -0.0000 -0.3343
vn -0.8884 0.3271 0.3221
vn -0.9412 0.3379 0.0001
vt 0.352726 0.241569
vt 0.352726 0.300239
vt 0.393985 0.300239
vt 0.393985 0.241569
vt 0.308158 0.231025
vt 0.304007 0.231025
vt 0.304007 0.241569
vt 0.304007 0.204040
vt 0.288678 0.204040
vt 0.274316 0.204040
vt 0.274316 0.231025
vt 0.342539 0.241569
vt 0.342539 0.300239
vt 0.308158 0.204040
vt 0.274316 0.241569
vt 0.274316 0.300239
vt 0.244626 0.241569
vt 0.206094 0.300239
vt 0.244626 0.231025
vt 0.195907 0.241569
vt 0.154648 0.241569
vt 0.154648 0.300239
vt 0.195907 0.300239
vt 0.240475 0.231025
vt 0.274316 0.204039
vt 0.259955 0.204039
vt 0.244626 0.204039
vt 0.206094 0.241569
vt 0.240475 0.204039
vt 0.647824 0.429976
vt 0.647824 0.415485
vt 0.660124 0.415485
vt 0.660124 0.429976
vt 0.995696 0.865565
vt 0.984453 0.865565
vt 0.984453 0.851310
vt 0.995696 0.851310
vt 0.995696 0.897057
vt 0.995696 0.911308
vt 0.984453 0.911346
vt 0.984453 0.897057
vt 0.647824 0.476477
vt 0.647824 0.461990
vt 0.660124 0.461990
vt 0.660124 0.476477
vt 0.647824 0.445982
vt 0.660124 0.445982
vt 0.995696 0.881311
vt 0.984453 0.881311
vt 0.995696 0.925633
vt 0.984453 0.925633
vt 0.647824 0.491038
vt 0.660124 0.491038
vt 0.647824 0.400927
vt 0.660124 0.400927
vt 0.675397 0.400927
vt 0.675397 0.415485
vt 0.660124 0.505193
vt 0.675397 0.491038
vt 0.675397 0.505193
vt 0.647824 0.505193
vt 0.660124 0.386771
vt 0.675397 0.386771
vt 0.647824 0.386771
vt 0.622272 0.400927
vt 0.622272 0.386771
vt 0.622272 0.505193
vt 0.622272 0.491038
vt 0.622272 0.415485
vt 0.622272 0.476477
vt 0.622272 0.429976
vt 0.622272 0.461990
vt 0.622272 0.445982
vt 0.995696 0.836989
vt 0.984453 0.836989
vt 0.984453 0.823064
vt 0.995696 0.823064
vt 0.995696 0.939557
vt 0.984453 0.939557
vt 0.675397 0.476477
vt 0.675397 0.429976
vt 0.675397 0.461990
vt 0.675397 0.445982
vt 0.972863 0.823064
vt 0.972863 0.836989
vt 0.972863 0.925633
vt 0.972863 0.939557
vt 0.972863 0.911308
vt 0.984453 0.911308
vt 0.972863 0.897057
vt 0.972863 0.881311
vt 0.972863 0.865565
vt 0.972863 0.851310
vt 0.547178 0.429976
vt 0.534878 0.429976
vt 0.534878 0.415485
vt 0.547178 0.415485
vt 0.547178 0.476477
vt 0.534878 0.476477
vt 0.534878 0.461990
vt 0.547178 0.461990
vt 0.547178 0.445982
vt 0.534878 0.445982
vt 0.547178 0.491038
vt 0.534878 0.491038
vt 0.534878 0.400927
vt 0.547178 0.400927
vt 0.519536 0.415485
vt 0.519536 0.400927
vt 0.534878 0.505193
vt 0.519536 0.505193
vt 0.519536 0.491038
vt 0.547178 0.505193
vt 0.519536 0.386771
vt 0.534878 0.386771
vt 0.547178 0.386771
vt 0.572730 0.400927
vt 0.572730 0.386771
vt 0.572730 0.505193
vt 0.572730 0.491038
vt 0.572730 0.415485
vt 0.572730 0.476477
vt 0.572730 0.429976
vt 0.572730 0.461990
vt 0.572730 0.445982
vt 0.519536 0.476477
vt 0.519536 0.429976
vt 0.519536 0.461990
vt 0.409878 0.078147
vt 0.409878 0.134789
vt 0.419302 0.134789
vt 0.419302 0.078147
vt 0.390794 0.078256
vt 0.317971 0.078256
vt 0.317971 0.073186
vt 0.390794 0.073186
vt 0.405197 0.139740
vt 0.419302 0.139740
vt 0.317971 0.155804
vt 0.390796 0.222298
vt 0.317971 0.222298
vt 0.390794 0.134899
vt 0.317971 0.134899
vt 0.390794 0.140611
vt 0.317971 0.140611
vt 0.390794 0.222298
vt 0.312686 0.134899
vt 0.312686 0.078256
vt 0.317971 0.155859
vt 0.313610 0.155823
vt 0.313610 0.140611
vt 0.395381 0.140611
vt 0.451048 0.140611
vt 0.451046 0.222298
vt 0.395379 0.222298
vt 0.395168 0.078256
vt 0.395168 0.134899
vt 0.409878 0.134899
vt 0.409878 0.078256
vt 0.313610 0.179276
vt 0.313610 0.222298
vt 0.395379 0.140611
vt 0.395381 0.222298
vt 0.519536 0.445982
s 1
usemtl defaultMaterial
f 755/519/735 756/520/736 757/521/737
f 755/519/735 757/521/737 758/522/738
f 759/523/739 760/524/740 761/525/741
f 760/524/740 762/526/742 763/527/743
f 760/524/740 763/527/743 764/528/744
f 760/524/740 764/528/744 765/529/745
f 755/519/735 766/530/746 767/531/747
f 755/519/735 767/531/747 756/520/736
f 760/524/740 759/523/739 768/532/738
f 760/524/740 768/532/738 762/526/742
f 760/524/740 765/529/745 769/533/748
f 760/524/740 769/533/748 761/525/741
f 761/525/741 769/533/748 770/534/749
f 761/525/741 770/534/749 767/531/750
f 771/535/751 772/536/752 770/534/749
f 771/535/751 770/534/749 769/533/748
f 773/537/753 771/535/751 769/533/748
f 773/537/753 769/533/748 765/529/745
f 774/538/754 775/539/755 776/540/756
f 774/538/754 776/540/756 777/541/757
f 771/535/751 773/537/753 778/542/758
f 773/537/753 765/529/745 779/543/744
f 773/537/753 779/543/744 780/544/759
f 773/537/753 780/544/759 781/545/760
f 774/538/754 777/541/757 772/536/752
f 774/538/754 772/536/752 782/546/751
f 773/537/753 781/545/760 783/547/755
f 773/537/753 783/547/755 778/542/758
f 784/548/761 785/549/762 786/550/763
f 784/548/761 786/550/763 787/551/764
f 788/552/765 789/553/765 790/554/766
f 788/552/765 790/554/766 791/555/766
f 792/556/767 793/557/768 794/558/768
f 792/556/767 794/558/768 795/559/767
f 796/560/769 797/561/770 798/562/771
f 796/560/769 798/562/771 799/563/772
f 800/564/773 784/548/761 787/551/764
f 800/564/773 787/551/764 801/565/774
f 802/566/775 803/567/775 789/553/765
f 802/566/775 789/553/765 788/552/765
f 797/561/770 800/564/773 801/565/774
f 797/561/770 801/565/774 798/562/771
f 802/566/775 792/556/767 795/559/767
f 802/566/775 795/559/767 803/567/775
f 793/557/768 804/568/776 805/569/776
f 793/557/768 805/569/776 794/558/768
f 806/570/777 796/560/769 799/563/772
f 806/570/777 799/563/772 807/571/778
f 785/549/762 808/572/779 809/573/780
f 785/549/762 809/573/780 786/550/763
f 786/550/763 809/573/780 810/574/781
f 786/550/763 810/574/781 811/575/782
f 812/576/783 807/571/778 813/577/784
f 812/576/783 813/577/784 814/578/785
f 815/579/786 806/570/777 807/571/778
f 815/579/786 807/571/778 812/576/783
f 809/573/780 816/580/787 817/581/785
f 809/573/780 817/581/785 810/574/781
f 808/572/779 818/582/786 816/580/787
f 808/572/779 816/580/787 809/573/780
f 819/583/788 820/584/789 818/582/786
f 819/583/788 818/582/786 808/572/779
f 821/585/790 822/586/791 806/570/777
f 821/585/790 806/570/777 815/579/786
f 823/587/792 819/583/788 808/572/779
f 823/587/792 808/572/779 785/549/762
f 822/586/791 824/588/793 796/560/769
f 822/586/791 796/560/769 806/570/777
f 825/589/794 823/587/792 785/549/762
f 825/589/794 785/549/762 784/548/761
f 824/588/793 826/590/795 797/561/770
f 824/588/793 797/561/770 796/560/769
f 827/591/796 825/589/794 784/548/761
f 827/591/796 784/548/761 800/564/773
f 826/590/795 827/591/796 800/564/773
f 826/590/795 800/564/773 797/561/770
f 828/592/797 829/593/798 830/594/799
f 828/592/797 830/594/799 831/595/799
f 832/596/799 833/597/799 805/569/776
f 832/596/799 805/569/776 804/568/776
f 791/555/766 790/554/766 829/593/798
f 791/555/766 829/593/798 828/592/797
f 799/563/772 834/598/800 813/577/784
f 799/563/772 813/577/784 807/571/778
f 786/550/763 811/575/782 835/599/801
f 786/550/763 835/599/801 787/551/764
f 798/562/771 836/600/802 834/598/800
f 798/562/771 834/598/800 799/563/772
f 787/551/764 835/599/801 837/601/803
f 787/551/764 837/601/803 801/565/774
f 801/565/774 837/601/803 836/600/802
f 801/565/774 836/600/802 798/562/771
f 838/602/804 839/603/805 840/593/806
f 838/602/804 840/593/806 841/594/807
f 842/604/808 843/605/807 844/597/809
f 842/604/808 844/597/809 845/569/810
f 846/606/811 842/604/808 845/569/810
f 846/606/811 845/569/810 847/607/812
f 848/608/813 846/606/811 847/607/812
f 848/608/813 847/607/812 849/559/813
f 850/609/814 848/608/813 849/559/813
f 850/609/814 849/559/813 851/567/814
f 852/610/815 850/609/814 851/567/814
f 852/610/815 851/567/814 853/553/816
f 854/611/817 852/610/815 853/553/816
f 854/611/817 853/553/816 855/554/818
f 839/603/805 854/611/817 855/554/818
f 839/603/805 855/554/818 840/593/806
f 856/602/819 857/594/820 858/593/821
f 856/602/819 858/593/821 859/603/822
f 860/604/823 861/569/824 862/597/819
f 860/604/823 862/597/819 863/605/825
f 864/606/826 865/558/827 861/569/824
f 864/606/826 861/569/824 860/604/823
f 866/608/828 867/559/829 865/558/827
f 866/608/828 865/558/827 864/606/826
f 868/609/830 869/567/830 867/559/829
f 868/609/830 867/559/829 866/608/828
f 870/610/831 871/553/832 869/567/830
f 870/610/831 869/567/830 868/609/830
f 872/611/833 873/554/834 871/553/832
f 872/611/833 871/553/832 870/610/831
f 859/603/822 858/593/821 873/554/834
f 859/603/822 873/554/834 872/611/833
f 874/612/835 875/613/836 876/614/837
f 874/612/835 876/614/837 877/615/838
f 878/552/839 879/555/840 880/554/840
f 878/552/839 880/554/840 881/553/839
f 882/556/841 883/559/841 884/607/842
f 882/556/841 884/607/842 885/557/842
f 886/616/843 887/617/844 888/618/845
f 886/616/843 888/618/845 889/619/846
f 890/620/847 891/621/848 875/613/836
f 890/620/847 875/613/836 874/612/835
f 892/566/849 878/552/839 881/553/839
f 892/566/849 881/553/839 893/567/849
f 889/619/846 888/618/845 891/621/848
f 889/619/846 891/621/848 890/620/847
f 892/566/849 893/567/849 883/559/841
f 892/566/849 883/559/841 882/556/841
f 885/557/842 884/607/842 894/569/850
f 885/557/842 894/569/850 895/568/850
f 896/622/851 897/623/852 887/617/844
f 896/622/851 887/617/844 886/616/843
f 877/615/838 876/614/837 898/624/853
f 877/615/838 898/624/853 899/625/854
f 876/614/837 900/626/855 901/627/856
f 876/614/837 901/627/856 898/624/853
f 902/628/857 903/629/858 904/630/859
f 902/628/857 904/630/859 897/623/852
f 905/631/860 902/628/857 897/623/852
f 905/631/860 897/623/852 896/622/851
f 898/624/853 901/627/856 906/632/858
f 898/624/853 906/632/858 907/633/861
f 899/625/854 898/624/853 907/633/861
f 899/625/854 907/633/861 908/634/860
f 909/635/862 899/625/854 908/634/860
f 909/635/862 908/634/860 910/636/863
f 911/637/864 905/631/860 896/622/851
f 911/637/864 896/622/851 912/638/865
f 913/639/866 877/615/838 899/625/854
f 913/639/866 899/625/854 909/635/862
f 912/638/865 896/622/851 886/616/843
f 912/638/865 886/616/843 914/640/867
f 915/641/868 874/612/835 877/615/838
f 915/641/868 877/615/838 913/639/866
f 914/640/867 886/616/843 889/619/846
f 914/640/867 889/619/846 916/642/869
f 917/643/870 890/620/847 874/612/835
f 917/643/870 874/612/835 915/641/868
f 916/642/869 889/619/846 890/620/847
f 916/642/869 890/620/847 917/643/870
f 826/590/795 824/588/793 914/640/867
f 826/590/795 914/640/867 916/642/869
f 918/592/871 919/595/872 920/594/872
f 918/592/871 920/594/872 921/593/873
f 827/591/796 826/590/795 916/642/869
f 827/591/796 916/642/869 917/643/870
f 922/596/874 895/568/850 894/569/850
f 922/596/874 894/569/850 923/597/872
f 879/555/840 918/592/871 921/593/873
f 879/555/840 921/593/873 880/554/840
f 825/589/794 827/591/796 917/643/870
f 825/589/794 917/643/870 915/641/868
f 823/587/792 825/589/794 915/641/868
f 823/587/792 915/641/868 913/639/866
f 887/617/844 897/623/852 904/630/859
f 887/617/844 904/630/859 924/644/875
f 912/638/865 914/640/867 824/588/793
f 912/638/865 824/588/793 822/586/791
f 876/614/837 875/613/836 925/645/876
f 876/614/837 925/645/876 900/626/855
f 888/618/845 887/617/844 924/644/875
f 888/618/845 924/644/875 926/646/877
f 819/583/788 823/587/792 913/639/866
f 819/583/788 913/639/866 909/635/862
f 927/647/744 928/648/878 929/649/879
f 927/647/744 929/649/879 930/650/744
f 931/651/880 932/652/881 933/653/882
f 931/651/880 933/653/882 934/654/883
f 928/648/878 935/655/884 936/656/885
f 928/648/878 936/656/885 929/649/879
f 937/657/886 938/658/887 939/659/749
f 931/651/880 940/660/888 941/661/889
f 931/651/880 941/661/889 932/652/881
f 942/662/883 943/663/890 944/659/891
f 942/662/883 944/659/891 945/664/892
f 946/662/893 937/657/886 947/663/894
f 932/652/881 941/661/889 948/665/895
f 932/652/881 948/665/895 949/666/896
f 947/663/897 950/667/898 951/668/899
f 947/663/897 951/668/899 952/669/900
f 953/670/901 954/671/902 955/672/903
f 953/670/901 955/672/903 956/673/904
f 957/674/905 958/675/900 959/676/878
f 957/674/905 959/676/878 960/677/906
f 961/674/907 931/651/880 934/654/883
f 933/653/882 932/652/881 949/666/896
f 946/662/893 940/660/888 962/675/908
f 944/659/891 963/678/906 964/679/909
f 941/661/889 940/660/888 946/662/893
f 941/661/889 946/662/893 947/663/894
f 946/662/893 965/680/908 966/681/910
f 946/662/893 966/681/910 938/658/887
f 938/658/887 937/657/886 946/662/893
f 940/660/888 931/651/880 961/674/907
f 940/660/888 961/674/907 962/675/908
f 942/662/883 945/664/892 967/681/903
f 942/662/883 967/681/903 968/670/902
f 948/665/895 941/661/889 947/663/894
f 969/669/911 963/678/906 943/663/890
f 943/663/890 963/678/906 944/659/891
f 970/647/744 930/650/744 929/649/879
f 970/647/744 929/649/879 971/648/912
f 972/651/913 973/654/914 974/653/915
f 972/651/913 974/653/915 975/652/916
f 971/648/912 929/649/879 936/656/885
f 971/648/912 936/656/885 976/655/917
f 977/659/749 978/658/918 979/657/919
f 972/651/913 975/652/916 980/661/920
f 972/651/913 980/661/920 981/660/921
f 982/662/914 983/664/922 984/659/923
f 982/662/914 984/659/923 985/663/915
f 986/663/924 979/657/919 987/662/925
f 975/652/916 988/666/926 989/665/927
f 975/652/916 989/665/927 980/661/920
f 986/663/928 990/669/929 991/668/930
f 986/663/928 991/668/930 992/667/931
f 993/670/932 994/673/933 995/672/934
f 993/670/932 995/672/934 996/671/935
f 997/674/936 998/677/937 999/676/930
f 997/674/936 999/676/930 1000/675/938
f 973/654/914 972/651/913 1001/674/939
f 988/666/926 975/652/916 974/653/915
f 1002/675/932 981/660/921 987/662/925
f 1003/679/940 1004/678/937 984/659/923
f 980/661/920 986/663/924 987/662/925
f 980/661/920 987/662/925 981/660/921
f 987/662/925 978/658/918 1005/681/941
f 987/662/925 1005/681/941 1006/680/932
f 987/662/925 979/657/919 978/658/918
f 981/660/921 1002/675/932 1001/674/939
f 981/660/921 1001/674/939 972/651/913
f 982/662/914 1007/670/942 1008/681/934
f 982/662/914 1008/681/934 983/664/922
f 986/663/924 980/661/920 989/665/927
f 985/663/915 1004/678/937 1009/669/936
f 984/659/923 1004/678/937 985/663/915
f 891/621/848 888/618/845 926/646/877
f 891/621/848 926/646/877 1010/682/943
f 821/585/790 911/637/864 912/638/865
f 821/585/790 912/638/865 822/586/791
f 875/613/836 891/621/848 1010/682/943
f 875/613/836 1010/682/943 925/645/876
f 819/583/788 909/635/862 910/636/863
f 819/583/788 910/636/863 820/584/789
o defaultMaterial.002
v 1.742129 6.355554 -3.589121
v 1.722541 6.538038 -3.580948
v 1.615077 6.526807 -3.583006
v 1.624819 6.352447 -3.604035
v 1.729384 6.636113 -3.738772
v 1.616162 6.631732 -3.734505
v 1.753501 6.558001 -3.904427
v 1.753501 6.558001 -3.904427
v 1.626989 6.562295 -3.907033
v 1.626989 6.562295 -3.907033
v 1.769925 6.386042 -3.915631
v 1.636731 6.387934 -3.928062
v 1.764475 6.292784 -3.766127
v 1.635645 6.283010 -3.776563
v 2.046273 6.363472 -3.660488
v 1.979883 6.453551 -3.523544
v 2.041768 6.442788 -3.839681
v 1.963204 6.608334 -3.849856
v 1.963204 6.608334 -3.849856
v 1.896483 6.683107 -3.694015
v 1.906057 6.600725 -3.528994
v 2.755045 6.796032 -3.345471
v 2.838873 6.644261 -3.328972
v 2.698520 6.844499 -3.517127
v 2.730903 6.737664 -3.670304
v 2.730903 6.737664 -3.670304
v 2.804263 6.589059 -3.660993
v 2.875093 6.536385 -3.472930
v 3.174690 6.691012 -3.604671
v 3.204470 6.825155 -3.489041
v 3.033054 6.652147 -3.667539
v 2.896371 6.781991 -3.698799
v 2.896371 6.781991 -3.698799
v 2.918504 6.923152 -3.567307
v 3.072551 6.946153 -3.482087
v 2.900136 6.769970 -3.826025
v 2.900136 6.769970 -3.826025
v 2.939614 6.780336 -3.786749
v 2.939614 6.780336 -3.786749
v 2.965660 6.949399 -3.742252
v 2.933415 6.985977 -3.769173
v 2.933415 6.985977 -3.769173
v 2.943137 6.995645 -3.817928
v 2.909858 6.779638 -3.874780
v 2.909858 6.779638 -3.874780
v 2.900136 6.769970 -3.826025
v 2.900136 6.769970 -3.826025
v 3.234446 6.720556 -3.732029
v 3.260664 6.891491 -3.687846
v 3.073844 6.668504 -3.780928
v 3.071954 6.624974 -3.819694
v 3.081676 6.634643 -3.868450
v 2.939614 6.780336 -3.786749
v 2.939614 6.780336 -3.786749
v 2.965660 6.949399 -3.742252
v 3.138511 7.056985 -3.705991
v 3.310329 6.911988 -3.699660
v 3.320050 6.921657 -3.748416
v 3.148233 7.066653 -3.754746
v 3.126185 7.004978 -3.692801
v 1.635645 6.283010 -3.776563
v 1.624819 6.352447 -3.604035
v 1.597260 6.329168 -3.572227
v 1.608482 6.245037 -3.781142
v 1.636731 6.387934 -3.928062
v 1.609166 6.372036 -3.964566
v 3.234446 6.720556 -3.732029
v 3.073844 6.668504 -3.780928
v 3.071954 6.624974 -3.819694
v 3.277050 6.695983 -3.756512
v 3.277050 6.695983 -3.756512
v 3.286772 6.705651 -3.805268
v 3.126185 7.004978 -3.692801
v 3.138511 7.056985 -3.705991
v 3.260664 6.891491 -3.687846
v 3.310329 6.911988 -3.699660
v 1.626989 6.562295 -3.907033
v 1.626989 6.562295 -3.907033
v 1.598628 6.583165 -3.939074
v 1.598628 6.583165 -3.939074
v 1.616162 6.631732 -3.734505
v 1.587406 6.667296 -3.730159
v 1.615077 6.526807 -3.583006
v 1.586722 6.540298 -3.546735
v 4.091478 6.366716 -7.068018
v 3.671742 6.334430 -7.157917
v 3.671742 6.334430 -7.157917
v 3.771756 6.773522 -7.486915
v 3.771756 6.773522 -7.486915
v 4.050480 6.794955 -7.427214
v 3.434331 7.953736 -7.268498
v 3.639350 8.059841 -7.205738
v 3.240326 6.922751 -4.236617
v 3.058205 8.261629 -6.877506
v 3.427392 8.452701 -6.764503
v 3.609500 8.180142 -7.225679
v 3.364350 8.053261 -7.300722
v 3.511876 6.697912 -3.995512
v 3.420870 6.585098 -4.039557
v 4.298037 6.517037 -6.413188
v 4.542218 6.815501 -6.302502
v 4.008132 6.901433 -7.374265
v 3.775043 6.883504 -7.424198
v 2.835818 7.070302 -4.068792
v 2.748889 7.803984 -6.451784
v 2.641218 7.430276 -6.551108
v 2.796273 6.929142 -4.107260
v 3.288595 7.775605 -7.334535
v 2.795775 7.940860 -6.996408
v 3.190090 7.840259 -7.379680
v 2.814211 6.781125 -4.134293
v 2.686447 7.038219 -6.623948
v 3.549367 6.956482 -7.453701
v 3.145617 6.506279 -4.117732
v 3.145617 6.506279 -4.117732
v 3.003275 6.552273 -4.139961
v 3.185836 6.431509 -6.651536
v 3.563969 6.309223 -6.602085
v 3.563969 6.309223 -6.602085
v 3.224331 7.552566 -7.393790
v 2.680053 7.539227 -7.103108
v 3.113248 7.573562 -7.450534
v 3.551420 6.839072 -3.957044
v 4.649889 7.189208 -6.203178
v 3.265355 6.465845 -7.211026
v 3.501901 6.860794 -7.522186
v 2.796273 6.929142 -4.107260
v 2.841614 6.875289 -3.871811
v 2.841614 6.875289 -3.871811
v 2.871382 6.981553 -3.842853
v 2.871382 6.981553 -3.842853
v 2.835818 7.070302 -4.068792
v 2.993070 8.102447 -6.341097
v 2.926824 7.183115 -4.024747
v 3.533482 6.987089 -3.930011
v 4.604660 7.581264 -6.130339
v 3.847128 8.484987 -6.674604
v 3.888221 8.201586 -7.165977
v 3.872440 8.077766 -7.155805
v 2.934188 6.740955 -7.219259
v 3.281997 7.043480 -7.527657
v 3.365460 7.109260 -7.458282
v 2.877692 6.687500 -6.659213
v 2.886900 6.648787 -4.145776
v 4.253514 8.353572 -6.621496
v 4.158080 8.114323 -7.130703
v 4.098115 8.004784 -7.126304
v 4.213147 7.007541 -7.311503
v 4.213147 7.007541 -7.311503
v 4.460665 6.557788 -6.955016
v 4.295640 6.921833 -7.352170
v 4.413415 7.931985 -6.095074
v 3.460793 7.119428 -3.918529
v 4.584682 8.078462 -6.613263
v 4.377993 7.931639 -7.125230
v 4.282018 7.852006 -7.121723
v 3.336585 8.280228 -6.235898
v 3.055437 7.250409 -3.981829
v 3.292257 6.517806 -4.082476
v 3.954522 6.339256 -6.518389
v 4.790213 7.701540 -6.651157
v 4.514479 7.681344 -7.150390
v 4.396152 7.642691 -7.142762
v 2.728657 7.117877 -7.181364
v 3.145521 7.293772 -7.502496
v 4.358879 7.185670 -7.245470
v 4.838817 7.280190 -6.729412
v 4.546755 7.401545 -7.202353
v 4.423141 7.408706 -7.186215
v 3.251323 7.318576 -7.437244
v 3.727138 8.310261 -6.152202
v 3.202077 7.261934 -3.946572
v 4.723095 6.878557 -6.836113
v 4.469909 7.134839 -7.273209
v 4.105271 8.187975 -6.102751
v 3.344419 7.215940 -3.924344
v 3.292257 6.517806 -4.082476
v 3.214982 6.565643 -3.853154
v 3.214982 6.565643 -3.853154
v 3.107950 6.601886 -3.869520
v 3.107950 6.601886 -3.869520
v 3.145617 6.506279 -4.117732
v 3.145617 6.506279 -4.117732
v 2.814211 6.781125 -4.134293
v 2.855118 6.763865 -3.892161
v 2.855118 6.763865 -3.892161
v 3.533482 6.987089 -3.930011
v 3.396572 6.918911 -3.738381
v 3.396572 6.918911 -3.738381
v 3.410075 6.807487 -3.758731
v 3.410075 6.807487 -3.758731
v 3.551420 6.839072 -3.957044
v 3.460793 7.119428 -3.918529
v 3.341853 7.018534 -3.729737
v 3.341853 7.018534 -3.729737
v 3.202077 7.261934 -3.946572
v 3.147096 7.125811 -3.750848
v 3.147096 7.125811 -3.750848
v 3.254248 7.091187 -3.734115
v 3.254248 7.091187 -3.734115
v 3.344419 7.215940 -3.924344
v 3.055437 7.250409 -3.981829
v 3.036708 7.117134 -3.777388
v 3.036708 7.117134 -3.777388
v 2.997441 6.591590 -3.896427
v 2.997441 6.591590 -3.896427
v 3.003275 6.552273 -4.139961
v 2.926824 7.183115 -4.024747
v 2.939890 7.066476 -3.809696
v 2.939890 7.066476 -3.809696
v 3.380307 6.701224 -3.787689
v 3.380307 6.701224 -3.787689
v 3.511876 6.697912 -3.995512
v 3.311799 6.616301 -3.820846
v 3.311799 6.616301 -3.820846
v 3.420870 6.585098 -4.039557
v 2.909837 6.664243 -3.900805
v 2.909837 6.664243 -3.900805
v 2.886900 6.648787 -4.145776
v 3.107950 6.601886 -3.869520
v 3.214982 6.565643 -3.853154
v 2.997441 6.591590 -3.896427
v 4.253514 8.353572 -6.621496
v 3.847128 8.484987 -6.674604
v 4.423141 7.408706 -7.186215
v 4.546755 7.401545 -7.202353
v 4.469909 7.134839 -7.273209
v 4.358879 7.185670 -7.245470
v 3.251323 7.318576 -7.437244
v 3.145521 7.293772 -7.502496
v 3.113248 7.573562 -7.450534
v 3.224331 7.552566 -7.393790
v 4.584682 8.078462 -6.613263
v 3.427392 8.452701 -6.764503
v 4.396152 7.642691 -7.142762
v 4.514479 7.681344 -7.150390
v 4.295640 6.921833 -7.352170
v 4.213147 7.007541 -7.311503
v 4.091478 6.366716 -7.068018
v 4.460665 6.557788 -6.955016
v 3.671742 6.334430 -7.157917
v 3.671742 6.334430 -7.157917
v 3.365460 7.109260 -7.458282
v 3.281997 7.043480 -7.527657
v 4.282018 7.852006 -7.121723
v 4.377993 7.931639 -7.125230
v 2.728657 7.117877 -7.181364
v 2.934188 6.740955 -7.219259
v 3.058205 8.261629 -6.877506
v 4.098115 8.004784 -7.126304
v 4.158080 8.114323 -7.130703
v 4.050480 6.794955 -7.427214
v 4.008132 6.901433 -7.374265
v 4.790213 7.701540 -6.651157
v 3.265355 6.465845 -7.211026
v 3.872440 8.077766 -7.155805
v 3.888221 8.201586 -7.165977
v 3.549367 6.956482 -7.453701
v 3.501901 6.860794 -7.522186
v 4.838817 7.280190 -6.729412
v 2.795775 7.940860 -6.996408
v 3.639350 8.059841 -7.205738
v 3.609500 8.180142 -7.225679
v 3.434331 7.953736 -7.268498
v 3.364350 8.053261 -7.300722
v 4.723095 6.878557 -6.836113
v 3.771756 6.773522 -7.486915
v 3.771756 6.773522 -7.486915
v 3.775043 6.883504 -7.424198
v 3.775043 6.883504 -7.424198
v 2.680053 7.539227 -7.103108
v 3.288595 7.775605 -7.334535
v 3.190090 7.840259 -7.379680
v 1.507442 6.309271 -3.552988
v 1.510527 6.212931 -3.791385
v 1.509724 6.357380 -4.000244
v 1.505837 6.598170 -3.970707
v 1.505837 6.598170 -3.970707
v 1.502752 6.694511 -3.732310
v 1.503555 6.550061 -3.523450
v -1.742129 6.355554 -3.589121
v -1.624819 6.352447 -3.604035
v -1.615077 6.526807 -3.583006
v -1.722541 6.538038 -3.580948
v -1.616162 6.631732 -3.734505
v -1.729384 6.636113 -3.738772
v -1.626989 6.562295 -3.907033
v -1.626989 6.562295 -3.907033
v -1.753501 6.558001 -3.904427
v -1.753501 6.558001 -3.904427
v -1.636731 6.387934 -3.928062
v -1.769925 6.386042 -3.915631
v -1.635645 6.283010 -3.776563
v -1.764475 6.292784 -3.766127
v -2.046273 6.363472 -3.660488
v -1.979883 6.453551 -3.523544
v -2.041768 6.442788 -3.839681
v -1.963204 6.608334 -3.849856
v -1.963204 6.608334 -3.849856
v -1.896483 6.683107 -3.694015
v -1.906057 6.600725 -3.528994
v -2.755045 6.796032 -3.345471
v -2.838873 6.644261 -3.328972
v -2.698520 6.844499 -3.517127
v -2.730903 6.737664 -3.670304
v -2.730903 6.737664 -3.670304
v -2.804263 6.589059 -3.660993
v -2.875093 6.536385 -3.472930
v -3.174690 6.691012 -3.604671
v -3.204470 6.825155 -3.489041
v -3.033054 6.652147 -3.667539
v -2.896371 6.781991 -3.698799
v -2.896371 6.781991 -3.698799
v -2.918504 6.923152 -3.567307
v -3.072551 6.946153 -3.482087
v -2.900136 6.769970 -3.826025
v -2.900136 6.769970 -3.826025
v -2.933415 6.985977 -3.769173
v -2.965660 6.949399 -3.742252
v -2.939614 6.780336 -3.786749
v -2.939614 6.780336 -3.786749
v -2.933415 6.985977 -3.769173
v -2.900136 6.769970 -3.826025
v -2.900136 6.769970 -3.826025
v -2.909858 6.779638 -3.874780
v -2.909858 6.779638 -3.874780
v -2.943137 6.995645 -3.817928
v -3.234446 6.720556 -3.732029
v -3.260664 6.891491 -3.687846
v -3.073844 6.668504 -3.780928
v -3.071954 6.624974 -3.819694
v -3.081676 6.634643 -3.868450
v -2.939614 6.780336 -3.786749
v -2.939614 6.780336 -3.786749
v -2.965660 6.949399 -3.742252
v -3.138511 7.056985 -3.705991
v -3.148233 7.066653 -3.754746
v -3.320050 6.921657 -3.748416
v -3.310329 6.911988 -3.699660
v -3.126185 7.004978 -3.692801
v -1.635645 6.283010 -3.776563
v -1.608482 6.245037 -3.781142
v -1.597260 6.329168 -3.572227
v -1.624819 6.352447 -3.604035
v -1.636731 6.387934 -3.928062
v -1.609166 6.372036 -3.964566
v -3.234446 6.720556 -3.732029
v -3.277050 6.695983 -3.756512
v -3.071954 6.624974 -3.819694
v -3.073844 6.668504 -3.780928
v -3.277050 6.695983 -3.756512
v -3.286772 6.705651 -3.805268
v -3.138511 7.056985 -3.705991
v -3.126185 7.004978 -3.692801
v -3.310329 6.911988 -3.699660
v -3.260664 6.891491 -3.687846
v -1.626989 6.562295 -3.907033
v -1.626989 6.562295 -3.907033
v -1.598628 6.583165 -3.939074
v -1.598628 6.583165 -3.939074
v -1.616162 6.631732 -3.734505
v -1.587406 6.667296 -3.730159
v -1.615077 6.526807 -3.583006
v -1.586722 6.540298 -3.546735
v -4.091478 6.366716 -7.068018
v -4.050480 6.794955 -7.427214
v -3.771756 6.773522 -7.486915
v -3.771756 6.773522 -7.486915
v -3.671742 6.334430 -7.157917
v -3.671742 6.334430 -7.157917
v -3.240326 6.922751 -4.236617
v -3.639350 8.059841 -7.205738
v -3.434331 7.953736 -7.268498
v -3.058205 8.261629 -6.877506
v -3.364350 8.053261 -7.300722
v -3.609500 8.180142 -7.225679
v -3.427392 8.452701 -6.764503
v -3.511876 6.697912 -3.995512
v -4.542218 6.815501 -6.302502
v -4.298037 6.517037 -6.413188
v -3.420870 6.585098 -4.039557
v -3.775043 6.883504 -7.424198
v -4.008132 6.901433 -7.374265
v -2.835818 7.070302 -4.068792
v -2.796273 6.929142 -4.107260
v -2.641218 7.430276 -6.551108
v -2.748889 7.803984 -6.451784
v -3.288595 7.775605 -7.334535
v -2.795775 7.940860 -6.996408
v -3.190090 7.840259 -7.379680
v -2.814211 6.781125 -4.134293
v -2.686447 7.038219 -6.623948
v -3.549367 6.956482 -7.453701
v -3.145617 6.506279 -4.117732
v -3.145617 6.506279 -4.117732
v -3.563969 6.309223 -6.602085
v -3.563969 6.309223 -6.602085
v -3.185836 6.431509 -6.651536
v -3.003275 6.552273 -4.139961
v -3.224331 7.552566 -7.393790
v -2.680053 7.539227 -7.103108
v -3.113248 7.573562 -7.450534
v -3.551420 6.839072 -3.957044
v -4.649889 7.189208 -6.203178
v -3.501901 6.860794 -7.522186
v -3.265355 6.465845 -7.211026
v -2.796273 6.929142 -4.107260
v -2.835818 7.070302 -4.068792
v -2.871382 6.981553 -3.842853
v -2.871382 6.981553 -3.842853
v -2.841614 6.875289 -3.871811
v -2.841614 6.875289 -3.871811
v -2.993070 8.102447 -6.341097
v -2.926824 7.183115 -4.024747
v -3.533482 6.987089 -3.930011
v -4.604660 7.581264 -6.130339
v -3.888221 8.201586 -7.165977
v -3.847128 8.484987 -6.674604
v -3.872440 8.077766 -7.155805
v -3.281997 7.043480 -7.527657
v -2.934188 6.740955 -7.219259
v -3.365460 7.109260 -7.458282
v -2.877692 6.687500 -6.659213
v -2.886900 6.648787 -4.145776
v -4.158080 8.114323 -7.130703
v -4.253514 8.353572 -6.621496
v -4.098115 8.004784 -7.126304
v -4.213147 7.007541 -7.311503
v -4.213147 7.007541 -7.311503
v -4.460665 6.557788 -6.955016
v -4.295640 6.921833 -7.352170
v -3.460793 7.119428 -3.918529
v -4.413415 7.931985 -6.095074
v -4.377993 7.931639 -7.125230
v -4.584682 8.078462 -6.613263
v -4.282018 7.852006 -7.121723
v -3.336585 8.280228 -6.235898
v -3.055437 7.250409 -3.981829
v -3.292257 6.517806 -4.082476
v -3.954522 6.339256 -6.518389
v -4.514479 7.681344 -7.150390
v -4.790213 7.701540 -6.651157
v -4.396152 7.642691 -7.142762
v -3.145521 7.293772 -7.502496
v -2.728657 7.117877 -7.181364
v -4.358879 7.185670 -7.245470
v -4.546755 7.401545 -7.202353
v -4.838817 7.280190 -6.729412
v -4.423141 7.408706 -7.186215
v -3.251323 7.318576 -7.437244
v -3.727138 8.310261 -6.152202
v -3.202077 7.261934 -3.946572
v -4.469909 7.134839 -7.273209
v -4.723095 6.878557 -6.836113
v -3.344419 7.215940 -3.924344
v -4.105271 8.187975 -6.102751
v -3.292257 6.517806 -4.082476
v -3.145617 6.506279 -4.117732
v -3.145617 6.506279 -4.117732
v -3.107950 6.601886 -3.869520
v -3.107950 6.601886 -3.869520
v -3.214982 6.565643 -3.853154
v -3.214982 6.565643 -3.853154
v -2.814211 6.781125 -4.134293
v -2.855118 6.763865 -3.892161
v -2.855118 6.763865 -3.892161
v -3.533482 6.987089 -3.930011
v -3.551420 6.839072 -3.957044
v -3.410075 6.807487 -3.758731
v -3.410075 6.807487 -3.758731
v -3.396572 6.918911 -3.738381
v -3.396572 6.918911 -3.738381
v -3.460793 7.119428 -3.918529
v -3.341853 7.018534 -3.729737
v -3.341853 7.018534 -3.729737
v -3.202077 7.261934 -3.946572
v -3.344419 7.215940 -3.924344
v -3.254248 7.091187 -3.734115
v -3.254248 7.091187 -3.734115
v -3.147096 7.125811 -3.750848
v -3.147096 7.125811 -3.750848
v -3.036708 7.117134 -3.777388
v -3.036708 7.117134 -3.777388
v -3.055437 7.250409 -3.981829
v -3.003275 6.552273 -4.139961
v -2.997441 6.591590 -3.896427
v -2.997441 6.591590 -3.896427
v -2.939890 7.066476 -3.809696
v -2.939890 7.066476 -3.809696
v -2.926824 7.183115 -4.024747
v -3.511876 6.697912 -3.995512
v -3.380307 6.701224 -3.787689
v -3.380307 6.701224 -3.787689
v -3.420870 6.585098 -4.039557
v -3.311799 6.616301 -3.820846
v -3.311799 6.616301 -3.820846
v -2.886900 6.648787 -4.145776
v -2.909837 6.664243 -3.900805
v -2.909837 6.664243 -3.900805
v -2.997441 6.591590 -3.896427
v -3.214982 6.565643 -3.853154
v -3.107950 6.601886 -3.869520
v -4.253514 8.353572 -6.621496
v -3.847128 8.484987 -6.674604
v -4.423141 7.408706 -7.186215
v -4.358879 7.185670 -7.245470
v -4.469909 7.134839 -7.273209
v -4.546755 7.401545 -7.202353
v -3.251323 7.318576 -7.437244
v -3.224331 7.552566 -7.393790
v -3.113248 7.573562 -7.450534
v -3.145521 7.293772 -7.502496
v -4.584682 8.078462 -6.613263
v -3.427392 8.452701 -6.764503
v -4.396152 7.642691 -7.142762
v -4.514479 7.681344 -7.150390
v -4.213147 7.007541 -7.311503
v -4.295640 6.921833 -7.352170
v -4.091478 6.366716 -7.068018
v -4.460665 6.557788 -6.955016
v -3.671742 6.334430 -7.157917
v -3.671742 6.334430 -7.157917
v -3.365460 7.109260 -7.458282
v -3.281997 7.043480 -7.527657
v -4.282018 7.852006 -7.121723
v -4.377993 7.931639 -7.125230
v -2.728657 7.117877 -7.181364
v -2.934188 6.740955 -7.219259
v -3.058205 8.261629 -6.877506
v -4.098115 8.004784 -7.126304
v -4.158080 8.114323 -7.130703
v -4.008132 6.901433 -7.374265
v -4.050480 6.794955 -7.427214
v -4.790213 7.701540 -6.651157
v -3.265355 6.465845 -7.211026
v -3.872440 8.077766 -7.155805
v -3.888221 8.201586 -7.165977
v -3.549367 6.956482 -7.453701
v -3.501901 6.860794 -7.522186
v -4.838817 7.280190 -6.729412
v -2.795775 7.940860 -6.996408
v -3.639350 8.059841 -7.205738
v -3.609500 8.180142 -7.225679
v -3.434331 7.953736 -7.268498
v -3.364350 8.053261 -7.300722
v -4.723095 6.878557 -6.836113
v -3.775043 6.883504 -7.424198
v -3.775043 6.883504 -7.424198
v -3.771756 6.773522 -7.486915
v -3.771756 6.773522 -7.486915
v -2.680053 7.539227 -7.103108
v -3.288595 7.775605 -7.334535
v -3.190090 7.840259 -7.379680
v -1.507442 6.309271 -3.552988
v -1.510527 6.212931 -3.791385
v -1.509724 6.357380 -4.000244
v -1.505837 6.598170 -3.970707
v -1.505837 6.598170 -3.970707
v -1.502752 6.694511 -3.732310
v -1.503555 6.550061 -3.523450
vn -0.0487 -0.5784 0.8143
vn -0.2186 0.4359 0.8731
vn -0.0717 0.4358 0.8972
vn -0.0337 -0.6036 0.7966
vn -0.1559 0.9869 0.0427
vn -0.0323 0.9960 0.0834
vn 0.0561 0.5730 -0.8176
vn 0.0329 0.5878 -0.8083
vn 0.2112 -0.4435 -0.8711
vn 0.0774 -0.4301 -0.8995
vn 0.1566 -0.9865 -0.0471
vn 0.0479 -0.9930 -0.1081
vn 0.2207 -0.9730 0.0681
vn -0.0785 -0.5135 0.8545
vn 0.3172 -0.4779 -0.8192
vn 0.0909 0.5363 -0.8391
vn -0.2285 0.9730 -0.0338
vn 0.0909 0.5362 -0.8392
vn -0.3252 0.4631 0.8245
vn -0.1444 0.6011 0.7860
vn 0.1993 -0.3561 0.9129
vn -0.2791 0.9540 -0.1097
vn -0.1265 0.4899 -0.8626
vn 0.2033 -0.5715 -0.7950
vn -0.1264 0.4899 -0.8626
vn 0.3342 -0.9414 0.0448
vn 0.6080 -0.7804 0.1464
vn 0.7458 0.0157 0.6660
vn 0.0610 -0.8824 -0.4665
vn -0.6361 0.0253 -0.7712
vn -0.5037 0.8257 -0.2541
vn 0.0975 0.8439 0.5276
vn -0.6178 -0.3354 0.7113
vn -0.5538 0.1184 0.8242
vn -0.7642 0.6446 -0.0246
vn -0.9157 -0.3181 -0.2457
vn 0.6983 -0.7078 0.1067
vn 0.9022 0.2334 0.3627
vn -0.1740 -0.9628 -0.2069
vn -0.1497 -0.9637 -0.2210
vn -0.9157 -0.3182 -0.2456
vn -0.9157 -0.3182 -0.2457
vn -0.1498 -0.9637 -0.2210
vn -0.9012 -0.2538 -0.3513
vn -0.6909 0.7177 -0.0875
vn -0.6360 0.0253 -0.7713
vn 0.1498 0.9637 0.2210
vn 0.9157 0.3182 0.2457
vn 0.9157 0.3181 0.2456
vn 0.1834 0.9389 0.2912
vn 0.8178 -0.5739 -0.0427
vn 0.8181 -0.3197 0.4781
vn 0.5984 -0.4673 0.6508
vn 0.6086 -0.7901 -0.0726
vn 0.8261 -0.2147 -0.5210
vn 0.6336 -0.3067 -0.7103
vn 0.1784 -0.5015 0.8465
vn -0.2573 -0.6447 0.7198
vn 0.1784 -0.5015 0.8466
vn 0.7642 -0.6446 0.0246
vn -0.6177 -0.3355 0.7112
vn -0.1211 0.2709 0.9550
vn -0.1213 0.2709 0.9549
vn 0.2506 -0.0388 0.9673
vn 0.2505 -0.0389 0.9673
vn 0.8011 0.4010 -0.4444
vn 0.6076 0.5089 -0.6098
vn 0.7768 0.6236 0.0882
vn 0.6076 0.5089 -0.6097
vn 0.5684 0.8161 0.1044
vn 0.8005 0.2703 0.5350
vn 0.5825 0.3484 0.7344
vn 0.3527 -0.5813 -0.7333
vn 0.0638 -0.6077 -0.7916
vn 0.6603 -0.7229 -0.2036
vn 0.3302 -0.8955 -0.2986
vn 0.1877 0.1890 -0.9639
vn -0.3544 0.7115 -0.6067
vn -0.1002 0.8387 -0.5353
vn 0.7918 -0.5156 0.3274
vn 0.5606 -0.7955 0.2300
vn 0.5803 -0.7953 0.1753
vn 0.8139 -0.5116 0.2754
vn -0.2552 0.9644 -0.0690
vn 0.1183 0.9929 0.0076
vn -0.8951 0.4158 0.1606
vn -0.8945 0.4360 0.0993
vn -0.9969 0.0778 0.0121
vn -0.9952 0.0624 0.0759
vn 0.8941 -0.4352 -0.1059
vn -0.5377 0.4943 -0.6830
vn -0.9517 -0.3066 0.0171
vn -0.9536 -0.2971 -0.0480
vn 0.4784 0.8764 0.0551
vn -0.1289 -0.9900 0.0568
vn -0.4831 -0.8756 0.0070
vn -0.4783 -0.8763 -0.0569
vn -0.1185 -0.9929 -0.0045
vn 0.9968 -0.0769 -0.0204
vn -0.6209 0.2195 -0.7525
vn -0.6209 0.2194 -0.7525
vn 0.8960 -0.1641 0.4127
vn 0.9188 -0.1555 0.3628
vn 0.0637 -0.6077 -0.7916
vn -0.2181 -0.5200 -0.8258
vn -0.2182 -0.5200 -0.8259
vn -0.9803 0.0291 0.1954
vn -0.7123 -0.1039 0.6941
vn -0.6579 0.0955 0.7471
vn -0.8873 0.3643 0.2828
vn -0.6611 0.7230 0.2003
vn -0.6657 0.6999 0.2587
vn 0.8566 0.2064 0.4728
vn 0.8787 0.2194 0.4239
vn 0.1856 0.8578 -0.4792
vn -0.0460 -0.9254 -0.3761
vn -0.4480 -0.3314 -0.8303
vn -0.4484 -0.3310 -0.8303
vn 0.7719 0.6323 0.0666
vn -0.7716 -0.6320 -0.0723
vn -0.7720 -0.6356 -0.0070
vn 0.4599 0.7674 -0.4467
vn 0.4600 0.7674 -0.4467
vn -0.4099 -0.8076 -0.4241
vn -0.5844 0.7950 -0.1630
vn 0.6038 -0.4466 -0.6603
vn 0.6037 -0.4467 -0.6603
vn 0.6988 0.5567 0.4492
vn 0.6786 0.5395 0.4985
vn 0.6824 0.5819 -0.4424
vn -0.7048 -0.5605 -0.4350
vn -0.3319 0.8944 0.2998
vn -0.3410 0.8704 0.3551
vn 0.2375 -0.9619 0.1351
vn -0.1288 -0.9900 0.0568
vn 0.2531 -0.9644 0.0771
vn 0.8209 0.3291 -0.4667
vn 0.8209 0.3290 -0.4667
vn -0.8856 -0.2229 -0.4074
vn -0.5898 -0.0709 -0.8044
vn -0.5897 -0.0711 -0.8045
vn -0.8197 0.5103 -0.2601
vn -0.5845 0.7949 -0.1630
vn 0.8552 0.0460 -0.5163
vn 0.8552 0.0459 -0.5163
vn -0.9257 0.1530 -0.3460
vn 0.9538 0.2978 0.0401
vn 0.0430 0.9231 0.3822
vn 0.0295 0.9000 0.4348
vn 0.7796 -0.2260 -0.5841
vn 0.7795 -0.2262 -0.5841
vn 0.4053 0.8042 0.4347
vn 0.3880 0.7836 0.4852
vn 0.1112 -0.9510 0.2885
vn 0.0003 -0.8029 0.5961
vn -0.1634 -0.9547 0.2489
vn -0.1634 -0.9546 0.2489
vn -0.9372 -0.3215 0.1354
vn -0.6858 -0.3120 0.6576
vn 0.7734 0.1662 0.6117
vn 0.3310 -0.0225 0.9434
vn 0.3547 -0.2316 0.9058
vn 0.8139 -0.1855 0.5506
vn 0.6021 0.4817 0.6368
vn 0.2291 0.1657 0.9592
vn -0.0149 0.8228 0.5681
vn -0.0964 0.5619 0.8216
vn 0.0641 0.3035 0.9507
vn 0.3251 0.7127 0.6215
vn -0.3651 0.7948 0.4847
vn -0.3476 0.3524 0.8689
vn -0.1633 -0.9546 0.2490
vn -0.4071 -0.7541 0.5153
vn -0.4241 -0.8870 0.1826
vn -0.6716 0.6334 0.3844
vn -0.5300 0.2560 0.8085
vn 0.2974 -0.4298 0.8525
vn 0.7182 -0.5195 0.4630
vn 0.1683 -0.5874 0.7916
vn 0.5012 -0.7859 0.3621
vn -0.5827 -0.4973 0.6427
vn -0.7647 -0.6347 0.1116
vn 0.3548 -0.2316 0.9058
vn 0.3311 -0.0224 0.9433
vn -0.6579 0.0956 0.7470
vn -0.3476 0.3525 0.8689
vn -0.5300 0.2561 0.8084
vn 0.2292 0.1657 0.9592
vn -0.6858 -0.3120 0.6575
vn -0.5828 -0.4973 0.6427
vn 0.0004 -0.8030 0.5960
vn 0.2141 0.2005 -0.9560
vn 0.4212 0.8222 0.3828
vn 0.0563 0.9429 0.3283
vn -0.1132 0.2264 -0.9674
vn -0.1131 0.2268 -0.9673
vn -0.0808 0.3357 -0.9385
vn -0.0809 0.3354 -0.9386
vn 0.4591 0.2691 -0.8467
vn 0.4590 0.2695 -0.8466
vn 0.4726 0.1562 -0.8673
vn 0.4726 0.1566 -0.8673
vn 0.7168 0.5721 0.3986
vn -0.3215 0.9151 0.2433
vn -0.1003 0.1118 -0.9887
vn -0.1003 0.1119 -0.9886
vn -0.0088 0.4217 -0.9067
vn -0.0092 0.4214 -0.9068
vn 0.2678 -0.9633 0.0186
vn 0.5979 -0.7925 0.1199
vn -0.1077 -0.9920 -0.0659
vn 0.4036 0.3702 -0.8367
vn 0.4036 0.3703 -0.8367
vn -0.0441 0.0092 -0.9990
vn -0.0440 0.0090 -0.9990
vn -0.9514 -0.2864 -0.1130
vn -0.7679 -0.6257 -0.1372
vn -0.6543 0.7429 0.1410
vn 0.0468 -0.0657 -0.9967
vn 0.0469 -0.0657 -0.9967
vn 0.0916 0.4724 -0.8766
vn 0.0918 0.4724 -0.8766
vn 0.8982 0.2318 0.3735
vn -0.4715 -0.8736 -0.1206
vn 0.1577 -0.1008 -0.9823
vn 0.1582 -0.1008 -0.9822
vn 0.3145 0.4443 -0.8388
vn 0.3147 0.4442 -0.8388
vn 0.9388 -0.1465 0.3117
vn -0.8901 0.4543 0.0375
vn 0.2719 -0.0913 -0.9580
vn 0.2724 -0.0912 -0.9579
vn 0.3717 -0.0390 -0.9275
vn 0.3721 -0.0386 -0.9274
vn 0.8334 -0.5059 0.2227
vn -0.1078 -0.9920 -0.0659
vn 0.2052 0.4802 -0.8528
vn -0.9943 0.0927 -0.0517
vn 0.4420 0.0480 -0.8957
vn 0.4422 0.0484 -0.8956
vn 0.2915 -0.5747 0.7646
vn 0.3237 -0.9411 -0.0972
vn 0.3676 -0.3779 -0.8497
vn 0.3471 0.5815 -0.7358
vn 0.2945 0.9490 0.1123
vn 0.2817 0.3965 0.8737
vn 0.0487 -0.5784 0.8143
vn 0.0337 -0.6036 0.7966
vn 0.0717 0.4358 0.8972
vn 0.2186 0.4359 0.8731
vn 0.0323 0.9960 0.0834
vn 0.1559 0.9869 0.0427
vn -0.0329 0.5878 -0.8083
vn -0.0562 0.5730 -0.8176
vn -0.0774 -0.4301 -0.8995
vn -0.2112 -0.4435 -0.8711
vn -0.0479 -0.9930 -0.1081
vn -0.1566 -0.9865 -0.0471
vn -0.2207 -0.9730 0.0681
vn 0.0786 -0.5135 0.8545
vn -0.3172 -0.4779 -0.8192
vn -0.0908 0.5362 -0.8392
vn 0.2285 0.9730 -0.0338
vn -0.0909 0.5362 -0.8392
vn 0.3252 0.4631 0.8245
vn 0.1444 0.6011 0.7860
vn -0.1993 -0.3561 0.9129
vn 0.2791 0.9540 -0.1097
vn 0.1265 0.4899 -0.8626
vn -0.2033 -0.5715 -0.7950
vn -0.3342 -0.9414 0.0448
vn -0.6080 -0.7803 0.1464
vn -0.7458 0.0157 0.6660
vn -0.0610 -0.8824 -0.4665
vn 0.6360 0.0253 -0.7712
vn 0.5037 0.8257 -0.2541
vn -0.0975 0.8439 0.5276
vn 0.6178 -0.3354 0.7113
vn 0.5538 0.1184 0.8242
vn 0.6178 -0.3354 0.7112
vn 0.7642 0.6446 -0.0246
vn 0.9157 -0.3181 -0.2456
vn 0.9157 -0.3181 -0.2457
vn -0.6983 -0.7078 0.1067
vn -0.9022 0.2334 0.3627
vn 0.1739 -0.9627 -0.2073
vn 0.1497 -0.9637 -0.2210
vn 0.1498 -0.9637 -0.2210
vn 0.9157 -0.3182 -0.2457
vn 0.9157 -0.3182 -0.2456
vn 0.9012 -0.2538 -0.3513
vn 0.6909 0.7177 -0.0875
vn 0.9012 -0.2538 -0.3514
vn -0.1498 0.9637 0.2210
vn -0.1497 0.9637 0.2210
vn -0.9157 0.3181 0.2457
vn -0.9157 0.3182 0.2457
vn -0.1834 0.9389 0.2912
vn -0.8178 -0.5739 -0.0427
vn -0.6086 -0.7901 -0.0726
vn -0.5984 -0.4673 0.6508
vn -0.8181 -0.3197 0.4781
vn -0.8261 -0.2147 -0.5210
vn -0.6336 -0.3067 -0.7103
vn -0.1784 -0.5015 0.8465
vn -0.1784 -0.5015 0.8466
vn 0.2573 -0.6447 0.7198
vn -0.7642 -0.6446 0.0246
vn 0.6177 -0.3355 0.7112
vn 0.1213 0.2709 0.9549
vn 0.1211 0.2709 0.9550
vn -0.2505 -0.0389 0.9673
vn -0.2506 -0.0388 0.9673
vn -0.8011 0.4010 -0.4444
vn -0.6076 0.5089 -0.6098
vn -0.7768 0.6235 0.0882
vn -0.5684 0.8161 0.1044
vn -0.8011 0.4010 -0.4443
vn -0.8005 0.2703 0.5350
vn -0.5825 0.3484 0.7344
vn -0.3527 -0.5813 -0.7333
vn -0.0638 -0.6077 -0.7916
vn -0.1877 0.1890 -0.9639
vn -0.3302 -0.8955 -0.2986
vn -0.6603 -0.7229 -0.2036
vn 0.3544 0.7115 -0.6067
vn 0.3544 0.7116 -0.6067
vn 0.1002 0.8387 -0.5353
vn -0.7918 -0.5156 0.3274
vn -0.8139 -0.5116 0.2754
vn -0.5803 -0.7953 0.1752
vn -0.5606 -0.7955 0.2300
vn -0.1183 0.9929 0.0076
vn 0.2552 0.9644 -0.0690
vn 0.8951 0.4158 0.1606
vn 0.9952 0.0624 0.0759
vn 0.9969 0.0778 0.0122
vn 0.8945 0.4360 0.0993
vn -0.8941 -0.4352 -0.1058
vn 0.5377 0.4944 -0.6830
vn 0.5377 0.4943 -0.6830
vn 0.9517 -0.3066 0.0171
vn 0.9536 -0.2971 -0.0480
vn -0.4784 0.8764 0.0551
vn 0.1289 -0.9900 0.0568
vn 0.1185 -0.9929 -0.0045
vn 0.4783 -0.8763 -0.0569
vn 0.4831 -0.8756 0.0070
vn -0.9968 -0.0769 -0.0203
vn 0.6209 0.2195 -0.7525
vn 0.6209 0.2194 -0.7525
vn -0.8960 -0.1641 0.4127
vn -0.9188 -0.1555 0.3628
vn -0.0637 -0.6077 -0.7916
vn 0.2182 -0.5200 -0.8259
vn 0.2181 -0.5200 -0.8258
vn 0.9803 0.0291 0.1954
vn 0.8873 0.3643 0.2828
vn 0.6578 0.0956 0.7471
vn 0.7123 -0.1039 0.6941
vn 0.6611 0.7230 0.2003
vn 0.6657 0.6999 0.2587
vn -0.8566 0.2064 0.4728
vn -0.8788 0.2194 0.4238
vn -0.1856 0.8578 -0.4792
vn 0.0459 -0.9254 -0.3761
vn 0.4484 -0.3310 -0.8303
vn 0.4480 -0.3314 -0.8303
vn -0.7719 0.6323 0.0666
vn 0.7716 -0.6320 -0.0723
vn 0.7720 -0.6356 -0.0070
vn -0.4600 0.7674 -0.4467
vn -0.4599 0.7674 -0.4467
vn 0.4099 -0.8076 -0.4241
vn 0.5844 0.7950 -0.1630
vn -0.6038 -0.4466 -0.6603
vn -0.6037 -0.4467 -0.6603
vn -0.6786 0.5395 0.4985
vn -0.6988 0.5567 0.4492
vn -0.6824 0.5819 -0.4424
vn 0.7047 -0.5605 -0.4350
vn 0.3319 0.8944 0.2998
vn 0.3410 0.8704 0.3551
vn -0.2375 -0.9619 0.1351
vn -0.2531 -0.9644 0.0771
vn 0.1288 -0.9900 0.0568
vn -0.8209 0.3290 -0.4667
vn -0.8209 0.3291 -0.4667
vn 0.8856 -0.2229 -0.4074
vn 0.5897 -0.0711 -0.8045
vn 0.5898 -0.0709 -0.8044
vn 0.5845 0.7949 -0.1630
vn 0.8197 0.5103 -0.2601
vn -0.8552 0.0459 -0.5163
vn -0.8552 0.0460 -0.5163
vn 0.9257 0.1531 -0.3460
vn -0.9538 0.2978 0.0401
vn -0.0430 0.9231 0.3822
vn -0.0295 0.9000 0.4348
vn -0.7795 -0.2262 -0.5841
vn -0.7796 -0.2260 -0.5841
vn -0.3880 0.7836 0.4852
vn -0.4052 0.8042 0.4348
vn -0.1112 -0.9510 0.2885
vn 0.1633 -0.9546 0.2489
vn 0.1634 -0.9546 0.2489
vn -0.0004 -0.8029 0.5961
vn 0.9372 -0.3215 0.1354
vn 0.6858 -0.3119 0.6576
vn -0.7734 0.1662 0.6117
vn -0.8139 -0.1855 0.5506
vn -0.3547 -0.2316 0.9058
vn -0.3310 -0.0225 0.9434
vn -0.6021 0.4817 0.6368
vn -0.2292 0.1656 0.9592
vn 0.0149 0.8228 0.5681
vn -0.3251 0.7127 0.6215
vn -0.0641 0.3035 0.9507
vn 0.0964 0.5619 0.8216
vn 0.3476 0.3524 0.8689
vn 0.3651 0.7948 0.4847
vn 0.4241 -0.8870 0.1826
vn 0.4071 -0.7541 0.5153
vn 0.5299 0.2560 0.8085
vn 0.6716 0.6334 0.3844
vn -0.7182 -0.5195 0.4630
vn -0.2974 -0.4298 0.8525
vn -0.5011 -0.7860 0.3620
vn -0.1683 -0.5874 0.7916
vn 0.7647 -0.6347 0.1116
vn 0.5828 -0.4973 0.6427
vn 0.6579 0.0956 0.7471
vn -0.3311 -0.0225 0.9433
vn -0.3548 -0.2316 0.9058
vn 0.3476 0.3525 0.8689
vn -0.2292 0.1657 0.9592
vn 0.5300 0.2561 0.8084
vn 0.6858 -0.3120 0.6575
vn -0.0004 -0.8029 0.5960
vn -0.2141 0.2005 -0.9560
vn -0.4212 0.8222 0.3828
vn -0.0563 0.9429 0.3283
vn 0.1132 0.2264 -0.9674
vn 0.0809 0.3354 -0.9386
vn 0.0808 0.3357 -0.9385
vn 0.1131 0.2268 -0.9673
vn -0.4591 0.2691 -0.8467
vn -0.4726 0.1561 -0.8674
vn -0.4726 0.1562 -0.8673
vn -0.4590 0.2695 -0.8466
vn -0.7168 0.5721 0.3986
vn 0.3215 0.9151 0.2433
vn 0.1003 0.1118 -0.9887
vn 0.1003 0.1119 -0.9886
vn 0.0092 0.4214 -0.9068
vn 0.0089 0.4217 -0.9067
vn -0.2678 -0.9633 0.0186
vn -0.5980 -0.7925 0.1199
vn 0.1077 -0.9920 -0.0659
vn -0.4036 0.3702 -0.8367
vn -0.4036 0.3703 -0.8367
vn 0.0441 0.0092 -0.9990
vn 0.0440 0.0090 -0.9990
vn 0.9514 -0.2864 -0.1130
vn 0.7679 -0.6257 -0.1372
vn 0.6541 0.7432 0.1411
vn -0.0468 -0.0657 -0.9967
vn -0.0469 -0.0657 -0.9967
vn -0.0918 0.4724 -0.8766
vn -0.0916 0.4724 -0.8766
vn -0.8982 0.2318 0.3735
vn 0.4715 -0.8736 -0.1206
vn -0.1577 -0.1008 -0.9823
vn -0.1582 -0.1008 -0.9822
vn -0.3145 0.4443 -0.8388
vn -0.3147 0.4442 -0.8388
vn -0.9388 -0.1465 0.3117
vn 0.8901 0.4543 0.0375
vn -0.2719 -0.0913 -0.9580
vn -0.2724 -0.0912 -0.9579
vn -0.3717 -0.0390 -0.9275
vn -0.3721 -0.0386 -0.9274
vn -0.8334 -0.5059 0.2227
vn 0.1078 -0.9920 -0.0659
vn -0.2052 0.4802 -0.8528
vn 0.9943 0.0927 -0.0517
vn -0.4420 0.0480 -0.8957
vn -0.4422 0.0484 -0.8956
vn -0.2916 -0.5747 0.7647
vn -0.3237 -0.9411 -0.0972
vn -0.3676 -0.3779 -0.8497
vn -0.3471 0.5815 -0.7358
vn -0.2945 0.9490 0.1123
vn -0.2817 0.3965 0.8737
vt 0.034352 0.779758
vt 0.023545 0.779758
vt 0.023545 0.787339
vt 0.034352 0.787339
vt 0.011548 0.779758
vt 0.011548 0.787339
vt 0.000856 0.779758
vt 0.000856 0.787339
vt 0.069230 0.779758
vt 0.057752 0.779758
vt 0.057752 0.787339
vt 0.069230 0.787339
vt 0.045858 0.779758
vt 0.045858 0.787339
vt 0.045858 0.770791
vt 0.034352 0.770791
vt 0.057752 0.770791
vt 0.069230 0.770791
vt 0.011548 0.770791
vt 0.000856 0.770791
vt 0.023545 0.770791
vt 0.023545 0.729911
vt 0.034352 0.729911
vt 0.011548 0.729911
vt 0.000856 0.729911
vt 0.057752 0.729911
vt 0.069230 0.729911
vt 0.045858 0.729911
vt 0.045858 0.714159
vt 0.034352 0.714159
vt 0.057752 0.714159
vt 0.069230 0.714159
vt 0.011548 0.714159
vt 0.023545 0.714159
vt 0.000856 0.693656
vt 0.000856 0.699268
vt 0.011548 0.699268
vt 0.011548 0.693656
vt 0.011548 0.687961
vt 0.000856 0.687961
vt 0.045858 0.699268
vt 0.034352 0.699268
vt 0.057752 0.699268
vt 0.057752 0.693656
vt 0.069230 0.693656
vt 0.069230 0.687961
vt 0.057752 0.687961
vt 0.069230 0.699268
vt 0.000856 0.714159
vt 0.023545 0.693656
vt 0.034352 0.693656
vt 0.034352 0.687961
vt 0.023545 0.687961
vt 0.023545 0.699268
vt 0.034352 0.792843
vt 0.045858 0.792843
vt 0.057752 0.792843
vt 0.045858 0.693656
vt 0.045858 0.687961
vt 0.069230 0.792843
vt 0.000856 0.792843
vt 0.011548 0.792843
vt 0.023545 0.792843
vt 0.284889 0.091288
vt 0.298060 0.091288
vt 0.298060 0.073874
vt 0.284889 0.073875
vt 0.302349 0.320923
vt 0.291420 0.313610
vt 0.278551 0.344996
vt 0.160644 0.091288
vt 0.174161 0.091288
vt 0.174161 0.073874
vt 0.160644 0.073874
vt 0.258036 0.177369
vt 0.271648 0.177369
vt 0.271648 0.112696
vt 0.258036 0.112696
vt 0.265638 0.375947
vt 0.278551 0.378515
vt 0.146610 0.177369
vt 0.146610 0.112696
vt 0.131953 0.112696
vt 0.131953 0.177369
vt 0.309651 0.331868
vt 0.146610 0.091288
vt 0.146610 0.073874
vt 0.116942 0.177369
vt 0.116942 0.112696
vt 0.291420 0.375947
vt 0.074259 0.177369
vt 0.087860 0.177369
vt 0.087860 0.112696
vt 0.074259 0.112696
vt 0.312216 0.344996
vt 0.131953 0.091288
vt 0.131953 0.073874
vt 0.243916 0.177369
vt 0.243916 0.112696
vt 0.074259 0.091288
vt 0.087860 0.091288
vt 0.087860 0.073874
vt 0.074259 0.073874
vt 0.131953 0.194319
vt 0.146610 0.194319
vt 0.160644 0.112696
vt 0.160644 0.177369
vt 0.229461 0.177369
vt 0.229461 0.112696
vt 0.187507 0.091288
vt 0.187507 0.073874
vt 0.278551 0.311041
vt 0.102106 0.091288
vt 0.102106 0.073874
vt 0.302349 0.368634
vt 0.102106 0.112696
vt 0.102106 0.177369
vt 0.201062 0.091288
vt 0.201062 0.073875
vt 0.265638 0.313610
vt 0.254709 0.368633
vt 0.271648 0.091288
vt 0.271648 0.073875
vt 0.215065 0.112696
vt 0.215065 0.177369
vt 0.215065 0.091288
vt 0.215065 0.073875
vt 0.254709 0.320923
vt 0.174161 0.112696
vt 0.174161 0.177369
vt 0.284889 0.177369
vt 0.298110 0.177369
vt 0.298110 0.112696
vt 0.284889 0.112696
vt 0.229461 0.091288
vt 0.229461 0.073875
vt 0.247407 0.331868
vt 0.116942 0.091288
vt 0.116942 0.073874
vt 0.247407 0.357689
vt 0.254709 0.368634
vt 0.243916 0.091288
vt 0.243916 0.073875
vt 0.244843 0.344996
vt 0.309651 0.357689
vt 0.187507 0.112696
vt 0.187507 0.177369
vt 0.258036 0.091288
vt 0.258036 0.073875
vt 0.201062 0.112696
vt 0.201062 0.177369
vt 0.284889 0.194319
vt 0.298110 0.194319
vt 0.116942 0.194319
vt 0.229461 0.194319
vt 0.243916 0.194319
vt 0.215065 0.194319
vt 0.187507 0.194319
vt 0.201062 0.194319
vt 0.174161 0.194319
vt 0.074259 0.194319
vt 0.087860 0.194319
vt 0.160644 0.194319
vt 0.258036 0.194319
vt 0.271648 0.194319
vt 0.102106 0.194319
vt 0.235359 0.384528
vt 0.183532 0.384550
vt 0.185552 0.374618
vt 0.233434 0.374598
vt 0.209570 0.358588
vt 0.219477 0.360559
vt 0.199644 0.360568
vt 0.227857 0.366180
vt 0.191210 0.366197
vt 0.233339 0.394460
vt 0.185457 0.394480
vt 0.227682 0.402881
vt 0.191034 0.402897
vt 0.219248 0.408510
vt 0.199414 0.408519
vt 0.209321 0.410490
vt 0.243916 0.066044
vt 0.258036 0.066044
vt 0.116942 0.066044
vt 0.131953 0.066044
vt 0.229461 0.066044
vt 0.271648 0.066044
vt 0.298110 0.091288
vt 0.102106 0.066044
vt 0.215065 0.066044
vt 0.201062 0.066044
vt 0.284889 0.066044
vt 0.187507 0.066044
vt 0.087860 0.066044
vt 0.174161 0.066044
vt 0.160644 0.066044
vt 0.298060 0.066044
vt 0.146610 0.066044
vt 0.074259 0.066044
vt 0.034352 0.798227
vt 0.045858 0.798227
vt 0.057752 0.798227
vt 0.069230 0.798227
vt 0.000856 0.798227
vt 0.011548 0.798227
vt 0.023545 0.798227
s 1
usemtl defaultMaterial
f 1011/683/944 1012/684/945 1013/685/946
f 1011/683/944 1013/685/946 1014/686/947
f 1012/684/945 1015/687/948 1016/688/949
f 1012/684/945 1016/688/949 1013/685/946
f 1015/687/948 1017/689/950 1019/690/951
f 1015/687/948 1019/690/951 1016/688/949
f 1018/691/950 1021/692/952 1022/693/953
f 1018/691/950 1022/693/953 1020/694/951
f 1021/692/952 1023/695/954 1024/696/955
f 1021/692/952 1024/696/955 1022/693/953
f 1023/695/954 1011/683/944 1014/686/947
f 1023/695/954 1014/686/947 1024/696/955
f 1025/697/956 1026/698/957 1011/683/944
f 1025/697/956 1011/683/944 1023/695/954
f 1027/699/958 1025/697/956 1023/695/954
f 1027/699/958 1023/695/954 1021/692/952
f 1028/700/959 1027/699/958 1021/692/952
f 1028/700/959 1021/692/952 1018/691/950
f 1030/701/960 1029/702/961 1017/689/950
f 1030/701/960 1017/689/950 1015/687/948
f 1031/703/962 1030/701/960 1015/687/948
f 1031/703/962 1015/687/948 1012/684/945
f 1026/698/957 1031/703/962 1012/684/945
f 1026/698/957 1012/684/945 1011/683/944
f 1032/704/963 1031/703/962 1026/698/957
f 1032/704/963 1026/698/957 1033/705/964
f 1034/706/965 1030/701/960 1031/703/962
f 1034/706/965 1031/703/962 1032/704/963
f 1035/707/966 1029/702/961 1030/701/960
f 1035/707/966 1030/701/960 1034/706/965
f 1037/708/967 1027/699/958 1028/700/959
f 1037/708/967 1028/700/959 1036/709/968
f 1038/710/969 1025/697/956 1027/699/958
f 1038/710/969 1027/699/958 1037/708/967
f 1033/705/964 1026/698/957 1025/697/956
f 1033/705/964 1025/697/956 1038/710/969
f 1039/711/970 1040/712/971 1033/705/964
f 1039/711/970 1033/705/964 1038/710/969
f 1041/713/972 1038/710/969 1037/708/967
f 1042/714/973 1041/713/972 1037/708/967
f 1042/714/973 1037/708/967 1036/709/968
f 1044/715/974 1035/707/966 1034/706/965
f 1045/716/975 1044/715/974 1034/706/965
f 1045/716/975 1034/706/965 1032/704/963
f 1040/712/971 1045/716/975 1032/704/963
f 1040/712/971 1032/704/963 1033/705/964
f 1046/717/976 1048/718/976 1050/719/977
f 1046/717/976 1050/719/977 1051/720/977
f 1052/720/978 1053/721/978 1054/722/979
f 1052/720/978 1054/722/979 1056/717/979
f 1058/723/980 1059/724/981 1040/712/971
f 1058/723/980 1040/712/971 1039/711/970
f 1060/725/982 1058/723/980 1039/711/970
f 1060/725/982 1039/711/970 1041/713/972
f 1061/726/983 1057/727/984 1055/728/985
f 1061/726/983 1055/728/985 1062/729/986
f 1063/730/987 1060/725/982 1041/713/972
f 1063/730/987 1041/713/972 1042/714/973
f 1065/719/988 1064/718/987 1043/731/989
f 1065/719/988 1043/731/989 1044/715/974
f 1066/732/990 1067/733/991 1068/734/992
f 1066/732/990 1068/734/992 1069/735/990
f 1070/736/993 1065/719/988 1044/715/974
f 1070/736/993 1044/715/974 1045/716/975
f 1059/724/981 1070/736/993 1045/716/975
f 1059/724/981 1045/716/975 1040/712/971
f 1071/696/994 1072/686/995 1073/737/996
f 1071/696/994 1073/737/996 1074/738/997
f 1075/693/998 1071/696/994 1074/738/997
f 1075/693/998 1074/738/997 1076/739/999
f 1052/720/978 1066/732/990 1069/735/990
f 1052/720/978 1069/735/990 1053/721/978
f 1077/723/1000 1078/725/1001 1079/726/1001
f 1077/723/1000 1079/726/1001 1080/740/1002
f 1081/740/1003 1061/726/983 1062/729/986
f 1081/740/1003 1062/729/986 1082/741/1003
f 1078/725/1001 1049/730/1004 1047/727/1004
f 1078/725/1001 1047/727/1004 1079/726/1001
f 1050/719/977 1083/736/1005 1084/732/1006
f 1050/719/977 1084/732/1006 1051/720/977
f 1083/736/1005 1085/724/1007 1086/733/1008
f 1083/736/1005 1086/733/1008 1084/732/1006
f 1087/694/1009 1075/693/998 1076/739/999
f 1087/694/1009 1076/739/999 1089/742/1010
f 1091/688/1011 1088/690/1009 1090/743/1012
f 1091/688/1011 1090/743/1012 1092/744/1013
f 1093/685/1014 1091/688/1011 1092/744/1013
f 1093/685/1014 1092/744/1013 1094/745/1015
f 1067/733/991 1081/740/1003 1082/741/1003
f 1067/733/991 1082/741/1003 1068/734/992
f 1072/686/995 1093/685/1014 1094/745/1015
f 1072/686/995 1094/745/1015 1073/737/996
f 1085/724/1007 1077/723/1000 1080/740/1002
f 1085/724/1007 1080/740/1002 1086/733/1008
f 1095/746/1016 1096/747/1017 1098/748/1017
f 1095/746/1016 1098/748/1017 1100/749/1016
f 1101/750/1018 1102/751/1019 1103/752/1020
f 1104/753/1021 1105/754/1022 1106/755/1022
f 1104/753/1021 1106/755/1022 1107/756/1021
f 1108/757/1023 1109/758/1024 1110/759/1025
f 1108/757/1023 1110/759/1025 1111/760/1026
f 1112/761/1027 1113/762/1028 1103/752/1020
f 1114/763/1029 1115/764/1030 1116/765/1031
f 1114/763/1029 1116/765/1031 1117/766/1032
f 1118/767/1033 1101/750/1018 1103/752/1020
f 1119/768/1034 1104/753/1021 1107/756/1021
f 1119/768/1034 1107/756/1021 1120/769/1034
f 1121/770/1035 1117/766/1032 1116/765/1031
f 1121/770/1035 1116/765/1031 1122/771/1036
f 1113/762/1028 1123/772/1037 1103/752/1020
f 1124/773/1038 1126/774/1039 1127/775/1040
f 1124/773/1038 1127/775/1040 1128/776/1041
f 1130/777/1042 1118/767/1033 1103/752/1020
f 1131/778/1043 1119/768/1034 1120/769/1034
f 1131/778/1043 1120/769/1034 1132/779/1044
f 1133/780/1045 1108/757/1023 1111/760/1026
f 1133/780/1045 1111/760/1026 1134/781/1046
f 1097/782/1047 1135/783/1048 1136/784/1049
f 1097/782/1047 1136/784/1049 1099/785/1047
f 1137/766/1050 1138/786/1051 1140/787/1052
f 1137/766/1050 1140/787/1052 1142/763/1053
f 1143/788/1054 1115/764/1030 1114/763/1029
f 1143/788/1054 1114/763/1029 1144/789/1055
f 1145/790/1056 1133/780/1045 1134/781/1046
f 1145/790/1056 1134/781/1046 1146/791/1057
f 1105/754/1022 1147/792/1058 1148/793/1058
f 1105/754/1022 1148/793/1058 1106/755/1022
f 1102/751/1019 1149/794/1059 1103/752/1020
f 1135/783/1048 1150/795/1060 1151/796/1061
f 1135/783/1048 1151/796/1061 1136/784/1049
f 1123/772/1037 1152/797/1062 1103/752/1020
f 1153/798/1063 1127/775/1040 1126/774/1039
f 1153/798/1063 1126/774/1039 1154/799/1064
f 1147/792/1058 1155/800/1065 1156/801/1066
f 1147/792/1058 1156/801/1066 1148/793/1058
f 1149/794/1059 1157/802/1067 1103/752/1020
f 1158/803/1068 1112/761/1027 1103/752/1020
f 1160/804/1069 1095/746/1016 1100/749/1016
f 1160/804/1069 1100/749/1016 1161/805/1070
f 1146/791/1057 1162/806/1071 1163/807/1072
f 1146/791/1057 1163/807/1072 1145/790/1056
f 1155/800/1065 1164/808/1073 1165/809/1073
f 1155/800/1065 1165/809/1073 1156/801/1066
f 1157/802/1067 1166/810/1074 1103/752/1020
f 1167/811/1075 1143/788/1054 1144/789/1055
f 1167/811/1075 1144/789/1055 1168/812/1076
f 1122/771/1036 1153/798/1063 1154/799/1064
f 1122/771/1036 1154/799/1064 1121/770/1035
f 1169/813/1077 1125/814/1078 1129/815/1041
f 1169/813/1077 1129/815/1041 1170/816/1079
f 1164/808/1073 1171/817/1080 1172/818/1081
f 1164/808/1073 1172/818/1081 1165/809/1073
f 1166/810/1074 1173/819/1082 1103/752/1020
f 1150/795/1060 1174/820/1083 1175/821/1084
f 1150/795/1060 1175/821/1084 1151/796/1061
f 1176/822/1085 1159/823/1086 1103/752/1020
f 1109/758/1024 1169/813/1077 1170/816/1079
f 1109/758/1024 1170/816/1079 1110/759/1025
f 1171/817/1080 1177/824/1087 1178/825/1088
f 1171/817/1080 1178/825/1088 1172/818/1081
f 1173/819/1082 1179/826/1089 1103/752/1020
f 1180/827/1090 1130/777/1042 1103/752/1020
f 1174/820/1083 1131/778/1043 1132/779/1044
f 1174/820/1083 1132/779/1044 1175/821/1084
f 1181/828/1091 1167/811/1075 1168/812/1076
f 1181/828/1091 1168/812/1076 1182/829/1092
f 1177/824/1087 1183/830/1093 1184/831/1094
f 1177/824/1087 1184/831/1094 1178/825/1088
f 1179/826/1089 1176/822/1085 1103/752/1020
f 1162/806/1071 1185/832/1095 1186/833/1096
f 1162/806/1071 1186/833/1096 1163/807/1072
f 1152/797/1062 1180/827/1090 1103/752/1020
f 1185/832/1095 1181/828/1091 1182/829/1092
f 1185/832/1095 1182/829/1092 1186/833/1096
f 1183/830/1093 1160/804/1069 1161/805/1070
f 1183/830/1093 1161/805/1070 1184/831/1094
f 1187/813/1097 1188/834/1098 1190/835/1099
f 1187/813/1097 1190/835/1099 1192/814/1100
f 1194/770/1101 1195/836/1102 1138/786/1051
f 1194/770/1101 1138/786/1051 1137/766/1050
f 1197/790/1103 1198/837/1104 1200/838/1105
f 1197/790/1103 1200/838/1105 1202/780/1106
f 1203/807/1107 1204/839/1108 1198/837/1104
f 1203/807/1107 1198/837/1104 1197/790/1103
f 1206/829/1109 1207/840/1110 1209/841/1111
f 1206/829/1109 1209/841/1111 1211/833/1112
f 1211/833/1112 1209/841/1111 1204/839/1108
f 1211/833/1112 1204/839/1108 1203/807/1107
f 1206/829/1109 1212/812/1113 1213/842/1114
f 1206/829/1109 1213/842/1114 1207/840/1110
f 1193/773/1100 1191/843/1115 1215/844/1116
f 1193/773/1100 1215/844/1116 1217/774/1117
f 1212/812/1113 1218/789/1118 1219/845/1119
f 1212/812/1113 1219/845/1119 1213/842/1114
f 1218/789/1118 1142/763/1053 1140/787/1052
f 1218/789/1118 1140/787/1052 1219/845/1119
f 1202/780/1106 1200/838/1105 1221/846/1120
f 1202/780/1106 1221/846/1120 1223/757/1121
f 1223/757/1121 1221/846/1120 1224/847/1122
f 1223/757/1121 1224/847/1122 1226/758/1123
f 1226/758/1123 1224/847/1122 1188/834/1098
f 1226/758/1123 1188/834/1098 1187/813/1097
f 1217/774/1117 1215/844/1116 1227/848/1124
f 1217/774/1117 1227/848/1124 1229/799/1125
f 1229/799/1125 1227/848/1124 1195/836/1102
f 1229/799/1125 1195/836/1102 1194/770/1101
f 1139/849/1051 1201/850/1126 1199/851/1127
f 1139/849/1051 1199/851/1127 1141/852/1128
f 1208/853/1110 1214/854/1129 1210/855/1111
f 1210/855/1111 1214/854/1129 1220/856/1130
f 1210/855/1111 1220/856/1130 1205/857/1131
f 1205/857/1131 1220/856/1130 1141/852/1128
f 1205/857/1131 1141/852/1128 1199/851/1127
f 1196/858/1132 1222/859/1120 1201/850/1126
f 1196/858/1132 1201/850/1126 1139/849/1051
f 1228/860/1133 1225/861/1122 1222/859/1120
f 1228/860/1133 1222/859/1120 1196/858/1132
f 1216/862/1116 1189/863/1134 1225/861/1122
f 1216/862/1116 1225/861/1122 1228/860/1133
s 0
f 1230/864/1135 1231/863/1135 1232/862/1135
s 1
f 1233/800/1136 1234/792/1137 1181/828/1091
f 1233/800/1136 1181/828/1091 1185/832/1095
f 1235/865/1138 1236/825/1139 1237/831/1140
f 1235/865/1138 1237/831/1140 1238/866/1141
f 1239/867/1142 1240/821/1143 1241/779/1144
f 1239/867/1142 1241/779/1144 1242/868/1145
f 1243/808/1146 1233/800/1136 1185/832/1095
f 1243/808/1146 1185/832/1095 1162/806/1071
f 1234/792/1137 1244/754/1147 1167/811/1075
f 1234/792/1137 1167/811/1075 1181/828/1091
f 1245/869/1148 1246/818/1149 1236/825/1139
f 1245/869/1148 1236/825/1139 1235/865/1138
f 1238/866/1141 1237/831/1140 1247/805/1150
f 1238/866/1141 1247/805/1150 1248/870/1151
f 1249/746/1152 1250/804/1153 1110/759/1025
f 1249/746/1152 1110/759/1025 1170/816/1079
f 1251/871/1154 1249/746/1152 1170/816/1079
f 1251/871/1154 1170/816/1079 1129/815/1041
f 1253/872/1155 1254/796/1156 1240/821/1143
f 1253/872/1155 1240/821/1143 1239/867/1142
f 1255/873/1157 1256/809/1158 1246/818/1149
f 1255/873/1157 1246/818/1149 1245/869/1148
f 1257/820/1159 1258/795/1160 1153/798/1063
f 1257/820/1159 1153/798/1063 1122/771/1036
f 1244/754/1147 1259/753/1161 1143/788/1054
f 1244/754/1147 1143/788/1054 1167/811/1075
f 1260/874/1162 1261/801/1163 1256/809/1158
f 1260/874/1162 1256/809/1158 1255/873/1157
f 1248/870/1151 1247/805/1150 1262/749/1164
f 1248/870/1151 1262/749/1164 1263/875/1165
f 1264/817/1166 1243/808/1146 1162/806/1071
f 1264/817/1166 1162/806/1071 1146/791/1057
f 1258/795/1160 1265/783/1167 1127/775/1040
f 1258/795/1160 1127/775/1040 1153/798/1063
f 1266/876/1168 1267/793/1169 1261/801/1163
f 1266/876/1168 1261/801/1163 1260/874/1162
f 1268/877/1170 1269/784/1171 1254/796/1156
f 1268/877/1170 1254/796/1156 1253/872/1155
f 1270/824/1172 1264/817/1166 1146/791/1057
f 1270/824/1172 1146/791/1057 1134/781/1046
f 1259/753/1161 1271/768/1173 1115/764/1030
f 1259/753/1161 1115/764/1030 1143/788/1054
f 1272/878/1174 1273/755/1175 1267/793/1169
f 1272/878/1174 1267/793/1169 1266/876/1168
f 1274/879/1176 1275/756/1177 1273/755/1175
f 1274/879/1176 1273/755/1175 1272/878/1174
f 1276/830/1178 1270/824/1172 1134/781/1046
f 1276/830/1178 1134/781/1046 1111/760/1026
f 1265/783/1167 1252/782/1179 1128/776/1041
f 1265/783/1167 1128/776/1041 1127/775/1040
f 1263/875/1165 1262/749/1164 1277/748/1180
f 1263/875/1165 1277/748/1180 1279/880/1180
f 1281/778/1181 1257/820/1159 1122/771/1036
f 1281/778/1181 1122/771/1036 1116/765/1031
f 1282/881/1182 1283/769/1183 1275/756/1177
f 1282/881/1182 1275/756/1177 1274/879/1176
f 1271/768/1173 1281/778/1181 1116/765/1031
f 1271/768/1173 1116/765/1031 1115/764/1030
f 1242/868/1145 1241/779/1144 1283/769/1183
f 1242/868/1145 1283/769/1183 1282/881/1182
f 1280/882/1180 1278/785/1180 1269/784/1171
f 1280/882/1180 1269/784/1171 1268/877/1170
f 1250/804/1153 1276/830/1178 1111/760/1026
f 1250/804/1153 1111/760/1026 1110/759/1025
f 1284/883/1184 1285/884/1185 1074/738/997
f 1284/883/1184 1074/738/997 1073/737/996
f 1285/884/1185 1286/885/1186 1076/739/999
f 1285/884/1185 1076/739/999 1074/738/997
f 1286/885/1186 1287/886/1187 1089/742/1010
f 1286/885/1186 1089/742/1010 1076/739/999
f 1288/887/1187 1289/888/1188 1092/744/1013
f 1288/887/1187 1092/744/1013 1090/743/1012
f 1289/888/1188 1290/889/1189 1094/745/1015
f 1289/888/1188 1094/745/1015 1092/744/1013
f 1290/889/1189 1284/883/1184 1073/737/996
f 1290/889/1189 1073/737/996 1094/745/1015
f 1043/731/989 1035/707/966 1044/715/974
f 1039/711/970 1038/710/969 1041/713/972
f 1291/683/1190 1292/686/1191 1293/685/1192
f 1291/683/1190 1293/685/1192 1294/684/1193
f 1294/684/1193 1293/685/1192 1295/688/1194
f 1294/684/1193 1295/688/1194 1296/687/1195
f 1296/687/1195 1295/688/1194 1297/690/1196
f 1296/687/1195 1297/690/1196 1299/689/1197
f 1300/691/1197 1298/694/1196 1301/693/1198
f 1300/691/1197 1301/693/1198 1302/692/1199
f 1302/692/1199 1301/693/1198 1303/696/1200
f 1302/692/1199 1303/696/1200 1304/695/1201
f 1304/695/1201 1303/696/1200 1292/686/1191
f 1304/695/1201 1292/686/1191 1291/683/1190
f 1305/697/1202 1304/695/1201 1291/683/1190
f 1305/697/1202 1291/683/1190 1306/698/1203
f 1307/699/1204 1302/692/1199 1304/695/1201
f 1307/699/1204 1304/695/1201 1305/697/1202
f 1308/700/1205 1300/691/1197 1302/692/1199
f 1308/700/1205 1302/692/1199 1307/699/1204
f 1310/701/1206 1296/687/1195 1299/689/1197
f 1310/701/1206 1299/689/1197 1309/702/1207
f 1311/703/1208 1294/684/1193 1296/687/1195
f 1311/703/1208 1296/687/1195 1310/701/1206
f 1306/698/1203 1291/683/1190 1294/684/1193
f 1306/698/1203 1294/684/1193 1311/703/1208
f 1312/704/1209 1313/705/1210 1306/698/1203
f 1312/704/1209 1306/698/1203 1311/703/1208
f 1314/706/1211 1312/704/1209 1311/703/1208
f 1314/706/1211 1311/703/1208 1310/701/1206
f 1315/707/1212 1314/706/1211 1310/701/1206
f 1315/707/1212 1310/701/1206 1309/702/1207
f 1317/708/1213 1316/709/1212 1308/700/1205
f 1317/708/1213 1308/700/1205 1307/699/1204
f 1318/710/1214 1317/708/1213 1307/699/1204
f 1318/710/1214 1307/699/1204 1305/697/1202
f 1313/705/1210 1318/710/1214 1305/697/1202
f 1313/705/1210 1305/697/1202 1306/698/1203
f 1319/711/1215 1318/710/1214 1313/705/1210
f 1319/711/1215 1313/705/1210 1320/712/1216
f 1317/708/1213 1318/710/1214 1321/713/1217
f 1322/714/1218 1316/709/1212 1317/708/1213
f 1322/714/1218 1317/708/1213 1321/713/1217
f 1314/706/1211 1315/707/1212 1324/715/1219
f 1325/716/1220 1312/704/1209 1314/706/1211
f 1325/716/1220 1314/706/1211 1324/715/1219
f 1320/712/1216 1313/705/1210 1312/704/1209
f 1320/712/1216 1312/704/1209 1325/716/1220
f 1326/717/1221 1328/720/1222 1329/719/1222
f 1326/717/1221 1329/719/1222 1330/718/1223
f 1332/720/1224 1333/717/1225 1335/722/1226
f 1332/720/1224 1335/722/1226 1337/721/1224
f 1338/723/1227 1319/711/1215 1320/712/1216
f 1338/723/1227 1320/712/1216 1339/724/1228
f 1340/725/1229 1321/713/1217 1319/711/1215
f 1340/725/1229 1319/711/1215 1338/723/1227
f 1341/726/1230 1342/729/1231 1336/728/1232
f 1341/726/1230 1336/728/1232 1334/727/1233
f 1343/730/1234 1322/714/1218 1321/713/1217
f 1343/730/1234 1321/713/1217 1340/725/1229
f 1345/719/1235 1324/715/1219 1323/731/1218
f 1345/719/1235 1323/731/1218 1344/718/1236
f 1346/732/1237 1347/735/1238 1348/734/1239
f 1346/732/1237 1348/734/1239 1349/733/1240
f 1350/736/1241 1325/716/1220 1324/715/1219
f 1350/736/1241 1324/715/1219 1345/719/1235
f 1339/724/1228 1320/712/1216 1325/716/1220
f 1339/724/1228 1325/716/1220 1350/736/1241
f 1351/696/1242 1352/738/1243 1353/737/1244
f 1351/696/1242 1353/737/1244 1354/686/1245
f 1355/693/1246 1356/739/1247 1352/738/1243
f 1355/693/1246 1352/738/1243 1351/696/1242
f 1332/720/1224 1337/721/1224 1347/735/1238
f 1332/720/1224 1347/735/1238 1346/732/1237
f 1357/723/1248 1358/740/1249 1359/726/1250
f 1357/723/1248 1359/726/1250 1360/725/1250
f 1361/740/1251 1362/741/1251 1342/729/1231
f 1361/740/1251 1342/729/1231 1341/726/1230
f 1360/725/1250 1359/726/1250 1327/727/1252
f 1360/725/1250 1327/727/1252 1331/730/1252
f 1329/719/1222 1328/720/1222 1363/732/1253
f 1329/719/1222 1363/732/1253 1364/736/1254
f 1364/736/1254 1363/732/1253 1365/733/1255
f 1364/736/1254 1365/733/1255 1366/724/1256
f 1367/694/1257 1369/742/1258 1356/739/1247
f 1367/694/1257 1356/739/1247 1355/693/1246
f 1371/688/1259 1372/744/1260 1370/743/1258
f 1371/688/1259 1370/743/1258 1368/690/1261
f 1373/685/1262 1374/745/1263 1372/744/1260
f 1373/685/1262 1372/744/1260 1371/688/1259
f 1349/733/1240 1348/734/1239 1362/741/1251
f 1349/733/1240 1362/741/1251 1361/740/1251
f 1354/686/1245 1353/737/1244 1374/745/1263
f 1354/686/1245 1374/745/1263 1373/685/1262
f 1366/724/1256 1365/733/1255 1358/740/1249
f 1366/724/1256 1358/740/1249 1357/723/1248
f 1375/746/1264 1376/749/1264 1377/748/1265
f 1375/746/1264 1377/748/1265 1379/747/1265
f 1381/752/1266 1382/751/1267 1383/750/1268
f 1384/753/1269 1385/756/1270 1386/755/1271
f 1384/753/1269 1386/755/1271 1387/754/1271
f 1388/757/1272 1389/760/1273 1390/759/1274
f 1388/757/1272 1390/759/1274 1391/758/1275
f 1381/752/1266 1392/762/1276 1393/761/1277
f 1394/763/1278 1395/766/1279 1396/765/1280
f 1394/763/1278 1396/765/1280 1397/764/1281
f 1381/752/1266 1383/750/1268 1398/767/1282
f 1399/768/1283 1400/769/1284 1385/756/1270
f 1399/768/1283 1385/756/1270 1384/753/1269
f 1401/770/1285 1402/771/1286 1396/765/1280
f 1401/770/1285 1396/765/1280 1395/766/1279
f 1381/752/1266 1403/772/1287 1392/762/1276
f 1404/773/1288 1406/776/1289 1408/775/1290
f 1404/773/1288 1408/775/1290 1409/774/1291
f 1381/752/1266 1398/767/1282 1410/777/1292
f 1411/778/1293 1412/779/1294 1400/769/1284
f 1411/778/1293 1400/769/1284 1399/768/1283
f 1413/780/1295 1414/781/1296 1389/760/1273
f 1413/780/1295 1389/760/1273 1388/757/1272
f 1380/782/1297 1378/785/1297 1415/784/1298
f 1380/782/1297 1415/784/1298 1416/783/1299
f 1417/766/1300 1418/763/1301 1419/787/1302
f 1417/766/1300 1419/787/1302 1421/786/1303
f 1423/788/1304 1424/789/1305 1394/763/1278
f 1423/788/1304 1394/763/1278 1397/764/1281
f 1425/790/1306 1426/791/1307 1414/781/1296
f 1425/790/1306 1414/781/1296 1413/780/1295
f 1387/754/1271 1386/755/1271 1427/793/1308
f 1387/754/1271 1427/793/1308 1428/792/1308
f 1381/752/1266 1429/794/1309 1382/751/1267
f 1416/783/1299 1415/784/1298 1430/796/1310
f 1416/783/1299 1430/796/1310 1431/795/1311
f 1381/752/1266 1432/797/1312 1403/772/1287
f 1433/798/1313 1434/799/1314 1409/774/1291
f 1433/798/1313 1409/774/1291 1408/775/1290
f 1428/792/1308 1427/793/1308 1435/801/1315
f 1428/792/1308 1435/801/1315 1436/800/1316
f 1381/752/1266 1437/802/1317 1429/794/1309
f 1381/752/1266 1393/761/1277 1438/803/1318
f 1440/804/1319 1441/805/1320 1376/749/1264
f 1440/804/1319 1376/749/1264 1375/746/1264
f 1426/791/1307 1425/790/1306 1442/807/1321
f 1426/791/1307 1442/807/1321 1443/806/1322
f 1436/800/1316 1435/801/1315 1444/809/1323
f 1436/800/1316 1444/809/1323 1445/808/1323
f 1381/752/1266 1446/810/1324 1437/802/1317
f 1447/811/1325 1448/812/1326 1424/789/1305
f 1447/811/1325 1424/789/1305 1423/788/1304
f 1402/771/1286 1401/770/1285 1434/799/1314
f 1402/771/1286 1434/799/1314 1433/798/1313
f 1449/813/1327 1450/816/1328 1407/815/1289
f 1449/813/1327 1407/815/1289 1405/814/1329
f 1445/808/1323 1444/809/1323 1451/818/1330
f 1445/808/1323 1451/818/1330 1452/817/1331
f 1381/752/1266 1453/819/1332 1446/810/1324
f 1431/795/1311 1430/796/1310 1454/821/1333
f 1431/795/1311 1454/821/1333 1455/820/1334
f 1381/752/1266 1439/823/1335 1456/822/1336
f 1391/758/1275 1390/759/1274 1450/816/1328
f 1391/758/1275 1450/816/1328 1449/813/1327
f 1452/817/1331 1451/818/1330 1457/825/1337
f 1452/817/1331 1457/825/1337 1458/824/1338
f 1381/752/1266 1459/826/1339 1453/819/1332
f 1381/752/1266 1410/777/1292 1460/827/1340
f 1455/820/1334 1454/821/1333 1412/779/1294
f 1455/820/1334 1412/779/1294 1411/778/1293
f 1461/828/1341 1462/829/1342 1448/812/1326
f 1461/828/1341 1448/812/1326 1447/811/1325
f 1458/824/1338 1457/825/1337 1463/831/1343
f 1458/824/1338 1463/831/1343 1464/830/1344
f 1381/752/1266 1456/822/1336 1459/826/1339
f 1443/806/1322 1442/807/1321 1465/833/1345
f 1443/806/1322 1465/833/1345 1466/832/1346
f 1381/752/1266 1460/827/1340 1432/797/1312
f 1466/832/1346 1465/833/1345 1462/829/1342
f 1466/832/1346 1462/829/1342 1461/828/1341
f 1464/830/1344 1463/831/1343 1441/805/1320
f 1464/830/1344 1441/805/1320 1440/804/1319
f 1467/813/1347 1468/814/1348 1470/835/1349
f 1467/813/1347 1470/835/1349 1472/834/1350
f 1474/770/1351 1417/766/1300 1421/786/1303
f 1474/770/1351 1421/786/1303 1475/836/1352
f 1477/790/1353 1478/780/1354 1479/838/1355
f 1477/790/1353 1479/838/1355 1481/837/1356
f 1483/807/1357 1477/790/1353 1481/837/1356
f 1483/807/1357 1481/837/1356 1484/839/1358
f 1486/829/1359 1487/833/1360 1488/841/1361
f 1486/829/1359 1488/841/1361 1490/840/1362
f 1487/833/1360 1483/807/1357 1484/839/1358
f 1487/833/1360 1484/839/1358 1488/841/1361
f 1486/829/1359 1490/840/1362 1492/842/1363
f 1486/829/1359 1492/842/1363 1494/812/1364
f 1469/773/1349 1495/774/1365 1496/844/1366
f 1469/773/1349 1496/844/1366 1471/843/1348
f 1494/812/1364 1492/842/1363 1498/845/1367
f 1494/812/1364 1498/845/1367 1500/789/1368
f 1500/789/1368 1498/845/1367 1419/787/1302
f 1500/789/1368 1419/787/1302 1418/763/1301
f 1478/780/1354 1501/757/1369 1502/846/1370
f 1478/780/1354 1502/846/1370 1479/838/1355
f 1501/757/1369 1504/758/1371 1505/847/1372
f 1501/757/1369 1505/847/1372 1502/846/1370
f 1504/758/1371 1467/813/1347 1472/834/1350
f 1504/758/1371 1472/834/1350 1505/847/1372
f 1495/774/1365 1507/799/1373 1508/848/1374
f 1495/774/1365 1508/848/1374 1496/844/1366
f 1507/799/1373 1474/770/1351 1475/836/1352
f 1507/799/1373 1475/836/1352 1508/848/1374
f 1422/849/1303 1420/852/1375 1482/851/1376
f 1422/849/1303 1482/851/1376 1480/850/1377
f 1489/855/1361 1493/854/1378 1491/853/1362
f 1489/855/1361 1485/857/1379 1499/856/1380
f 1489/855/1361 1499/856/1380 1493/854/1378
f 1485/857/1379 1482/851/1376 1420/852/1375
f 1485/857/1379 1420/852/1375 1499/856/1380
f 1476/858/1381 1422/849/1303 1480/850/1377
f 1476/858/1381 1480/850/1377 1503/859/1370
f 1509/860/1374 1476/858/1381 1503/859/1370
f 1509/860/1374 1503/859/1370 1506/861/1372
f 1497/862/1366 1509/860/1374 1506/861/1372
f 1497/862/1366 1506/861/1372 1473/863/1382
s 0
f 1510/862/1383 1511/863/1383 1512/864/1383
s 1
f 1513/800/1384 1466/832/1346 1461/828/1341
f 1513/800/1384 1461/828/1341 1514/792/1385
f 1515/865/1386 1516/866/1387 1517/831/1388
f 1515/865/1386 1517/831/1388 1518/825/1389
f 1519/867/1390 1520/868/1391 1521/779/1392
f 1519/867/1390 1521/779/1392 1522/821/1393
f 1523/808/1394 1443/806/1322 1466/832/1346
f 1523/808/1394 1466/832/1346 1513/800/1384
f 1514/792/1385 1461/828/1341 1447/811/1325
f 1514/792/1385 1447/811/1325 1524/754/1395
f 1525/869/1396 1515/865/1386 1518/825/1389
f 1525/869/1396 1518/825/1389 1526/818/1397
f 1516/866/1387 1527/870/1398 1528/805/1399
f 1516/866/1387 1528/805/1399 1517/831/1388
f 1529/746/1400 1450/816/1328 1390/759/1274
f 1529/746/1400 1390/759/1274 1530/804/1401
f 1531/871/1402 1407/815/1289 1450/816/1328
f 1531/871/1402 1450/816/1328 1529/746/1400
f 1533/872/1403 1519/867/1390 1522/821/1393
f 1533/872/1403 1522/821/1393 1534/796/1404
f 1535/873/1405 1525/869/1396 1526/818/1397
f 1535/873/1405 1526/818/1397 1536/809/1406
f 1537/820/1407 1402/771/1286 1433/798/1313
f 1537/820/1407 1433/798/1313 1538/795/1408
f 1524/754/1395 1447/811/1325 1423/788/1304
f 1524/754/1395 1423/788/1304 1539/753/1409
f 1540/874/1410 1535/873/1405 1536/809/1406
f 1540/874/1410 1536/809/1406 1541/801/1411
f 1527/870/1398 1542/875/1412 1543/749/1413
f 1527/870/1398 1543/749/1413 1528/805/1399
f 1544/817/1414 1426/791/1307 1443/806/1322
f 1544/817/1414 1443/806/1322 1523/808/1394
f 1538/795/1408 1433/798/1313 1408/775/1290
f 1538/795/1408 1408/775/1290 1545/783/1415
f 1546/876/1416 1540/874/1410 1541/801/1411
f 1546/876/1416 1541/801/1411 1547/793/1417
f 1548/877/1418 1533/872/1403 1534/796/1404
f 1548/877/1418 1534/796/1404 1549/784/1419
f 1550/824/1420 1414/781/1296 1426/791/1307
f 1550/824/1420 1426/791/1307 1544/817/1414
f 1539/753/1409 1423/788/1304 1397/764/1281
f 1539/753/1409 1397/764/1281 1551/768/1421
f 1552/878/1422 1546/876/1416 1547/793/1417
f 1552/878/1422 1547/793/1417 1553/755/1423
f 1554/879/1424 1552/878/1422 1553/755/1423
f 1554/879/1424 1553/755/1423 1555/756/1425
f 1556/830/1426 1389/760/1273 1414/781/1296
f 1556/830/1426 1414/781/1296 1550/824/1420
f 1545/783/1415 1408/775/1290 1406/776/1289
f 1545/783/1415 1406/776/1289 1532/782/1427
f 1542/875/1412 1557/880/1428 1559/748/1428
f 1542/875/1412 1559/748/1428 1543/749/1413
f 1561/778/1429 1396/765/1280 1402/771/1286
f 1561/778/1429 1402/771/1286 1537/820/1407
f 1562/881/1430 1554/879/1424 1555/756/1425
f 1562/881/1430 1555/756/1425 1563/769/1431
f 1551/768/1421 1397/764/1281 1396/765/1280
f 1551/768/1421 1396/765/1280 1561/778/1429
f 1520/868/1391 1562/881/1430 1563/769/1431
f 1520/868/1391 1563/769/1431 1521/779/1392
f 1558/882/1428 1548/877/1418 1549/784/1419
f 1558/882/1428 1549/784/1419 1560/785/1428
f 1530/804/1401 1390/759/1274 1389/760/1273
f 1530/804/1401 1389/760/1273 1556/830/1426
f 1564/883/1432 1353/737/1244 1352/738/1243
f 1564/883/1432 1352/738/1243 1565/884/1433
f 1565/884/1433 1352/738/1243 1356/739/1247
f 1565/884/1433 1356/739/1247 1566/885/1434
f 1566/885/1434 1356/739/1247 1369/742/1258
f 1566/885/1434 1369/742/1258 1567/886/1435
f 1568/887/1435 1370/743/1258 1372/744/1260
f 1568/887/1435 1372/744/1260 1569/888/1436
f 1569/888/1436 1372/744/1260 1374/745/1263
f 1569/888/1436 1374/745/1263 1570/889/1437
f 1570/889/1437 1374/745/1263 1353/737/1244
f 1570/889/1437 1353/737/1244 1564/883/1432
f 1324/715/1219 1315/707/1212 1323/731/1218
f 1321/713/1217 1318/710/1214 1319/711/1215
o defaultMaterial.003
v 0.088394 5.338850 -6.706439
v 0.143164 5.263612 -6.706439
v 0.000000 5.216949 -6.732006
v 0.168135 5.448818 -6.632241
v 0.272314 5.305708 -6.632241
v 0.231419 5.536090 -6.516675
v 0.374808 5.339115 -6.516675
v 0.272049 5.592123 -6.371054
v 0.440613 5.360564 -6.371054
v 0.286049 5.611429 -6.209630
v 0.463288 5.367955 -6.209630
v 0.088620 5.095212 -6.706439
v 0.000000 5.066372 -6.706439
v 0.168565 4.985391 -6.632241
v 0.000000 4.930534 -6.632241
v 0.232009 4.898236 -6.516675
v 0.000000 4.822734 -6.516675
v 0.272743 4.842280 -6.371054
v 0.000000 4.753521 -6.371054
v 0.286779 4.822999 -6.209630
v 0.000000 4.729672 -6.209630
v 0.463567 5.066801 -6.209630
v 0.440879 5.074151 -6.371054
v 0.375034 5.095478 -6.516675
v 0.272478 5.128695 -6.632241
v 0.143250 5.170550 -6.706439
v 0.000000 5.704226 -6.209630
v 0.000000 5.680377 -6.371054
v 0.000000 5.611165 -6.516675
v 0.000000 5.503363 -6.632241
v 0.000000 5.367527 -6.706439
v -0.143164 5.263612 -6.706439
v -0.088394 5.338850 -6.706439
v -0.168135 5.448818 -6.632241
v -0.272314 5.305708 -6.632241
v -0.231419 5.536090 -6.516675
v -0.374808 5.339115 -6.516675
v -0.272049 5.592123 -6.371054
v -0.440613 5.360564 -6.371054
v -0.286049 5.611429 -6.209630
v -0.463288 5.367955 -6.209630
v -0.088620 5.095212 -6.706439
v -0.168565 4.985391 -6.632241
v -0.232009 4.898236 -6.516675
v -0.272743 4.842280 -6.371054
v -0.286779 4.822999 -6.209630
v -0.440879 5.074151 -6.371054
v -0.463567 5.066801 -6.209630
v -0.375034 5.095478 -6.516675
v -0.272478 5.128695 -6.632241
v -0.143250 5.170550 -6.706439
v 0.463288 5.367955 -6.209630
v 0.286049 5.611429 -6.209630
v 0.419442 5.795259 -5.926433
v 0.679333 5.438244 -5.926427
v 0.463567 5.066801 -6.209630
v 0.679742 4.996653 -5.926422
v 0.000000 5.704226 -6.209630
v 0.000000 5.931327 -5.926435
v 0.286779 4.822999 -6.209630
v 0.420513 4.639158 -5.926416
v -0.286049 5.611429 -6.209630
v -0.419442 5.795259 -5.926433
v 0.000000 4.729672 -6.209630
v 0.000000 4.502311 -5.926414
v -0.463288 5.367955 -6.209630
v -0.679333 5.438244 -5.926427
v -0.286779 4.822999 -6.209630
v -0.420513 4.639158 -5.926416
v -0.463567 5.066801 -6.209630
v -0.679742 4.996653 -5.926422
vn 0.1921 0.2647 -0.9450
vn 0.3110 0.1014 -0.9450
vn -0.0000 -0.0000 -1.0000
vn 0.3595 0.4955 -0.7907
vn 0.5820 0.1897 -0.7907
vn 0.4852 0.6689 -0.5632
vn 0.7857 0.2561 -0.5632
vn 0.5617 0.7743 -0.2915
vn 0.9095 0.2964 -0.2915
vn 0.5809 0.8007 -0.1462
vn 0.9406 0.3066 -0.1462
vn 0.1924 -0.2645 -0.9450
vn -0.0000 -0.3271 -0.9450
vn 0.3601 -0.4950 -0.7907
vn -0.0000 -0.6122 -0.7907
vn 0.4862 -0.6682 -0.5632
vn -0.0000 -0.8263 -0.5632
vn 0.5628 -0.7735 -0.2915
vn -0.0000 -0.9566 -0.2915
vn 0.5820 -0.7999 -0.1462
vn -0.0000 -0.9893 -0.1462
vn 0.9411 -0.3048 -0.1462
vn 0.9100 -0.2948 -0.2915
vn 0.7861 -0.2546 -0.5632
vn 0.5824 -0.1886 -0.7907
vn 0.3112 -0.1008 -0.9450
vn -0.0000 0.9893 -0.1462
vn -0.0000 0.9566 -0.2915
vn -0.0000 0.8264 -0.5631
vn -0.0000 0.6122 -0.7907
vn -0.0000 0.3271 -0.9450
vn -0.3110 0.1014 -0.9450
vn -0.1921 0.2647 -0.9450
vn -0.3595 0.4955 -0.7907
vn -0.5820 0.1897 -0.7907
vn -0.4852 0.6688 -0.5632
vn -0.7857 0.2561 -0.5632
vn -0.5617 0.7743 -0.2915
vn -0.9095 0.2964 -0.2915
vn -0.5809 0.8007 -0.1462
vn -0.9406 0.3066 -0.1462
vn -0.1924 -0.2645 -0.9450
vn -0.3601 -0.4950 -0.7907
vn -0.4862 -0.6682 -0.5632
vn -0.5628 -0.7735 -0.2915
vn -0.5820 -0.7999 -0.1462
vn -0.9100 -0.2948 -0.2915
vn -0.9411 -0.3048 -0.1462
vn -0.7861 -0.2546 -0.5632
vn -0.5824 -0.1886 -0.7907
vn -0.3112 -0.1008 -0.9450
vn 0.7416 0.2418 -0.6258
vn 0.4581 0.6314 -0.6257
vn 0.4581 0.6314 -0.6256
vn 0.7416 0.2417 -0.6257
vn 0.7420 -0.2403 -0.6259
vn 0.7420 -0.2404 -0.6259
vn -0.0000 0.7801 -0.6256
vn 0.4588 -0.6306 -0.6260
vn -0.4581 0.6314 -0.6256
vn -0.4581 0.6314 -0.6257
vn -0.0000 -0.7798 -0.6260
vn -0.7416 0.2418 -0.6257
vn -0.7416 0.2417 -0.6258
vn -0.4588 -0.6306 -0.6260
vn -0.7420 -0.2403 -0.6259
vn -0.7420 -0.2404 -0.6259
vt 0.441166 0.576582
vt 0.407071 0.529631
vt 0.496108 0.500584
vt 0.382909 0.656686
vt 0.312896 0.560065
vt 0.330274 0.729048
vt 0.227820 0.587501
vt 0.280834 0.796949
vt 0.147866 0.613417
vt 0.248627 0.841551
vt 0.095513 0.630499
vt 0.441143 0.424518
vt 0.496121 0.406637
vt 0.382893 0.344177
vt 0.496134 0.307247
vt 0.330126 0.271504
vt 0.496140 0.217333
vt 0.280577 0.203335
vt 0.496152 0.132973
vt 0.248279 0.158670
vt 0.496352 0.077808
vt 0.095386 0.369799
vt 0.147762 0.386866
vt 0.227842 0.412861
vt 0.312966 0.440672
vt 0.407065 0.471505
vt 0.496347 0.922190
vt 0.496149 0.867156
vt 0.496142 0.783068
vt 0.496134 0.693537
vt 0.496123 0.594430
vt 0.585148 0.529629
vt 0.551070 0.576579
vt 0.609346 0.656682
vt 0.679327 0.560057
vt 0.662004 0.729050
vt 0.764413 0.587488
vt 0.711464 0.796961
vt 0.844392 0.613409
vt 0.744069 0.841558
vt 0.897159 0.630497
vt 0.551085 0.424524
vt 0.609362 0.344171
vt 0.662152 0.271498
vt 0.711709 0.203330
vt 0.744420 0.158668
vt 0.844495 0.386876
vt 0.897284 0.369802
vt 0.764396 0.412864
vt 0.679255 0.440679
vt 0.585155 0.471507
vt 0.202045 0.898372
vt 0.020137 0.652198
vt 0.019987 0.348114
vt 0.496347 0.992431
vt 0.201631 0.101851
vt 0.790654 0.898381
vt 0.496354 0.007533
vt 0.972532 0.652196
vt 0.791070 0.101848
vt 0.972680 0.348118
s 1
usemtl defaultMaterial_0
f 1571/890/1438 1572/891/1439 1573/892/1440
f 1574/893/1441 1575/894/1442 1572/891/1439
f 1574/893/1441 1572/891/1439 1571/890/1438
f 1576/895/1443 1577/896/1444 1575/894/1442
f 1576/895/1443 1575/894/1442 1574/893/1441
f 1578/897/1445 1579/898/1446 1577/896/1444
f 1578/897/1445 1577/896/1444 1576/895/1443
f 1580/899/1447 1581/900/1448 1579/898/1446
f 1580/899/1447 1579/898/1446 1578/897/1445
f 1582/901/1449 1583/902/1450 1573/892/1440
f 1584/903/1451 1585/904/1452 1583/902/1450
f 1584/903/1451 1583/902/1450 1582/901/1449
f 1586/905/1453 1587/906/1454 1585/904/1452
f 1586/905/1453 1585/904/1452 1584/903/1451
f 1588/907/1455 1589/908/1456 1587/906/1454
f 1588/907/1455 1587/906/1454 1586/905/1453
f 1590/909/1457 1591/910/1458 1589/908/1456
f 1590/909/1457 1589/908/1456 1588/907/1455
f 1581/900/1448 1592/911/1459 1593/912/1460
f 1581/900/1448 1593/912/1460 1579/898/1446
f 1579/898/1446 1593/912/1460 1594/913/1461
f 1579/898/1446 1594/913/1461 1577/896/1444
f 1577/896/1444 1594/913/1461 1595/914/1462
f 1577/896/1444 1595/914/1462 1575/894/1442
f 1575/894/1442 1595/914/1462 1596/915/1463
f 1575/894/1442 1596/915/1463 1572/891/1439
f 1572/891/1439 1596/915/1463 1573/892/1440
f 1596/915/1463 1582/901/1449 1573/892/1440
f 1595/914/1462 1584/903/1451 1582/901/1449
f 1595/914/1462 1582/901/1449 1596/915/1463
f 1594/913/1461 1586/905/1453 1584/903/1451
f 1594/913/1461 1584/903/1451 1595/914/1462
f 1593/912/1460 1588/907/1455 1586/905/1453
f 1593/912/1460 1586/905/1453 1594/913/1461
f 1592/911/1459 1590/909/1457 1588/907/1455
f 1592/911/1459 1588/907/1455 1593/912/1460
f 1597/916/1464 1580/899/1447 1578/897/1445
f 1597/916/1464 1578/897/1445 1598/917/1465
f 1598/917/1465 1578/897/1445 1576/895/1443
f 1598/917/1465 1576/895/1443 1599/918/1466
f 1599/918/1466 1576/895/1443 1574/893/1441
f 1599/918/1466 1574/893/1441 1600/919/1467
f 1600/919/1467 1574/893/1441 1571/890/1438
f 1600/919/1467 1571/890/1438 1601/920/1468
f 1601/920/1468 1571/890/1438 1573/892/1440
f 1573/892/1440 1602/921/1469 1603/922/1470
f 1604/923/1471 1603/922/1470 1602/921/1469
f 1604/923/1471 1602/921/1469 1605/924/1472
f 1606/925/1473 1604/923/1471 1605/924/1472
f 1606/925/1473 1605/924/1472 1607/926/1474
f 1608/927/1475 1606/925/1473 1607/926/1474
f 1608/927/1475 1607/926/1474 1609/928/1476
f 1610/929/1477 1608/927/1475 1609/928/1476
f 1610/929/1477 1609/928/1476 1611/930/1478
f 1573/892/1440 1583/902/1450 1612/931/1479
f 1613/932/1480 1612/931/1479 1583/902/1450
f 1613/932/1480 1583/902/1450 1585/904/1452
f 1614/933/1481 1613/932/1480 1585/904/1452
f 1614/933/1481 1585/904/1452 1587/906/1454
f 1615/934/1482 1614/933/1481 1587/906/1454
f 1615/934/1482 1587/906/1454 1589/908/1456
f 1616/935/1483 1615/934/1482 1589/908/1456
f 1616/935/1483 1589/908/1456 1591/910/1458
f 1611/930/1478 1609/928/1476 1617/936/1484
f 1611/930/1478 1617/936/1484 1618/937/1485
f 1609/928/1476 1607/926/1474 1619/938/1486
f 1609/928/1476 1619/938/1486 1617/936/1484
f 1607/926/1474 1605/924/1472 1620/939/1487
f 1607/926/1474 1620/939/1487 1619/938/1486
f 1605/924/1472 1602/921/1469 1621/940/1488
f 1605/924/1472 1621/940/1488 1620/939/1487
f 1573/892/1440 1621/940/1488 1602/921/1469
f 1573/892/1440 1612/931/1479 1621/940/1488
f 1620/939/1487 1621/940/1488 1612/931/1479
f 1620/939/1487 1612/931/1479 1613/932/1480
f 1619/938/1486 1620/939/1487 1613/932/1480
f 1619/938/1486 1613/932/1480 1614/933/1481
f 1617/936/1484 1619/938/1486 1614/933/1481
f 1617/936/1484 1614/933/1481 1615/934/1482
f 1618/937/1485 1617/936/1484 1615/934/1482
f 1618/937/1485 1615/934/1482 1616/935/1483
f 1597/916/1464 1598/917/1465 1608/927/1475
f 1597/916/1464 1608/927/1475 1610/929/1477
f 1598/917/1465 1599/918/1466 1606/925/1473
f 1598/917/1465 1606/925/1473 1608/927/1475
f 1599/918/1466 1600/919/1467 1604/923/1471
f 1599/918/1466 1604/923/1471 1606/925/1473
f 1600/919/1467 1601/920/1468 1603/922/1470
f 1600/919/1467 1603/922/1470 1604/923/1471
f 1573/892/1440 1603/922/1470 1601/920/1468
f 1622/900/1489 1623/899/1490 1624/941/1491
f 1622/900/1489 1624/941/1491 1625/942/1492
f 1626/911/1493 1622/900/1489 1625/942/1492
f 1626/911/1493 1625/942/1492 1627/943/1494
f 1623/899/1490 1628/916/1495 1629/944/1495
f 1623/899/1490 1629/944/1495 1624/941/1491
f 1630/909/1496 1626/911/1493 1627/943/1494
f 1630/909/1496 1627/943/1494 1631/945/1496
f 1628/916/1495 1632/929/1497 1633/946/1498
f 1628/916/1495 1633/946/1498 1629/944/1495
f 1634/910/1499 1630/909/1496 1631/945/1496
f 1634/910/1499 1631/945/1496 1635/947/1499
f 1632/929/1497 1636/930/1500 1637/948/1501
f 1632/929/1497 1637/948/1501 1633/946/1498
f 1638/935/1502 1634/910/1499 1635/947/1499
f 1638/935/1502 1635/947/1499 1639/949/1502
f 1636/930/1500 1640/937/1503 1641/950/1504
f 1636/930/1500 1641/950/1504 1637/948/1501
f 1640/937/1503 1638/935/1502 1639/949/1502
f 1640/937/1503 1639/949/1502 1641/950/1504
o defaultMaterial.004
v -0.706372 8.164330 -6.017002
v -0.383085 8.351448 -6.017002
v -0.383085 6.326285 -6.017002
v -0.706372 6.513402 -6.017002
v 0.000000 6.261301 -6.017002
v 0.000000 8.416433 -6.017002
v -0.946324 7.877650 -6.017002
v -0.946324 6.800084 -6.017002
v -1.074000 7.525984 -6.017002
v -1.074000 7.151750 -6.017002
v 0.946324 7.877650 -6.017002
v 0.946324 6.800084 -6.017002
v 0.706372 6.513402 -6.017002
v 0.706372 8.164330 -6.017002
v 0.383085 8.351448 -6.017002
v 0.383085 6.326285 -6.017002
v 1.074000 7.525984 -6.017002
v 1.074000 7.151750 -6.017002
vn -0.0000 -0.0000 -1.0000
vt 0.827763 0.116978
vt 0.677755 0.030154
vt 0.677755 0.969846
vt 0.827763 0.883022
vt 0.500000 1.000000
vt 0.500000 0.000000
vt 0.939102 0.250000
vt 0.939102 0.750000
vt 0.998345 0.413176
vt 0.998345 0.586824
vt 0.060898 0.250000
vt 0.060898 0.750000
vt 0.172237 0.883022
vt 0.172237 0.116978
vt 0.322245 0.030154
vt 0.322245 0.969846
vt 0.001655 0.413176
vt 0.001655 0.586824
s 0
usemtl defaultMaterial_1
f 1642/951/1505 1643/952/1505 1644/953/1505
f 1642/951/1505 1644/953/1505 1645/954/1505
f 1646/955/1505 1644/953/1505 1643/952/1505
f 1646/955/1505 1643/952/1505 1647/956/1505
f 1648/957/1505 1642/951/1505 1645/954/1505
f 1648/957/1505 1645/954/1505 1649/958/1505
f 1650/959/1505 1648/957/1505 1649/958/1505
f 1650/959/1505 1649/958/1505 1651/960/1505
f 1652/961/1505 1653/962/1505 1654/963/1505
f 1652/961/1505 1654/963/1505 1655/964/1505
f 1646/955/1505 1647/956/1505 1656/965/1505
f 1646/955/1505 1656/965/1505 1657/966/1505
f 1655/964/1505 1654/963/1505 1657/966/1505
f 1655/964/1505 1657/966/1505 1656/965/1505
f 1658/967/1505 1659/968/1505 1653/962/1505
f 1658/967/1505 1653/962/1505 1652/961/1505
o defaultMaterial.005
v 0.495901 5.808496 2.801418
v 0.011809 5.751474 2.774192
v 0.011809 5.703248 2.499265
v 0.540446 5.765518 2.528996
v 0.423826 6.089572 2.839403
v 0.423826 6.089572 2.839403
v 0.011809 6.041040 2.816231
v 0.011809 6.041040 2.816231
v 0.423826 6.220308 2.590458
v 0.011809 6.171776 2.567286
v 0.495901 6.020030 2.398616
v 0.011809 5.963009 2.371390
v 0.946988 5.975677 2.881241
v 1.033042 5.948082 2.616164
v 0.807750 6.231861 2.907341
v 0.807750 6.231861 2.907341
v 0.807750 6.362597 2.658396
v 0.946988 6.187212 2.478439
v 1.334346 6.241623 3.008219
v 1.456044 6.238500 2.754827
v 1.137433 6.458210 3.015414
v 1.137433 6.458210 3.015414
v 1.137433 6.588945 2.766469
v 1.334346 6.453157 2.605417
v 1.631575 6.588210 3.173701
v 1.780625 6.616981 2.935537
v 1.390407 6.753192 3.156257
v 1.390407 6.753192 3.156257
v 1.390407 6.883928 2.907312
v 1.631575 6.799744 2.770899
v 1.818422 6.991820 3.366410
v 1.984665 7.057730 3.145979
v 1.549434 7.096708 3.320273
v 1.549434 7.096708 3.320273
v 1.549434 7.227443 3.071326
v 1.818422 7.203354 2.963608
v 1.882151 7.424945 3.573211
v 2.054260 7.530713 3.371809
v 1.603675 7.465345 3.496282
v 1.603675 7.465345 3.496282
v 1.603675 7.596081 3.247337
v 1.882151 7.636480 3.170409
v 0.011809 9.358178 4.244354
v 0.540446 9.295909 4.214623
v 0.495901 9.252930 3.942202
v 0.011809 9.309952 3.969427
v 0.423826 8.971853 3.904216
v 0.011809 9.020385 3.927388
v 0.423826 8.841119 4.153162
v 0.423826 8.841119 4.153162
v 0.011809 8.889649 4.176333
v 0.011809 8.889649 4.176333
v 0.495901 9.041395 4.345003
v 0.011809 9.098417 4.372230
v 1.033042 9.113345 4.127456
v 0.946988 9.085749 3.862380
v 0.807750 8.829564 3.836279
v 0.807750 8.698830 4.085224
v 0.807750 8.698830 4.085224
v 0.946988 8.874215 4.265181
v 1.456044 8.822927 3.988792
v 1.334346 8.819804 3.735400
v 1.137433 8.603217 3.728206
v 1.137433 8.472481 3.977152
v 1.137433 8.472481 3.977152
v 1.334346 8.608269 4.138203
v 1.780625 8.444446 3.808082
v 1.631575 8.473216 3.569918
v 1.390407 8.308233 3.587362
v 1.390407 8.177497 3.836308
v 1.390407 8.177497 3.836308
v 1.631575 8.261682 3.972720
v 1.984665 8.003696 3.597641
v 1.818422 8.069607 3.377210
v 1.549434 7.964718 3.423347
v 1.549434 7.833982 3.672293
v 1.549434 7.833982 3.672293
v 1.818422 7.858072 3.780012
v -0.472283 5.808496 2.801418
v -0.516827 5.765518 2.528996
v -0.400207 6.089572 2.839403
v -0.400207 6.089572 2.839403
v -0.400207 6.220308 2.590458
v -0.472283 6.020030 2.398616
v -0.923370 5.975677 2.881241
v -1.009424 5.948082 2.616164
v -0.784131 6.231861 2.907341
v -0.784131 6.231861 2.907341
v -0.784131 6.362597 2.658396
v -0.923370 6.187212 2.478439
v -1.310727 6.241623 3.008219
v -1.432426 6.238500 2.754827
v -1.113814 6.458210 3.015414
v -1.113814 6.458210 3.015414
v -1.113814 6.588945 2.766469
v -1.310727 6.453157 2.605417
v -1.607957 6.588210 3.173701
v -1.757007 6.616981 2.935537
v -1.366788 6.753192 3.156257
v -1.366788 6.753192 3.156257
v -1.366788 6.883928 2.907312
v -1.607957 6.799744 2.770899
v -1.794803 6.991820 3.366410
v -1.961047 7.057730 3.145979
v -1.525815 7.096708 3.320273
v -1.525815 7.096708 3.320273
v -1.525815 7.227443 3.071326
v -1.794803 7.203354 2.963608
v -1.858533 7.424945 3.573211
v -2.030641 7.530713 3.371809
v -1.580056 7.465345 3.496282
v -1.580056 7.465345 3.496282
v -1.580056 7.596081 3.247337
v -1.858533 7.636480 3.170409
v -0.472283 9.252930 3.942202
v -0.516827 9.295909 4.214623
v -0.400207 8.971853 3.904216
v -0.400207 8.841119 4.153162
v -0.400207 8.841119 4.153162
v -0.472283 9.041395 4.345003
v -0.923370 9.085749 3.862380
v -1.009424 9.113345 4.127456
v -0.784131 8.829564 3.836279
v -0.784131 8.698830 4.085224
v -0.784131 8.698830 4.085224
v -0.923370 8.874215 4.265181
v -1.310727 8.819804 3.735400
v -1.432426 8.822927 3.988792
v -1.113814 8.603217 3.728206
v -1.113814 8.472481 3.977152
v -1.113814 8.472481 3.977152
v -1.310727 8.608269 4.138203
v -1.607957 8.473216 3.569918
v -1.757007 8.444446 3.808082
v -1.366788 8.308233 3.587362
v -1.366788 8.177497 3.836308
v -1.366788 8.177497 3.836308
v -1.607957 8.261682 3.972720
v -1.794803 8.069607 3.377210
v -1.961047 8.003696 3.597641
v -1.525815 7.964718 3.423347
v -1.525815 7.833982 3.672293
v -1.525815 7.833982 3.672293
v -1.794803 7.858072 3.780012
vn 0.0815 -0.6854 0.7236
vn -0.0000 -0.6953 0.7187
vn -0.0000 -0.8916 -0.4529
vn 0.2568 -0.8617 -0.4376
vn -0.2035 0.4284 0.8804
vn -0.0000 0.4518 0.8921
vn -0.2096 0.9608 -0.1815
vn -0.0000 0.9856 -0.1689
vn -0.2035 0.4283 0.8804
vn 0.0750 0.1575 -0.9847
vn -0.0000 0.1490 -0.9888
vn 0.1569 -0.6562 0.7381
vn 0.4968 -0.7738 -0.3930
vn -0.3943 0.3593 0.8458
vn -0.4049 0.8879 -0.2184
vn 0.1457 0.1825 -0.9724
vn 0.2207 -0.6101 0.7610
vn 0.7041 -0.6332 -0.3215
vn -0.5601 0.2485 0.7903
vn -0.5723 0.7718 -0.2771
vn -0.5601 0.2484 0.7903
vn 0.2078 0.2228 -0.9525
vn 0.2683 -0.5507 0.7904
vn 0.8642 -0.4487 -0.2277
vn -0.6894 0.1024 0.7171
vn -0.7001 0.6204 -0.3535
vn -0.6894 0.1023 0.7171
vn 0.2571 0.2765 -0.9260
vn 0.2965 -0.4825 0.8242
vn 0.9654 -0.2326 -0.1181
vn -0.7729 -0.0697 0.6307
vn -0.7791 0.4444 -0.4422
vn -0.7729 -0.0698 0.6307
vn 0.2900 0.3404 -0.8944
vn 0.3037 -0.4107 0.8597
vn 1.0000 -0.0000 -0.0000
vn -0.8038 -0.2563 0.5369
vn -0.8038 0.2564 -0.5369
vn -0.8037 -0.2564 0.5369
vn 0.3037 0.4107 -0.8597
vn -0.0000 0.8915 0.4529
vn 0.2567 0.8617 0.4377
vn 0.0815 0.6854 -0.7236
vn -0.0000 0.6953 -0.7187
vn -0.2035 -0.4284 -0.8804
vn -0.0000 -0.4518 -0.8921
vn -0.2096 -0.9608 0.1815
vn -0.0000 -0.9856 0.1689
vn -0.2096 -0.9608 0.1814
vn 0.0750 -0.1575 0.9847
vn -0.0000 -0.1490 0.9888
vn 0.4968 0.7738 0.3930
vn 0.1569 0.6562 -0.7381
vn -0.3943 -0.3593 -0.8458
vn -0.4049 -0.8879 0.2184
vn -0.4049 -0.8879 0.2183
vn 0.1457 -0.1825 0.9723
vn 0.7040 0.6332 0.3216
vn 0.2207 0.6101 -0.7610
vn -0.5601 -0.2484 -0.7903
vn -0.5723 -0.7718 0.2771
vn -0.5724 -0.7718 0.2770
vn 0.2078 -0.2228 0.9525
vn 0.8642 0.4487 0.2277
vn 0.2683 0.5507 -0.7904
vn -0.6894 -0.1024 -0.7171
vn -0.7001 -0.6204 0.3535
vn 0.2571 -0.2765 0.9260
vn 0.9654 0.2326 0.1181
vn 0.2965 0.4825 -0.8242
vn -0.7729 0.0698 -0.6307
vn -0.7791 -0.4444 0.4422
vn 0.2900 -0.3404 0.8944
vn -0.0815 -0.6854 0.7236
vn -0.2568 -0.8617 -0.4376
vn 0.2036 0.4284 0.8804
vn 0.2096 0.9608 -0.1815
vn 0.2035 0.4283 0.8804
vn -0.0747 0.1574 -0.9847
vn -0.1569 -0.6562 0.7381
vn -0.4968 -0.7738 -0.3930
vn 0.3944 0.3593 0.8458
vn 0.4049 0.8879 -0.2184
vn 0.3943 0.3593 0.8458
vn -0.1453 0.1822 -0.9725
vn -0.2207 -0.6101 0.7609
vn -0.7040 -0.6332 -0.3216
vn 0.5601 0.2484 0.7903
vn 0.5723 0.7718 -0.2771
vn -0.2074 0.2225 -0.9526
vn -0.2683 -0.5507 0.7904
vn -0.8642 -0.4487 -0.2277
vn 0.6895 0.1023 0.7171
vn 0.7001 0.6204 -0.3535
vn 0.6894 0.1023 0.7171
vn -0.2569 0.2762 -0.9261
vn -0.2965 -0.4825 0.8242
vn -0.9654 -0.2326 -0.1182
vn 0.7729 -0.0698 0.6306
vn 0.7791 0.4444 -0.4422
vn 0.7729 -0.0698 0.6307
vn -0.2900 0.3405 -0.8944
vn -0.3037 -0.4107 0.8597
vn -1.0000 -0.0000 -0.0000
vn 0.8038 -0.2564 0.5368
vn 0.8038 0.2564 -0.5369
vn 0.8037 -0.2564 0.5369
vn -0.3037 0.4111 -0.8595
vn -0.0815 0.6854 -0.7236
vn -0.2568 0.8617 0.4376
vn 0.2035 -0.4284 -0.8804
vn 0.2096 -0.9608 0.1815
vn -0.0750 -0.1575 0.9847
vn 0.2096 -0.9608 0.1814
vn -0.1569 0.6562 -0.7381
vn -0.4968 0.7738 0.3930
vn 0.3943 -0.3593 -0.8458
vn 0.4049 -0.8879 0.2184
vn -0.1457 -0.1825 0.9723
vn 0.4049 -0.8879 0.2183
vn -0.2207 0.6101 -0.7610
vn -0.7041 0.6332 0.3215
vn 0.5601 -0.2484 -0.7903
vn 0.5723 -0.7718 0.2771
vn -0.2078 -0.2228 0.9525
vn 0.5723 -0.7718 0.2770
vn -0.2683 0.5507 -0.7904
vn -0.8641 0.4487 0.2279
vn 0.6894 -0.1024 -0.7171
vn 0.7001 -0.6204 0.3535
vn -0.2571 -0.2765 0.9260
vn 0.7001 -0.6204 0.3534
vn -0.2965 0.4825 -0.8242
vn -0.9654 0.2326 0.1177
vn 0.7729 0.0698 -0.6307
vn 0.7790 -0.4444 0.4422
vn -0.2900 -0.3404 0.8944
vn 0.7791 -0.4444 0.4422
vt 0.279844 0.056363
vt 0.298557 0.056363
vt 0.298557 0.064456
vt 0.279844 0.064456
vt 0.279844 0.048269
vt 0.298557 0.048269
vt 0.298557 0.040175
vt 0.279844 0.040175
vt 0.261132 0.056363
vt 0.261132 0.064456
vt 0.261132 0.048269
vt 0.261132 0.040175
vt 0.242420 0.056363
vt 0.242420 0.064456
vt 0.242420 0.048269
vt 0.242420 0.040175
vt 0.223708 0.056363
vt 0.223708 0.064456
vt 0.223708 0.048269
vt 0.223708 0.040175
vt 0.204995 0.056363
vt 0.204995 0.064456
vt 0.204995 0.048269
vt 0.204995 0.040175
vt 0.186283 0.056363
vt 0.186283 0.064456
vt 0.186283 0.048269
vt 0.186283 0.040175
vt 0.074008 0.064456
vt 0.092721 0.064456
vt 0.092721 0.056363
vt 0.074008 0.056363
vt 0.092721 0.048269
vt 0.074008 0.048269
vt 0.092721 0.040175
vt 0.074008 0.040175
vt 0.111433 0.064456
vt 0.111433 0.056363
vt 0.111433 0.048269
vt 0.111433 0.040175
vt 0.130146 0.064456
vt 0.130146 0.056363
vt 0.130146 0.048269
vt 0.130146 0.040175
vt 0.148858 0.064456
vt 0.148858 0.056363
vt 0.148858 0.048269
vt 0.148858 0.040175
vt 0.167570 0.064456
vt 0.167570 0.056363
vt 0.167570 0.048269
vt 0.167570 0.040175
s 1
usemtl defaultMaterial
f 1660/969/1506 1661/970/1507 1662/971/1508
f 1660/969/1506 1662/971/1508 1663/972/1509
f 1664/973/1510 1666/974/1511 1661/970/1507
f 1664/973/1510 1661/970/1507 1660/969/1506
f 1668/973/1512 1669/974/1513 1667/975/1511
f 1668/973/1512 1667/975/1511 1665/976/1514
f 1670/969/1515 1671/970/1516 1669/974/1513
f 1670/969/1515 1669/974/1513 1668/973/1512
f 1663/972/1509 1662/971/1508 1671/970/1516
f 1663/972/1509 1671/970/1516 1670/969/1515
f 1672/977/1517 1660/969/1506 1663/972/1509
f 1672/977/1517 1663/972/1509 1673/978/1518
f 1674/979/1519 1664/973/1510 1660/969/1506
f 1674/979/1519 1660/969/1506 1672/977/1517
f 1676/979/1520 1668/973/1512 1665/976/1514
f 1676/979/1520 1665/976/1514 1675/980/1519
f 1677/977/1521 1670/969/1515 1668/973/1512
f 1677/977/1521 1668/973/1512 1676/979/1520
f 1673/978/1518 1663/972/1509 1670/969/1515
f 1673/978/1518 1670/969/1515 1677/977/1521
f 1678/981/1522 1672/977/1517 1673/978/1518
f 1678/981/1522 1673/978/1518 1679/982/1523
f 1680/983/1524 1674/979/1519 1672/977/1517
f 1680/983/1524 1672/977/1517 1678/981/1522
f 1682/983/1525 1676/979/1520 1675/980/1519
f 1682/983/1525 1675/980/1519 1681/984/1526
f 1683/981/1527 1677/977/1521 1676/979/1520
f 1683/981/1527 1676/979/1520 1682/983/1525
f 1679/982/1523 1673/978/1518 1677/977/1521
f 1679/982/1523 1677/977/1521 1683/981/1527
f 1684/985/1528 1678/981/1522 1679/982/1523
f 1684/985/1528 1679/982/1523 1685/986/1529
f 1686/987/1530 1680/983/1524 1678/981/1522
f 1686/987/1530 1678/981/1522 1684/985/1528
f 1688/987/1531 1682/983/1525 1681/984/1526
f 1688/987/1531 1681/984/1526 1687/988/1532
f 1689/985/1533 1683/981/1527 1682/983/1525
f 1689/985/1533 1682/983/1525 1688/987/1531
f 1685/986/1529 1679/982/1523 1683/981/1527
f 1685/986/1529 1683/981/1527 1689/985/1533
f 1690/989/1534 1684/985/1528 1685/986/1529
f 1690/989/1534 1685/986/1529 1691/990/1535
f 1692/991/1536 1686/987/1530 1684/985/1528
f 1692/991/1536 1684/985/1528 1690/989/1534
f 1694/991/1537 1688/987/1531 1687/988/1532
f 1694/991/1537 1687/988/1532 1693/992/1538
f 1695/989/1539 1689/985/1533 1688/987/1531
f 1695/989/1539 1688/987/1531 1694/991/1537
f 1691/990/1535 1685/986/1529 1689/985/1533
f 1691/990/1535 1689/985/1533 1695/989/1539
f 1696/993/1540 1690/989/1534 1691/990/1535
f 1696/993/1540 1691/990/1535 1697/994/1541
f 1698/995/1542 1692/991/1536 1690/989/1534
f 1698/995/1542 1690/989/1534 1696/993/1540
f 1700/995/1543 1694/991/1537 1693/992/1538
f 1700/995/1543 1693/992/1538 1699/996/1544
f 1701/993/1545 1695/989/1539 1694/991/1537
f 1701/993/1545 1694/991/1537 1700/995/1543
f 1697/994/1541 1691/990/1535 1695/989/1539
f 1697/994/1541 1695/989/1539 1701/993/1545
f 1702/997/1546 1703/998/1547 1704/999/1548
f 1702/997/1546 1704/999/1548 1705/1000/1549
f 1705/1000/1549 1704/999/1548 1706/1001/1550
f 1705/1000/1549 1706/1001/1550 1707/1002/1551
f 1707/1002/1551 1706/1001/1550 1708/1003/1552
f 1707/1002/1551 1708/1003/1552 1710/1004/1553
f 1711/1002/1553 1709/1001/1554 1712/999/1555
f 1711/1002/1553 1712/999/1555 1713/1000/1556
f 1713/1000/1556 1712/999/1555 1703/998/1547
f 1713/1000/1556 1703/998/1547 1702/997/1546
f 1703/998/1547 1714/1005/1557 1715/1006/1558
f 1703/998/1547 1715/1006/1558 1704/999/1548
f 1704/999/1548 1715/1006/1558 1716/1007/1559
f 1704/999/1548 1716/1007/1559 1706/1001/1550
f 1706/1001/1550 1716/1007/1559 1717/1008/1560
f 1706/1001/1550 1717/1008/1560 1708/1003/1552
f 1709/1001/1554 1718/1007/1561 1719/1006/1562
f 1709/1001/1554 1719/1006/1562 1712/999/1555
f 1712/999/1555 1719/1006/1562 1714/1005/1557
f 1712/999/1555 1714/1005/1557 1703/998/1547
f 1714/1005/1557 1720/1009/1563 1721/1010/1564
f 1714/1005/1557 1721/1010/1564 1715/1006/1558
f 1715/1006/1558 1721/1010/1564 1722/1011/1565
f 1715/1006/1558 1722/1011/1565 1716/1007/1559
f 1716/1007/1559 1722/1011/1565 1723/1012/1566
f 1716/1007/1559 1723/1012/1566 1717/1008/1560
f 1718/1007/1561 1724/1011/1567 1725/1010/1568
f 1718/1007/1561 1725/1010/1568 1719/1006/1562
f 1719/1006/1562 1725/1010/1568 1720/1009/1563
f 1719/1006/1562 1720/1009/1563 1714/1005/1557
f 1720/1009/1563 1726/1013/1569 1727/1014/1570
f 1720/1009/1563 1727/1014/1570 1721/1010/1564
f 1721/1010/1564 1727/1014/1570 1728/1015/1571
f 1721/1010/1564 1728/1015/1571 1722/1011/1565
f 1722/1011/1565 1728/1015/1571 1729/1016/1572
f 1722/1011/1565 1729/1016/1572 1723/1012/1566
f 1724/1011/1567 1730/1015/1572 1731/1014/1573
f 1724/1011/1567 1731/1014/1573 1725/1010/1568
f 1725/1010/1568 1731/1014/1573 1726/1013/1569
f 1725/1010/1568 1726/1013/1569 1720/1009/1563
f 1726/1013/1569 1732/1017/1574 1733/1018/1575
f 1726/1013/1569 1733/1018/1575 1727/1014/1570
f 1727/1014/1570 1733/1018/1575 1734/1019/1576
f 1727/1014/1570 1734/1019/1576 1728/1015/1571
f 1728/1015/1571 1734/1019/1576 1735/1020/1577
f 1728/1015/1571 1735/1020/1577 1729/1016/1572
f 1730/1015/1572 1736/1019/1577 1737/1018/1578
f 1730/1015/1572 1737/1018/1578 1731/1014/1573
f 1731/1014/1573 1737/1018/1578 1732/1017/1574
f 1731/1014/1573 1732/1017/1574 1726/1013/1569
f 1732/1017/1574 1697/994/1541 1701/993/1545
f 1732/1017/1574 1701/993/1545 1733/1018/1575
f 1733/1018/1575 1701/993/1545 1700/995/1543
f 1733/1018/1575 1700/995/1543 1734/1019/1576
f 1734/1019/1576 1700/995/1543 1699/996/1544
f 1734/1019/1576 1699/996/1544 1735/1020/1577
f 1736/1019/1577 1698/995/1542 1696/993/1540
f 1736/1019/1577 1696/993/1540 1737/1018/1578
f 1737/1018/1578 1696/993/1540 1697/994/1541
f 1737/1018/1578 1697/994/1541 1732/1017/1574
f 1738/969/1579 1739/972/1580 1662/971/1508
f 1738/969/1579 1662/971/1508 1661/970/1507
f 1740/973/1581 1738/969/1579 1661/970/1507
f 1740/973/1581 1661/970/1507 1666/974/1511
f 1742/973/1582 1741/976/1583 1667/975/1511
f 1742/973/1582 1667/975/1511 1669/974/1513
f 1743/969/1584 1742/973/1582 1669/974/1513
f 1743/969/1584 1669/974/1513 1671/970/1516
f 1739/972/1580 1743/969/1584 1671/970/1516
f 1739/972/1580 1671/970/1516 1662/971/1508
f 1744/977/1585 1745/978/1586 1739/972/1580
f 1744/977/1585 1739/972/1580 1738/969/1579
f 1746/979/1587 1744/977/1585 1738/969/1579
f 1746/979/1587 1738/969/1579 1740/973/1581
f 1748/979/1588 1747/980/1589 1741/976/1583
f 1748/979/1588 1741/976/1583 1742/973/1582
f 1749/977/1590 1748/979/1588 1742/973/1582
f 1749/977/1590 1742/973/1582 1743/969/1584
f 1745/978/1586 1749/977/1590 1743/969/1584
f 1745/978/1586 1743/969/1584 1739/972/1580
f 1750/981/1591 1751/982/1592 1745/978/1586
f 1750/981/1591 1745/978/1586 1744/977/1585
f 1752/983/1593 1750/981/1591 1744/977/1585
f 1752/983/1593 1744/977/1585 1746/979/1587
f 1754/983/1594 1753/984/1593 1747/980/1589
f 1754/983/1594 1747/980/1589 1748/979/1588
f 1755/981/1595 1754/983/1594 1748/979/1588
f 1755/981/1595 1748/979/1588 1749/977/1590
f 1751/982/1592 1755/981/1595 1749/977/1590
f 1751/982/1592 1749/977/1590 1745/978/1586
f 1756/985/1596 1757/986/1597 1751/982/1592
f 1756/985/1596 1751/982/1592 1750/981/1591
f 1758/987/1598 1756/985/1596 1750/981/1591
f 1758/987/1598 1750/981/1591 1752/983/1593
f 1760/987/1599 1759/988/1600 1753/984/1593
f 1760/987/1599 1753/984/1593 1754/983/1594
f 1761/985/1601 1760/987/1599 1754/983/1594
f 1761/985/1601 1754/983/1594 1755/981/1595
f 1757/986/1597 1761/985/1601 1755/981/1595
f 1757/986/1597 1755/981/1595 1751/982/1592
f 1762/989/1602 1763/990/1603 1757/986/1597
f 1762/989/1602 1757/986/1597 1756/985/1596
f 1764/991/1604 1762/989/1602 1756/985/1596
f 1764/991/1604 1756/985/1596 1758/987/1598
f 1766/991/1605 1765/992/1606 1759/988/1600
f 1766/991/1605 1759/988/1600 1760/987/1599
f 1767/989/1607 1766/991/1605 1760/987/1599
f 1767/989/1607 1760/987/1599 1761/985/1601
f 1763/990/1603 1767/989/1607 1761/985/1601
f 1763/990/1603 1761/985/1601 1757/986/1597
f 1768/993/1608 1769/994/1609 1763/990/1603
f 1768/993/1608 1763/990/1603 1762/989/1602
f 1770/995/1610 1768/993/1608 1762/989/1602
f 1770/995/1610 1762/989/1602 1764/991/1604
f 1772/995/1611 1771/996/1612 1765/992/1606
f 1772/995/1611 1765/992/1606 1766/991/1605
f 1773/993/1613 1772/995/1611 1766/991/1605
f 1773/993/1613 1766/991/1605 1767/989/1607
f 1769/994/1609 1773/993/1613 1767/989/1607
f 1769/994/1609 1767/989/1607 1763/990/1603
f 1702/997/1546 1705/1000/1549 1774/999/1614
f 1702/997/1546 1774/999/1614 1775/998/1615
f 1705/1000/1549 1707/1002/1551 1776/1001/1616
f 1705/1000/1549 1776/1001/1616 1774/999/1614
f 1707/1002/1551 1710/1004/1553 1777/1003/1617
f 1707/1002/1551 1777/1003/1617 1776/1001/1616
f 1711/1002/1553 1713/1000/1556 1779/999/1618
f 1711/1002/1553 1779/999/1618 1778/1001/1619
f 1713/1000/1556 1702/997/1546 1775/998/1615
f 1713/1000/1556 1775/998/1615 1779/999/1618
f 1775/998/1615 1774/999/1614 1780/1006/1620
f 1775/998/1615 1780/1006/1620 1781/1005/1621
f 1774/999/1614 1776/1001/1616 1782/1007/1622
f 1774/999/1614 1782/1007/1622 1780/1006/1620
f 1776/1001/1616 1777/1003/1617 1783/1008/1623
f 1776/1001/1616 1783/1008/1623 1782/1007/1622
f 1778/1001/1619 1779/999/1618 1785/1006/1624
f 1778/1001/1619 1785/1006/1624 1784/1007/1625
f 1779/999/1618 1775/998/1615 1781/1005/1621
f 1779/999/1618 1781/1005/1621 1785/1006/1624
f 1781/1005/1621 1780/1006/1620 1786/1010/1626
f 1781/1005/1621 1786/1010/1626 1787/1009/1627
f 1780/1006/1620 1782/1007/1622 1788/1011/1628
f 1780/1006/1620 1788/1011/1628 1786/1010/1626
f 1782/1007/1622 1783/1008/1623 1789/1012/1629
f 1782/1007/1622 1789/1012/1629 1788/1011/1628
f 1784/1007/1625 1785/1006/1624 1791/1010/1630
f 1784/1007/1625 1791/1010/1630 1790/1011/1631
f 1785/1006/1624 1781/1005/1621 1787/1009/1627
f 1785/1006/1624 1787/1009/1627 1791/1010/1630
f 1787/1009/1627 1786/1010/1626 1792/1014/1632
f 1787/1009/1627 1792/1014/1632 1793/1013/1633
f 1786/1010/1626 1788/1011/1628 1794/1015/1634
f 1786/1010/1626 1794/1015/1634 1792/1014/1632
f 1788/1011/1628 1789/1012/1629 1795/1016/1635
f 1788/1011/1628 1795/1016/1635 1794/1015/1634
f 1790/1011/1631 1791/1010/1630 1797/1014/1636
f 1790/1011/1631 1797/1014/1636 1796/1015/1637
f 1791/1010/1630 1787/1009/1627 1793/1013/1633
f 1791/1010/1630 1793/1013/1633 1797/1014/1636
f 1793/1013/1633 1792/1014/1632 1798/1018/1638
f 1793/1013/1633 1798/1018/1638 1799/1017/1639
f 1792/1014/1632 1794/1015/1634 1800/1019/1640
f 1792/1014/1632 1800/1019/1640 1798/1018/1638
f 1794/1015/1634 1795/1016/1635 1801/1020/1641
f 1794/1015/1634 1801/1020/1641 1800/1019/1640
f 1796/1015/1637 1797/1014/1636 1803/1018/1642
f 1796/1015/1637 1803/1018/1642 1802/1019/1643
f 1797/1014/1636 1793/1013/1633 1799/1017/1639
f 1797/1014/1636 1799/1017/1639 1803/1018/1642
f 1799/1017/1639 1798/1018/1638 1773/993/1613
f 1799/1017/1639 1773/993/1613 1769/994/1609
f 1798/1018/1638 1800/1019/1640 1772/995/1611
f 1798/1018/1638 1772/995/1611 1773/993/1613
f 1800/1019/1640 1801/1020/1641 1771/996/1612
f 1800/1019/1640 1771/996/1612 1772/995/1611
f 1802/1019/1643 1803/1018/1642 1768/993/1608
f 1802/1019/1643 1768/993/1608 1770/995/1610
f 1803/1018/1642 1799/1017/1639 1769/994/1609
f 1803/1018/1642 1769/994/1609 1768/993/1608
o defaultMaterial.006
v 0.223186 6.507898 2.982112
v 0.000000 6.507898 2.982112
v 0.000000 5.852551 2.740593
v 0.134862 5.874802 2.696836
v -0.616031 7.310432 3.351538
v -0.616031 7.360011 3.254034
v -0.373226 7.079990 3.125134
v -0.373226 7.030410 3.222637
v -0.223186 6.507898 2.982112
v -0.223186 6.557478 2.884609
v -0.134862 5.929029 2.590192
v -0.134862 5.929029 2.590192
v -0.134862 5.874802 2.696836
v 1.705305 7.135572 3.307781
v 1.705305 7.494474 3.472992
v 1.705305 7.494474 3.472992
v 0.889459 7.828533 3.590031
v 0.956220 7.311700 3.352121
v 0.223186 6.557478 2.884609
v 0.134862 5.929029 2.590192
v 0.134862 5.929029 2.590192
v 0.000000 5.951279 2.546435
v 0.000000 6.557478 2.884609
v 0.581045 7.916423 3.630490
v 0.616031 7.310432 3.351538
v -0.616031 7.310432 3.351538
v -0.373226 7.030410 3.222637
v 0.000000 7.030410 3.222637
v 0.000000 7.310432 3.351538
v 0.000000 8.040358 3.687540
v 0.956220 7.361279 3.254618
v 0.889459 7.878113 3.492528
v 1.705305 7.574327 3.315953
v 1.705305 7.215424 3.150741
v 1.705305 7.135572 3.307781
v 0.956220 7.311700 3.352121
v 0.956220 7.361279 3.254618
v 1.705305 7.215424 3.150741
v 0.373226 7.030410 3.222637
v -0.889459 7.878113 3.492528
v -1.705305 7.574327 3.315953
v -1.705305 7.494474 3.472992
v -1.705305 7.494474 3.472992
v -0.889459 7.828533 3.590031
v 0.889459 7.878113 3.492528
v 0.889459 7.828533 3.590031
v -0.581045 7.916423 3.630490
v 0.000000 8.040358 3.687540
v 0.000000 8.089937 3.590037
v -0.581045 7.966002 3.532987
v -0.581045 7.916423 3.630490
v 0.616031 7.310432 3.351538
v 0.616031 7.360011 3.254034
v 0.373226 7.030410 3.222637
v 0.373226 7.079990 3.125134
v 0.223186 6.507898 2.982112
v 0.223186 6.557478 2.884609
v -0.956220 7.311700 3.352121
v -1.705305 7.135572 3.307781
v -1.705305 7.215424 3.150741
v -0.956220 7.361279 3.254618
v 0.000000 8.089937 3.590037
v 0.581045 7.966002 3.532987
v 0.616031 7.360011 3.254034
v -0.223186 6.557478 2.884609
v -0.373226 7.079990 3.125134
v 0.000000 7.079990 3.125134
v 0.373226 7.079990 3.125134
v 0.000000 7.360011 3.254034
v -1.705305 7.135572 3.307781
v -0.956220 7.311700 3.352121
v -0.889459 7.828533 3.590031
v -0.616031 7.360011 3.254034
v 0.581045 7.916423 3.630490
v 0.581045 7.966002 3.532987
v -0.956220 7.361279 3.254618
v -1.705305 7.215424 3.150741
v -0.889459 7.878113 3.492528
v -0.581045 7.966002 3.532987
v -0.223186 6.507898 2.982112
v 0.618950 7.235038 3.364889
v 0.642951 7.356761 3.420435
v 0.001980 7.356576 3.420297
v 0.004715 7.234861 3.364757
v -0.658701 7.539303 3.504788
v -0.540199 7.780346 3.616323
v -0.538129 7.903952 3.410468
v -0.671278 7.662909 3.298934
v -0.538129 7.903952 3.410468
v 0.004108 7.904098 3.410578
v 0.004041 7.663092 3.299070
v -0.671278 7.662909 3.298934
v 0.004190 8.197854 3.546492
v 0.004166 8.111959 3.506749
v -0.280396 8.111881 3.506692
v -0.282466 7.988275 3.712547
v -0.280396 8.111881 3.506692
v -0.609519 7.234684 3.364624
v -0.607581 7.358289 3.158769
v 0.006654 7.358467 3.158901
v 0.004715 7.234861 3.364757
v 0.002119 8.074248 3.752346
v 0.004190 8.197854 3.546492
v 0.673945 7.480366 3.214580
v 0.003985 7.480181 3.214442
v 0.679360 7.663273 3.299206
v 0.620888 7.358644 3.159034
v 0.006654 7.358467 3.158901
v -0.638992 7.356391 3.420159
v -0.665976 7.479996 3.214303
v 0.544274 7.780639 3.616541
v 0.546345 7.904244 3.410687
v 0.300567 8.112038 3.506809
v 0.298496 7.988432 3.712664
v -0.609519 7.234684 3.364624
v -0.607581 7.358289 3.158769
v 0.618950 7.235038 3.364889
v 0.620888 7.358644 3.159034
v 0.673945 7.480366 3.214580
v 0.642951 7.356761 3.420435
v 0.662717 7.539669 3.505061
v 0.679360 7.663273 3.299206
v 0.662717 7.539669 3.505061
v 0.002008 7.539486 3.504925
v 0.002119 8.074248 3.752346
v 0.002095 7.988352 3.712604
v 0.298496 7.988432 3.712664
v 0.002037 7.780492 3.616432
v 0.544274 7.780639 3.616541
v -0.540199 7.780346 3.616323
v -0.658701 7.539303 3.504788
v -0.282466 7.988275 3.712547
v -0.638992 7.356391 3.420159
v -0.607581 7.358289 3.158769
v -0.665976 7.479996 3.214303
v 0.620888 7.358644 3.159034
v 0.618950 7.235038 3.364889
v 0.300567 8.112038 3.506809
v 0.546345 7.904244 3.410687
v -0.609519 7.234684 3.364624
vn 0.0679 -0.4015 0.9133
vn -0.0000 -0.4024 0.9154
vn -0.0000 -0.9405 0.3399
vn 0.6153 -0.7569 0.2201
vn -0.4383 -0.8012 -0.4074
vn -0.8954 -0.3969 -0.2018
vn -0.9818 -0.1692 -0.0860
vn -0.9818 -0.1692 -0.0861
vn -0.5998 -0.2978 -0.7426
vn -0.6153 -0.7569 0.2201
vn 0.6915 -0.3040 0.6553
vn 0.6993 0.2062 0.6844
vn -0.0218 -0.4194 0.9075
vn 0.0681 0.4322 -0.8992
vn 0.5999 -0.2978 -0.7426
vn -0.0000 -0.3168 -0.9485
vn -0.0000 0.4332 -0.9013
vn -0.0000 -0.4181 0.9084
vn -0.0218 0.4167 -0.9088
vn 0.7131 0.6511 -0.2598
vn 0.6915 0.3001 -0.6571
vn -0.2301 -0.8675 -0.4411
vn -0.1137 -0.8856 -0.4503
vn -0.3477 0.8358 0.4250
vn -0.7131 0.6511 -0.2598
vn -0.6993 0.2061 0.6844
vn -0.3476 0.8358 0.4250
vn 0.7131 0.6511 -0.2599
vn 0.3477 0.8358 0.4250
vn 0.3475 0.8358 0.4250
vn 0.6994 0.2061 0.6844
vn -0.0000 0.8914 0.4533
vn -0.2637 0.8598 0.4372
vn -0.2639 0.8598 0.4372
vn 0.4383 -0.8012 -0.4074
vn 0.8954 -0.3969 -0.2018
vn 0.9818 -0.1692 -0.0860
vn 0.9818 -0.1692 -0.0861
vn 0.5998 -0.2978 -0.7427
vn 0.1137 -0.8856 -0.4503
vn 0.2301 -0.8675 -0.4411
vn -0.0000 0.4181 -0.9084
vn -0.0681 0.4322 -0.8992
vn -0.6915 -0.3040 0.6553
vn 0.0218 -0.4194 0.9075
vn -0.6993 0.2062 0.6844
vn 0.2639 0.8598 0.4372
vn 0.2637 0.8598 0.4372
vn 0.0218 0.4167 -0.9088
vn -0.6915 0.3001 -0.6571
vn -0.5999 -0.2978 -0.7426
vn -0.0679 -0.4015 0.9133
vn -0.0001 -0.4151 0.9098
vn -0.0001 -0.4177 0.9086
vn -0.0001 -0.4175 0.9087
vn -0.9793 0.1405 0.1456
vn -0.7981 0.5128 0.3163
vn 0.0001 0.4199 -0.9076
vn -0.4986 0.7453 0.4425
vn -0.4986 0.7454 0.4425
vn 0.0004 -0.8573 -0.5148
vn -0.0064 0.8573 0.5147
vn -0.0062 0.8573 0.5147
vn 0.0001 0.4176 -0.9087
vn 0.0001 0.4175 -0.9087
vn 0.0001 0.4151 -0.9098
vn -0.9810 -0.1905 -0.0370
vn 0.8042 0.4985 0.3236
vn 0.5028 0.7388 0.4487
vn -0.9500 -0.2899 -0.1163
vn 0.9604 -0.2661 -0.0830
vn 0.9833 -0.1818 -0.0126
vn 0.9780 0.1331 0.1604
vn -0.0001 -0.4199 0.9076
vn -0.0001 -0.4173 0.9087
vn 0.0001 0.4152 -0.9098
vn 0.0001 0.4176 -0.9086
vt 0.136338 0.278533
vt 0.146362 0.278533
vt 0.146362 0.307433
vt 0.140305 0.307433
vt 0.118692 0.242532
vt 0.117562 0.245112
vt 0.126706 0.255195
vt 0.129598 0.255195
vt 0.133977 0.278533
vt 0.137992 0.307433
vt 0.069769 0.250403
vt 0.069769 0.230696
vt 0.106411 0.217051
vt 0.103412 0.242532
vt 0.120264 0.213103
vt 0.146362 0.255195
vt 0.146362 0.242532
vt 0.146362 0.207536
vt 0.103403 0.245257
vt 0.069769 0.253108
vt 0.069769 0.227640
vt 0.106489 0.213872
vt 0.146362 0.204388
vt 0.120068 0.210121
vt 0.332603 0.990245
vt 0.329690 0.979437
vt 0.381762 0.979437
vt 0.381762 0.990245
vt 0.323345 0.962908
vt 0.332442 0.942003
vt 0.338365 0.942003
vt 0.328494 0.962908
vt 0.381762 0.942003
vt 0.381762 0.962908
vt 0.381762 0.916171
vt 0.381762 0.923745
vt 0.358514 0.923745
vt 0.356253 0.919536
vt 0.329090 0.995358
vt 0.381762 0.995358
vt 0.381762 0.910818
vt 0.324554 0.979437
vt 0.332441 0.942003
vt 0.358513 0.923745
vt 0.329089 0.995358
vt 0.324553 0.979437
vt 0.323344 0.962908
s 1
usemtl defaultMaterial
f 1804/1021/1644 1805/1022/1645 1806/1023/1646
f 1804/1021/1644 1806/1023/1646 1807/1024/1647
f 1808/1025/1648 1809/1026/1648 1810/1027/1649
f 1808/1025/1648 1810/1027/1649 1811/1028/1649
f 1812/1021/1650 1813/1029/1651 1814/1030/1652
f 1812/1021/1650 1814/1030/1652 1816/1024/1653
f 1817/1031/1654 1818/1032/1655 1820/1033/1656
f 1817/1031/1654 1820/1033/1656 1821/1034/1656
f 1822/1021/1657 1823/1024/1658 1825/1023/1659
f 1822/1021/1657 1825/1023/1659 1826/1022/1660
f 1821/1034/1656 1820/1033/1656 1827/1035/1661
f 1821/1034/1656 1827/1035/1661 1828/1025/1661
s 0
f 1829/1025/1661 1830/1028/1661 1831/1036/1661
f 1829/1025/1661 1831/1036/1661 1832/1037/1661
f 1828/1025/1661 1827/1035/1661 1833/1038/1661
s 1
f 1834/1034/1662 1835/1033/1662 1836/1032/1663
f 1834/1034/1662 1836/1032/1663 1837/1031/1664
s 0
f 1828/1025/1661 1833/1038/1661 1832/1037/1661
s 1
f 1838/1031/1665 1839/1034/1666 1840/1039/1666
f 1838/1031/1665 1840/1039/1666 1841/1040/1665
f 1804/1021/1644 1842/1028/1661 1831/1036/1661
f 1804/1021/1644 1831/1036/1661 1805/1022/1645
f 1818/1032/1655 1817/1031/1654 1837/1031/1664
f 1818/1032/1655 1837/1031/1664 1836/1032/1663
f 1843/1033/1667 1844/1032/1668 1845/1041/1669
f 1843/1033/1667 1845/1041/1669 1847/1042/1670
f 1836/1032/1671 1848/1033/1672 1849/1042/1673
f 1836/1032/1671 1849/1042/1673 1819/1041/1674
f 1811/1028/1649 1810/1027/1649 1813/1029/1651
f 1811/1028/1649 1813/1029/1651 1812/1021/1650
s 0
f 1833/1038/1661 1850/1035/1661 1829/1025/1661
s 1
f 1851/1043/1675 1852/1038/1675 1853/1035/1676
f 1851/1043/1675 1853/1035/1676 1854/1044/1677
f 1839/1034/1666 1855/1025/1678 1856/1026/1678
f 1839/1034/1666 1856/1026/1678 1840/1039/1666
f 1855/1025/1678 1857/1028/1679 1858/1027/1679
f 1855/1025/1678 1858/1027/1679 1856/1026/1678
f 1857/1028/1679 1859/1021/1680 1860/1029/1681
f 1857/1028/1679 1860/1029/1681 1858/1027/1679
f 1859/1021/1680 1807/1024/1647 1824/1030/1682
f 1859/1021/1680 1824/1030/1682 1860/1029/1681
f 1807/1024/1647 1806/1023/1646 1825/1023/1659
f 1807/1024/1647 1825/1023/1659 1823/1024/1658
f 1861/1034/1683 1862/1031/1684 1863/1040/1684
f 1861/1034/1683 1863/1040/1684 1864/1039/1683
s 0
f 1865/1038/1685 1866/1035/1685 1867/1025/1685
s 1
f 1868/1021/1686 1869/1028/1685 1870/1036/1685
f 1868/1021/1686 1870/1036/1685 1826/1022/1660
s 0
f 1871/1028/1685 1870/1036/1685 1872/1037/1685
f 1871/1028/1685 1872/1037/1685 1867/1025/1685
s 1
f 1873/1031/1687 1874/1034/1688 1875/1033/1688
f 1873/1031/1687 1875/1033/1688 1846/1032/1689
f 1861/1034/1683 1864/1039/1683 1809/1026/1648
f 1861/1034/1683 1809/1026/1648 1808/1025/1648
s 0
f 1865/1038/1685 1872/1037/1685 1876/1025/1685
s 1
f 1874/1034/1688 1829/1025/1661 1850/1035/1661
f 1874/1034/1688 1850/1035/1661 1875/1033/1688
f 1834/1034/1662 1867/1025/1685 1866/1035/1685
f 1834/1034/1662 1866/1035/1685 1835/1033/1662
f 1851/1043/1675 1877/1044/1690 1878/1035/1691
f 1851/1043/1675 1878/1035/1691 1852/1038/1675
f 1877/1044/1690 1849/1042/1673 1848/1033/1672
f 1877/1044/1690 1848/1033/1672 1878/1035/1691
f 1879/1034/1692 1880/1031/1693 1844/1032/1668
f 1879/1034/1692 1844/1032/1668 1881/1033/1692
f 1816/1024/1653 1815/1024/1694 1825/1023/1659
f 1816/1024/1653 1825/1023/1659 1806/1023/1646
f 1879/1034/1692 1881/1033/1692 1882/1035/1685
f 1879/1034/1692 1882/1035/1685 1876/1025/1685
f 1846/1032/1689 1844/1032/1668 1880/1031/1693
f 1846/1032/1689 1880/1031/1693 1873/1031/1687
s 0
f 1876/1025/1685 1882/1035/1685 1865/1038/1685
s 1
f 1854/1044/1677 1853/1035/1676 1843/1033/1667
f 1854/1044/1677 1843/1033/1667 1847/1042/1670
s 0
f 1867/1025/1685 1872/1037/1685 1865/1038/1685
f 1869/1028/1685 1876/1025/1685 1872/1037/1685
f 1869/1028/1685 1872/1037/1685 1870/1036/1685
s 1
f 1871/1028/1685 1822/1021/1657 1826/1022/1660
f 1871/1028/1685 1826/1022/1660 1870/1036/1685
f 1830/1028/1661 1883/1021/1695 1805/1022/1645
f 1830/1028/1661 1805/1022/1645 1831/1036/1661
s 0
f 1829/1025/1661 1832/1037/1661 1833/1038/1661
f 1842/1028/1661 1828/1025/1661 1832/1037/1661
f 1842/1028/1661 1832/1037/1661 1831/1036/1661
s 1
f 1815/1024/1694 1868/1021/1686 1826/1022/1660
f 1815/1024/1694 1826/1022/1660 1825/1023/1659
f 1883/1021/1695 1816/1024/1653 1806/1023/1646
f 1883/1021/1695 1806/1023/1646 1805/1022/1645
f 1884/1045/1696 1885/1046/1697 1886/1047/1698
f 1884/1045/1696 1886/1047/1698 1887/1048/1696
f 1888/1049/1699 1889/1050/1700 1890/1051/1700
f 1888/1049/1699 1890/1051/1700 1891/1052/1699
s 0
f 1892/1051/1701 1893/1053/1701 1894/1054/1701
f 1892/1051/1701 1894/1054/1701 1895/1052/1701
f 1896/1055/1701 1897/1056/1701 1898/1057/1701
s 1
f 1889/1050/1700 1899/1058/1702 1900/1057/1703
f 1889/1050/1700 1900/1057/1703 1890/1051/1700
s 0
f 1898/1057/1701 1897/1056/1701 1893/1053/1701
f 1898/1057/1701 1893/1053/1701 1892/1051/1701
f 1901/1059/1704 1902/1045/1704 1903/1048/1704
f 1901/1059/1704 1903/1048/1704 1904/1060/1704
s 1
f 1899/1058/1702 1905/1061/1705 1906/1055/1706
f 1899/1058/1702 1906/1055/1706 1900/1057/1703
f 1907/1046/1707 1908/1047/1708 1894/1054/1701
f 1907/1046/1707 1894/1054/1701 1909/1052/1701
f 1910/1045/1709 1911/1048/1709 1908/1047/1708
f 1910/1045/1709 1908/1047/1708 1907/1046/1707
f 1912/1062/1710 1888/1049/1699 1891/1052/1699
f 1912/1062/1710 1891/1052/1699 1913/1046/1710
f 1914/1063/1711 1915/1051/1711 1916/1064/1712
f 1914/1063/1711 1916/1064/1712 1917/1058/1712
f 1917/1058/1712 1916/1064/1712 1906/1055/1706
f 1917/1058/1712 1906/1055/1706 1905/1061/1705
f 1918/1065/1713 1912/1062/1710 1913/1046/1710
f 1918/1065/1713 1913/1046/1710 1919/1045/1713
f 1920/1065/1714 1921/1045/1714 1922/1046/1715
f 1920/1065/1714 1922/1046/1715 1923/1066/1715
f 1924/1067/1716 1925/1052/1716 1915/1051/1711
f 1924/1067/1716 1915/1051/1711 1914/1063/1711
f 1926/1052/1717 1927/1054/1717 1886/1047/1698
f 1926/1052/1717 1886/1047/1698 1885/1046/1697
f 1923/1066/1715 1922/1046/1715 1925/1052/1716
f 1923/1066/1715 1925/1052/1716 1924/1067/1716
s 0
f 1928/1055/1717 1929/1056/1717 1930/1064/1717
f 1930/1064/1717 1929/1056/1717 1931/1053/1717
f 1930/1064/1717 1931/1053/1717 1932/1051/1717
s 1
f 1932/1051/1717 1931/1053/1717 1927/1054/1717
s 0
f 1932/1051/1717 1927/1054/1717 1926/1052/1717
f 1933/1051/1717 1934/1052/1717 1927/1054/1717
f 1933/1051/1717 1927/1054/1717 1931/1053/1717
f 1935/1057/1717 1933/1051/1717 1931/1053/1717
f 1935/1057/1717 1931/1053/1717 1929/1056/1717
f 1935/1057/1717 1929/1056/1717 1928/1055/1717
s 1
f 1934/1052/1717 1936/1046/1718 1886/1047/1698
f 1934/1052/1717 1886/1047/1698 1927/1054/1717
f 1937/1045/1719 1938/1046/1720 1908/1047/1708
f 1937/1045/1719 1908/1047/1708 1911/1048/1709
f 1938/1046/1720 1895/1052/1701 1894/1054/1701
f 1938/1046/1720 1894/1054/1701 1908/1047/1708
s 0
f 1939/1045/1704 1940/1065/1704 1904/1060/1704
f 1939/1045/1704 1904/1060/1704 1903/1048/1704
f 1941/1064/1701 1942/1051/1701 1893/1053/1701
f 1941/1064/1701 1893/1053/1701 1897/1056/1701
f 1941/1064/1701 1897/1056/1701 1896/1055/1701
f 1942/1051/1701 1909/1052/1701 1894/1054/1701
f 1942/1051/1701 1894/1054/1701 1893/1053/1701
s 1
f 1936/1046/1718 1943/1045/1696 1887/1048/1696
f 1936/1046/1718 1887/1048/1696 1886/1047/1698
o defaultMaterial.007
v 7.573796 0.943355 4.184798
v 7.288863 0.713302 3.954756
v 7.288863 0.713302 3.954756
v 7.288863 1.497465 3.431540
v 7.288863 1.497465 3.431540
v 7.573796 1.621969 3.732099
v 7.573796 2.421928 7.754388
v 7.288863 2.421920 8.079813
v 7.288863 2.421920 8.079813
v 7.288863 1.497465 7.895205
v 7.288863 1.497465 7.895205
v 7.573796 1.621969 7.594641
v 5.384679 0.943797 7.141501
v 5.579389 0.713750 7.371543
v 5.579389 0.713750 7.371543
v 5.579389 1.497465 7.895205
v 5.579389 1.497465 7.895205
v 5.384679 1.621969 7.594641
v 7.573796 3.900501 7.141943
v 7.288863 4.130602 7.372054
v 7.288863 4.130602 7.372054
v 7.288863 3.346376 7.895205
v 7.288863 3.346376 7.895205
v 7.573796 3.221887 7.594641
v 5.384679 4.353199 6.463329
v 5.294456 3.529099 6.121964
v 5.294456 3.269580 6.510995
v 5.384679 3.900501 7.141943
v 5.384679 4.512320 5.663371
v 5.294456 3.620319 5.663371
v 5.384679 4.353199 4.863411
v 5.294456 3.529099 5.204776
v 5.384679 3.900501 4.184798
v 5.294456 3.269581 4.815746
v 5.384679 3.221887 3.732099
v 5.294456 2.880549 4.556226
v 5.384679 2.421927 3.572351
v 5.294456 2.421955 4.464647
v 5.384679 1.621969 3.732099
v 5.294456 1.963361 4.556226
v 5.384679 0.943797 4.185239
v 5.294456 1.574584 4.816000
v 5.384679 0.490657 4.863411
v 5.294456 1.314812 5.204776
v 5.384679 0.331535 5.663371
v 5.294456 1.223592 5.663371
v 5.384679 0.490657 6.463329
v 5.294456 1.314812 6.121964
v 5.294456 1.574584 6.510741
v 5.294456 1.963361 6.770514
v 5.384679 2.421927 7.754388
v 5.294456 2.421955 6.862092
v 5.384679 3.221887 7.594641
v 5.294456 2.880549 6.770514
v 5.579389 4.130602 3.954692
v 5.579389 4.130602 3.954692
v 5.579389 3.346376 3.431540
v 5.579389 3.346376 3.431540
v 7.573796 2.421927 3.572352
v 7.288863 2.421920 3.246931
v 7.288863 2.421920 3.246931
v 7.288863 3.346376 3.431540
v 7.288863 3.346376 3.431540
v 7.573796 3.221887 3.732099
v 7.573796 4.512320 5.663371
v 7.288863 4.837638 5.663373
v 7.288863 4.837638 5.663373
v 7.288863 4.653752 6.587828
v 7.288863 4.653752 6.587828
v 7.573796 4.353199 6.463329
v 7.573796 0.943797 7.141501
v 7.288863 0.713750 7.371543
v 7.288863 0.713750 7.371543
v 7.288863 0.190088 6.587828
v 7.288863 0.190088 6.587828
v 7.573796 0.490657 6.463329
v 7.573796 3.900501 4.184798
v 7.288863 4.130602 3.954692
v 7.288863 4.130602 3.954692
v 7.288863 4.653752 4.738917
v 7.288863 4.653752 4.738917
v 7.573796 4.353199 4.863411
v 7.573796 0.331535 5.663371
v 7.288863 0.006202 5.663373
v 7.288863 0.006202 5.663373
v 7.288863 0.006202 5.663373
v 7.288863 0.190088 4.738917
v 7.288863 0.190088 4.738917
v 7.573796 0.490657 4.863411
v 5.294456 1.223592 5.663371
v 5.294456 3.620319 5.663371
v 5.294456 3.529099 5.204776
v 5.294456 1.314812 5.204776
v 5.294456 1.574584 6.510741
v 5.294456 3.269580 6.510995
v 5.294456 3.529099 6.121964
v 5.294456 1.314812 6.121964
v 7.661367 1.312999 4.554440
v 7.661367 0.973476 5.063400
v 5.579389 0.006202 5.663373
v 5.579389 0.006202 5.663373
v 5.579389 0.006202 5.663373
v 5.579389 0.190088 6.587828
v 5.579389 0.190088 6.587828
v 5.579389 0.713686 3.955138
v 5.579389 0.713686 3.955138
v 5.579389 0.190088 4.738917
v 5.579389 0.190088 4.738917
v 7.661367 3.870382 5.063400
v 7.661367 3.530859 4.554440
v 5.579389 4.837638 5.663373
v 5.579389 4.837638 5.663373
v 5.579389 4.653752 4.738917
v 5.579389 4.653752 4.738917
v 5.579389 2.421920 8.079813
v 5.579389 2.421920 8.079813
v 5.579389 3.346376 7.895205
v 5.579389 3.346376 7.895205
v 5.579389 2.421920 3.246931
v 5.579389 2.421920 3.246931
v 5.579389 1.497465 3.431540
v 5.579389 1.497465 3.431540
v 5.579389 4.130602 7.372054
v 5.579389 4.130602 7.372054
v 5.579389 4.653752 6.587828
v 5.579389 4.653752 6.587828
v 7.661367 0.973476 6.263338
v 7.661367 1.313331 6.771967
v 5.294456 1.574584 4.816000
v 5.294456 3.269581 4.815746
v 7.661367 3.530859 6.772299
v 7.661367 3.870382 6.263338
v 7.486890 2.010355 4.669744
v 7.486890 1.661212 4.902654
v 7.363758 1.607149 4.848593
v 7.363758 1.981104 4.599131
v 5.294456 2.880549 4.556226
v 5.294456 2.421955 4.464647
v 5.294456 1.963361 4.556226
v 5.294456 1.963361 6.770514
v 5.294456 2.421955 6.862092
v 5.294456 2.880549 6.770514
v 7.486890 2.421928 4.587554
v 7.363758 2.421927 4.511100
v 7.486890 2.833502 4.669744
v 7.363758 2.862751 4.599131
v 7.486890 3.182645 4.902654
v 7.363758 3.236706 4.848593
v 7.486890 3.415555 5.251796
v 7.363758 3.486168 5.222548
v 7.486890 3.497422 5.663370
v 7.363758 3.573853 5.663371
v 7.486890 3.415555 6.074943
v 7.363758 3.486168 6.104194
v 7.486890 3.182645 6.424086
v 7.363758 3.236706 6.478149
v 7.486890 2.833502 6.656996
v 7.363758 2.862751 6.727611
v 7.486890 2.421928 6.739185
v 7.363758 2.421927 6.815641
v 7.486890 2.010355 6.656996
v 7.363758 1.981104 6.727611
v 7.486890 1.661439 6.423859
v 7.363758 1.607393 6.477905
v 7.486890 1.428302 6.074943
v 7.363758 1.357687 6.104194
v 7.486890 1.346435 5.663370
v 7.363758 1.270002 5.663371
v 7.486890 1.428302 5.251796
v 7.363758 1.357687 5.222548
v 7.661367 0.854135 5.663369
v 7.661367 0.973476 5.063400
v 7.363758 1.056287 5.097702
v 7.363758 0.943769 5.663369
v 7.661367 0.973476 6.263338
v 7.363758 1.056287 6.229036
v 7.661367 1.313331 6.771967
v 7.363758 1.376712 6.708586
v 7.661367 1.821960 7.111822
v 7.363758 1.856262 7.029011
v 7.661367 2.421929 7.231633
v 7.363758 2.421929 7.141971
v 7.661367 3.021898 7.111822
v 7.363758 2.987597 7.029011
v 7.661367 3.530859 6.772299
v 7.363758 3.467459 6.708899
v 7.661367 3.870382 6.263338
v 7.363758 3.787571 6.229036
v 7.661367 3.989723 5.663369
v 7.363758 3.900089 5.663369
v 7.661367 3.870382 5.063400
v 7.363758 3.787571 5.097702
v 7.661367 3.530859 4.554440
v 7.363758 3.467459 4.617840
v 7.661367 3.021898 4.214916
v 7.363758 2.987597 4.297727
v 7.661367 2.421928 4.095105
v 7.363758 2.421929 4.184766
v 7.661367 1.821960 4.214916
v 7.363758 1.856262 4.297727
v 7.661367 1.312999 4.554440
v 7.363758 1.376399 4.617840
v 7.486890 1.661439 6.423859
v 7.486890 3.182645 6.424086
v 7.486890 2.833502 6.656996
v 7.486890 2.010355 6.656996
v 7.363758 1.607393 6.477905
v 7.363758 1.981104 6.727611
v 7.363758 1.856262 7.029011
v 7.363758 1.376712 6.708586
v 7.661367 3.989723 5.663369
v 7.363758 2.421927 6.815641
v 7.363758 2.421929 7.141971
v 7.363758 1.270002 5.663371
v 7.363758 1.357687 6.104194
v 7.363758 1.056287 6.229036
v 7.363758 0.943769 5.663369
v 7.661367 3.021898 4.214916
v 7.661367 2.421928 4.095105
v 7.363758 2.862751 6.727611
v 7.363758 2.987597 7.029011
v 7.661367 1.821960 4.214916
v 7.363758 3.236706 6.478149
v 7.363758 3.467459 6.708899
v 7.363758 3.486168 6.104194
v 7.363758 3.573853 5.663371
v 7.363758 3.900089 5.663369
v 7.363758 3.787571 6.229036
v 7.363758 1.056287 5.097702
v 7.363758 1.357687 5.222548
v 7.661367 0.854135 5.663369
v 7.363758 1.981104 4.599131
v 7.363758 1.607149 4.848593
v 7.363758 1.376399 4.617840
v 7.363758 1.856262 4.297727
v 7.363758 2.421929 4.184766
v 7.363758 2.421927 4.511100
v 7.661367 3.021898 7.111822
v 7.661367 2.421929 7.231633
v 7.363758 3.236706 4.848593
v 7.363758 2.862751 4.599131
v 7.363758 2.987597 4.297727
v 7.363758 3.467459 4.617840
v 7.661367 1.821960 7.111822
v 7.363758 3.486168 5.222548
v 7.363758 3.787571 5.097702
v 7.486890 2.421928 6.739185
v 7.486890 1.428302 6.074943
v 7.486890 3.415555 6.074943
v 7.486890 1.346435 5.663370
v 7.486890 3.497422 5.663370
v 7.486890 1.428302 5.251796
v 7.486890 3.415555 5.251796
v 7.486890 1.661212 4.902654
v 7.486890 3.182645 4.902654
v 7.486890 2.010355 4.669744
v 7.486890 2.833502 4.669744
v 7.486890 2.421928 4.587554
vn 0.9041 -0.3021 -0.3021
vn 0.4152 -0.6433 -0.6433
vn 0.4152 -0.3483 -0.8404
vn 0.9041 -0.1636 -0.3948
vn 0.9041 -0.0000 0.4272
vn 0.4153 -0.0000 0.9097
vn 0.4153 -0.3485 0.8403
vn 0.9041 -0.1637 0.3947
vn -0.9494 -0.2221 0.2221
vn -0.4967 -0.6137 0.6137
vn -0.4967 -0.3324 0.8017
vn -0.9494 -0.1203 0.2902
vn 0.9041 0.3021 0.3021
vn 0.4153 0.6432 0.6432
vn 0.4153 0.3481 0.8405
vn 0.9041 0.1635 0.3948
vn -0.9494 0.2903 0.1201
vn -0.9949 0.0930 0.0385
vn -0.9949 0.0711 0.0711
vn -0.9494 0.2221 0.2221
vn -0.9494 0.3141 -0.0000
vn -0.9949 0.1006 -0.0000
vn -0.9494 0.2903 -0.1201
vn -0.9949 0.0930 -0.0385
vn -0.9494 0.2221 -0.2221
vn -0.9949 0.0711 -0.0711
vn -0.9494 0.1202 -0.2902
vn -0.9949 0.0385 -0.0930
vn -0.9494 -0.0000 -0.3140
vn -0.9949 -0.0000 -0.1006
vn -0.9494 -0.1203 -0.2901
vn -0.9949 -0.0385 -0.0930
vn -0.9494 -0.2221 -0.2221
vn -0.9949 -0.0712 -0.0712
vn -0.9494 -0.2902 -0.1202
vn -0.9949 -0.0930 -0.0385
vn -0.9494 -0.3141 -0.0000
vn -0.9949 -0.1006 -0.0000
vn -0.9494 -0.2902 0.1202
vn -0.9949 -0.0930 0.0385
vn -0.9949 -0.0712 0.0712
vn -0.9949 -0.0385 0.0930
vn -0.9494 -0.0000 0.3140
vn -0.9949 -0.0000 0.1006
vn -0.9494 0.1202 0.2902
vn -0.9949 0.0385 0.0930
vn -0.4968 0.6137 -0.6137
vn -0.4966 0.3322 -0.8019
vn 0.9041 -0.0000 -0.4272
vn 0.4153 -0.0000 -0.9097
vn 0.4153 0.3482 -0.8404
vn 0.9041 0.1635 -0.3948
vn 0.9041 0.4273 -0.0000
vn 0.4153 0.9097 -0.0000
vn 0.4153 0.8406 0.3478
vn 0.9041 0.3949 0.1634
vn 0.9041 -0.3022 0.3022
vn 0.4153 -0.6433 0.6432
vn 0.4153 -0.8405 0.3481
vn 0.9041 -0.3948 0.1635
vn 0.9041 0.3021 -0.3021
vn 0.4153 0.6433 -0.6432
vn 0.4153 0.8406 -0.3478
vn 0.9041 0.3949 -0.1634
vn 0.9041 -0.4274 -0.0000
vn 0.4153 -0.9097 -0.0000
vn 0.4152 -0.8405 -0.3479
vn 0.9041 -0.3949 -0.1634
vn -1.0000 -0.0000 -0.0000
vn 0.9863 -0.1168 -0.1168
vn 0.9862 -0.1527 -0.0632
vn -0.4967 -0.8679 -0.0000
vn -0.4967 -0.8019 0.3321
vn -0.4968 -0.6137 -0.6137
vn -0.4967 -0.8019 -0.3320
vn 0.9862 0.1527 -0.0632
vn 0.9863 0.1168 -0.1168
vn -0.4967 0.8679 -0.0000
vn -0.4967 0.8020 -0.3318
vn -0.4967 -0.0000 0.8679
vn -0.4967 0.3322 0.8019
vn -0.4967 -0.0000 -0.8679
vn -0.4967 -0.3323 -0.8018
vn -0.4967 0.6137 0.6137
vn -0.4967 0.8020 0.3318
vn 0.9862 -0.1527 0.0632
vn 0.9862 -0.1169 0.1169
vn 0.9863 0.1168 0.1168
vn 0.9862 0.1527 0.0632
vn 0.5274 -0.3251 -0.7850
vn 0.5275 -0.6007 -0.6007
vn 0.5274 -0.3251 -0.7849
vn 0.5275 -0.0000 -0.8496
vn 0.4152 0.3482 0.8405
vn 0.4153 0.6433 0.6432
vn -0.4968 0.6137 0.6137
vn 0.4152 -0.6432 0.6433
vn 0.4152 -0.3485 0.8403
vn -0.4967 -0.3325 0.8017
vn -0.4968 -0.0000 0.8679
vn 0.4152 -0.3482 -0.8404
vn 0.4153 0.6432 -0.6433
vn 0.4152 0.3482 -0.8405
vn -0.4967 0.3322 -0.8019
vn -0.4967 0.6137 -0.6137
vn -0.4968 -0.0000 -0.8679
vn 0.4152 0.8406 0.3478
vn 0.4152 0.9097 -0.0000
vn -0.4966 0.8020 0.3318
vn 0.4152 -0.8405 0.3481
vn 0.4152 0.8406 -0.3478
vn -0.4966 0.8020 -0.3318
vn 0.4152 -0.8406 -0.3479
vn 0.5274 0.3251 -0.7850
vn 0.5275 0.6007 -0.6007
vn 0.5274 0.7851 -0.3248
vn 0.5274 0.7851 -0.3249
vn 0.5274 0.8496 -0.0000
vn 0.5274 0.7851 0.3248
vn 0.5274 0.7851 0.3249
vn 0.5275 0.6007 0.6007
vn 0.5274 0.3251 0.7849
vn 0.5275 -0.0000 0.8495
vn 0.5274 -0.3255 0.7848
vn 0.5274 -0.3254 0.7848
vn 0.5274 -0.6008 0.6008
vn 0.5274 -0.7849 0.3251
vn 0.5274 -0.8496 -0.0000
vn 0.5274 -0.7851 -0.3248
vn 0.5274 -0.7851 -0.3249
vn 0.2884 0.9575 -0.0000
vn 0.2884 0.8848 0.3661
vn 0.2884 0.8846 -0.3664
vn 0.2884 0.6771 -0.6771
vn 0.2884 0.3667 -0.8845
vn 0.2884 0.3668 -0.8845
vn 0.2885 -0.0000 -0.9575
vn 0.2884 -0.3664 -0.8846
vn 0.2885 -0.6771 -0.6770
vn 0.2885 -0.6770 -0.6770
vn 0.2884 -0.8848 -0.3661
vn 0.2884 -0.9575 -0.0000
vn 0.2884 -0.8848 0.3661
vn 0.2885 -0.6770 0.6771
vn 0.2885 -0.6770 0.6770
vn 0.2884 -0.3664 0.8846
vn 0.2885 -0.0000 0.9575
vn 0.2884 0.3664 0.8846
vn 0.2885 0.6771 0.6770
vn 0.2885 0.6770 0.6770
vn 1.0000 -0.0000 -0.0000
vn 0.9862 0.1653 -0.0000
vn 0.9862 0.0632 -0.1527
vn 0.9863 -0.0000 -0.1652
vn 0.9862 -0.0632 -0.1527
vn 0.9862 -0.1653 -0.0000
vn 0.9862 0.0632 0.1527
vn 0.9863 -0.0000 0.1652
vn 0.9862 -0.0633 0.1527
vt 0.952213 0.330420
vt 0.963125 0.341332
vt 0.987944 0.304136
vt 0.973687 0.298230
vt 0.782891 0.260285
vt 0.767455 0.260285
vt 0.776212 0.304136
vt 0.790469 0.298230
vt 0.570339 0.330399
vt 0.559427 0.341311
vt 0.534587 0.304136
vt 0.548845 0.298230
vt 0.811942 0.190149
vt 0.801027 0.179234
vt 0.776212 0.216434
vt 0.790469 0.222339
vt 0.602508 0.168675
vt 0.620961 0.213224
vt 0.604425 0.224255
vt 0.570318 0.190149
vt 0.640454 0.161128
vt 0.640453 0.209347
vt 0.678399 0.168675
vt 0.659946 0.213224
vt 0.710589 0.190149
vt 0.676481 0.224255
vt 0.732062 0.222339
vt 0.688037 0.240573
vt 0.739640 0.260284
vt 0.691973 0.260283
vt 0.732062 0.298230
vt 0.688037 0.279993
vt 0.710568 0.330399
vt 0.676471 0.296300
vt 0.678399 0.351893
vt 0.659946 0.307342
vt 0.640454 0.359441
vt 0.640453 0.311219
vt 0.602508 0.351893
vt 0.620961 0.307342
vt 0.604436 0.296300
vt 0.592869 0.279993
vt 0.541267 0.260284
vt 0.588933 0.260283
vt 0.548845 0.222339
vt 0.592869 0.240573
vt 0.721504 0.179234
vt 0.746319 0.216434
vt 0.981264 0.260285
vt 0.996700 0.260285
vt 0.987944 0.216434
vt 0.973687 0.222339
vt 0.882078 0.161128
vt 0.882078 0.145697
vt 0.838227 0.154419
vt 0.844132 0.168676
vt 0.811963 0.330399
vt 0.801052 0.341311
vt 0.838227 0.366151
vt 0.844132 0.351894
vt 0.952213 0.190149
vt 0.963128 0.179234
vt 0.925929 0.154419
vt 0.920023 0.168676
vt 0.882078 0.359441
vt 0.882078 0.374873
vt 0.925929 0.366151
vt 0.920023 0.351894
vt 0.938995 0.317202
vt 0.912872 0.334629
vt 0.640453 0.374873
vt 0.596602 0.366151
vt 0.721482 0.341314
vt 0.684304 0.366151
vt 0.912872 0.185941
vt 0.938995 0.203368
vt 0.640453 0.145697
vt 0.684304 0.154419
vt 0.525831 0.260285
vt 0.534587 0.216434
vt 0.755076 0.260285
vt 0.746319 0.304136
vt 0.559403 0.179234
vt 0.596602 0.154419
vt 0.851283 0.334629
vt 0.825177 0.317185
vt 0.825160 0.203368
vt 0.851283 0.185941
vt 0.931154 0.280613
vt 0.919650 0.297857
vt 0.923534 0.301741
vt 0.936226 0.282714
vt 0.935213 0.260285
vt 0.940706 0.260285
vt 0.852160 0.134184
vt 0.823683 0.134184
vt 0.823683 0.065680
vt 0.852160 0.065680
vt 0.937592 0.134184
vt 0.909115 0.134184
vt 0.909115 0.065680
vt 0.937592 0.065680
vt 0.880638 0.134184
vt 0.880638 0.065680
vt 0.624339 0.134184
vt 0.595862 0.134184
vt 0.595862 0.065680
vt 0.624339 0.065680
vt 0.709771 0.134184
vt 0.681294 0.134184
vt 0.681294 0.065680
vt 0.709771 0.065680
vt 0.652816 0.134184
vt 0.652816 0.065680
vt 0.795205 0.134184
vt 0.766727 0.134184
vt 0.766727 0.065680
vt 0.795205 0.065680
vt 0.966069 0.134184
vt 0.966069 0.065680
vt 0.738249 0.134184
vt 0.738249 0.065680
vt 0.567384 0.134184
vt 0.538907 0.134184
vt 0.538907 0.065680
vt 0.567384 0.065680
vt 0.994390 0.134184
vt 0.994390 0.065679
vt 0.931154 0.239957
vt 0.936226 0.237856
vt 0.919650 0.222712
vt 0.923534 0.218829
vt 0.902406 0.211209
vt 0.904507 0.206136
vt 0.882078 0.207165
vt 0.882078 0.201675
vt 0.861750 0.211209
vt 0.859648 0.206136
vt 0.844505 0.222712
vt 0.840622 0.218829
vt 0.833002 0.239957
vt 0.827929 0.237856
vt 0.828942 0.260285
vt 0.823450 0.260285
vt 0.833002 0.280613
vt 0.827929 0.282714
vt 0.844516 0.297846
vt 0.840634 0.301728
vt 0.861750 0.309361
vt 0.859648 0.314434
vt 0.882078 0.313404
vt 0.882078 0.318895
vt 0.902406 0.309361
vt 0.904507 0.314434
vt 0.882078 0.340754
vt 0.912948 0.334629
vt 0.910537 0.328991
vt 0.882078 0.334652
vt 0.853619 0.328991
vt 0.829492 0.312871
vt 0.807734 0.291079
vt 0.813371 0.288744
vt 0.801584 0.260285
vt 0.807688 0.260285
vt 0.807734 0.229491
vt 0.813371 0.231825
vt 0.829476 0.207683
vt 0.853618 0.191578
vt 0.882078 0.179816
vt 0.882078 0.185917
vt 0.910537 0.191578
vt 0.934679 0.207683
vt 0.956421 0.229491
vt 0.950784 0.231825
vt 0.962571 0.260285
vt 0.956468 0.260285
vt 0.956421 0.291079
vt 0.950784 0.288744
vt 0.934679 0.312886
s 1
usemtl defaultMaterial
f 1944/1068/1721 1945/1069/1722 1947/1070/1723
f 1944/1068/1721 1947/1070/1723 1949/1071/1724
f 1950/1072/1725 1951/1073/1726 1953/1074/1727
f 1950/1072/1725 1953/1074/1727 1955/1075/1728
f 1956/1076/1729 1957/1077/1730 1959/1078/1731
f 1956/1076/1729 1959/1078/1731 1961/1079/1732
f 1962/1080/1733 1963/1081/1734 1965/1082/1735
f 1962/1080/1733 1965/1082/1735 1967/1083/1736
f 1968/1084/1737 1969/1085/1738 1970/1086/1739
f 1968/1084/1737 1970/1086/1739 1971/1087/1740
f 1972/1088/1741 1973/1089/1742 1969/1085/1738
f 1972/1088/1741 1969/1085/1738 1968/1084/1737
f 1974/1090/1743 1975/1091/1744 1973/1089/1742
f 1974/1090/1743 1973/1089/1742 1972/1088/1741
f 1976/1092/1745 1977/1093/1746 1975/1091/1744
f 1976/1092/1745 1975/1091/1744 1974/1090/1743
f 1978/1094/1747 1979/1095/1748 1977/1093/1746
f 1978/1094/1747 1977/1093/1746 1976/1092/1745
f 1980/1096/1749 1981/1097/1750 1979/1095/1748
f 1980/1096/1749 1979/1095/1748 1978/1094/1747
f 1982/1098/1751 1983/1099/1752 1981/1097/1750
f 1982/1098/1751 1981/1097/1750 1980/1096/1749
f 1984/1100/1753 1985/1101/1754 1983/1099/1752
f 1984/1100/1753 1983/1099/1752 1982/1098/1751
f 1986/1102/1755 1987/1103/1756 1985/1101/1754
f 1986/1102/1755 1985/1101/1754 1984/1100/1753
f 1988/1104/1757 1989/1105/1758 1987/1103/1756
f 1988/1104/1757 1987/1103/1756 1986/1102/1755
f 1990/1106/1759 1991/1107/1760 1989/1105/1758
f 1990/1106/1759 1989/1105/1758 1988/1104/1757
f 1956/1076/1729 1992/1108/1761 1991/1107/1760
f 1956/1076/1729 1991/1107/1760 1990/1106/1759
f 1961/1079/1732 1993/1109/1762 1992/1108/1761
f 1961/1079/1732 1992/1108/1761 1956/1076/1729
f 1994/1110/1763 1995/1111/1764 1993/1109/1762
f 1994/1110/1763 1993/1109/1762 1961/1079/1732
f 1996/1112/1765 1997/1113/1766 1995/1111/1764
f 1996/1112/1765 1995/1111/1764 1994/1110/1763
f 1971/1087/1740 1970/1086/1739 1997/1113/1766
f 1971/1087/1740 1997/1113/1766 1996/1112/1765
f 1976/1092/1745 1998/1114/1767 2000/1115/1768
f 1976/1092/1745 2000/1115/1768 1978/1094/1747
f 2002/1116/1769 2003/1117/1770 2005/1118/1771
f 2002/1116/1769 2005/1118/1771 2007/1119/1772
f 2008/1120/1773 2009/1121/1774 2011/1122/1775
f 2008/1120/1773 2011/1122/1775 2013/1123/1776
f 2014/1124/1777 2015/1125/1778 2017/1126/1779
f 2014/1124/1777 2017/1126/1779 2019/1127/1780
f 2020/1128/1781 2021/1129/1782 2023/1130/1783
f 2020/1128/1781 2023/1130/1783 2025/1131/1784
f 2026/1132/1785 2027/1133/1786 2030/1134/1787
f 2026/1132/1785 2030/1134/1787 2032/1135/1788
f 2013/1123/1776 2011/1122/1775 1963/1081/1734
f 2013/1123/1776 1963/1081/1734 1962/1080/1733
f 1949/1071/1724 1947/1070/1723 2003/1117/1770
f 1949/1071/1724 2003/1117/1770 2002/1116/1769
f 1967/1083/1736 1965/1082/1735 1951/1073/1726
f 1967/1083/1736 1951/1073/1726 1950/1072/1725
f 2025/1131/1784 2023/1130/1783 2009/1121/1774
f 2025/1131/1784 2009/1121/1774 2008/1120/1773
f 2032/1135/1788 2030/1134/1787 1945/1069/1722
f 2032/1135/1788 1945/1069/1722 1944/1068/1721
f 2019/1127/1780 2017/1126/1779 2027/1133/1786
f 2019/1127/1780 2027/1133/1786 2026/1132/1785
s 0
f 2033/1105/1789 2034/1089/1789 2035/1091/1789
f 2033/1105/1789 2035/1091/1789 2036/1103/1789
f 2037/1108/1789 2038/1086/1789 2039/1085/1789
f 2037/1108/1789 2039/1085/1789 2040/1107/1789
s 1
f 1944/1068/1721 2041/1136/1790 2042/1137/1791
f 1944/1068/1721 2042/1137/1791 2032/1135/1788
f 1988/1104/1757 2043/1138/1792 2046/1139/1793
f 1988/1104/1757 2046/1139/1793 1990/1106/1759
f 1984/1100/1753 2048/1140/1794 2050/1141/1795
f 1984/1100/1753 2050/1141/1795 1986/1102/1755
f 2025/1131/1784 2052/1142/1796 2053/1143/1797
f 2025/1131/1784 2053/1143/1797 2020/1128/1781
f 1972/1088/1741 2054/1144/1798 2056/1145/1799
f 1972/1088/1741 2056/1145/1799 1974/1090/1743
f 1994/1110/1763 2058/1146/1800 2060/1147/1801
f 1994/1110/1763 2060/1147/1801 1996/1112/1765
f 1980/1096/1749 2062/1148/1802 2064/1149/1803
f 1980/1096/1749 2064/1149/1803 1982/1098/1751
f 1971/1087/1740 2066/1150/1804 2068/1151/1805
f 1971/1087/1740 2068/1151/1805 1968/1084/1737
f 2019/1127/1780 2070/1152/1806 2071/1153/1807
f 2019/1127/1780 2071/1153/1807 2014/1124/1777
s 0
f 2072/1101/1789 2036/1103/1789 2035/1091/1789
f 2072/1101/1789 2035/1091/1789 2073/1093/1789
s 1
f 1988/1104/1757 1986/1102/1755 2050/1141/1795
f 1988/1104/1757 2050/1141/1795 2043/1138/1792
f 1976/1092/1745 1974/1090/1743 2056/1145/1799
f 1976/1092/1745 2056/1145/1799 1998/1114/1767
f 1962/1080/1733 2074/1154/1808 2075/1155/1809
f 1962/1080/1733 2075/1155/1809 2013/1123/1776
s 0
f 2033/1105/1789 2040/1107/1789 2039/1085/1789
f 2033/1105/1789 2039/1085/1789 2034/1089/1789
s 1
f 1956/1076/1729 1990/1106/1759 2046/1139/1793
f 1956/1076/1729 2046/1139/1793 1957/1077/1730
f 1972/1088/1741 1968/1084/1737 2068/1151/1805
f 1972/1088/1741 2068/1151/1805 2054/1144/1798
f 1980/1096/1749 1978/1094/1747 2000/1115/1768
f 1980/1096/1749 2000/1115/1768 2062/1148/1802
f 2020/1128/1781 2007/1119/1772 2005/1118/1771
f 2020/1128/1781 2005/1118/1771 2021/1129/1782
f 2076/1156/1810 2077/1157/1811 2078/1158/1811
f 2076/1156/1810 2078/1158/1811 2079/1159/1812
s 0
f 2073/1093/1789 2080/1095/1789 2081/1097/1789
f 2073/1093/1789 2081/1097/1789 2082/1099/1789
f 2073/1093/1789 2082/1099/1789 2072/1101/1789
s 1
f 1984/1100/1753 1982/1098/1751 2064/1149/1803
f 1984/1100/1753 2064/1149/1803 2048/1140/1794
f 1994/1110/1763 1961/1079/1732 1959/1078/1731
f 1994/1110/1763 1959/1078/1731 2058/1146/1800
f 2014/1124/1777 1955/1075/1728 1953/1074/1727
f 2014/1124/1777 1953/1074/1727 2015/1125/1778
s 0
f 2037/1108/1789 2083/1109/1789 2084/1111/1789
f 2037/1108/1789 2084/1111/1789 2085/1113/1789
f 2037/1108/1789 2085/1113/1789 2038/1086/1789
s 1
f 2086/1160/1813 2076/1156/1810 2079/1159/1812
f 2086/1160/1813 2079/1159/1812 2087/1161/1813
f 1971/1087/1740 1996/1112/1765 2060/1147/1801
f 1971/1087/1740 2060/1147/1801 2066/1150/1804
f 1966/1162/1814 1964/1163/1815 2067/1164/1816
f 1966/1162/1814 2067/1164/1816 2061/1165/1801
f 2016/1166/1817 1954/1167/1818 1960/1168/1819
f 2016/1166/1817 1960/1168/1819 1958/1169/1730
f 1954/1167/1818 1952/1170/1726 2059/1171/1820
f 1954/1167/1818 2059/1171/1820 1960/1168/1819
f 1948/1172/1821 1946/1173/1722 2049/1174/1794
f 1948/1172/1821 2049/1174/1794 2065/1175/1803
f 2022/1176/1822 2006/1177/1823 2001/1178/1824
f 2022/1176/1822 2001/1178/1824 1999/1179/1825
f 2006/1177/1823 2004/1180/1770 2063/1181/1826
f 2006/1177/1823 2063/1181/1826 2001/1178/1824
f 2012/1182/1827 2010/1183/1828 2055/1184/1798
f 2012/1182/1827 2055/1184/1798 2069/1185/1829
f 2018/1186/1830 2016/1166/1817 1958/1169/1730
f 2018/1186/1830 1958/1169/1730 2047/1187/1793
f 2024/1188/1831 2022/1176/1822 1999/1179/1825
f 2024/1188/1831 1999/1179/1825 2057/1189/1832
f 2031/1190/1833 2028/1191/1786 2044/1192/1792
f 2031/1190/1833 2044/1192/1792 2051/1193/1795
f 1964/1163/1815 2012/1182/1827 2069/1185/1829
f 1964/1163/1815 2069/1185/1829 2067/1164/1816
f 2004/1180/1770 1948/1172/1821 2065/1175/1803
f 2004/1180/1770 2065/1175/1803 2063/1181/1826
f 1952/1170/1726 1966/1162/1814 2061/1165/1801
f 1952/1170/1726 2061/1165/1801 2059/1171/1820
f 2010/1183/1828 2024/1188/1831 2057/1189/1832
f 2010/1183/1828 2057/1189/1832 2055/1184/1798
f 1946/1173/1722 2031/1190/1833 2051/1193/1795
f 1946/1173/1722 2051/1193/1795 2049/1174/1794
f 2029/1194/1786 2018/1186/1830 2047/1187/1793
f 2029/1194/1786 2047/1187/1793 2045/1195/1792
f 2088/1196/1834 2086/1160/1813 2087/1161/1813
f 2088/1196/1834 2087/1161/1813 2089/1197/1834
f 2090/1198/1835 2088/1196/1834 2089/1197/1834
f 2090/1198/1835 2089/1197/1834 2091/1199/1835
f 2092/1200/1836 2090/1198/1835 2091/1199/1835
f 2092/1200/1836 2091/1199/1835 2093/1201/1837
f 2094/1202/1838 2092/1200/1836 2093/1201/1837
f 2094/1202/1838 2093/1201/1837 2095/1203/1838
f 2096/1204/1839 2094/1202/1838 2095/1203/1838
f 2096/1204/1839 2095/1203/1838 2097/1205/1840
f 2098/1206/1841 2096/1204/1839 2097/1205/1840
f 2098/1206/1841 2097/1205/1840 2099/1207/1841
f 2100/1208/1842 2098/1206/1841 2099/1207/1841
f 2100/1208/1842 2099/1207/1841 2101/1209/1842
f 2102/1210/1843 2100/1208/1842 2101/1209/1842
f 2102/1210/1843 2101/1209/1842 2103/1211/1843
f 2104/1212/1844 2102/1210/1843 2103/1211/1843
f 2104/1212/1844 2103/1211/1843 2105/1213/1845
f 2106/1214/1846 2104/1212/1844 2105/1213/1845
f 2106/1214/1846 2105/1213/1845 2107/1215/1846
f 2108/1216/1847 2106/1214/1846 2107/1215/1846
f 2108/1216/1847 2107/1215/1846 2109/1217/1847
f 2110/1218/1848 2108/1216/1847 2109/1217/1847
f 2110/1218/1848 2109/1217/1847 2111/1219/1848
f 2112/1220/1849 2110/1218/1848 2111/1219/1848
f 2112/1220/1849 2111/1219/1848 2113/1221/1850
f 2077/1157/1811 2112/1220/1849 2113/1221/1850
f 2077/1157/1811 2113/1221/1850 2078/1158/1811
f 2114/1222/1851 2115/1223/1852 2116/1224/1852
f 2114/1222/1851 2116/1224/1852 2117/1225/1851
f 2118/1152/1853 2114/1222/1851 2117/1225/1851
f 2118/1152/1853 2117/1225/1851 2119/1226/1853
f 2120/1153/1854 2118/1152/1853 2119/1226/1853
f 2120/1153/1854 2119/1226/1853 2121/1227/1854
f 2122/1228/1855 2120/1153/1854 2121/1227/1854
f 2122/1228/1855 2121/1227/1854 2123/1229/1856
f 2124/1230/1857 2122/1228/1855 2123/1229/1856
f 2124/1230/1857 2123/1229/1856 2125/1231/1857
f 2126/1232/1858 2124/1230/1857 2125/1231/1857
f 2126/1232/1858 2125/1231/1857 2127/1233/1858
f 2128/1154/1859 2126/1232/1858 2127/1233/1858
f 2128/1154/1859 2127/1233/1858 2129/1234/1860
f 2130/1155/1861 2128/1154/1859 2129/1234/1860
f 2130/1155/1861 2129/1234/1860 2131/1235/1861
f 2132/1236/1862 2130/1155/1861 2131/1235/1861
f 2132/1236/1862 2131/1235/1861 2133/1237/1862
f 2134/1142/1863 2132/1236/1862 2133/1237/1862
f 2134/1142/1863 2133/1237/1862 2135/1238/1863
f 2136/1143/1864 2134/1142/1863 2135/1238/1863
f 2136/1143/1864 2135/1238/1863 2137/1239/1865
f 2138/1240/1866 2136/1143/1864 2137/1239/1865
f 2138/1240/1866 2137/1239/1865 2139/1241/1866
f 2140/1242/1867 2138/1240/1866 2139/1241/1866
f 2140/1242/1867 2139/1241/1866 2141/1243/1867
f 2142/1244/1868 2140/1242/1867 2141/1243/1867
f 2142/1244/1868 2141/1243/1867 2143/1245/1868
f 2144/1136/1869 2142/1244/1868 2143/1245/1868
f 2144/1136/1869 2143/1245/1868 2145/1246/1870
f 2115/1223/1852 2144/1136/1869 2145/1246/1870
f 2115/1223/1852 2145/1246/1870 2116/1224/1852
s 0
f 2146/1214/1871 2147/1206/1871 2148/1208/1871
f 2146/1214/1871 2148/1208/1871 2149/1212/1871
f 2150/1215/1871 2151/1213/1871 2152/1229/1871
f 2150/1215/1871 2152/1229/1871 2153/1227/1871
s 1
f 2008/1120/1773 2154/1236/1872 2052/1142/1796
f 2008/1120/1773 2052/1142/1796 2025/1131/1784
s 0
f 2152/1229/1871 2151/1213/1871 2155/1211/1871
f 2152/1229/1871 2155/1211/1871 2156/1231/1871
f 2157/1219/1871 2158/1217/1871 2159/1226/1871
f 2157/1219/1871 2159/1226/1871 2160/1225/1871
s 1
f 2002/1116/1769 2007/1119/1772 2161/1240/1873
f 2002/1116/1769 2161/1240/1873 2162/1242/1874
f 2020/1128/1781 2053/1143/1797 2161/1240/1873
f 2020/1128/1781 2161/1240/1873 2007/1119/1772
s 0
f 2156/1231/1871 2155/1211/1871 2163/1209/1871
f 2156/1231/1871 2163/1209/1871 2164/1233/1871
s 1
f 2002/1116/1769 2162/1242/1874 2165/1244/1875
f 2002/1116/1769 2165/1244/1875 1949/1071/1724
s 0
f 2164/1233/1871 2163/1209/1871 2166/1207/1871
f 2164/1233/1871 2166/1207/1871 2167/1234/1871
s 1
f 1949/1071/1724 2165/1244/1875 2041/1136/1790
f 1949/1071/1724 2041/1136/1790 1944/1068/1721
s 0
f 2168/1205/1871 2169/1203/1871 2170/1237/1871
f 2168/1205/1871 2170/1237/1871 2171/1235/1871
f 2160/1225/1871 2172/1224/1871 2173/1221/1871
f 2160/1225/1871 2173/1221/1871 2157/1219/1871
s 1
f 2026/1132/1785 2032/1135/1788 2042/1137/1791
f 2026/1132/1785 2042/1137/1791 2174/1222/1876
s 0
f 2175/1159/1871 2176/1158/1871 2177/1246/1871
f 2175/1159/1871 2177/1246/1871 2178/1245/1871
s 1
f 2008/1120/1773 2013/1123/1776 2075/1155/1809
f 2008/1120/1773 2075/1155/1809 2154/1236/1872
s 0
f 2178/1245/1871 2179/1243/1871 2180/1161/1871
f 2178/1245/1871 2180/1161/1871 2175/1159/1871
s 1
f 1967/1083/1736 2181/1232/1877 2074/1154/1808
f 1967/1083/1736 2074/1154/1808 1962/1080/1733
f 1950/1072/1725 2182/1230/1878 2181/1232/1877
f 1950/1072/1725 2181/1232/1877 1967/1083/1736
s 0
f 2183/1199/1871 2184/1197/1871 2185/1241/1871
f 2183/1199/1871 2185/1241/1871 2186/1239/1871
f 2179/1243/1871 2185/1241/1871 2184/1197/1871
f 2179/1243/1871 2184/1197/1871 2180/1161/1871
s 1
f 2026/1132/1785 2174/1222/1876 2070/1152/1806
f 2026/1132/1785 2070/1152/1806 2019/1127/1780
f 1950/1072/1725 1955/1075/1728 2187/1228/1879
f 1950/1072/1725 2187/1228/1879 2182/1230/1878
s 0
f 2170/1237/1871 2169/1203/1871 2188/1201/1871
f 2170/1237/1871 2188/1201/1871 2189/1238/1871
f 2171/1235/1871 2167/1234/1871 2166/1207/1871
f 2171/1235/1871 2166/1207/1871 2168/1205/1871
s 1
f 2014/1124/1777 2071/1153/1807 2187/1228/1879
f 2014/1124/1777 2187/1228/1879 1955/1075/1728
s 0
f 2153/1227/1871 2159/1226/1871 2158/1217/1871
f 2153/1227/1871 2158/1217/1871 2150/1215/1871
f 2172/1224/1871 2177/1246/1871 2176/1158/1871
f 2172/1224/1871 2176/1158/1871 2173/1221/1871
f 2186/1239/1871 2189/1238/1871 2188/1201/1871
f 2186/1239/1871 2188/1201/1871 2183/1199/1871
f 2190/1210/1871 2149/1212/1871 2148/1208/1871
f 2191/1216/1871 2192/1204/1871 2147/1206/1871
f 2191/1216/1871 2147/1206/1871 2146/1214/1871
f 2193/1218/1871 2194/1202/1871 2192/1204/1871
f 2193/1218/1871 2192/1204/1871 2191/1216/1871
f 2195/1220/1871 2196/1200/1871 2194/1202/1871
f 2195/1220/1871 2194/1202/1871 2193/1218/1871
f 2197/1157/1871 2198/1198/1871 2196/1200/1871
f 2197/1157/1871 2196/1200/1871 2195/1220/1871
f 2199/1156/1871 2200/1196/1871 2198/1198/1871
f 2199/1156/1871 2198/1198/1871 2197/1157/1871
f 2201/1160/1871 2200/1196/1871 2199/1156/1871
o defaultMaterial.008
v 5.384679 2.814377 6.343123
v 5.166289 2.782283 6.287534
v 5.166289 2.061560 6.287534
v 5.384679 2.029466 6.343123
v 5.166289 1.701200 5.663371
v 5.166289 1.701200 5.663371
v 5.384679 1.637011 5.663371
v 5.384679 1.637011 5.663371
v 5.166289 2.061560 5.039207
v 5.384679 2.029466 4.983618
v 5.166289 2.782283 5.039207
v 5.384679 2.814377 4.983618
v 5.166289 3.142642 5.663371
v 5.384679 3.206831 5.663371
v 4.947900 2.671192 6.095122
v 4.947900 2.421921 5.663371
v 4.947900 2.172650 6.095122
v 4.947900 2.172650 5.231619
v 4.947900 2.671192 5.231619
v 4.947900 1.923378 5.663371
v 4.947900 1.923378 5.663371
v 4.947900 2.920465 5.663371
vn -0.2820 0.4797 0.8309
vn -0.5205 0.4269 0.7395
vn -0.5205 -0.4269 0.7395
vn -0.2820 -0.4797 0.8309
vn -0.5205 -0.8539 -0.0000
vn -0.2820 -0.9594 -0.0000
vn -0.5205 -0.8538 -0.0000
vn -0.5205 -0.4269 -0.7395
vn -0.2820 -0.4797 -0.8309
vn -0.5205 0.4269 -0.7395
vn -0.2820 0.4797 -0.8309
vn -0.5205 0.8538 -0.0000
vn -0.2820 0.9594 -0.0000
vn -0.9313 0.1822 0.3155
vn -1.0000 -0.0000 -0.0000
vn -0.9313 -0.1822 0.3155
vn -0.9313 -0.1822 -0.3155
vn -0.9313 0.1822 -0.3155
vn -0.9313 -0.3643 -0.0000
vn -0.9313 0.3644 -0.0000
vt 0.178594 0.238161
vt 0.178594 0.221897
vt 0.164062 0.221897
vt 0.164062 0.238161
vt 0.149532 0.221897
vt 0.149532 0.238161
vt 0.236719 0.238161
vt 0.236719 0.221897
vt 0.222188 0.221897
vt 0.222188 0.238161
vt 0.207657 0.221897
vt 0.207657 0.238161
vt 0.193125 0.221897
vt 0.193125 0.238161
vt 0.178594 0.202525
vt 0.193035 0.195913
vt 0.164062 0.202525
vt 0.222188 0.202525
vt 0.207657 0.202525
vt 0.236719 0.202525
vt 0.193125 0.202525
vt 0.149532 0.202525
s 1
usemtl defaultMaterial
f 2202/1247/1880 2203/1248/1881 2204/1249/1882
f 2202/1247/1880 2204/1249/1882 2205/1250/1883
f 2205/1250/1883 2204/1249/1882 2206/1251/1884
f 2205/1250/1883 2206/1251/1884 2208/1252/1885
f 2209/1253/1885 2207/1254/1886 2210/1255/1887
f 2209/1253/1885 2210/1255/1887 2211/1256/1888
f 2211/1256/1888 2210/1255/1887 2212/1257/1889
f 2211/1256/1888 2212/1257/1889 2213/1258/1890
f 2213/1258/1890 2212/1257/1889 2214/1259/1891
f 2213/1258/1890 2214/1259/1891 2215/1260/1892
f 2215/1260/1892 2214/1259/1891 2203/1248/1881
f 2215/1260/1892 2203/1248/1881 2202/1247/1880
f 2216/1261/1893 2217/1262/1894 2218/1263/1895
f 2219/1264/1896 2217/1262/1894 2220/1265/1897
f 2217/1262/1894 2219/1264/1896 2221/1266/1898
f 2220/1265/1897 2217/1262/1894 2223/1267/1899
f 2218/1263/1895 2217/1262/1894 2222/1268/1898
f 2217/1262/1894 2216/1261/1893 2223/1267/1899
f 2218/1263/1895 2204/1249/1882 2203/1248/1881
f 2218/1263/1895 2203/1248/1881 2216/1261/1893
f 2222/1268/1898 2206/1251/1884 2204/1249/1882
f 2222/1268/1898 2204/1249/1882 2218/1263/1895
f 2216/1261/1893 2203/1248/1881 2214/1259/1891
f 2216/1261/1893 2214/1259/1891 2223/1267/1899
f 2223/1267/1899 2214/1259/1891 2212/1257/1889
f 2223/1267/1899 2212/1257/1889 2220/1265/1897
f 2220/1265/1897 2212/1257/1889 2210/1255/1887
f 2220/1265/1897 2210/1255/1887 2219/1264/1896
f 2219/1264/1896 2210/1255/1887 2207/1254/1886
f 2219/1264/1896 2207/1254/1886 2221/1266/1898
o defaultMaterial.009
v -7.573783 0.943355 4.184798
v -7.573783 1.621969 3.732099
v -7.288850 1.497465 3.431540
v -7.288850 1.497465 3.431540
v -7.288850 0.713302 3.954756
v -7.288850 0.713302 3.954756
v -7.573783 2.421928 7.754388
v -7.573783 1.621969 7.594641
v -7.288850 1.497465 7.895205
v -7.288850 1.497465 7.895205
v -7.288850 2.421920 8.079813
v -7.288850 2.421920 8.079813
v -5.384666 0.943797 7.141501
v -5.384666 1.621969 7.594641
v -5.579376 1.497465 7.895205
v -5.579376 1.497465 7.895205
v -5.579376 0.713750 7.371543
v -5.579376 0.713750 7.371543
v -7.573783 3.900501 7.141943
v -7.573783 3.221887 7.594641
v -7.288850 3.346376 7.895205
v -7.288850 3.346376 7.895205
v -7.288850 4.130602 7.372054
v -7.288850 4.130602 7.372054
v -5.384666 4.353199 6.463329
v -5.384666 3.900501 7.141943
v -5.294443 3.269580 6.510995
v -5.294443 3.529099 6.121964
v -5.384666 4.512320 5.663370
v -5.294443 3.620319 5.663370
v -5.384666 4.353199 4.863411
v -5.294443 3.529099 5.204776
v -5.384666 3.900501 4.184798
v -5.294443 3.269581 4.815746
v -5.384666 3.221887 3.732099
v -5.294443 2.880549 4.556226
v -5.384666 2.421927 3.572351
v -5.294443 2.421955 4.464647
v -5.384666 1.621969 3.732099
v -5.294443 1.963361 4.556226
v -5.384666 0.943797 4.185239
v -5.294443 1.574584 4.816000
v -5.384666 0.490657 4.863411
v -5.294443 1.314812 5.204776
v -5.384666 0.331535 5.663370
v -5.294443 1.223592 5.663370
v -5.384666 0.490657 6.463329
v -5.294443 1.314812 6.121964
v -5.294443 1.574584 6.510741
v -5.294443 1.963361 6.770514
v -5.384666 2.421927 7.754387
v -5.294443 2.421955 6.862092
v -5.384666 3.221887 7.594641
v -5.294443 2.880549 6.770514
v -5.579376 3.346376 3.431540
v -5.579376 3.346376 3.431540
v -5.579376 4.130602 3.954692
v -5.579376 4.130602 3.954692
v -7.573783 2.421927 3.572352
v -7.573783 3.221887 3.732099
v -7.288850 3.346376 3.431540
v -7.288850 3.346376 3.431540
v -7.288850 2.421920 3.246931
v -7.288850 2.421920 3.246931
v -7.573783 4.512320 5.663370
v -7.573783 4.353199 6.463329
v -7.288850 4.653752 6.587828
v -7.288850 4.653752 6.587828
v -7.288850 4.837638 5.663373
v -7.288850 4.837638 5.663373
v -7.573783 0.943797 7.141501
v -7.573783 0.490657 6.463329
v -7.288850 0.190088 6.587828
v -7.288850 0.190088 6.587828
v -7.288850 0.713750 7.371543
v -7.288850 0.713750 7.371543
v -7.573783 3.900501 4.184798
v -7.573783 4.353199 4.863411
v -7.288850 4.653752 4.738917
v -7.288850 4.653752 4.738917
v -7.288850 4.130602 3.954692
v -7.288850 4.130602 3.954692
v -7.573783 0.331535 5.663370
v -7.573783 0.490657 4.863411
v -7.288850 0.190088 4.738917
v -7.288850 0.190088 4.738917
v -7.288850 0.006202 5.663373
v -7.288850 0.006202 5.663373
v -7.288850 0.006202 5.663373
v -5.294443 1.223592 5.663370
v -5.294443 1.314812 5.204776
v -5.294443 3.529099 5.204776
v -5.294443 3.620319 5.663370
v -5.294443 1.574584 6.510741
v -5.294443 1.314812 6.121964
v -5.294443 3.529099 6.121964
v -5.294443 3.269580 6.510995
v -7.661354 0.973476 5.063400
v -7.661354 1.312999 4.554440
v -5.579376 0.190088 6.587828
v -5.579376 0.190088 6.587828
v -5.579376 0.006202 5.663373
v -5.579376 0.006202 5.663373
v -5.579376 0.006202 5.663373
v -5.579376 0.190088 4.738917
v -5.579376 0.190088 4.738917
v -5.579376 0.713686 3.955138
v -5.579376 0.713686 3.955138
v -7.661354 3.530859 4.554440
v -7.661354 3.870382 5.063400
v -5.579376 4.653752 4.738917
v -5.579376 4.653752 4.738917
v -5.579376 4.837638 5.663373
v -5.579376 4.837638 5.663373
v -5.579376 3.346376 7.895205
v -5.579376 3.346376 7.895205
v -5.579376 2.421920 8.079813
v -5.579376 2.421920 8.079813
v -5.579376 1.497465 3.431540
v -5.579376 1.497465 3.431540
v -5.579376 2.421920 3.246931
v -5.579376 2.421920 3.246931
v -5.579376 4.653752 6.587828
v -5.579376 4.653752 6.587828
v -5.579376 4.130602 7.372054
v -5.579376 4.130602 7.372054
v -7.661354 1.313331 6.771967
v -7.661354 0.973476 6.263338
v -5.294443 1.574584 4.816000
v -5.294443 3.269581 4.815746
v -7.661354 3.870382 6.263338
v -7.661354 3.530859 6.772299
v -7.486877 2.010355 4.669744
v -7.363745 1.981104 4.599130
v -7.363745 1.607149 4.848593
v -7.486877 1.661212 4.902653
v -5.294443 1.963361 4.556226
v -5.294443 2.421955 4.464647
v -5.294443 2.880549 4.556226
v -5.294443 2.880549 6.770514
v -5.294443 2.421955 6.862092
v -5.294443 1.963361 6.770514
v -7.486877 2.421928 4.587553
v -7.363745 2.421927 4.511100
v -7.486877 2.833502 4.669744
v -7.363745 2.862751 4.599130
v -7.486877 3.182645 4.902653
v -7.363745 3.236706 4.848593
v -7.486877 3.415555 5.251795
v -7.363745 3.486168 5.222548
v -7.486877 3.497422 5.663370
v -7.363745 3.573853 5.663371
v -7.486877 3.415555 6.074943
v -7.363745 3.486168 6.104193
v -7.486877 3.182645 6.424086
v -7.363745 3.236706 6.478148
v -7.486877 2.833502 6.656996
v -7.363745 2.862751 6.727611
v -7.486877 2.421928 6.739185
v -7.363745 2.421927 6.815641
v -7.486877 2.010355 6.656996
v -7.363745 1.981104 6.727611
v -7.486877 1.661439 6.423858
v -7.363745 1.607393 6.477905
v -7.486877 1.428302 6.074943
v -7.363745 1.357687 6.104193
v -7.486877 1.346435 5.663370
v -7.363745 1.270002 5.663371
v -7.486877 1.428302 5.251795
v -7.363745 1.357687 5.222548
v -7.661354 0.854135 5.663369
v -7.363745 0.943769 5.663369
v -7.363745 1.056287 5.097702
v -7.661354 0.973476 5.063400
v -7.661354 0.973476 6.263338
v -7.363745 1.056287 6.229035
v -7.661354 1.313331 6.771967
v -7.363745 1.376712 6.708586
v -7.661354 1.821960 7.111822
v -7.363745 1.856262 7.029010
v -7.661354 2.421929 7.231632
v -7.363745 2.421929 7.141971
v -7.661354 3.021898 7.111822
v -7.363745 2.987597 7.029010
v -7.661354 3.530859 6.772299
v -7.363745 3.467459 6.708899
v -7.661354 3.870382 6.263338
v -7.363745 3.787571 6.229035
v -7.661354 3.989723 5.663369
v -7.363745 3.900089 5.663369
v -7.661354 3.870382 5.063400
v -7.363745 3.787571 5.097702
v -7.661354 3.530859 4.554440
v -7.363745 3.467459 4.617840
v -7.661354 3.021898 4.214916
v -7.363745 2.987597 4.297727
v -7.661354 2.421928 4.095105
v -7.363745 2.421929 4.184766
v -7.661354 1.821960 4.214916
v -7.363745 1.856262 4.297727
v -7.661354 1.312999 4.554440
v -7.363745 1.376399 4.617840
v -7.486877 1.661439 6.423858
v -7.486877 2.010355 6.656996
v -7.486877 2.833502 6.656996
v -7.486877 3.182645 6.424086
v -7.363745 1.607393 6.477905
v -7.363745 1.376712 6.708586
v -7.363745 1.856262 7.029010
v -7.363745 1.981104 6.727611
v -7.661354 3.989723 5.663369
v -7.363745 2.421929 7.141971
v -7.363745 2.421927 6.815641
v -7.363745 1.270002 5.663371
v -7.363745 0.943769 5.663369
v -7.363745 1.056287 6.229035
v -7.363745 1.357687 6.104193
v -7.661354 2.421928 4.095105
v -7.661354 3.021898 4.214916
v -7.363745 2.987597 7.029010
v -7.363745 2.862751 6.727611
v -7.661354 1.821960 4.214916
v -7.363745 3.467459 6.708899
v -7.363745 3.236706 6.478148
v -7.363745 3.486168 6.104193
v -7.363745 3.787571 6.229035
v -7.363745 3.900089 5.663369
v -7.363745 3.573853 5.663371
v -7.363745 1.357687 5.222548
v -7.363745 1.056287 5.097702
v -7.661354 0.854135 5.663369
v -7.363745 1.981104 4.599130
v -7.363745 1.856262 4.297727
v -7.363745 1.376399 4.617840
v -7.363745 1.607149 4.848593
v -7.363745 2.421927 4.511100
v -7.363745 2.421929 4.184766
v -7.661354 3.021898 7.111822
v -7.661354 2.421929 7.231632
v -7.363745 3.236706 4.848593
v -7.363745 3.467459 4.617840
v -7.363745 2.987597 4.297727
v -7.363745 2.862751 4.599130
v -7.661354 1.821960 7.111822
v -7.363745 3.787571 5.097702
v -7.363745 3.486168 5.222548
v -7.486877 2.421928 6.739185
v -7.486877 1.428302 6.074943
v -7.486877 3.415555 6.074943
v -7.486877 1.346435 5.663370
v -7.486877 3.497422 5.663370
v -7.486877 1.428302 5.251795
v -7.486877 3.415555 5.251795
v -7.486877 1.661212 4.902653
v -7.486877 3.182645 4.902653
v -7.486877 2.010355 4.669744
v -7.486877 2.833502 4.669744
v -7.486877 2.421928 4.587553
vn -0.9041 -0.3021 -0.3021
vn -0.9041 -0.1636 -0.3948
vn -0.4152 -0.3483 -0.8404
vn -0.4152 -0.6433 -0.6433
vn -0.9041 -0.0000 0.4272
vn -0.9041 -0.1637 0.3947
vn -0.4153 -0.3484 0.8403
vn -0.4153 -0.0000 0.9097
vn 0.9494 -0.2221 0.2221
vn 0.9494 -0.1203 0.2902
vn 0.4967 -0.3325 0.8017
vn 0.4967 -0.6137 0.6137
vn -0.9041 0.3021 0.3021
vn -0.9041 0.1635 0.3948
vn -0.4153 0.3482 0.8404
vn -0.4153 0.6433 0.6432
vn 0.9494 0.2903 0.1201
vn 0.9494 0.2221 0.2221
vn 0.9949 0.0711 0.0711
vn 0.9949 0.0930 0.0385
vn 0.9494 0.3141 -0.0000
vn 0.9949 0.1006 -0.0000
vn 0.9494 0.2903 -0.1201
vn 0.9949 0.0930 -0.0385
vn 0.9494 0.2221 -0.2221
vn 0.9949 0.0711 -0.0711
vn 0.9494 0.1202 -0.2902
vn 0.9949 0.0385 -0.0930
vn 0.9494 -0.0000 -0.3140
vn 0.9949 -0.0000 -0.1006
vn 0.9494 -0.1203 -0.2901
vn 0.9949 -0.0385 -0.0930
vn 0.9494 -0.2221 -0.2221
vn 0.9949 -0.0712 -0.0712
vn 0.9494 -0.2902 -0.1202
vn 0.9949 -0.0930 -0.0385
vn 0.9494 -0.3141 -0.0000
vn 0.9949 -0.1006 -0.0000
vn 0.9494 -0.2902 0.1202
vn 0.9949 -0.0930 0.0385
vn 0.9949 -0.0712 0.0712
vn 0.9949 -0.0385 0.0930
vn 0.9494 -0.0000 0.3140
vn 0.9949 -0.0000 0.1006
vn 0.9494 0.1202 0.2902
vn 0.9949 0.0385 0.0930
vn 0.4966 0.3321 -0.8019
vn 0.4968 0.6137 -0.6137
vn -0.9041 -0.0000 -0.4272
vn -0.9041 0.1635 -0.3948
vn -0.4153 0.3481 -0.8405
vn -0.4153 -0.0000 -0.9097
vn -0.9041 0.4273 -0.0000
vn -0.9041 0.3949 0.1634
vn -0.4153 0.8406 0.3478
vn -0.4153 0.9097 -0.0000
vn -0.9041 -0.3022 0.3022
vn -0.9041 -0.3948 0.1635
vn -0.4153 -0.8404 0.3481
vn -0.4153 -0.6432 0.6433
vn -0.9041 0.3021 -0.3021
vn -0.9041 0.3949 -0.1634
vn -0.4153 0.8406 -0.3478
vn -0.4153 0.6432 -0.6433
vn -0.9041 -0.4273 -0.0000
vn -0.9041 -0.3949 -0.1634
vn -0.4152 -0.8406 -0.3479
vn -0.4153 -0.9097 -0.0000
vn 1.0000 -0.0000 -0.0000
vn -0.9862 -0.1527 -0.0632
vn -0.9863 -0.1168 -0.1168
vn 0.4967 -0.8019 0.3322
vn 0.4967 -0.8679 -0.0000
vn 0.4967 -0.8019 -0.3320
vn 0.4968 -0.6136 -0.6137
vn -0.9863 0.1168 -0.1168
vn -0.9862 0.1527 -0.0632
vn 0.4967 0.8020 -0.3318
vn 0.4967 0.8679 -0.0000
vn 0.4967 0.3322 0.8019
vn 0.4967 -0.0000 0.8679
vn 0.4967 -0.3323 -0.8018
vn 0.4967 -0.0000 -0.8679
vn 0.4967 0.8020 0.3318
vn 0.4967 0.6137 0.6137
vn -0.9862 -0.1169 0.1169
vn -0.9862 -0.1527 0.0632
vn -0.9862 0.1527 0.0632
vn -0.9863 0.1168 0.1168
vn -0.5274 -0.3251 -0.7850
vn -0.5274 -0.3251 -0.7849
vn -0.5275 -0.6007 -0.6007
vn -0.5275 -0.0000 -0.8496
vn -0.4152 0.3482 0.8405
vn 0.4967 0.3321 0.8019
vn 0.4968 0.6137 0.6137
vn -0.4152 -0.6432 0.6433
vn -0.4152 -0.3485 0.8403
vn 0.4968 -0.0000 0.8679
vn -0.4152 -0.3482 -0.8404
vn 0.4968 -0.6137 -0.6137
vn 0.4967 0.6137 -0.6137
vn 0.4967 0.3322 -0.8019
vn -0.4152 0.3481 -0.8405
vn 0.4968 -0.0000 -0.8679
vn -0.4152 0.8406 0.3478
vn 0.4966 0.8020 0.3318
vn -0.4152 0.9097 -0.0000
vn -0.4152 -0.8405 0.3481
vn 0.4967 -0.8019 0.3321
vn -0.4152 0.8406 -0.3478
vn 0.4966 0.8020 -0.3318
vn -0.5274 0.3251 -0.7850
vn -0.5275 0.6007 -0.6007
vn -0.5274 0.7851 -0.3248
vn -0.5274 0.7851 -0.3249
vn -0.5274 0.8496 -0.0000
vn -0.5274 0.7851 0.3248
vn -0.5274 0.7851 0.3249
vn -0.5275 0.6007 0.6007
vn -0.5274 0.3251 0.7849
vn -0.5275 -0.0000 0.8495
vn -0.5274 -0.3255 0.7848
vn -0.5274 -0.3254 0.7848
vn -0.5274 -0.6008 0.6008
vn -0.5274 -0.7849 0.3251
vn -0.5274 -0.8496 -0.0000
vn -0.5274 -0.7851 -0.3248
vn -0.5274 -0.7851 -0.3249
vn -0.2884 0.9575 -0.0000
vn -0.2884 0.8848 0.3661
vn -0.2884 0.8846 -0.3664
vn -0.2884 0.6771 -0.6771
vn -0.2884 0.3667 -0.8845
vn -0.2884 0.3668 -0.8845
vn -0.2885 -0.0000 -0.9575
vn -0.2884 -0.3664 -0.8846
vn -0.2885 -0.6771 -0.6770
vn -0.2885 -0.6770 -0.6770
vn -0.2884 -0.8848 -0.3661
vn -0.2884 -0.9575 -0.0000
vn -0.2884 -0.8848 0.3661
vn -0.2885 -0.6770 0.6771
vn -0.2885 -0.6770 0.6770
vn -0.2884 -0.3664 0.8846
vn -0.2885 -0.0000 0.9575
vn -0.2884 0.3664 0.8846
vn -0.2885 0.6771 0.6770
vn -0.2885 0.6770 0.6770
vn -1.0000 -0.0000 -0.0000
vn -0.9862 0.1653 -0.0000
vn -0.9863 -0.0000 -0.1652
vn -0.9862 0.0632 -0.1527
vn -0.9862 -0.0632 -0.1527
vn -0.9862 -0.1653 -0.0000
vn -0.9862 0.0632 0.1527
vn -0.9863 -0.0000 0.1652
vn -0.9862 -0.0633 0.1527
vt 0.952213 0.330420
vt 0.973687 0.298230
vt 0.987944 0.304136
vt 0.963125 0.341332
vt 0.782891 0.260285
vt 0.790469 0.298230
vt 0.776212 0.304136
vt 0.767455 0.260285
vt 0.570339 0.330399
vt 0.548845 0.298230
vt 0.534587 0.304136
vt 0.559427 0.341311
vt 0.811942 0.190149
vt 0.790469 0.222339
vt 0.776212 0.216434
vt 0.801027 0.179234
vt 0.602508 0.168675
vt 0.570318 0.190149
vt 0.604425 0.224255
vt 0.620961 0.213224
vt 0.640454 0.161128
vt 0.640453 0.209347
vt 0.678399 0.168675
vt 0.659946 0.213224
vt 0.710589 0.190149
vt 0.676481 0.224255
vt 0.732062 0.222339
vt 0.688037 0.240573
vt 0.739640 0.260284
vt 0.691973 0.260283
vt 0.732062 0.298230
vt 0.688037 0.279993
vt 0.710568 0.330399
vt 0.676471 0.296300
vt 0.678399 0.351893
vt 0.659946 0.307342
vt 0.640454 0.359441
vt 0.640453 0.311219
vt 0.602508 0.351893
vt 0.620961 0.307342
vt 0.604436 0.296300
vt 0.592869 0.279993
vt 0.541267 0.260284
vt 0.588933 0.260283
vt 0.548845 0.222339
vt 0.592869 0.240573
vt 0.746319 0.216434
vt 0.721504 0.179234
vt 0.981264 0.260285
vt 0.973687 0.222339
vt 0.987944 0.216434
vt 0.996700 0.260285
vt 0.882078 0.161128
vt 0.844132 0.168676
vt 0.838227 0.154419
vt 0.882078 0.145697
vt 0.811963 0.330399
vt 0.844132 0.351894
vt 0.838227 0.366151
vt 0.801052 0.341311
vt 0.952213 0.190149
vt 0.920023 0.168676
vt 0.925929 0.154419
vt 0.963128 0.179234
vt 0.882078 0.359441
vt 0.920023 0.351894
vt 0.925929 0.366151
vt 0.882078 0.374873
vt 0.912872 0.334629
vt 0.938995 0.317202
vt 0.596602 0.366151
vt 0.640453 0.374873
vt 0.684304 0.366151
vt 0.721482 0.341314
vt 0.938995 0.203368
vt 0.912872 0.185941
vt 0.684304 0.154419
vt 0.640453 0.145697
vt 0.534587 0.216434
vt 0.525831 0.260285
vt 0.746319 0.304136
vt 0.755076 0.260285
vt 0.596602 0.154419
vt 0.559403 0.179234
vt 0.825177 0.317185
vt 0.851283 0.334629
vt 0.851283 0.185941
vt 0.825160 0.203368
vt 0.931154 0.280613
vt 0.936226 0.282714
vt 0.923534 0.301741
vt 0.919650 0.297857
vt 0.935213 0.260285
vt 0.940706 0.260285
vt 0.852160 0.065681
vt 0.852160 0.134185
vt 0.823683 0.134185
vt 0.823683 0.065681
vt 0.937592 0.065681
vt 0.937592 0.134185
vt 0.909115 0.134185
vt 0.909115 0.065681
vt 0.880638 0.134185
vt 0.880638 0.065681
vt 0.624339 0.065681
vt 0.624339 0.134185
vt 0.595862 0.134185
vt 0.595862 0.065681
vt 0.709771 0.065681
vt 0.709771 0.134185
vt 0.681294 0.134185
vt 0.681294 0.065681
vt 0.652816 0.134185
vt 0.652816 0.065681
vt 0.795205 0.065681
vt 0.795205 0.134185
vt 0.766727 0.134185
vt 0.766727 0.065681
vt 0.966069 0.065681
vt 0.966069 0.134185
vt 0.738249 0.065681
vt 0.738249 0.134185
vt 0.567384 0.065681
vt 0.567384 0.134185
vt 0.538907 0.134185
vt 0.538907 0.065681
vt 0.994390 0.065681
vt 0.994390 0.134185
vt 0.931154 0.239957
vt 0.936226 0.237856
vt 0.919650 0.222712
vt 0.923534 0.218829
vt 0.902406 0.211209
vt 0.904507 0.206136
vt 0.882078 0.207165
vt 0.882078 0.201675
vt 0.861750 0.211209
vt 0.859648 0.206136
vt 0.844505 0.222712
vt 0.840622 0.218829
vt 0.833002 0.239957
vt 0.827929 0.237856
vt 0.828942 0.260285
vt 0.823450 0.260285
vt 0.833002 0.280613
vt 0.827929 0.282714
vt 0.844516 0.297846
vt 0.840634 0.301728
vt 0.861750 0.309361
vt 0.859648 0.314434
vt 0.882078 0.313404
vt 0.882078 0.318895
vt 0.902406 0.309361
vt 0.904507 0.314434
vt 0.882078 0.340754
vt 0.882078 0.334652
vt 0.910537 0.328991
vt 0.912948 0.334629
vt 0.853619 0.328991
vt 0.829492 0.312871
vt 0.807734 0.291079
vt 0.813371 0.288744
vt 0.801584 0.260285
vt 0.807688 0.260285
vt 0.807734 0.229491
vt 0.813371 0.231825
vt 0.829476 0.207683
vt 0.853618 0.191578
vt 0.882078 0.179816
vt 0.882078 0.185917
vt 0.910537 0.191578
vt 0.934679 0.207683
vt 0.956421 0.229491
vt 0.950784 0.231825
vt 0.962571 0.260285
vt 0.956468 0.260285
vt 0.956421 0.291079
vt 0.950784 0.288744
vt 0.934679 0.312886
s 1
usemtl defaultMaterial
f 2224/1269/1900 2225/1270/1901 2226/1271/1902
f 2224/1269/1900 2226/1271/1902 2228/1272/1903
f 2230/1273/1904 2231/1274/1905 2232/1275/1906
f 2230/1273/1904 2232/1275/1906 2234/1276/1907
f 2236/1277/1908 2237/1278/1909 2238/1279/1910
f 2236/1277/1908 2238/1279/1910 2240/1280/1911
f 2242/1281/1912 2243/1282/1913 2244/1283/1914
f 2242/1281/1912 2244/1283/1914 2246/1284/1915
f 2248/1285/1916 2249/1286/1917 2250/1287/1918
f 2248/1285/1916 2250/1287/1918 2251/1288/1919
f 2252/1289/1920 2248/1285/1916 2251/1288/1919
f 2252/1289/1920 2251/1288/1919 2253/1290/1921
f 2254/1291/1922 2252/1289/1920 2253/1290/1921
f 2254/1291/1922 2253/1290/1921 2255/1292/1923
f 2256/1293/1924 2254/1291/1922 2255/1292/1923
f 2256/1293/1924 2255/1292/1923 2257/1294/1925
f 2258/1295/1926 2256/1293/1924 2257/1294/1925
f 2258/1295/1926 2257/1294/1925 2259/1296/1927
f 2260/1297/1928 2258/1295/1926 2259/1296/1927
f 2260/1297/1928 2259/1296/1927 2261/1298/1929
f 2262/1299/1930 2260/1297/1928 2261/1298/1929
f 2262/1299/1930 2261/1298/1929 2263/1300/1931
f 2264/1301/1932 2262/1299/1930 2263/1300/1931
f 2264/1301/1932 2263/1300/1931 2265/1302/1933
f 2266/1303/1934 2264/1301/1932 2265/1302/1933
f 2266/1303/1934 2265/1302/1933 2267/1304/1935
f 2268/1305/1936 2266/1303/1934 2267/1304/1935
f 2268/1305/1936 2267/1304/1935 2269/1306/1937
f 2270/1307/1938 2268/1305/1936 2269/1306/1937
f 2270/1307/1938 2269/1306/1937 2271/1308/1939
f 2236/1277/1908 2270/1307/1938 2271/1308/1939
f 2236/1277/1908 2271/1308/1939 2272/1309/1940
f 2237/1278/1909 2236/1277/1908 2272/1309/1940
f 2237/1278/1909 2272/1309/1940 2273/1310/1941
f 2274/1311/1942 2237/1278/1909 2273/1310/1941
f 2274/1311/1942 2273/1310/1941 2275/1312/1943
f 2276/1313/1944 2274/1311/1942 2275/1312/1943
f 2276/1313/1944 2275/1312/1943 2277/1314/1945
f 2249/1286/1917 2276/1313/1944 2277/1314/1945
f 2249/1286/1917 2277/1314/1945 2250/1287/1918
f 2256/1293/1924 2258/1295/1926 2278/1315/1946
f 2256/1293/1924 2278/1315/1946 2280/1316/1947
f 2282/1317/1948 2283/1318/1949 2284/1319/1950
f 2282/1317/1948 2284/1319/1950 2286/1320/1951
f 2288/1321/1952 2289/1322/1953 2290/1323/1954
f 2288/1321/1952 2290/1323/1954 2292/1324/1955
f 2294/1325/1956 2295/1326/1957 2296/1327/1958
f 2294/1325/1956 2296/1327/1958 2298/1328/1959
f 2300/1329/1960 2301/1330/1961 2302/1331/1962
f 2300/1329/1960 2302/1331/1962 2304/1332/1963
f 2306/1333/1964 2307/1334/1965 2308/1335/1966
f 2306/1333/1964 2308/1335/1966 2310/1336/1967
f 2289/1322/1953 2242/1281/1912 2246/1284/1915
f 2289/1322/1953 2246/1284/1915 2290/1323/1954
f 2225/1270/1901 2282/1317/1948 2286/1320/1951
f 2225/1270/1901 2286/1320/1951 2226/1271/1902
f 2243/1282/1913 2230/1273/1904 2234/1276/1907
f 2243/1282/1913 2234/1276/1907 2244/1283/1914
f 2301/1330/1961 2288/1321/1952 2292/1324/1955
f 2301/1330/1961 2292/1324/1955 2302/1331/1962
f 2307/1334/1965 2224/1269/1900 2228/1272/1903
f 2307/1334/1965 2228/1272/1903 2308/1335/1966
f 2295/1326/1957 2306/1333/1964 2310/1336/1967
f 2295/1326/1957 2310/1336/1967 2296/1327/1958
s 0
f 2313/1306/1968 2314/1304/1968 2315/1292/1968
f 2313/1306/1968 2315/1292/1968 2316/1290/1968
f 2317/1309/1968 2318/1308/1968 2319/1288/1968
f 2317/1309/1968 2319/1288/1968 2320/1287/1968
s 1
f 2224/1269/1900 2307/1334/1965 2321/1337/1969
f 2224/1269/1900 2321/1337/1969 2322/1338/1970
f 2268/1305/1936 2270/1307/1938 2323/1339/1971
f 2268/1305/1936 2323/1339/1971 2325/1340/1972
f 2264/1301/1932 2266/1303/1934 2328/1341/1973
f 2264/1301/1932 2328/1341/1973 2330/1342/1974
f 2301/1330/1961 2300/1329/1960 2332/1343/1975
f 2301/1330/1961 2332/1343/1975 2333/1344/1976
f 2252/1289/1920 2254/1291/1922 2334/1345/1977
f 2252/1289/1920 2334/1345/1977 2336/1346/1978
f 2274/1311/1942 2276/1313/1944 2338/1347/1979
f 2274/1311/1942 2338/1347/1979 2340/1348/1980
f 2260/1297/1928 2262/1299/1930 2342/1349/1981
f 2260/1297/1928 2342/1349/1981 2344/1350/1982
f 2249/1286/1917 2248/1285/1916 2346/1351/1983
f 2249/1286/1917 2346/1351/1983 2348/1352/1984
f 2295/1326/1957 2294/1325/1956 2350/1353/1985
f 2295/1326/1957 2350/1353/1985 2351/1354/1986
s 0
f 2352/1302/1968 2353/1294/1968 2315/1292/1968
f 2352/1302/1968 2315/1292/1968 2314/1304/1968
s 1
f 2268/1305/1936 2325/1340/1972 2328/1341/1973
f 2268/1305/1936 2328/1341/1973 2266/1303/1934
f 2256/1293/1924 2280/1316/1947 2334/1345/1977
f 2256/1293/1924 2334/1345/1977 2254/1291/1922
f 2242/1281/1912 2289/1322/1953 2354/1355/1987
f 2242/1281/1912 2354/1355/1987 2355/1356/1988
s 0
f 2313/1306/1968 2316/1290/1968 2319/1288/1968
f 2313/1306/1968 2319/1288/1968 2318/1308/1968
s 1
f 2236/1277/1908 2240/1280/1911 2323/1339/1971
f 2236/1277/1908 2323/1339/1971 2270/1307/1938
f 2252/1289/1920 2336/1346/1978 2346/1351/1983
f 2252/1289/1920 2346/1351/1983 2248/1285/1916
f 2260/1297/1928 2344/1350/1982 2278/1315/1946
f 2260/1297/1928 2278/1315/1946 2258/1295/1926
f 2300/1329/1960 2304/1332/1963 2284/1319/1950
f 2300/1329/1960 2284/1319/1950 2283/1318/1949
f 2356/1357/1989 2357/1358/1990 2358/1359/1991
f 2356/1357/1989 2358/1359/1991 2359/1360/1991
s 0
f 2353/1294/1968 2352/1302/1968 2360/1300/1968
f 2353/1294/1968 2360/1300/1968 2361/1298/1968
f 2353/1294/1968 2361/1298/1968 2362/1296/1968
s 1
f 2264/1301/1932 2330/1342/1974 2342/1349/1981
f 2264/1301/1932 2342/1349/1981 2262/1299/1930
f 2274/1311/1942 2340/1348/1980 2238/1279/1910
f 2274/1311/1942 2238/1279/1910 2237/1278/1909
f 2294/1325/1956 2298/1328/1959 2232/1275/1906
f 2294/1325/1956 2232/1275/1906 2231/1274/1905
s 0
f 2317/1309/1968 2320/1287/1968 2363/1314/1968
f 2317/1309/1968 2363/1314/1968 2364/1312/1968
f 2317/1309/1968 2364/1312/1968 2365/1310/1968
s 1
f 2366/1361/1992 2367/1362/1992 2357/1358/1990
f 2366/1361/1992 2357/1358/1990 2356/1357/1989
f 2249/1286/1917 2348/1352/1984 2338/1347/1979
f 2249/1286/1917 2338/1347/1979 2276/1313/1944
f 2245/1363/1993 2339/1364/1994 2349/1365/1995
f 2245/1363/1993 2349/1365/1995 2247/1366/1915
f 2299/1367/1996 2241/1368/1911 2239/1369/1910
f 2299/1367/1996 2239/1369/1910 2233/1370/1997
f 2233/1370/1997 2239/1369/1910 2341/1371/1998
f 2233/1370/1997 2341/1371/1998 2235/1372/1907
f 2227/1373/1999 2343/1374/1981 2331/1375/2000
f 2227/1373/1999 2331/1375/2000 2229/1376/1903
f 2305/1377/1963 2281/1378/2001 2279/1379/2002
f 2305/1377/1963 2279/1379/2002 2285/1380/2003
f 2285/1380/2003 2279/1379/2002 2345/1381/2004
f 2285/1380/2003 2345/1381/2004 2287/1382/1951
f 2291/1383/2005 2347/1384/2006 2337/1385/1978
f 2291/1383/2005 2337/1385/1978 2293/1386/2007
f 2297/1387/2008 2324/1388/2009 2241/1368/1911
f 2297/1387/2008 2241/1368/1911 2299/1367/1996
f 2303/1389/2010 2335/1390/2011 2281/1378/2001
f 2303/1389/2010 2281/1378/2001 2305/1377/1963
f 2309/1391/1966 2329/1392/1973 2326/1393/1972
f 2309/1391/1966 2326/1393/1972 2311/1394/1967
f 2247/1366/1915 2349/1365/1995 2347/1384/2006
f 2247/1366/1915 2347/1384/2006 2291/1383/2005
f 2287/1382/1951 2345/1381/2004 2343/1374/1981
f 2287/1382/1951 2343/1374/1981 2227/1373/1999
f 2235/1372/1907 2341/1371/1998 2339/1364/1994
f 2235/1372/1907 2339/1364/1994 2245/1363/1993
f 2293/1386/2007 2337/1385/1978 2335/1390/2011
f 2293/1386/2007 2335/1390/2011 2303/1389/2010
f 2229/1376/1903 2331/1375/2000 2329/1392/1973
f 2229/1376/1903 2329/1392/1973 2309/1391/1966
f 2312/1395/1967 2327/1396/1972 2324/1388/2009
f 2312/1395/1967 2324/1388/2009 2297/1387/2008
f 2368/1397/2012 2369/1398/2012 2367/1362/1992
f 2368/1397/2012 2367/1362/1992 2366/1361/1992
f 2370/1399/2013 2371/1400/2013 2369/1398/2012
f 2370/1399/2013 2369/1398/2012 2368/1397/2012
f 2372/1401/2014 2373/1402/2015 2371/1400/2013
f 2372/1401/2014 2371/1400/2013 2370/1399/2013
f 2374/1403/2016 2375/1404/2016 2373/1402/2015
f 2374/1403/2016 2373/1402/2015 2372/1401/2014
f 2376/1405/2017 2377/1406/2018 2375/1404/2016
f 2376/1405/2017 2375/1404/2016 2374/1403/2016
f 2378/1407/2019 2379/1408/2019 2377/1406/2018
f 2378/1407/2019 2377/1406/2018 2376/1405/2017
f 2380/1409/2020 2381/1410/2020 2379/1408/2019
f 2380/1409/2020 2379/1408/2019 2378/1407/2019
f 2382/1411/2021 2383/1412/2021 2381/1410/2020
f 2382/1411/2021 2381/1410/2020 2380/1409/2020
f 2384/1413/2022 2385/1414/2023 2383/1412/2021
f 2384/1413/2022 2383/1412/2021 2382/1411/2021
f 2386/1415/2024 2387/1416/2024 2385/1414/2023
f 2386/1415/2024 2385/1414/2023 2384/1413/2022
f 2388/1417/2025 2389/1418/2025 2387/1416/2024
f 2388/1417/2025 2387/1416/2024 2386/1415/2024
f 2390/1419/2026 2391/1420/2026 2389/1418/2025
f 2390/1419/2026 2389/1418/2025 2388/1417/2025
f 2392/1421/2027 2393/1422/2028 2391/1420/2026
f 2392/1421/2027 2391/1420/2026 2390/1419/2026
f 2359/1360/1991 2358/1359/1991 2393/1422/2028
f 2359/1360/1991 2393/1422/2028 2392/1421/2027
f 2394/1423/2029 2395/1424/2029 2396/1425/2030
f 2394/1423/2029 2396/1425/2030 2397/1426/2030
f 2398/1354/2031 2399/1427/2031 2395/1424/2029
f 2398/1354/2031 2395/1424/2029 2394/1423/2029
f 2400/1353/2032 2401/1428/2032 2399/1427/2031
f 2400/1353/2032 2399/1427/2031 2398/1354/2031
f 2402/1429/2033 2403/1430/2034 2401/1428/2032
f 2402/1429/2033 2401/1428/2032 2400/1353/2032
f 2404/1431/2035 2405/1432/2035 2403/1430/2034
f 2404/1431/2035 2403/1430/2034 2402/1429/2033
f 2406/1433/2036 2407/1434/2036 2405/1432/2035
f 2406/1433/2036 2405/1432/2035 2404/1431/2035
f 2408/1356/2037 2409/1435/2038 2407/1434/2036
f 2408/1356/2037 2407/1434/2036 2406/1433/2036
f 2410/1355/2039 2411/1436/2039 2409/1435/2038
f 2410/1355/2039 2409/1435/2038 2408/1356/2037
f 2412/1437/2040 2413/1438/2040 2411/1436/2039
f 2412/1437/2040 2411/1436/2039 2410/1355/2039
f 2414/1344/2041 2415/1439/2041 2413/1438/2040
f 2414/1344/2041 2413/1438/2040 2412/1437/2040
f 2416/1343/2042 2417/1440/2043 2415/1439/2041
f 2416/1343/2042 2415/1439/2041 2414/1344/2041
f 2418/1441/2044 2419/1442/2044 2417/1440/2043
f 2418/1441/2044 2417/1440/2043 2416/1343/2042
f 2420/1443/2045 2421/1444/2045 2419/1442/2044
f 2420/1443/2045 2419/1442/2044 2418/1441/2044
f 2422/1445/2046 2423/1446/2046 2421/1444/2045
f 2422/1445/2046 2421/1444/2045 2420/1443/2045
f 2424/1338/2047 2425/1447/2048 2423/1446/2046
f 2424/1338/2047 2423/1446/2046 2422/1445/2046
f 2397/1426/2030 2396/1425/2030 2425/1447/2048
f 2397/1426/2030 2425/1447/2048 2424/1338/2047
s 0
f 2426/1415/2049 2427/1413/2049 2428/1409/2049
f 2426/1415/2049 2428/1409/2049 2429/1407/2049
f 2430/1416/2049 2431/1428/2049 2432/1430/2049
f 2430/1416/2049 2432/1430/2049 2433/1414/2049
s 1
f 2288/1321/1952 2301/1330/1961 2333/1344/1976
f 2288/1321/1952 2333/1344/1976 2434/1437/2050
s 0
f 2432/1430/2049 2435/1432/2049 2436/1412/2049
f 2432/1430/2049 2436/1412/2049 2433/1414/2049
f 2437/1420/2049 2438/1424/2049 2439/1427/2049
f 2437/1420/2049 2439/1427/2049 2440/1418/2049
s 1
f 2282/1317/1948 2441/1443/2051 2442/1441/2052
f 2282/1317/1948 2442/1441/2052 2283/1318/1949
f 2300/1329/1960 2283/1318/1949 2442/1441/2052
f 2300/1329/1960 2442/1441/2052 2332/1343/1975
s 0
f 2435/1432/2049 2443/1434/2049 2444/1410/2049
f 2435/1432/2049 2444/1410/2049 2436/1412/2049
s 1
f 2282/1317/1948 2225/1270/1901 2445/1445/2053
f 2282/1317/1948 2445/1445/2053 2441/1443/2051
s 0
f 2443/1434/2049 2446/1435/2049 2447/1408/2049
f 2443/1434/2049 2447/1408/2049 2444/1410/2049
s 1
f 2225/1270/1901 2224/1269/1900 2322/1338/1970
f 2225/1270/1901 2322/1338/1970 2445/1445/2053
s 0
f 2448/1406/2049 2449/1436/2049 2450/1438/2049
f 2448/1406/2049 2450/1438/2049 2451/1404/2049
f 2438/1424/2049 2437/1420/2049 2452/1422/2049
f 2438/1424/2049 2452/1422/2049 2453/1425/2049
s 1
f 2306/1333/1964 2454/1423/2054 2321/1337/1969
f 2306/1333/1964 2321/1337/1969 2307/1334/1965
s 0
f 2455/1358/2049 2456/1446/2049 2457/1447/2049
f 2455/1358/2049 2457/1447/2049 2458/1359/2049
s 1
f 2288/1321/1952 2434/1437/2050 2354/1355/1987
f 2288/1321/1952 2354/1355/1987 2289/1322/1953
s 0
f 2456/1446/2049 2455/1358/2049 2459/1362/2049
f 2456/1446/2049 2459/1362/2049 2460/1444/2049
s 1
f 2243/1282/1913 2242/1281/1912 2355/1356/1988
f 2243/1282/1913 2355/1356/1988 2461/1433/2055
f 2230/1273/1904 2243/1282/1913 2461/1433/2055
f 2230/1273/1904 2461/1433/2055 2462/1431/2056
s 0
f 2463/1400/2049 2464/1440/2049 2465/1442/2049
f 2463/1400/2049 2465/1442/2049 2466/1398/2049
f 2460/1444/2049 2459/1362/2049 2466/1398/2049
f 2460/1444/2049 2466/1398/2049 2465/1442/2049
s 1
f 2306/1333/1964 2295/1326/1957 2351/1354/1986
f 2306/1333/1964 2351/1354/1986 2454/1423/2054
f 2230/1273/1904 2462/1431/2056 2467/1429/2057
f 2230/1273/1904 2467/1429/2057 2231/1274/1905
s 0
f 2450/1438/2049 2468/1439/2049 2469/1402/2049
f 2450/1438/2049 2469/1402/2049 2451/1404/2049
f 2449/1436/2049 2448/1406/2049 2447/1408/2049
f 2449/1436/2049 2447/1408/2049 2446/1435/2049
s 1
f 2294/1325/1956 2231/1274/1905 2467/1429/2057
f 2294/1325/1956 2467/1429/2057 2350/1353/1985
s 0
f 2431/1428/2049 2430/1416/2049 2440/1418/2049
f 2431/1428/2049 2440/1418/2049 2439/1427/2049
f 2453/1425/2049 2452/1422/2049 2458/1359/2049
f 2453/1425/2049 2458/1359/2049 2457/1447/2049
f 2464/1440/2049 2463/1400/2049 2469/1402/2049
f 2464/1440/2049 2469/1402/2049 2468/1439/2049
f 2428/1409/2049 2427/1413/2049 2470/1411/2049
f 2471/1417/2049 2426/1415/2049 2429/1407/2049
f 2471/1417/2049 2429/1407/2049 2472/1405/2049
f 2473/1419/2049 2471/1417/2049 2472/1405/2049
f 2473/1419/2049 2472/1405/2049 2474/1403/2049
f 2475/1421/2049 2473/1419/2049 2474/1403/2049
f 2475/1421/2049 2474/1403/2049 2476/1401/2049
f 2477/1360/2049 2475/1421/2049 2476/1401/2049
f 2477/1360/2049 2476/1401/2049 2478/1399/2049
f 2479/1357/2049 2477/1360/2049 2478/1399/2049
f 2479/1357/2049 2478/1399/2049 2480/1397/2049
f 2479/1357/2049 2480/1397/2049 2481/1361/2049
o defaultMaterial.010
v -4.947887 1.923378 5.663371
v -4.947887 2.172650 5.231619
v -4.947887 2.421921 5.663371
v -4.947887 2.920465 5.663371
v -4.947887 2.671192 5.231619
v -4.947887 1.923378 5.663371
v -4.947887 2.172650 6.095121
v -4.947887 2.671192 6.095121
v -5.166277 2.782283 6.287534
v -5.166277 2.061560 6.287534
v -5.166277 1.701200 5.663371
v -5.166277 1.701200 5.663371
v -5.384666 2.814377 6.343122
v -5.384666 2.029466 6.343122
v -5.384666 1.637011 5.663371
v -5.384666 1.637011 5.663371
v -5.384666 2.029466 4.983618
v -5.166277 2.061560 5.039207
v -5.384666 2.814377 4.983618
v -5.166277 2.782283 5.039207
v -5.384666 3.206831 5.663371
v -5.166277 3.142642 5.663371
vn 0.9313 -0.3643 -0.0000
vn 0.9313 -0.1822 -0.3155
vn 1.0000 -0.0000 -0.0000
vn 0.9313 0.3644 -0.0000
vn 0.9313 0.1822 -0.3155
vn 0.9313 -0.1822 0.3155
vn 0.9313 0.1822 0.3155
vn 0.5205 0.4269 0.7394
vn 0.5205 -0.4269 0.7394
vn 0.5205 -0.8538 -0.0000
vn 0.2820 0.4797 0.8309
vn 0.2820 -0.4797 0.8309
vn 0.2820 -0.9594 -0.0000
vn 0.2820 -0.4797 -0.8309
vn 0.5205 -0.4269 -0.7395
vn 0.2820 0.4797 -0.8309
vn 0.5205 0.4269 -0.7395
vn 0.2820 0.9594 -0.0000
vn 0.5205 0.8539 -0.0000
vt 0.236719 0.202525
vt 0.222188 0.202525
vt 0.193035 0.195913
vt 0.193125 0.202525
vt 0.207657 0.202525
vt 0.149532 0.202525
vt 0.164062 0.202525
vt 0.178594 0.202525
vt 0.178594 0.221897
vt 0.164062 0.221897
vt 0.149532 0.221897
vt 0.178594 0.238161
vt 0.164062 0.238161
vt 0.149532 0.238161
vt 0.236719 0.238161
vt 0.222188 0.238161
vt 0.222188 0.221897
vt 0.236719 0.221897
vt 0.207657 0.238161
vt 0.207657 0.221897
vt 0.193125 0.238161
vt 0.193125 0.221897
s 1
usemtl defaultMaterial
f 2482/1448/2058 2483/1449/2059 2484/1450/2060
f 2485/1451/2061 2484/1450/2060 2486/1452/2062
f 2487/1453/2058 2484/1450/2060 2488/1454/2063
f 2485/1451/2061 2489/1455/2064 2484/1450/2060
f 2488/1454/2063 2489/1455/2064 2490/1456/2065
f 2488/1454/2063 2490/1456/2065 2491/1457/2066
f 2487/1453/2058 2488/1454/2063 2491/1457/2066
f 2487/1453/2058 2491/1457/2066 2492/1458/2067
f 2494/1459/2068 2495/1460/2069 2491/1457/2066
f 2494/1459/2068 2491/1457/2066 2490/1456/2065
f 2495/1460/2069 2496/1461/2070 2492/1458/2067
f 2495/1460/2069 2492/1458/2067 2491/1457/2066
f 2497/1462/2070 2498/1463/2071 2499/1464/2072
f 2497/1462/2070 2499/1464/2072 2493/1465/2067
f 2498/1463/2071 2500/1466/2073 2501/1467/2074
f 2498/1463/2071 2501/1467/2074 2499/1464/2072
f 2500/1466/2073 2502/1468/2075 2503/1469/2076
f 2500/1466/2073 2503/1469/2076 2501/1467/2074
f 2502/1468/2075 2494/1459/2068 2490/1456/2065
f 2502/1468/2075 2490/1456/2065 2503/1469/2076
f 2488/1454/2063 2484/1450/2060 2489/1455/2064
f 2486/1452/2062 2484/1450/2060 2483/1449/2059
f 2489/1455/2064 2485/1451/2061 2503/1469/2076
f 2489/1455/2064 2503/1469/2076 2490/1456/2065
f 2485/1451/2061 2486/1452/2062 2501/1467/2074
f 2485/1451/2061 2501/1467/2074 2503/1469/2076
f 2486/1452/2062 2483/1449/2059 2499/1464/2072
f 2486/1452/2062 2499/1464/2072 2501/1467/2074
f 2483/1449/2059 2482/1448/2058 2493/1465/2067
f 2483/1449/2059 2493/1465/2067 2499/1464/2072
o defaultMaterial.011
v 7.297770 0.943355 -3.613510
v 7.012837 0.713303 -3.843552
v 7.012837 0.713303 -3.843552
v 7.012837 1.497465 -4.366767
v 7.012837 1.497465 -4.366767
v 7.297770 1.621969 -4.066208
v 7.297770 2.421928 -0.043920
v 7.012837 2.421921 0.281506
v 7.012837 2.421921 0.281506
v 7.012837 1.497465 0.096897
v 7.012837 1.497465 0.096897
v 7.297770 1.621969 -0.203667
v 5.108652 0.943797 -0.656807
v 5.303363 0.713750 -0.426764
v 5.303363 0.713750 -0.426764
v 5.303363 1.497465 0.096897
v 5.303363 1.497465 0.096897
v 5.108652 1.621969 -0.203667
v 7.297770 3.900501 -0.656364
v 7.012837 4.130602 -0.426253
v 7.012837 4.130602 -0.426253
v 7.012837 3.346376 0.096897
v 7.012837 3.346376 0.096897
v 7.297770 3.221887 -0.203667
v 5.108652 4.353199 -1.334979
v 5.018430 3.529099 -1.676343
v 5.018430 3.269580 -1.287313
v 5.108652 3.900501 -0.656365
v 5.108652 4.512320 -2.134938
v 5.018430 3.620319 -2.134938
v 5.108652 4.353199 -2.934896
v 5.018430 3.529099 -2.593532
v 5.108652 3.900501 -3.613510
v 5.018430 3.269581 -2.982562
v 5.108652 3.221887 -4.066208
v 5.018430 2.880550 -3.242081
v 5.108652 2.421927 -4.225956
v 5.018430 2.421955 -3.333660
v 5.108652 1.621969 -4.066208
v 5.018430 1.963361 -3.242081
v 5.108652 0.943797 -3.613068
v 5.018430 1.574584 -2.982309
v 5.108652 0.490657 -2.934896
v 5.018430 1.314812 -2.593532
v 5.108652 0.331536 -2.134938
v 5.018430 1.223592 -2.134938
v 5.108652 0.490657 -1.334979
v 5.018430 1.314812 -1.676343
v 5.018430 1.574584 -1.287566
v 5.018430 1.963361 -1.027794
v 5.108652 2.421927 -0.043920
v 5.018430 2.421955 -0.936215
v 5.108652 3.221887 -0.203667
v 5.018430 2.880550 -1.027794
v 5.303363 4.130602 -3.843616
v 5.303363 4.130602 -3.843616
v 5.303363 3.346376 -4.366767
v 5.303363 3.346376 -4.366767
v 7.297770 2.421927 -4.225956
v 7.012837 2.421921 -4.551376
v 7.012837 2.421921 -4.551376
v 7.012837 3.346376 -4.366767
v 7.012837 3.346376 -4.366767
v 7.297770 3.221887 -4.066208
v 7.297770 4.512320 -2.134938
v 7.012837 4.837638 -2.134934
v 7.012837 4.837638 -2.134934
v 7.012837 4.653752 -1.210479
v 7.012837 4.653752 -1.210479
v 7.297770 4.353199 -1.334979
v 7.297770 0.943797 -0.656807
v 7.012837 0.713750 -0.426764
v 7.012837 0.713750 -0.426764
v 7.012837 0.190088 -1.210479
v 7.012837 0.190088 -1.210479
v 7.297770 0.490657 -1.334979
v 7.297770 3.900501 -3.613510
v 7.012837 4.130602 -3.843616
v 7.012837 4.130602 -3.843616
v 7.012837 4.653752 -3.059390
v 7.012837 4.653752 -3.059390
v 7.297770 4.353199 -2.934896
v 7.297770 0.331536 -2.134938
v 7.012837 0.006202 -2.134934
v 7.012837 0.006202 -2.134934
v 7.012837 0.006202 -2.134934
v 7.012837 0.190088 -3.059390
v 7.012837 0.190088 -3.059390
v 7.297770 0.490657 -2.934896
v 5.018430 1.223592 -2.134938
v 5.018430 3.620319 -2.134938
v 5.018430 3.529099 -2.593532
v 5.018430 1.314812 -2.593532
v 5.018430 1.574584 -1.287566
v 5.018430 3.269580 -1.287313
v 5.018430 3.529099 -1.676343
v 5.018430 1.314812 -1.676343
v 7.385341 1.312999 -3.243868
v 7.385341 0.973476 -2.734908
v 5.303363 0.006202 -2.134934
v 5.303363 0.006202 -2.134934
v 5.303363 0.006202 -2.134934
v 5.303363 0.190088 -1.210479
v 5.303363 0.190088 -1.210479
v 5.303363 0.713686 -3.843169
v 5.303363 0.713686 -3.843169
v 5.303363 0.190088 -3.059390
v 5.303363 0.190088 -3.059390
v 7.385341 3.870382 -2.734908
v 7.385341 3.530859 -3.243868
v 5.303363 4.837638 -2.134934
v 5.303363 4.837638 -2.134934
v 5.303363 4.653752 -3.059390
v 5.303363 4.653752 -3.059390
v 5.303363 2.421921 0.281505
v 5.303363 2.421921 0.281505
v 5.303363 3.346376 0.096897
v 5.303363 3.346376 0.096897
v 5.303363 2.421921 -4.551376
v 5.303363 2.421921 -4.551376
v 5.303363 1.497465 -4.366767
v 5.303363 1.497465 -4.366767
v 5.303363 4.130602 -0.426254
v 5.303363 4.130602 -0.426254
v 5.303363 4.653752 -1.210479
v 5.303363 4.653752 -1.210479
v 7.385341 0.973476 -1.534969
v 7.385341 1.313331 -1.026340
v 5.018430 1.574584 -2.982309
v 5.018430 3.269581 -2.982562
v 7.385341 3.530859 -1.026009
v 7.385341 3.870382 -1.534969
v 7.210864 2.010355 -3.128565
v 7.210864 1.661212 -2.895654
v 7.087732 1.607149 -2.949715
v 7.087732 1.981104 -3.199177
v 5.018430 2.880550 -3.242081
v 5.018430 2.421955 -3.333660
v 5.018430 1.963361 -3.242081
v 5.018430 1.963361 -1.027794
v 5.018430 2.421955 -0.936215
v 5.018430 2.880550 -1.027794
v 7.210864 2.421928 -3.210754
v 7.087732 2.421927 -3.287207
v 7.210864 2.833502 -3.128565
v 7.087732 2.862751 -3.199177
v 7.210864 3.182645 -2.895654
v 7.087732 3.236706 -2.949715
v 7.210864 3.415555 -2.546512
v 7.087732 3.486168 -2.575760
v 7.210864 3.497422 -2.134938
v 7.087732 3.573853 -2.134938
v 7.210864 3.415555 -1.723364
v 7.087732 3.486168 -1.694114
v 7.210864 3.182645 -1.374221
v 7.087732 3.236706 -1.320159
v 7.210864 2.833502 -1.141311
v 7.087732 2.862751 -1.070697
v 7.210864 2.421928 -1.059122
v 7.087732 2.421927 -0.982667
v 7.210864 2.010355 -1.141311
v 7.087732 1.981104 -1.070697
v 7.210864 1.661439 -1.374449
v 7.087732 1.607393 -1.320403
v 7.210864 1.428302 -1.723364
v 7.087732 1.357687 -1.694114
v 7.210864 1.346435 -2.134938
v 7.087732 1.270002 -2.134938
v 7.210864 1.428302 -2.546512
v 7.087732 1.357687 -2.575760
v 7.385341 0.854135 -2.134938
v 7.385341 0.973476 -2.734908
v 7.087732 1.056287 -2.700606
v 7.087732 0.943769 -2.134938
v 7.385341 0.973476 -1.534969
v 7.087732 1.056287 -1.569271
v 7.385341 1.313331 -1.026340
v 7.087732 1.376712 -1.089722
v 7.385341 1.821960 -0.686485
v 7.087732 1.856261 -0.769297
v 7.385341 2.421929 -0.566675
v 7.087732 2.421929 -0.656336
v 7.385341 3.021898 -0.686485
v 7.087732 2.987597 -0.769297
v 7.385341 3.530859 -1.026009
v 7.087732 3.467459 -1.089409
v 7.385341 3.870382 -1.534969
v 7.087732 3.787571 -1.569271
v 7.385341 3.989723 -2.134938
v 7.087732 3.900089 -2.134938
v 7.385341 3.870382 -2.734908
v 7.087732 3.787571 -2.700606
v 7.385341 3.530859 -3.243868
v 7.087732 3.467459 -3.180468
v 7.385341 3.021898 -3.583392
v 7.087732 2.987597 -3.500580
v 7.385341 2.421928 -3.703202
v 7.087732 2.421929 -3.613541
v 7.385341 1.821960 -3.583392
v 7.087732 1.856261 -3.500580
v 7.385341 1.312999 -3.243868
v 7.087732 1.376399 -3.180468
v 7.210864 1.661439 -1.374449
v 7.210864 3.182645 -1.374221
v 7.210864 2.833502 -1.141311
v 7.210864 2.010355 -1.141311
v 7.087732 1.607393 -1.320403
v 7.087732 1.981104 -1.070697
v 7.087732 1.856261 -0.769297
v 7.087732 1.376712 -1.089722
v 7.385341 3.989723 -2.134938
v 7.087732 2.421927 -0.982667
v 7.087732 2.421929 -0.656336
v 7.087732 1.270002 -2.134938
v 7.087732 1.357687 -1.694114
v 7.087732 1.056287 -1.569271
v 7.087732 0.943769 -2.134938
v 7.385341 3.021898 -3.583392
v 7.385341 2.421928 -3.703202
v 7.087732 2.862751 -1.070697
v 7.087732 2.987597 -0.769297
v 7.385341 1.821960 -3.583392
v 7.087732 3.236706 -1.320159
v 7.087732 3.467459 -1.089409
v 7.087732 3.486168 -1.694114
v 7.087732 3.573853 -2.134938
v 7.087732 3.900089 -2.134938
v 7.087732 3.787571 -1.569271
v 7.087732 1.056287 -2.700606
v 7.087732 1.357687 -2.575760
v 7.385341 0.854135 -2.134938
v 7.087732 1.981104 -3.199177
v 7.087732 1.607149 -2.949715
v 7.087732 1.376399 -3.180468
v 7.087732 1.856261 -3.500580
v 7.087732 2.421929 -3.613541
v 7.087732 2.421927 -3.287207
v 7.385341 3.021898 -0.686485
v 7.385341 2.421929 -0.566675
v 7.087732 3.236706 -2.949715
v 7.087732 2.862751 -3.199177
v 7.087732 2.987597 -3.500580
v 7.087732 3.467459 -3.180468
v 7.385341 1.821960 -0.686485
v 7.087732 3.486168 -2.575760
v 7.087732 3.787571 -2.700606
v 7.210864 2.421928 -1.059122
v 7.210864 1.428302 -1.723364
v 7.210864 3.415555 -1.723364
v 7.210864 1.346435 -2.134938
v 7.210864 3.497422 -2.134938
v 7.210864 1.428302 -2.546512
v 7.210864 3.415555 -2.546512
v 7.210864 1.661212 -2.895654
v 7.210864 3.182645 -2.895654
v 7.210864 2.010355 -3.128565
v 7.210864 2.833502 -3.128565
v 7.210864 2.421928 -3.210754
vn 0.9041 -0.3021 -0.3021
vn 0.4152 -0.6433 -0.6433
vn 0.4152 -0.3483 -0.8404
vn 0.9041 -0.1636 -0.3948
vn 0.9041 -0.0000 0.4272
vn 0.4153 -0.0000 0.9097
vn 0.4153 -0.3485 0.8403
vn 0.9041 -0.1637 0.3947
vn -0.9494 -0.2221 0.2221
vn -0.4967 -0.6137 0.6137
vn -0.4967 -0.3324 0.8017
vn -0.9494 -0.1203 0.2902
vn 0.9041 0.3021 0.3021
vn 0.4153 0.6432 0.6432
vn 0.4153 0.3481 0.8405
vn 0.9041 0.1635 0.3948
vn -0.9494 0.2903 0.1201
vn -0.9949 0.0930 0.0385
vn -0.9949 0.0711 0.0711
vn -0.9494 0.2221 0.2221
vn -0.9494 0.3141 -0.0000
vn -0.9949 0.1006 -0.0000
vn -0.9494 0.2903 -0.1201
vn -0.9949 0.0930 -0.0385
vn -0.9494 0.2221 -0.2221
vn -0.9949 0.0711 -0.0711
vn -0.9494 0.1202 -0.2902
vn -0.9949 0.0385 -0.0930
vn -0.9494 -0.0000 -0.3141
vn -0.9949 -0.0000 -0.1006
vn -0.9494 -0.1203 -0.2901
vn -0.9949 -0.0385 -0.0930
vn -0.9494 -0.2221 -0.2221
vn -0.9949 -0.0712 -0.0712
vn -0.9494 -0.2902 -0.1202
vn -0.9949 -0.0930 -0.0385
vn -0.9494 -0.3141 -0.0000
vn -0.9949 -0.1006 -0.0000
vn -0.9494 -0.2902 0.1202
vn -0.9949 -0.0930 0.0385
vn -0.9949 -0.0712 0.0712
vn -0.9949 -0.0385 0.0930
vn -0.9494 -0.0000 0.3140
vn -0.9949 -0.0000 0.1006
vn -0.9494 0.1202 0.2902
vn -0.9949 0.0385 0.0930
vn -0.4968 0.6137 -0.6137
vn -0.4966 0.3322 -0.8019
vn 0.9041 -0.0000 -0.4272
vn 0.4153 -0.0000 -0.9097
vn 0.4153 0.3482 -0.8404
vn 0.9041 0.1635 -0.3948
vn 0.9041 0.4273 -0.0000
vn 0.4153 0.9097 -0.0000
vn 0.4153 0.8406 0.3478
vn 0.9041 0.3949 0.1634
vn 0.9041 -0.3022 0.3022
vn 0.4153 -0.6433 0.6432
vn 0.4153 -0.8405 0.3481
vn 0.9041 -0.3948 0.1635
vn 0.9041 0.3021 -0.3021
vn 0.4153 0.6433 -0.6432
vn 0.4153 0.8406 -0.3478
vn 0.9041 0.3949 -0.1634
vn 0.9041 -0.4273 -0.0000
vn 0.4153 -0.9097 -0.0000
vn 0.4152 -0.8405 -0.3479
vn 0.9041 -0.3949 -0.1634
vn -1.0000 -0.0000 -0.0000
vn 0.9863 -0.1168 -0.1168
vn 0.9862 -0.1527 -0.0632
vn -0.4967 -0.8679 -0.0000
vn -0.4967 -0.8019 0.3321
vn -0.4968 -0.6137 -0.6137
vn -0.4967 -0.8019 -0.3320
vn 0.9862 0.1527 -0.0632
vn 0.9863 0.1168 -0.1168
vn -0.4967 0.8679 -0.0000
vn -0.4966 0.8020 -0.3318
vn -0.4967 -0.0000 0.8679
vn -0.4967 0.3322 0.8019
vn -0.4968 -0.0000 -0.8679
vn -0.4967 -0.3323 -0.8018
vn -0.4968 0.6137 0.6137
vn -0.4967 0.8020 0.3318
vn 0.9862 -0.1527 0.0632
vn 0.9862 -0.1169 0.1169
vn 0.9863 0.1168 0.1168
vn 0.9862 0.1527 0.0632
vn 0.5274 -0.3251 -0.7850
vn 0.5275 -0.6007 -0.6007
vn 0.5275 -0.0000 -0.8496
vn 0.4152 0.3482 0.8405
vn 0.4153 0.6433 0.6432
vn -0.4967 0.3321 0.8019
vn 0.4152 -0.6432 0.6433
vn 0.4152 -0.3485 0.8403
vn -0.4968 -0.0000 0.8679
vn 0.4152 -0.3482 -0.8404
vn 0.4153 0.6432 -0.6433
vn 0.4152 0.3481 -0.8405
vn -0.4967 0.3322 -0.8019
vn -0.4967 0.6137 -0.6137
vn 0.4152 0.8406 0.3478
vn 0.4152 0.9097 -0.0000
vn -0.4966 0.8020 0.3318
vn 0.4152 -0.8405 0.3481
vn 0.4152 0.8406 -0.3478
vn -0.4966 0.8020 -0.3319
vn 0.4152 -0.8406 -0.3479
vn 0.5274 0.3251 -0.7850
vn 0.5275 0.6007 -0.6007
vn 0.5274 0.7851 -0.3248
vn 0.5274 0.7851 -0.3249
vn 0.5274 0.8496 -0.0000
vn 0.5274 0.7851 0.3248
vn 0.5274 0.7851 0.3249
vn 0.5275 0.6007 0.6007
vn 0.5274 0.3251 0.7850
vn 0.5274 0.3251 0.7849
vn 0.5275 -0.0000 0.8496
vn 0.5274 -0.3255 0.7848
vn 0.5274 -0.3254 0.7848
vn 0.5274 -0.6008 0.6008
vn 0.5274 -0.7849 0.3251
vn 0.5274 -0.8496 -0.0000
vn 0.5274 -0.7851 -0.3248
vn 0.5274 -0.7851 -0.3249
vn 0.2884 0.9575 -0.0000
vn 0.2884 0.8848 0.3661
vn 0.2884 0.8846 -0.3664
vn 0.2884 0.6771 -0.6771
vn 0.2884 0.3667 -0.8845
vn 0.2884 0.3668 -0.8845
vn 0.2885 -0.0000 -0.9575
vn 0.2884 -0.3664 -0.8846
vn 0.2885 -0.6771 -0.6770
vn 0.2885 -0.6770 -0.6770
vn 0.2884 -0.8848 -0.3661
vn 0.2884 -0.9575 -0.0000
vn 0.2884 -0.8848 0.3661
vn 0.2885 -0.6770 0.6771
vn 0.2885 -0.6770 0.6770
vn 0.2884 -0.3664 0.8846
vn 0.2885 -0.0000 0.9575
vn 0.2884 0.3664 0.8846
vn 0.2885 0.6771 0.6770
vn 0.2885 0.6770 0.6770
vn 1.0000 -0.0000 -0.0000
vn 0.9862 0.1653 -0.0000
vn 0.9862 0.0632 -0.1527
vn 0.9863 -0.0000 -0.1652
vn 0.9862 -0.0632 -0.1527
vn 0.9862 -0.1653 -0.0000
vn 0.9862 0.0632 0.1527
vn 0.9863 -0.0000 0.1652
vn 0.9862 -0.0633 0.1527
vt 0.952213 0.330420
vt 0.963125 0.341332
vt 0.987944 0.304136
vt 0.973687 0.298230
vt 0.782891 0.260285
vt 0.767455 0.260285
vt 0.776212 0.304136
vt 0.790469 0.298230
vt 0.570339 0.330399
vt 0.559427 0.341311
vt 0.534587 0.304136
vt 0.548845 0.298230
vt 0.811942 0.190149
vt 0.801027 0.179234
vt 0.776212 0.216434
vt 0.790469 0.222339
vt 0.602508 0.168675
vt 0.620961 0.213224
vt 0.604425 0.224255
vt 0.570318 0.190149
vt 0.640454 0.161128
vt 0.640453 0.209347
vt 0.678399 0.168675
vt 0.659946 0.213224
vt 0.710589 0.190149
vt 0.676481 0.224255
vt 0.732062 0.222339
vt 0.688037 0.240573
vt 0.739640 0.260284
vt 0.691973 0.260283
vt 0.732062 0.298230
vt 0.688037 0.279993
vt 0.710568 0.330399
vt 0.676471 0.296300
vt 0.678399 0.351893
vt 0.659946 0.307342
vt 0.640454 0.359441
vt 0.640453 0.311219
vt 0.602508 0.351893
vt 0.620961 0.307342
vt 0.604436 0.296300
vt 0.592869 0.279993
vt 0.541267 0.260284
vt 0.588933 0.260283
vt 0.548845 0.222339
vt 0.592869 0.240573
vt 0.721504 0.179234
vt 0.746319 0.216434
vt 0.981264 0.260285
vt 0.996700 0.260285
vt 0.987944 0.216434
vt 0.973687 0.222339
vt 0.882078 0.161128
vt 0.882078 0.145697
vt 0.838227 0.154419
vt 0.844132 0.168676
vt 0.811963 0.330399
vt 0.801052 0.341311
vt 0.838227 0.366151
vt 0.844132 0.351894
vt 0.952213 0.190149
vt 0.963128 0.179234
vt 0.925929 0.154419
vt 0.920023 0.168676
vt 0.882078 0.359441
vt 0.882078 0.374873
vt 0.925929 0.366151
vt 0.920023 0.351894
vt 0.938995 0.317202
vt 0.912872 0.334629
vt 0.640453 0.374873
vt 0.596602 0.366151
vt 0.721482 0.341314
vt 0.684304 0.366151
vt 0.912872 0.185941
vt 0.938995 0.203368
vt 0.640453 0.145697
vt 0.684304 0.154419
vt 0.525831 0.260285
vt 0.534587 0.216434
vt 0.755076 0.260285
vt 0.746319 0.304136
vt 0.559403 0.179234
vt 0.596602 0.154419
vt 0.851283 0.334629
vt 0.825177 0.317185
vt 0.825160 0.203368
vt 0.851283 0.185941
vt 0.931154 0.280613
vt 0.919650 0.297857
vt 0.923534 0.301741
vt 0.936226 0.282714
vt 0.935213 0.260285
vt 0.940706 0.260285
vt 0.852160 0.134184
vt 0.823683 0.134184
vt 0.823683 0.065680
vt 0.852160 0.065680
vt 0.937592 0.134184
vt 0.909115 0.134184
vt 0.909115 0.065680
vt 0.937592 0.065680
vt 0.880638 0.134184
vt 0.880638 0.065680
vt 0.624339 0.134184
vt 0.595862 0.134184
vt 0.595862 0.065680
vt 0.624339 0.065680
vt 0.709771 0.134184
vt 0.681294 0.134184
vt 0.681294 0.065680
vt 0.709771 0.065680
vt 0.652816 0.134184
vt 0.652816 0.065680
vt 0.795205 0.134184
vt 0.766727 0.134184
vt 0.766727 0.065680
vt 0.795205 0.065680
vt 0.966069 0.134184
vt 0.966069 0.065680
vt 0.738249 0.134184
vt 0.738249 0.065680
vt 0.567384 0.134184
vt 0.538907 0.134184
vt 0.538907 0.065680
vt 0.567384 0.065680
vt 0.994390 0.134184
vt 0.994390 0.065679
vt 0.931154 0.239957
vt 0.936226 0.237856
vt 0.919650 0.222712
vt 0.923534 0.218829
vt 0.902406 0.211209
vt 0.904507 0.206136
vt 0.882078 0.207165
vt 0.882078 0.201675
vt 0.861750 0.211209
vt 0.859648 0.206136
vt 0.844505 0.222712
vt 0.840622 0.218829
vt 0.833002 0.239957
vt 0.827929 0.237856
vt 0.828942 0.260285
vt 0.823450 0.260285
vt 0.833002 0.280613
vt 0.827929 0.282714
vt 0.844516 0.297846
vt 0.840634 0.301728
vt 0.861750 0.309361
vt 0.859648 0.314434
vt 0.882078 0.313404
vt 0.882078 0.318895
vt 0.902406 0.309361
vt 0.904507 0.314434
vt 0.882078 0.340754
vt 0.912948 0.334629
vt 0.910537 0.328991
vt 0.882078 0.334652
vt 0.853619 0.328991
vt 0.829492 0.312871
vt 0.807734 0.291079
vt 0.813371 0.288744
vt 0.801584 0.260285
vt 0.807688 0.260285
vt 0.807734 0.229491
vt 0.813371 0.231825
vt 0.829476 0.207683
vt 0.853618 0.191578
vt 0.882078 0.179816
vt 0.882078 0.185917
vt 0.910537 0.191578
vt 0.934679 0.207683
vt 0.956421 0.229491
vt 0.950784 0.231825
vt 0.962571 0.260285
vt 0.956468 0.260285
vt 0.956421 0.291079
vt 0.950784 0.288744
vt 0.934679 0.312886
s 1
usemtl defaultMaterial
f 2504/1470/2077 2505/1471/2078 2507/1472/2079
f 2504/1470/2077 2507/1472/2079 2509/1473/2080
f 2510/1474/2081 2511/1475/2082 2513/1476/2083
f 2510/1474/2081 2513/1476/2083 2515/1477/2084
f 2516/1478/2085 2517/1479/2086 2519/1480/2087
f 2516/1478/2085 2519/1480/2087 2521/1481/2088
f 2522/1482/2089 2523/1483/2090 2525/1484/2091
f 2522/1482/2089 2525/1484/2091 2527/1485/2092
f 2528/1486/2093 2529/1487/2094 2530/1488/2095
f 2528/1486/2093 2530/1488/2095 2531/1489/2096
f 2532/1490/2097 2533/1491/2098 2529/1487/2094
f 2532/1490/2097 2529/1487/2094 2528/1486/2093
f 2534/1492/2099 2535/1493/2100 2533/1491/2098
f 2534/1492/2099 2533/1491/2098 2532/1490/2097
f 2536/1494/2101 2537/1495/2102 2535/1493/2100
f 2536/1494/2101 2535/1493/2100 2534/1492/2099
f 2538/1496/2103 2539/1497/2104 2537/1495/2102
f 2538/1496/2103 2537/1495/2102 2536/1494/2101
f 2540/1498/2105 2541/1499/2106 2539/1497/2104
f 2540/1498/2105 2539/1497/2104 2538/1496/2103
f 2542/1500/2107 2543/1501/2108 2541/1499/2106
f 2542/1500/2107 2541/1499/2106 2540/1498/2105
f 2544/1502/2109 2545/1503/2110 2543/1501/2108
f 2544/1502/2109 2543/1501/2108 2542/1500/2107
f 2546/1504/2111 2547/1505/2112 2545/1503/2110
f 2546/1504/2111 2545/1503/2110 2544/1502/2109
f 2548/1506/2113 2549/1507/2114 2547/1505/2112
f 2548/1506/2113 2547/1505/2112 2546/1504/2111
f 2550/1508/2115 2551/1509/2116 2549/1507/2114
f 2550/1508/2115 2549/1507/2114 2548/1506/2113
f 2516/1478/2085 2552/1510/2117 2551/1509/2116
f 2516/1478/2085 2551/1509/2116 2550/1508/2115
f 2521/1481/2088 2553/1511/2118 2552/1510/2117
f 2521/1481/2088 2552/1510/2117 2516/1478/2085
f 2554/1512/2119 2555/1513/2120 2553/1511/2118
f 2554/1512/2119 2553/1511/2118 2521/1481/2088
f 2556/1514/2121 2557/1515/2122 2555/1513/2120
f 2556/1514/2121 2555/1513/2120 2554/1512/2119
f 2531/1489/2096 2530/1488/2095 2557/1515/2122
f 2531/1489/2096 2557/1515/2122 2556/1514/2121
f 2536/1494/2101 2558/1516/2123 2560/1517/2124
f 2536/1494/2101 2560/1517/2124 2538/1496/2103
f 2562/1518/2125 2563/1519/2126 2565/1520/2127
f 2562/1518/2125 2565/1520/2127 2567/1521/2128
f 2568/1522/2129 2569/1523/2130 2571/1524/2131
f 2568/1522/2129 2571/1524/2131 2573/1525/2132
f 2574/1526/2133 2575/1527/2134 2577/1528/2135
f 2574/1526/2133 2577/1528/2135 2579/1529/2136
f 2580/1530/2137 2581/1531/2138 2583/1532/2139
f 2580/1530/2137 2583/1532/2139 2585/1533/2140
f 2586/1534/2141 2587/1535/2142 2590/1536/2143
f 2586/1534/2141 2590/1536/2143 2592/1537/2144
f 2573/1525/2132 2571/1524/2131 2523/1483/2090
f 2573/1525/2132 2523/1483/2090 2522/1482/2089
f 2509/1473/2080 2507/1472/2079 2563/1519/2126
f 2509/1473/2080 2563/1519/2126 2562/1518/2125
f 2527/1485/2092 2525/1484/2091 2511/1475/2082
f 2527/1485/2092 2511/1475/2082 2510/1474/2081
f 2585/1533/2140 2583/1532/2139 2569/1523/2130
f 2585/1533/2140 2569/1523/2130 2568/1522/2129
f 2592/1537/2144 2590/1536/2143 2505/1471/2078
f 2592/1537/2144 2505/1471/2078 2504/1470/2077
f 2579/1529/2136 2577/1528/2135 2587/1535/2142
f 2579/1529/2136 2587/1535/2142 2586/1534/2141
s 0
f 2593/1507/2145 2594/1491/2145 2595/1493/2145
f 2593/1507/2145 2595/1493/2145 2596/1505/2145
f 2597/1510/2145 2598/1488/2145 2599/1487/2145
f 2597/1510/2145 2599/1487/2145 2600/1509/2145
s 1
f 2504/1470/2077 2601/1538/2146 2602/1539/2147
f 2504/1470/2077 2602/1539/2147 2592/1537/2144
f 2548/1506/2113 2603/1540/2148 2606/1541/2149
f 2548/1506/2113 2606/1541/2149 2550/1508/2115
f 2544/1502/2109 2608/1542/2150 2610/1543/2151
f 2544/1502/2109 2610/1543/2151 2546/1504/2111
f 2585/1533/2140 2612/1544/2152 2613/1545/2153
f 2585/1533/2140 2613/1545/2153 2580/1530/2137
f 2532/1490/2097 2614/1546/2154 2616/1547/2155
f 2532/1490/2097 2616/1547/2155 2534/1492/2099
f 2554/1512/2119 2618/1548/2156 2620/1549/2157
f 2554/1512/2119 2620/1549/2157 2556/1514/2121
f 2540/1498/2105 2622/1550/2158 2624/1551/2159
f 2540/1498/2105 2624/1551/2159 2542/1500/2107
f 2531/1489/2096 2626/1552/2160 2628/1553/2161
f 2531/1489/2096 2628/1553/2161 2528/1486/2093
f 2579/1529/2136 2630/1554/2162 2631/1555/2163
f 2579/1529/2136 2631/1555/2163 2574/1526/2133
s 0
f 2632/1503/2145 2596/1505/2145 2595/1493/2145
f 2632/1503/2145 2595/1493/2145 2633/1495/2145
s 1
f 2548/1506/2113 2546/1504/2111 2610/1543/2151
f 2548/1506/2113 2610/1543/2151 2603/1540/2148
f 2536/1494/2101 2534/1492/2099 2616/1547/2155
f 2536/1494/2101 2616/1547/2155 2558/1516/2123
f 2522/1482/2089 2634/1556/2164 2635/1557/2165
f 2522/1482/2089 2635/1557/2165 2573/1525/2132
s 0
f 2593/1507/2145 2600/1509/2145 2599/1487/2145
f 2593/1507/2145 2599/1487/2145 2594/1491/2145
s 1
f 2516/1478/2085 2550/1508/2115 2606/1541/2149
f 2516/1478/2085 2606/1541/2149 2517/1479/2086
f 2532/1490/2097 2528/1486/2093 2628/1553/2161
f 2532/1490/2097 2628/1553/2161 2614/1546/2154
f 2540/1498/2105 2538/1496/2103 2560/1517/2124
f 2540/1498/2105 2560/1517/2124 2622/1550/2158
f 2580/1530/2137 2567/1521/2128 2565/1520/2127
f 2580/1530/2137 2565/1520/2127 2581/1531/2138
f 2636/1558/2166 2637/1559/2167 2638/1560/2167
f 2636/1558/2166 2638/1560/2167 2639/1561/2166
s 0
f 2633/1495/2145 2640/1497/2145 2641/1499/2145
f 2633/1495/2145 2641/1499/2145 2642/1501/2145
f 2633/1495/2145 2642/1501/2145 2632/1503/2145
s 1
f 2544/1502/2109 2542/1500/2107 2624/1551/2159
f 2544/1502/2109 2624/1551/2159 2608/1542/2150
f 2554/1512/2119 2521/1481/2088 2519/1480/2087
f 2554/1512/2119 2519/1480/2087 2618/1548/2156
f 2574/1526/2133 2515/1477/2084 2513/1476/2083
f 2574/1526/2133 2513/1476/2083 2575/1527/2134
s 0
f 2597/1510/2145 2643/1511/2145 2644/1513/2145
f 2597/1510/2145 2644/1513/2145 2645/1515/2145
f 2597/1510/2145 2645/1515/2145 2598/1488/2145
s 1
f 2646/1562/2168 2636/1558/2166 2639/1561/2166
f 2646/1562/2168 2639/1561/2166 2647/1563/2168
f 2531/1489/2096 2556/1514/2121 2620/1549/2157
f 2531/1489/2096 2620/1549/2157 2626/1552/2160
f 2526/1564/2169 2524/1565/2170 2627/1566/2160
f 2526/1564/2169 2627/1566/2160 2621/1567/2171
f 2576/1568/2172 2514/1569/2173 2520/1570/2087
f 2576/1568/2172 2520/1570/2087 2518/1571/2086
f 2514/1569/2173 2512/1572/2082 2619/1573/2174
f 2514/1569/2173 2619/1573/2174 2520/1570/2087
f 2508/1574/2175 2506/1575/2078 2609/1576/2150
f 2508/1574/2175 2609/1576/2150 2625/1577/2159
f 2582/1578/2176 2566/1579/2177 2561/1580/2178
f 2582/1578/2176 2561/1580/2178 2559/1581/2179
f 2566/1579/2177 2564/1582/2126 2623/1583/2158
f 2566/1579/2177 2623/1583/2158 2561/1580/2178
f 2572/1584/2180 2570/1585/2181 2615/1586/2154
f 2572/1584/2180 2615/1586/2154 2629/1587/2182
f 2578/1588/2183 2576/1568/2172 2518/1571/2086
f 2578/1588/2183 2518/1571/2086 2607/1589/2149
f 2584/1590/2184 2582/1578/2176 2559/1581/2179
f 2584/1590/2184 2559/1581/2179 2617/1591/2185
f 2591/1592/2186 2588/1593/2142 2604/1594/2148
f 2591/1592/2186 2604/1594/2148 2611/1595/2151
f 2524/1565/2170 2572/1584/2180 2629/1587/2182
f 2524/1565/2170 2629/1587/2182 2627/1566/2160
f 2564/1582/2126 2508/1574/2175 2625/1577/2159
f 2564/1582/2126 2625/1577/2159 2623/1583/2158
f 2512/1572/2082 2526/1564/2169 2621/1567/2171
f 2512/1572/2082 2621/1567/2171 2619/1573/2174
f 2570/1585/2181 2584/1590/2184 2617/1591/2185
f 2570/1585/2181 2617/1591/2185 2615/1586/2154
f 2506/1575/2078 2591/1592/2186 2611/1595/2151
f 2506/1575/2078 2611/1595/2151 2609/1576/2150
f 2589/1596/2142 2578/1588/2183 2607/1589/2149
f 2589/1596/2142 2607/1589/2149 2605/1597/2148
f 2648/1598/2187 2646/1562/2168 2647/1563/2168
f 2648/1598/2187 2647/1563/2168 2649/1599/2187
f 2650/1600/2188 2648/1598/2187 2649/1599/2187
f 2650/1600/2188 2649/1599/2187 2651/1601/2188
f 2652/1602/2189 2650/1600/2188 2651/1601/2188
f 2652/1602/2189 2651/1601/2188 2653/1603/2190
f 2654/1604/2191 2652/1602/2189 2653/1603/2190
f 2654/1604/2191 2653/1603/2190 2655/1605/2191
f 2656/1606/2192 2654/1604/2191 2655/1605/2191
f 2656/1606/2192 2655/1605/2191 2657/1607/2193
f 2658/1608/2194 2656/1606/2192 2657/1607/2193
f 2658/1608/2194 2657/1607/2193 2659/1609/2194
f 2660/1610/2195 2658/1608/2194 2659/1609/2194
f 2660/1610/2195 2659/1609/2194 2661/1611/2196
f 2662/1612/2197 2660/1610/2195 2661/1611/2196
f 2662/1612/2197 2661/1611/2196 2663/1613/2197
f 2664/1614/2198 2662/1612/2197 2663/1613/2197
f 2664/1614/2198 2663/1613/2197 2665/1615/2199
f 2666/1616/2200 2664/1614/2198 2665/1615/2199
f 2666/1616/2200 2665/1615/2199 2667/1617/2200
f 2668/1618/2201 2666/1616/2200 2667/1617/2200
f 2668/1618/2201 2667/1617/2200 2669/1619/2201
f 2670/1620/2202 2668/1618/2201 2669/1619/2201
f 2670/1620/2202 2669/1619/2201 2671/1621/2202
f 2672/1622/2203 2670/1620/2202 2671/1621/2202
f 2672/1622/2203 2671/1621/2202 2673/1623/2204
f 2637/1559/2167 2672/1622/2203 2673/1623/2204
f 2637/1559/2167 2673/1623/2204 2638/1560/2167
f 2674/1624/2205 2675/1625/2206 2676/1626/2206
f 2674/1624/2205 2676/1626/2206 2677/1627/2205
f 2678/1554/2207 2674/1624/2205 2677/1627/2205
f 2678/1554/2207 2677/1627/2205 2679/1628/2207
f 2680/1555/2208 2678/1554/2207 2679/1628/2207
f 2680/1555/2208 2679/1628/2207 2681/1629/2208
f 2682/1630/2209 2680/1555/2208 2681/1629/2208
f 2682/1630/2209 2681/1629/2208 2683/1631/2210
f 2684/1632/2211 2682/1630/2209 2683/1631/2210
f 2684/1632/2211 2683/1631/2210 2685/1633/2211
f 2686/1634/2212 2684/1632/2211 2685/1633/2211
f 2686/1634/2212 2685/1633/2211 2687/1635/2212
f 2688/1556/2213 2686/1634/2212 2687/1635/2212
f 2688/1556/2213 2687/1635/2212 2689/1636/2214
f 2690/1557/2215 2688/1556/2213 2689/1636/2214
f 2690/1557/2215 2689/1636/2214 2691/1637/2215
f 2692/1638/2216 2690/1557/2215 2691/1637/2215
f 2692/1638/2216 2691/1637/2215 2693/1639/2216
f 2694/1544/2217 2692/1638/2216 2693/1639/2216
f 2694/1544/2217 2693/1639/2216 2695/1640/2217
f 2696/1545/2218 2694/1544/2217 2695/1640/2217
f 2696/1545/2218 2695/1640/2217 2697/1641/2219
f 2698/1642/2220 2696/1545/2218 2697/1641/2219
f 2698/1642/2220 2697/1641/2219 2699/1643/2220
f 2700/1644/2221 2698/1642/2220 2699/1643/2220
f 2700/1644/2221 2699/1643/2220 2701/1645/2221
f 2702/1646/2222 2700/1644/2221 2701/1645/2221
f 2702/1646/2222 2701/1645/2221 2703/1647/2222
f 2704/1538/2223 2702/1646/2222 2703/1647/2222
f 2704/1538/2223 2703/1647/2222 2705/1648/2224
f 2675/1625/2206 2704/1538/2223 2705/1648/2224
f 2675/1625/2206 2705/1648/2224 2676/1626/2206
s 0
f 2706/1616/2225 2707/1608/2225 2708/1610/2225
f 2706/1616/2225 2708/1610/2225 2709/1614/2225
f 2710/1617/2225 2711/1615/2225 2712/1631/2225
f 2710/1617/2225 2712/1631/2225 2713/1629/2225
s 1
f 2568/1522/2129 2714/1638/2226 2612/1544/2152
f 2568/1522/2129 2612/1544/2152 2585/1533/2140
s 0
f 2712/1631/2225 2711/1615/2225 2715/1613/2225
f 2712/1631/2225 2715/1613/2225 2716/1633/2225
f 2717/1621/2225 2718/1619/2225 2719/1628/2225
f 2717/1621/2225 2719/1628/2225 2720/1627/2225
s 1
f 2562/1518/2125 2567/1521/2128 2721/1642/2227
f 2562/1518/2125 2721/1642/2227 2722/1644/2228
f 2580/1530/2137 2613/1545/2153 2721/1642/2227
f 2580/1530/2137 2721/1642/2227 2567/1521/2128
s 0
f 2716/1633/2225 2715/1613/2225 2723/1611/2225
f 2716/1633/2225 2723/1611/2225 2724/1635/2225
s 1
f 2562/1518/2125 2722/1644/2228 2725/1646/2229
f 2562/1518/2125 2725/1646/2229 2509/1473/2080
s 0
f 2724/1635/2225 2723/1611/2225 2726/1609/2225
f 2724/1635/2225 2726/1609/2225 2727/1636/2225
s 1
f 2509/1473/2080 2725/1646/2229 2601/1538/2146
f 2509/1473/2080 2601/1538/2146 2504/1470/2077
s 0
f 2728/1607/2225 2729/1605/2225 2730/1639/2225
f 2728/1607/2225 2730/1639/2225 2731/1637/2225
f 2720/1627/2225 2732/1626/2225 2733/1623/2225
f 2720/1627/2225 2733/1623/2225 2717/1621/2225
s 1
f 2586/1534/2141 2592/1537/2144 2602/1539/2147
f 2586/1534/2141 2602/1539/2147 2734/1624/2230
s 0
f 2735/1561/2225 2736/1560/2225 2737/1648/2225
f 2735/1561/2225 2737/1648/2225 2738/1647/2225
s 1
f 2568/1522/2129 2573/1525/2132 2635/1557/2165
f 2568/1522/2129 2635/1557/2165 2714/1638/2226
s 0
f 2738/1647/2225 2739/1645/2225 2740/1563/2225
f 2738/1647/2225 2740/1563/2225 2735/1561/2225
s 1
f 2527/1485/2092 2741/1634/2231 2634/1556/2164
f 2527/1485/2092 2634/1556/2164 2522/1482/2089
f 2510/1474/2081 2742/1632/2232 2741/1634/2231
f 2510/1474/2081 2741/1634/2231 2527/1485/2092
s 0
f 2743/1601/2225 2744/1599/2225 2745/1643/2225
f 2743/1601/2225 2745/1643/2225 2746/1641/2225
f 2739/1645/2225 2745/1643/2225 2744/1599/2225
f 2739/1645/2225 2744/1599/2225 2740/1563/2225
s 1
f 2586/1534/2141 2734/1624/2230 2630/1554/2162
f 2586/1534/2141 2630/1554/2162 2579/1529/2136
f 2510/1474/2081 2515/1477/2084 2747/1630/2233
f 2510/1474/2081 2747/1630/2233 2742/1632/2232
s 0
f 2730/1639/2225 2729/1605/2225 2748/1603/2225
f 2730/1639/2225 2748/1603/2225 2749/1640/2225
f 2731/1637/2225 2727/1636/2225 2726/1609/2225
f 2731/1637/2225 2726/1609/2225 2728/1607/2225
s 1
f 2574/1526/2133 2631/1555/2163 2747/1630/2233
f 2574/1526/2133 2747/1630/2233 2515/1477/2084
s 0
f 2713/1629/2225 2719/1628/2225 2718/1619/2225
f 2713/1629/2225 2718/1619/2225 2710/1617/2225
f 2732/1626/2225 2737/1648/2225 2736/1560/2225
f 2732/1626/2225 2736/1560/2225 2733/1623/2225
f 2746/1641/2225 2749/1640/2225 2748/1603/2225
f 2746/1641/2225 2748/1603/2225 2743/1601/2225
f 2750/1612/2225 2709/1614/2225 2708/1610/2225
f 2751/1618/2225 2752/1606/2225 2707/1608/2225
f 2751/1618/2225 2707/1608/2225 2706/1616/2225
f 2753/1620/2225 2754/1604/2225 2752/1606/2225
f 2753/1620/2225 2752/1606/2225 2751/1618/2225
f 2755/1622/2225 2756/1602/2225 2754/1604/2225
f 2755/1622/2225 2754/1604/2225 2753/1620/2225
f 2757/1559/2225 2758/1600/2225 2756/1602/2225
f 2757/1559/2225 2756/1602/2225 2755/1622/2225
f 2759/1558/2225 2760/1598/2225 2758/1600/2225
f 2759/1558/2225 2758/1600/2225 2757/1559/2225
f 2761/1562/2225 2760/1598/2225 2759/1558/2225
o defaultMaterial.012
v 5.018430 2.814377 -2.814690
v 5.018430 2.029466 -2.814690
v 4.800041 2.061560 -2.759102
v 4.800041 2.782283 -2.759102
v 5.018430 1.637011 -2.134938
v 5.018430 1.637011 -2.134938
v 4.800041 1.701200 -2.134938
v 4.800041 1.701200 -2.134938
v 5.018430 2.029466 -1.455186
v 4.800041 2.061560 -1.510775
v 5.018430 2.814377 -1.455186
v 4.800041 2.782283 -1.510775
v 5.018430 3.206831 -2.134938
v 4.800041 3.142642 -2.134938
v 4.581651 2.172650 -2.566689
v 4.581651 2.421921 -2.134938
v 4.581651 2.671192 -2.566689
v 4.581651 2.671192 -1.703187
v 4.581651 2.172650 -1.703187
v 4.581651 1.923378 -2.134938
v 4.581651 1.923378 -2.134938
v 4.581651 2.920465 -2.134938
vn -0.2820 0.4797 -0.8309
vn -0.2820 -0.4797 -0.8309
vn -0.5205 -0.4269 -0.7395
vn -0.5205 0.4269 -0.7395
vn -0.2820 -0.9594 -0.0000
vn -0.5205 -0.8538 -0.0000
vn -0.2820 -0.4797 0.8309
vn -0.5205 -0.4269 0.7395
vn -0.2820 0.4797 0.8309
vn -0.5205 0.4269 0.7395
vn -0.2820 0.9594 -0.0000
vn -0.5205 0.8538 -0.0000
vn -0.9313 -0.1822 -0.3155
vn -1.0000 -0.0000 -0.0000
vn -0.9313 0.1822 -0.3155
vn -0.9313 0.1822 0.3155
vn -0.9313 -0.1822 0.3155
vn -0.9313 -0.3643 -0.0000
vn -0.9313 0.3644 -0.0000
vt 0.178594 0.238161
vt 0.164062 0.238161
vt 0.164062 0.221897
vt 0.178594 0.221897
vt 0.149532 0.238161
vt 0.149532 0.221897
vt 0.236719 0.238161
vt 0.222188 0.238161
vt 0.222188 0.221897
vt 0.236719 0.221897
vt 0.207657 0.238161
vt 0.207657 0.221897
vt 0.193125 0.238161
vt 0.193125 0.221897
vt 0.164062 0.202525
vt 0.193035 0.195913
vt 0.178594 0.202525
vt 0.207657 0.202525
vt 0.222188 0.202525
vt 0.236719 0.202525
vt 0.193125 0.202525
vt 0.149532 0.202525
s 1
usemtl defaultMaterial
f 2762/1649/2234 2763/1650/2235 2764/1651/2236
f 2762/1649/2234 2764/1651/2236 2765/1652/2237
f 2763/1650/2235 2766/1653/2238 2768/1654/2239
f 2763/1650/2235 2768/1654/2239 2764/1651/2236
f 2767/1655/2238 2770/1656/2240 2771/1657/2241
f 2767/1655/2238 2771/1657/2241 2769/1658/2239
f 2770/1656/2240 2772/1659/2242 2773/1660/2243
f 2770/1656/2240 2773/1660/2243 2771/1657/2241
f 2772/1659/2242 2774/1661/2244 2775/1662/2245
f 2772/1659/2242 2775/1662/2245 2773/1660/2243
f 2774/1661/2244 2762/1649/2234 2765/1652/2237
f 2774/1661/2244 2765/1652/2237 2775/1662/2245
f 2776/1663/2246 2777/1664/2247 2778/1665/2248
f 2779/1666/2249 2777/1664/2247 2780/1667/2250
f 2781/1668/2251 2780/1667/2250 2777/1664/2247
f 2783/1669/2252 2777/1664/2247 2779/1666/2249
f 2782/1670/2251 2777/1664/2247 2776/1663/2246
f 2783/1669/2252 2778/1665/2248 2777/1664/2247
f 2776/1663/2246 2778/1665/2248 2765/1652/2237
f 2776/1663/2246 2765/1652/2237 2764/1651/2236
f 2782/1670/2251 2776/1663/2246 2764/1651/2236
f 2782/1670/2251 2764/1651/2236 2768/1654/2239
f 2778/1665/2248 2783/1669/2252 2775/1662/2245
f 2778/1665/2248 2775/1662/2245 2765/1652/2237
f 2783/1669/2252 2779/1666/2249 2773/1660/2243
f 2783/1669/2252 2773/1660/2243 2775/1662/2245
f 2779/1666/2249 2780/1667/2250 2771/1657/2241
f 2779/1666/2249 2771/1657/2241 2773/1660/2243
f 2780/1667/2250 2781/1668/2251 2769/1658/2239
f 2780/1667/2250 2769/1658/2239 2771/1657/2241
o defaultMaterial.013
v -7.297770 0.943355 -3.613510
v -7.297770 1.621969 -4.066209
v -7.012837 1.497465 -4.366768
v -7.012837 1.497465 -4.366768
v -7.012837 0.713302 -3.843552
v -7.012837 0.713302 -3.843552
v -7.297770 2.421928 -0.043920
v -7.297770 1.621969 -0.203667
v -7.012837 1.497465 0.096897
v -7.012837 1.497465 0.096897
v -7.012837 2.421920 0.281505
v -7.012837 2.421920 0.281505
v -5.108652 0.943797 -0.656807
v -5.108652 1.621969 -0.203667
v -5.303363 1.497465 0.096897
v -5.303363 1.497465 0.096897
v -5.303363 0.713750 -0.426765
v -5.303363 0.713750 -0.426765
v -7.297770 3.900501 -0.656365
v -7.297770 3.221887 -0.203667
v -7.012837 3.346376 0.096897
v -7.012837 3.346376 0.096897
v -7.012837 4.130602 -0.426254
v -7.012837 4.130602 -0.426254
v -5.108652 4.353199 -1.334979
v -5.108652 3.900501 -0.656365
v -5.018430 3.269580 -1.287313
v -5.018430 3.529099 -1.676344
v -5.108652 4.512320 -2.134938
v -5.018430 3.620319 -2.134938
v -5.108652 4.353199 -2.934896
v -5.018430 3.529099 -2.593532
v -5.108652 3.900501 -3.613510
v -5.018430 3.269581 -2.982562
v -5.108652 3.221887 -4.066209
v -5.018430 2.880549 -3.242082
v -5.108652 2.421927 -4.225957
v -5.018430 2.421955 -3.333661
v -5.108652 1.621969 -4.066209
v -5.018430 1.963361 -3.242082
v -5.108652 0.943797 -3.613069
v -5.018430 1.574584 -2.982309
v -5.108652 0.490657 -2.934896
v -5.018430 1.314812 -2.593532
v -5.108652 0.331535 -2.134938
v -5.018430 1.223592 -2.134938
v -5.108652 0.490657 -1.334979
v -5.018430 1.314812 -1.676344
v -5.018430 1.574584 -1.287567
v -5.018430 1.963361 -1.027794
v -5.108652 2.421927 -0.043921
v -5.018430 2.421955 -0.936216
v -5.108652 3.221887 -0.203667
v -5.018430 2.880549 -1.027794
v -5.303363 3.346376 -4.366768
v -5.303363 3.346376 -4.366768
v -5.303363 4.130602 -3.843616
v -5.303363 4.130602 -3.843616
v -7.297770 2.421927 -4.225956
v -7.297770 3.221887 -4.066209
v -7.012837 3.346376 -4.366768
v -7.012837 3.346376 -4.366768
v -7.012837 2.421920 -4.551377
v -7.012837 2.421920 -4.551377
v -7.297770 4.512320 -2.134938
v -7.297770 4.353199 -1.334979
v -7.012837 4.653752 -1.210480
v -7.012837 4.653752 -1.210480
v -7.012837 4.837638 -2.134935
v -7.012837 4.837638 -2.134935
v -7.297770 0.943797 -0.656807
v -7.297770 0.490657 -1.334979
v -7.012837 0.190088 -1.210480
v -7.012837 0.190088 -1.210480
v -7.012837 0.713750 -0.426765
v -7.012837 0.713750 -0.426765
v -7.297770 3.900501 -3.613510
v -7.297770 4.353199 -2.934896
v -7.012837 4.653752 -3.059391
v -7.012837 4.653752 -3.059391
v -7.012837 4.130602 -3.843616
v -7.012837 4.130602 -3.843616
v -7.297770 0.331535 -2.134938
v -7.297770 0.490657 -2.934896
v -7.012837 0.190088 -3.059391
v -7.012837 0.190088 -3.059391
v -7.012837 0.006202 -2.134935
v -7.012837 0.006202 -2.134935
v -7.012837 0.006202 -2.134935
v -5.018430 1.223592 -2.134938
v -5.018430 1.314812 -2.593532
v -5.018430 3.529099 -2.593532
v -5.018430 3.620319 -2.134938
v -5.018430 1.574584 -1.287567
v -5.018430 1.314812 -1.676344
v -5.018430 3.529099 -1.676344
v -5.018430 3.269580 -1.287313
v -7.385341 0.973476 -2.734908
v -7.385341 1.312999 -3.243868
v -5.303363 0.190088 -1.210480
v -5.303363 0.190088 -1.210480
v -5.303363 0.006202 -2.134935
v -5.303363 0.006202 -2.134935
v -5.303363 0.006202 -2.134935
v -5.303363 0.190088 -3.059391
v -5.303363 0.190088 -3.059391
v -5.303363 0.713686 -3.843170
v -5.303363 0.713686 -3.843170
v -7.385341 3.530859 -3.243868
v -7.385341 3.870382 -2.734908
v -5.303363 4.653752 -3.059391
v -5.303363 4.653752 -3.059391
v -5.303363 4.837638 -2.134935
v -5.303363 4.837638 -2.134935
v -5.303363 3.346376 0.096897
v -5.303363 3.346376 0.096897
v -5.303363 2.421920 0.281505
v -5.303363 2.421920 0.281505
v -5.303363 1.497465 -4.366768
v -5.303363 1.497465 -4.366768
v -5.303363 2.421920 -4.551377
v -5.303363 2.421920 -4.551377
v -5.303363 4.653752 -1.210480
v -5.303363 4.653752 -1.210480
v -5.303363 4.130602 -0.426254
v -5.303363 4.130602 -0.426254
v -7.385341 1.313331 -1.026341
v -7.385341 0.973476 -1.534970
v -5.018430 1.574584 -2.982309
v -5.018430 3.269581 -2.982562
v -7.385341 3.870382 -1.534970
v -7.385341 3.530859 -1.026009
v -7.210864 2.010355 -3.128565
v -7.087732 1.981104 -3.199178
v -7.087732 1.607149 -2.949715
v -7.210864 1.661212 -2.895655
v -5.018430 1.963361 -3.242082
v -5.018430 2.421955 -3.333661
v -5.018430 2.880549 -3.242082
v -5.018430 2.880549 -1.027794
v -5.018430 2.421955 -0.936216
v -5.018430 1.963361 -1.027794
v -7.210864 2.421928 -3.210755
v -7.087732 2.421927 -3.287208
v -7.210864 2.833502 -3.128565
v -7.087732 2.862751 -3.199178
v -7.210864 3.182645 -2.895655
v -7.087732 3.236706 -2.949715
v -7.210864 3.415555 -2.546512
v -7.087732 3.486168 -2.575760
v -7.210864 3.497422 -2.134938
v -7.087732 3.573853 -2.134937
v -7.210864 3.415555 -1.723365
v -7.087732 3.486168 -1.694115
v -7.210864 3.182645 -1.374222
v -7.087732 3.236706 -1.320159
v -7.210864 2.833502 -1.141312
v -7.087732 2.862751 -1.070697
v -7.210864 2.421928 -1.059123
v -7.087732 2.421927 -0.982667
v -7.210864 2.010355 -1.141312
v -7.087732 1.981104 -1.070697
v -7.210864 1.661439 -1.374450
v -7.087732 1.607393 -1.320403
v -7.210864 1.428302 -1.723365
v -7.087732 1.357687 -1.694115
v -7.210864 1.346435 -2.134938
v -7.087732 1.270002 -2.134937
v -7.210864 1.428302 -2.546512
v -7.087732 1.357687 -2.575760
v -7.385341 0.854135 -2.134939
v -7.087732 0.943769 -2.134939
v -7.087732 1.056287 -2.700607
v -7.385341 0.973476 -2.734908
v -7.385341 0.973476 -1.534970
v -7.087732 1.056287 -1.569272
v -7.385341 1.313331 -1.026341
v -7.087732 1.376712 -1.089722
v -7.385341 1.821960 -0.686486
v -7.087732 1.856262 -0.769298
v -7.385341 2.421929 -0.566676
v -7.087732 2.421929 -0.656337
v -7.385341 3.021898 -0.686486
v -7.087732 2.987597 -0.769298
v -7.385341 3.530859 -1.026009
v -7.087732 3.467459 -1.089409
v -7.385341 3.870382 -1.534970
v -7.087732 3.787571 -1.569272
v -7.385341 3.989723 -2.134939
v -7.087732 3.900089 -2.134939
v -7.385341 3.870382 -2.734908
v -7.087732 3.787571 -2.700607
v -7.385341 3.530859 -3.243868
v -7.087732 3.467459 -3.180468
v -7.385341 3.021898 -3.583392
v -7.087732 2.987597 -3.500581
v -7.385341 2.421928 -3.703203
v -7.087732 2.421929 -3.613542
v -7.385341 1.821960 -3.583392
v -7.087732 1.856262 -3.500581
v -7.385341 1.312999 -3.243868
v -7.087732 1.376399 -3.180468
v -7.210864 1.661439 -1.374450
v -7.210864 2.010355 -1.141312
v -7.210864 2.833502 -1.141312
v -7.210864 3.182645 -1.374222
v -7.087732 1.607393 -1.320403
v -7.087732 1.376712 -1.089722
v -7.087732 1.856262 -0.769298
v -7.087732 1.981104 -1.070697
v -7.385341 3.989723 -2.134939
v -7.087732 2.421929 -0.656337
v -7.087732 2.421927 -0.982667
v -7.087732 1.270002 -2.134937
v -7.087732 0.943769 -2.134939
v -7.087732 1.056287 -1.569272
v -7.087732 1.357687 -1.694115
v -7.385341 2.421928 -3.703203
v -7.385341 3.021898 -3.583392
v -7.087732 2.987597 -0.769298
v -7.087732 2.862751 -1.070697
v -7.385341 1.821960 -3.583392
v -7.087732 3.467459 -1.089409
v -7.087732 3.236706 -1.320159
v -7.087732 3.486168 -1.694115
v -7.087732 3.787571 -1.569272
v -7.087732 3.900089 -2.134939
v -7.087732 3.573853 -2.134937
v -7.087732 1.357687 -2.575760
v -7.087732 1.056287 -2.700607
v -7.385341 0.854135 -2.134939
v -7.087732 1.981104 -3.199178
v -7.087732 1.856262 -3.500581
v -7.087732 1.376399 -3.180468
v -7.087732 1.607149 -2.949715
v -7.087732 2.421927 -3.287208
v -7.087732 2.421929 -3.613542
v -7.385341 3.021898 -0.686486
v -7.385341 2.421929 -0.566676
v -7.087732 3.236706 -2.949715
v -7.087732 3.467459 -3.180468
v -7.087732 2.987597 -3.500581
v -7.087732 2.862751 -3.199178
v -7.385341 1.821960 -0.686486
v -7.087732 3.787571 -2.700607
v -7.087732 3.486168 -2.575760
v -7.210864 2.421928 -1.059123
v -7.210864 1.428302 -1.723365
v -7.210864 3.415555 -1.723365
v -7.210864 1.346435 -2.134938
v -7.210864 3.497422 -2.134938
v -7.210864 1.428302 -2.546512
v -7.210864 3.415555 -2.546512
v -7.210864 1.661212 -2.895655
v -7.210864 3.182645 -2.895655
v -7.210864 2.010355 -3.128565
v -7.210864 2.833502 -3.128565
v -7.210864 2.421928 -3.210755
vn -0.9041 -0.3021 -0.3021
vn -0.9041 -0.1636 -0.3948
vn -0.4152 -0.3483 -0.8404
vn -0.4152 -0.6433 -0.6433
vn -0.9041 -0.0000 0.4272
vn -0.9041 -0.1637 0.3947
vn -0.4153 -0.3484 0.8403
vn -0.4153 -0.0000 0.9097
vn 0.9494 -0.2221 0.2221
vn 0.9494 -0.1203 0.2902
vn 0.4967 -0.3325 0.8017
vn 0.4967 -0.6137 0.6137
vn -0.9041 0.3021 0.3021
vn -0.9041 0.1635 0.3948
vn -0.4153 0.3482 0.8404
vn -0.4153 0.6433 0.6432
vn 0.9494 0.2903 0.1201
vn 0.9494 0.2221 0.2221
vn 0.9949 0.0711 0.0711
vn 0.9949 0.0930 0.0385
vn 0.9494 0.3141 -0.0000
vn 0.9949 0.1006 -0.0000
vn 0.9494 0.2903 -0.1201
vn 0.9949 0.0930 -0.0385
vn 0.9494 0.2221 -0.2221
vn 0.9949 0.0711 -0.0711
vn 0.9494 0.1202 -0.2902
vn 0.9949 0.0385 -0.0930
vn 0.9494 -0.0000 -0.3140
vn 0.9949 -0.0000 -0.1006
vn 0.9494 -0.1203 -0.2901
vn 0.9949 -0.0385 -0.0930
vn 0.9494 -0.2221 -0.2221
vn 0.9949 -0.0712 -0.0712
vn 0.9494 -0.2902 -0.1202
vn 0.9949 -0.0930 -0.0385
vn 0.9494 -0.3141 -0.0000
vn 0.9949 -0.1006 -0.0000
vn 0.9494 -0.2902 0.1202
vn 0.9949 -0.0930 0.0385
vn 0.9949 -0.0712 0.0712
vn 0.9949 -0.0385 0.0930
vn 0.9494 -0.0000 0.3140
vn 0.9949 -0.0000 0.1006
vn 0.9494 0.1202 0.2902
vn 0.9949 0.0385 0.0930
vn 0.4966 0.3321 -0.8019
vn 0.4968 0.6137 -0.6137
vn -0.9041 -0.0000 -0.4272
vn -0.9041 0.1635 -0.3948
vn -0.4153 0.3481 -0.8405
vn -0.4153 -0.0000 -0.9097
vn -0.9041 0.4273 -0.0000
vn -0.9041 0.3949 0.1634
vn -0.4153 0.8406 0.3478
vn -0.4153 0.9097 -0.0000
vn -0.9041 -0.3022 0.3022
vn -0.9041 -0.3948 0.1635
vn -0.4153 -0.8404 0.3481
vn -0.4153 -0.6432 0.6433
vn -0.9041 0.3021 -0.3021
vn -0.9041 0.3949 -0.1634
vn -0.4153 0.8406 -0.3478
vn -0.4153 0.6432 -0.6433
vn -0.9041 -0.4274 -0.0000
vn -0.9041 -0.3949 -0.1634
vn -0.4152 -0.8406 -0.3479
vn -0.4153 -0.9097 -0.0000
vn 1.0000 -0.0000 -0.0000
vn -0.9862 -0.1527 -0.0632
vn -0.9863 -0.1168 -0.1168
vn 0.4967 -0.8019 0.3322
vn 0.4967 -0.8679 -0.0000
vn 0.4967 -0.8019 -0.3320
vn 0.4968 -0.6137 -0.6137
vn -0.9863 0.1168 -0.1168
vn -0.9862 0.1527 -0.0632
vn 0.4966 0.8020 -0.3318
vn 0.4967 0.8679 -0.0000
vn 0.4967 0.3322 0.8019
vn 0.4967 -0.0000 0.8679
vn 0.4967 -0.3323 -0.8018
vn 0.4968 -0.0000 -0.8679
vn 0.4967 0.8020 0.3318
vn 0.4968 0.6137 0.6137
vn -0.9862 -0.1169 0.1169
vn -0.9862 -0.1527 0.0632
vn -0.9862 0.1527 0.0632
vn -0.9863 0.1168 0.1168
vn -0.5274 -0.3251 -0.7850
vn -0.5274 -0.3251 -0.7849
vn -0.5275 -0.6007 -0.6007
vn -0.5275 -0.0000 -0.8496
vn -0.4152 0.3482 0.8405
vn 0.4967 0.3321 0.8019
vn -0.4152 -0.6432 0.6433
vn -0.4152 -0.3485 0.8403
vn 0.4968 -0.0000 0.8679
vn -0.4152 -0.3482 -0.8404
vn 0.4967 0.6137 -0.6137
vn 0.4967 0.3322 -0.8019
vn -0.4152 0.3481 -0.8405
vn -0.4152 0.8406 0.3478
vn 0.4966 0.8020 0.3318
vn -0.4152 0.9097 -0.0000
vn -0.4152 -0.8405 0.3481
vn 0.4967 -0.8019 0.3321
vn -0.4152 0.8406 -0.3478
vn -0.5274 0.3251 -0.7850
vn -0.5275 0.6007 -0.6007
vn -0.5274 0.7851 -0.3248
vn -0.5274 0.7851 -0.3249
vn -0.5274 0.8496 -0.0000
vn -0.5274 0.7851 0.3248
vn -0.5274 0.7851 0.3249
vn -0.5275 0.6007 0.6007
vn -0.5274 0.3251 0.7849
vn -0.5275 -0.0000 0.8495
vn -0.5274 -0.3255 0.7848
vn -0.5274 -0.3254 0.7848
vn -0.5274 -0.6008 0.6008
vn -0.5274 -0.7849 0.3251
vn -0.5274 -0.8496 -0.0000
vn -0.5274 -0.7851 -0.3248
vn -0.5274 -0.7851 -0.3249
vn -0.2884 0.9575 -0.0000
vn -0.2884 0.8848 0.3661
vn -0.2884 0.8846 -0.3664
vn -0.2884 0.6771 -0.6771
vn -0.2884 0.3667 -0.8845
vn -0.2884 0.3668 -0.8845
vn -0.2885 -0.0000 -0.9575
vn -0.2884 -0.3664 -0.8846
vn -0.2885 -0.6771 -0.6770
vn -0.2885 -0.6770 -0.6770
vn -0.2884 -0.8848 -0.3661
vn -0.2884 -0.9575 -0.0000
vn -0.2884 -0.8848 0.3661
vn -0.2885 -0.6770 0.6771
vn -0.2885 -0.6770 0.6770
vn -0.2884 -0.3664 0.8846
vn -0.2885 -0.0000 0.9575
vn -0.2884 0.3664 0.8846
vn -0.2885 0.6771 0.6770
vn -0.2885 0.6770 0.6770
vn -1.0000 -0.0000 -0.0000
vn -0.9862 0.1653 -0.0000
vn -0.9863 -0.0000 -0.1652
vn -0.9862 0.0632 -0.1527
vn -0.9862 -0.0632 -0.1527
vn -0.9862 -0.1653 -0.0000
vn -0.9862 0.0632 0.1527
vn -0.9863 -0.0000 0.1652
vn -0.9862 -0.0633 0.1527
vt 0.951230 0.330420
vt 0.972703 0.298230
vt 0.986960 0.304136
vt 0.962142 0.341332
vt 0.781908 0.260285
vt 0.789486 0.298230
vt 0.775229 0.304136
vt 0.766472 0.260285
vt 0.570339 0.330399
vt 0.548845 0.298230
vt 0.534587 0.304136
vt 0.559427 0.341311
vt 0.810959 0.190149
vt 0.789486 0.222339
vt 0.775229 0.216434
vt 0.800044 0.179234
vt 0.602508 0.168675
vt 0.570318 0.190149
vt 0.604425 0.224255
vt 0.620961 0.213224
vt 0.640454 0.161128
vt 0.640453 0.209347
vt 0.678399 0.168675
vt 0.659946 0.213224
vt 0.710589 0.190149
vt 0.676481 0.224255
vt 0.732062 0.222339
vt 0.688037 0.240573
vt 0.739640 0.260284
vt 0.691973 0.260283
vt 0.732062 0.298230
vt 0.688037 0.279993
vt 0.710568 0.330399
vt 0.676471 0.296300
vt 0.678399 0.351893
vt 0.659946 0.307342
vt 0.640454 0.359441
vt 0.640453 0.311219
vt 0.602508 0.351893
vt 0.620961 0.307342
vt 0.604436 0.296300
vt 0.592869 0.279993
vt 0.541267 0.260284
vt 0.588933 0.260283
vt 0.548845 0.222339
vt 0.592869 0.240573
vt 0.746319 0.216434
vt 0.721504 0.179234
vt 0.980281 0.260285
vt 0.972703 0.222339
vt 0.986960 0.216434
vt 0.995717 0.260285
vt 0.881094 0.161128
vt 0.843149 0.168676
vt 0.837243 0.154419
vt 0.881095 0.145697
vt 0.810980 0.330399
vt 0.843149 0.351894
vt 0.837243 0.366151
vt 0.800068 0.341311
vt 0.951230 0.190149
vt 0.919040 0.168676
vt 0.924946 0.154419
vt 0.962145 0.179234
vt 0.881094 0.359441
vt 0.919040 0.351894
vt 0.924946 0.366151
vt 0.881095 0.374873
vt 0.911889 0.334629
vt 0.938012 0.317202
vt 0.596602 0.366151
vt 0.640453 0.374873
vt 0.684304 0.366151
vt 0.721482 0.341314
vt 0.938011 0.203368
vt 0.911889 0.185941
vt 0.684304 0.154419
vt 0.640453 0.145697
vt 0.534587 0.216434
vt 0.525831 0.260285
vt 0.746319 0.304136
vt 0.755076 0.260285
vt 0.596602 0.154419
vt 0.559403 0.179234
vt 0.824194 0.317185
vt 0.850300 0.334629
vt 0.850300 0.185941
vt 0.824177 0.203368
vt 0.930171 0.280613
vt 0.935243 0.282714
vt 0.922550 0.301741
vt 0.918667 0.297857
vt 0.934230 0.260285
vt 0.939722 0.260285
vt 0.852160 0.065681
vt 0.852160 0.134185
vt 0.823683 0.134185
vt 0.823683 0.065681
vt 0.937592 0.065681
vt 0.937592 0.134185
vt 0.909115 0.134185
vt 0.909115 0.065681
vt 0.880638 0.134185
vt 0.880638 0.065681
vt 0.624339 0.065681
vt 0.624339 0.134185
vt 0.595862 0.134185
vt 0.595862 0.065681
vt 0.709771 0.065681
vt 0.709771 0.134185
vt 0.681294 0.134185
vt 0.681294 0.065681
vt 0.652816 0.134185
vt 0.652816 0.065681
vt 0.795205 0.065681
vt 0.795205 0.134185
vt 0.766727 0.134185
vt 0.766727 0.065681
vt 0.966069 0.065681
vt 0.966069 0.134185
vt 0.738249 0.065681
vt 0.738249 0.134185
vt 0.567384 0.065681
vt 0.567384 0.134185
vt 0.538907 0.134185
vt 0.538907 0.065681
vt 0.994390 0.065681
vt 0.994390 0.134185
vt 0.930171 0.239957
vt 0.935243 0.237856
vt 0.918667 0.222712
vt 0.922550 0.218829
vt 0.901423 0.211209
vt 0.903524 0.206136
vt 0.881094 0.207165
vt 0.881094 0.201675
vt 0.860766 0.211209
vt 0.858665 0.206136
vt 0.843522 0.222712
vt 0.839638 0.218829
vt 0.832018 0.239957
vt 0.826946 0.237856
vt 0.827959 0.260285
vt 0.822466 0.260285
vt 0.832018 0.280613
vt 0.826946 0.282714
vt 0.843533 0.297846
vt 0.839651 0.301728
vt 0.860766 0.309361
vt 0.858665 0.314434
vt 0.881094 0.313404
vt 0.881094 0.318895
vt 0.901422 0.309361
vt 0.903524 0.314434
vt 0.881094 0.340754
vt 0.881094 0.334652
vt 0.909554 0.328991
vt 0.911965 0.334629
vt 0.852635 0.328991
vt 0.828509 0.312871
vt 0.806751 0.291079
vt 0.812388 0.288744
vt 0.800601 0.260285
vt 0.806705 0.260285
vt 0.806751 0.229491
vt 0.812388 0.231825
vt 0.828493 0.207683
vt 0.852635 0.191578
vt 0.881094 0.179816
vt 0.881094 0.185917
vt 0.909554 0.191578
vt 0.933696 0.207683
vt 0.955438 0.229491
vt 0.949801 0.231825
vt 0.961588 0.260285
vt 0.955484 0.260285
vt 0.955438 0.291079
vt 0.949801 0.288744
vt 0.933696 0.312886
s 1
usemtl defaultMaterial
f 2784/1671/2253 2785/1672/2254 2786/1673/2255
f 2784/1671/2253 2786/1673/2255 2788/1674/2256
f 2790/1675/2257 2791/1676/2258 2792/1677/2259
f 2790/1675/2257 2792/1677/2259 2794/1678/2260
f 2796/1679/2261 2797/1680/2262 2798/1681/2263
f 2796/1679/2261 2798/1681/2263 2800/1682/2264
f 2802/1683/2265 2803/1684/2266 2804/1685/2267
f 2802/1683/2265 2804/1685/2267 2806/1686/2268
f 2808/1687/2269 2809/1688/2270 2810/1689/2271
f 2808/1687/2269 2810/1689/2271 2811/1690/2272
f 2812/1691/2273 2808/1687/2269 2811/1690/2272
f 2812/1691/2273 2811/1690/2272 2813/1692/2274
f 2814/1693/2275 2812/1691/2273 2813/1692/2274
f 2814/1693/2275 2813/1692/2274 2815/1694/2276
f 2816/1695/2277 2814/1693/2275 2815/1694/2276
f 2816/1695/2277 2815/1694/2276 2817/1696/2278
f 2818/1697/2279 2816/1695/2277 2817/1696/2278
f 2818/1697/2279 2817/1696/2278 2819/1698/2280
f 2820/1699/2281 2818/1697/2279 2819/1698/2280
f 2820/1699/2281 2819/1698/2280 2821/1700/2282
f 2822/1701/2283 2820/1699/2281 2821/1700/2282
f 2822/1701/2283 2821/1700/2282 2823/1702/2284
f 2824/1703/2285 2822/1701/2283 2823/1702/2284
f 2824/1703/2285 2823/1702/2284 2825/1704/2286
f 2826/1705/2287 2824/1703/2285 2825/1704/2286
f 2826/1705/2287 2825/1704/2286 2827/1706/2288
f 2828/1707/2289 2826/1705/2287 2827/1706/2288
f 2828/1707/2289 2827/1706/2288 2829/1708/2290
f 2830/1709/2291 2828/1707/2289 2829/1708/2290
f 2830/1709/2291 2829/1708/2290 2831/1710/2292
f 2796/1679/2261 2830/1709/2291 2831/1710/2292
f 2796/1679/2261 2831/1710/2292 2832/1711/2293
f 2797/1680/2262 2796/1679/2261 2832/1711/2293
f 2797/1680/2262 2832/1711/2293 2833/1712/2294
f 2834/1713/2295 2797/1680/2262 2833/1712/2294
f 2834/1713/2295 2833/1712/2294 2835/1714/2296
f 2836/1715/2297 2834/1713/2295 2835/1714/2296
f 2836/1715/2297 2835/1714/2296 2837/1716/2298
f 2809/1688/2270 2836/1715/2297 2837/1716/2298
f 2809/1688/2270 2837/1716/2298 2810/1689/2271
f 2816/1695/2277 2818/1697/2279 2838/1717/2299
f 2816/1695/2277 2838/1717/2299 2840/1718/2300
f 2842/1719/2301 2843/1720/2302 2844/1721/2303
f 2842/1719/2301 2844/1721/2303 2846/1722/2304
f 2848/1723/2305 2849/1724/2306 2850/1725/2307
f 2848/1723/2305 2850/1725/2307 2852/1726/2308
f 2854/1727/2309 2855/1728/2310 2856/1729/2311
f 2854/1727/2309 2856/1729/2311 2858/1730/2312
f 2860/1731/2313 2861/1732/2314 2862/1733/2315
f 2860/1731/2313 2862/1733/2315 2864/1734/2316
f 2866/1735/2317 2867/1736/2318 2868/1737/2319
f 2866/1735/2317 2868/1737/2319 2870/1738/2320
f 2849/1724/2306 2802/1683/2265 2806/1686/2268
f 2849/1724/2306 2806/1686/2268 2850/1725/2307
f 2785/1672/2254 2842/1719/2301 2846/1722/2304
f 2785/1672/2254 2846/1722/2304 2786/1673/2255
f 2803/1684/2266 2790/1675/2257 2794/1678/2260
f 2803/1684/2266 2794/1678/2260 2804/1685/2267
f 2861/1732/2314 2848/1723/2305 2852/1726/2308
f 2861/1732/2314 2852/1726/2308 2862/1733/2315
f 2867/1736/2318 2784/1671/2253 2788/1674/2256
f 2867/1736/2318 2788/1674/2256 2868/1737/2319
f 2855/1728/2310 2866/1735/2317 2870/1738/2320
f 2855/1728/2310 2870/1738/2320 2856/1729/2311
s 0
f 2873/1708/2321 2874/1706/2321 2875/1694/2321
f 2873/1708/2321 2875/1694/2321 2876/1692/2321
f 2877/1711/2321 2878/1710/2321 2879/1690/2321
f 2877/1711/2321 2879/1690/2321 2880/1689/2321
s 1
f 2784/1671/2253 2867/1736/2318 2881/1739/2322
f 2784/1671/2253 2881/1739/2322 2882/1740/2323
f 2828/1707/2289 2830/1709/2291 2883/1741/2324
f 2828/1707/2289 2883/1741/2324 2885/1742/2325
f 2824/1703/2285 2826/1705/2287 2888/1743/2326
f 2824/1703/2285 2888/1743/2326 2890/1744/2327
f 2861/1732/2314 2860/1731/2313 2892/1745/2328
f 2861/1732/2314 2892/1745/2328 2893/1746/2329
f 2812/1691/2273 2814/1693/2275 2894/1747/2330
f 2812/1691/2273 2894/1747/2330 2896/1748/2331
f 2834/1713/2295 2836/1715/2297 2898/1749/2332
f 2834/1713/2295 2898/1749/2332 2900/1750/2333
f 2820/1699/2281 2822/1701/2283 2902/1751/2334
f 2820/1699/2281 2902/1751/2334 2904/1752/2335
f 2809/1688/2270 2808/1687/2269 2906/1753/2336
f 2809/1688/2270 2906/1753/2336 2908/1754/2337
f 2855/1728/2310 2854/1727/2309 2910/1755/2338
f 2855/1728/2310 2910/1755/2338 2911/1756/2339
s 0
f 2912/1704/2321 2913/1696/2321 2875/1694/2321
f 2912/1704/2321 2875/1694/2321 2874/1706/2321
s 1
f 2828/1707/2289 2885/1742/2325 2888/1743/2326
f 2828/1707/2289 2888/1743/2326 2826/1705/2287
f 2816/1695/2277 2840/1718/2300 2894/1747/2330
f 2816/1695/2277 2894/1747/2330 2814/1693/2275
f 2802/1683/2265 2849/1724/2306 2914/1757/2340
f 2802/1683/2265 2914/1757/2340 2915/1758/2341
s 0
f 2873/1708/2321 2876/1692/2321 2879/1690/2321
f 2873/1708/2321 2879/1690/2321 2878/1710/2321
s 1
f 2796/1679/2261 2800/1682/2264 2883/1741/2324
f 2796/1679/2261 2883/1741/2324 2830/1709/2291
f 2812/1691/2273 2896/1748/2331 2906/1753/2336
f 2812/1691/2273 2906/1753/2336 2808/1687/2269
f 2820/1699/2281 2904/1752/2335 2838/1717/2299
f 2820/1699/2281 2838/1717/2299 2818/1697/2279
f 2860/1731/2313 2864/1734/2316 2844/1721/2303
f 2860/1731/2313 2844/1721/2303 2843/1720/2302
f 2916/1759/2342 2917/1760/2343 2918/1761/2344
f 2916/1759/2342 2918/1761/2344 2919/1762/2344
s 0
f 2913/1696/2321 2912/1704/2321 2920/1702/2321
f 2913/1696/2321 2920/1702/2321 2921/1700/2321
f 2913/1696/2321 2921/1700/2321 2922/1698/2321
s 1
f 2824/1703/2285 2890/1744/2327 2902/1751/2334
f 2824/1703/2285 2902/1751/2334 2822/1701/2283
f 2834/1713/2295 2900/1750/2333 2798/1681/2263
f 2834/1713/2295 2798/1681/2263 2797/1680/2262
f 2854/1727/2309 2858/1730/2312 2792/1677/2259
f 2854/1727/2309 2792/1677/2259 2791/1676/2258
s 0
f 2877/1711/2321 2880/1689/2321 2923/1716/2321
f 2877/1711/2321 2923/1716/2321 2924/1714/2321
f 2877/1711/2321 2924/1714/2321 2925/1712/2321
s 1
f 2926/1763/2345 2927/1764/2345 2917/1760/2343
f 2926/1763/2345 2917/1760/2343 2916/1759/2342
f 2809/1688/2270 2908/1754/2337 2898/1749/2332
f 2809/1688/2270 2898/1749/2332 2836/1715/2297
f 2805/1765/2346 2899/1766/2347 2909/1767/2337
f 2805/1765/2346 2909/1767/2337 2807/1768/2268
f 2859/1769/2348 2801/1770/2264 2799/1771/2263
f 2859/1769/2348 2799/1771/2263 2793/1772/2349
f 2793/1772/2349 2799/1771/2263 2901/1773/2350
f 2793/1772/2349 2901/1773/2350 2795/1774/2260
f 2787/1775/2351 2903/1776/2334 2891/1777/2327
f 2787/1775/2351 2891/1777/2327 2789/1778/2256
f 2865/1779/2316 2841/1780/2352 2839/1781/2353
f 2865/1779/2316 2839/1781/2353 2845/1782/2354
f 2845/1782/2354 2839/1781/2353 2905/1783/2335
f 2845/1782/2354 2905/1783/2335 2847/1784/2304
f 2851/1785/2355 2907/1786/2356 2897/1787/2331
f 2851/1785/2355 2897/1787/2331 2853/1788/2357
f 2857/1789/2358 2884/1790/2359 2801/1770/2264
f 2857/1789/2358 2801/1770/2264 2859/1769/2348
f 2863/1791/2360 2895/1792/2330 2841/1780/2352
f 2863/1791/2360 2841/1780/2352 2865/1779/2316
f 2869/1793/2319 2889/1794/2326 2886/1795/2325
f 2869/1793/2319 2886/1795/2325 2871/1796/2320
f 2807/1768/2268 2909/1767/2337 2907/1786/2356
f 2807/1768/2268 2907/1786/2356 2851/1785/2355
f 2847/1784/2304 2905/1783/2335 2903/1776/2334
f 2847/1784/2304 2903/1776/2334 2787/1775/2351
f 2795/1774/2260 2901/1773/2350 2899/1766/2347
f 2795/1774/2260 2899/1766/2347 2805/1765/2346
f 2853/1788/2357 2897/1787/2331 2895/1792/2330
f 2853/1788/2357 2895/1792/2330 2863/1791/2360
f 2789/1778/2256 2891/1777/2327 2889/1794/2326
f 2789/1778/2256 2889/1794/2326 2869/1793/2319
f 2872/1797/2320 2887/1798/2325 2884/1790/2359
f 2872/1797/2320 2884/1790/2359 2857/1789/2358
f 2928/1799/2361 2929/1800/2361 2927/1764/2345
f 2928/1799/2361 2927/1764/2345 2926/1763/2345
f 2930/1801/2362 2931/1802/2362 2929/1800/2361
f 2930/1801/2362 2929/1800/2361 2928/1799/2361
f 2932/1803/2363 2933/1804/2364 2931/1802/2362
f 2932/1803/2363 2931/1802/2362 2930/1801/2362
f 2934/1805/2365 2935/1806/2365 2933/1804/2364
f 2934/1805/2365 2933/1804/2364 2932/1803/2363
f 2936/1807/2366 2937/1808/2367 2935/1806/2365
f 2936/1807/2366 2935/1806/2365 2934/1805/2365
f 2938/1809/2368 2939/1810/2368 2937/1808/2367
f 2938/1809/2368 2937/1808/2367 2936/1807/2366
f 2940/1811/2369 2941/1812/2369 2939/1810/2368
f 2940/1811/2369 2939/1810/2368 2938/1809/2368
f 2942/1813/2370 2943/1814/2370 2941/1812/2369
f 2942/1813/2370 2941/1812/2369 2940/1811/2369
f 2944/1815/2371 2945/1816/2372 2943/1814/2370
f 2944/1815/2371 2943/1814/2370 2942/1813/2370
f 2946/1817/2373 2947/1818/2373 2945/1816/2372
f 2946/1817/2373 2945/1816/2372 2944/1815/2371
f 2948/1819/2374 2949/1820/2374 2947/1818/2373
f 2948/1819/2374 2947/1818/2373 2946/1817/2373
f 2950/1821/2375 2951/1822/2375 2949/1820/2374
f 2950/1821/2375 2949/1820/2374 2948/1819/2374
f 2952/1823/2376 2953/1824/2377 2951/1822/2375
f 2952/1823/2376 2951/1822/2375 2950/1821/2375
f 2919/1762/2344 2918/1761/2344 2953/1824/2377
f 2919/1762/2344 2953/1824/2377 2952/1823/2376
f 2954/1825/2378 2955/1826/2378 2956/1827/2379
f 2954/1825/2378 2956/1827/2379 2957/1828/2379
f 2958/1756/2380 2959/1829/2380 2955/1826/2378
f 2958/1756/2380 2955/1826/2378 2954/1825/2378
f 2960/1755/2381 2961/1830/2381 2959/1829/2380
f 2960/1755/2381 2959/1829/2380 2958/1756/2380
f 2962/1831/2382 2963/1832/2383 2961/1830/2381
f 2962/1831/2382 2961/1830/2381 2960/1755/2381
f 2964/1833/2384 2965/1834/2384 2963/1832/2383
f 2964/1833/2384 2963/1832/2383 2962/1831/2382
f 2966/1835/2385 2967/1836/2385 2965/1834/2384
f 2966/1835/2385 2965/1834/2384 2964/1833/2384
f 2968/1758/2386 2969/1837/2387 2967/1836/2385
f 2968/1758/2386 2967/1836/2385 2966/1835/2385
f 2970/1757/2388 2971/1838/2388 2969/1837/2387
f 2970/1757/2388 2969/1837/2387 2968/1758/2386
f 2972/1839/2389 2973/1840/2389 2971/1838/2388
f 2972/1839/2389 2971/1838/2388 2970/1757/2388
f 2974/1746/2390 2975/1841/2390 2973/1840/2389
f 2974/1746/2390 2973/1840/2389 2972/1839/2389
f 2976/1745/2391 2977/1842/2392 2975/1841/2390
f 2976/1745/2391 2975/1841/2390 2974/1746/2390
f 2978/1843/2393 2979/1844/2393 2977/1842/2392
f 2978/1843/2393 2977/1842/2392 2976/1745/2391
f 2980/1845/2394 2981/1846/2394 2979/1844/2393
f 2980/1845/2394 2979/1844/2393 2978/1843/2393
f 2982/1847/2395 2983/1848/2395 2981/1846/2394
f 2982/1847/2395 2981/1846/2394 2980/1845/2394
f 2984/1740/2396 2985/1849/2397 2983/1848/2395
f 2984/1740/2396 2983/1848/2395 2982/1847/2395
f 2957/1828/2379 2956/1827/2379 2985/1849/2397
f 2957/1828/2379 2985/1849/2397 2984/1740/2396
s 0
f 2986/1817/2398 2987/1815/2398 2988/1811/2398
f 2986/1817/2398 2988/1811/2398 2989/1809/2398
f 2990/1818/2398 2991/1830/2398 2992/1832/2398
f 2990/1818/2398 2992/1832/2398 2993/1816/2398
s 1
f 2848/1723/2305 2861/1732/2314 2893/1746/2329
f 2848/1723/2305 2893/1746/2329 2994/1839/2399
s 0
f 2992/1832/2398 2995/1834/2398 2996/1814/2398
f 2992/1832/2398 2996/1814/2398 2993/1816/2398
f 2997/1822/2398 2998/1826/2398 2999/1829/2398
f 2997/1822/2398 2999/1829/2398 3000/1820/2398
s 1
f 2842/1719/2301 3001/1845/2400 3002/1843/2401
f 2842/1719/2301 3002/1843/2401 2843/1720/2302
f 2860/1731/2313 2843/1720/2302 3002/1843/2401
f 2860/1731/2313 3002/1843/2401 2892/1745/2328
s 0
f 2995/1834/2398 3003/1836/2398 3004/1812/2398
f 2995/1834/2398 3004/1812/2398 2996/1814/2398
s 1
f 2842/1719/2301 2785/1672/2254 3005/1847/2402
f 2842/1719/2301 3005/1847/2402 3001/1845/2400
s 0
f 3003/1836/2398 3006/1837/2398 3007/1810/2398
f 3003/1836/2398 3007/1810/2398 3004/1812/2398
s 1
f 2785/1672/2254 2784/1671/2253 2882/1740/2323
f 2785/1672/2254 2882/1740/2323 3005/1847/2402
s 0
f 3008/1808/2398 3009/1838/2398 3010/1840/2398
f 3008/1808/2398 3010/1840/2398 3011/1806/2398
f 2998/1826/2398 2997/1822/2398 3012/1824/2398
f 2998/1826/2398 3012/1824/2398 3013/1827/2398
s 1
f 2866/1735/2317 3014/1825/2403 2881/1739/2322
f 2866/1735/2317 2881/1739/2322 2867/1736/2318
s 0
f 3015/1760/2398 3016/1848/2398 3017/1849/2398
f 3015/1760/2398 3017/1849/2398 3018/1761/2398
s 1
f 2848/1723/2305 2994/1839/2399 2914/1757/2340
f 2848/1723/2305 2914/1757/2340 2849/1724/2306
s 0
f 3016/1848/2398 3015/1760/2398 3019/1764/2398
f 3016/1848/2398 3019/1764/2398 3020/1846/2398
s 1
f 2803/1684/2266 2802/1683/2265 2915/1758/2341
f 2803/1684/2266 2915/1758/2341 3021/1835/2404
f 2790/1675/2257 2803/1684/2266 3021/1835/2404
f 2790/1675/2257 3021/1835/2404 3022/1833/2405
s 0
f 3023/1802/2398 3024/1842/2398 3025/1844/2398
f 3023/1802/2398 3025/1844/2398 3026/1800/2398
f 3020/1846/2398 3019/1764/2398 3026/1800/2398
f 3020/1846/2398 3026/1800/2398 3025/1844/2398
s 1
f 2866/1735/2317 2855/1728/2310 2911/1756/2339
f 2866/1735/2317 2911/1756/2339 3014/1825/2403
f 2790/1675/2257 3022/1833/2405 3027/1831/2406
f 2790/1675/2257 3027/1831/2406 2791/1676/2258
s 0
f 3010/1840/2398 3028/1841/2398 3029/1804/2398
f 3010/1840/2398 3029/1804/2398 3011/1806/2398
f 3009/1838/2398 3008/1808/2398 3007/1810/2398
f 3009/1838/2398 3007/1810/2398 3006/1837/2398
s 1
f 2854/1727/2309 2791/1676/2258 3027/1831/2406
f 2854/1727/2309 3027/1831/2406 2910/1755/2338
s 0
f 2991/1830/2398 2990/1818/2398 3000/1820/2398
f 2991/1830/2398 3000/1820/2398 2999/1829/2398
f 3013/1827/2398 3012/1824/2398 3018/1761/2398
f 3013/1827/2398 3018/1761/2398 3017/1849/2398
f 3024/1842/2398 3023/1802/2398 3029/1804/2398
f 3024/1842/2398 3029/1804/2398 3028/1841/2398
f 2988/1811/2398 2987/1815/2398 3030/1813/2398
f 3031/1819/2398 2986/1817/2398 2989/1809/2398
f 3031/1819/2398 2989/1809/2398 3032/1807/2398
f 3033/1821/2398 3031/1819/2398 3032/1807/2398
f 3033/1821/2398 3032/1807/2398 3034/1805/2398
f 3035/1823/2398 3033/1821/2398 3034/1805/2398
f 3035/1823/2398 3034/1805/2398 3036/1803/2398
f 3037/1762/2398 3035/1823/2398 3036/1803/2398
f 3037/1762/2398 3036/1803/2398 3038/1801/2398
f 3039/1759/2398 3037/1762/2398 3038/1801/2398
f 3039/1759/2398 3038/1801/2398 3040/1799/2398
f 3039/1759/2398 3040/1799/2398 3041/1763/2398
o defaultMaterial.014
v -4.581651 2.421921 -2.134938
v -4.581651 2.172650 -1.703188
v -4.581651 1.923378 -2.134938
v -4.581651 1.923378 -2.134938
v -4.581651 2.671192 -1.703188
v -4.581651 2.920465 -2.134938
v -4.581651 2.172650 -2.566689
v -4.581651 2.671192 -2.566689
v -4.800041 2.061560 -2.759101
v -4.800041 2.782283 -2.759101
v -4.800041 1.701200 -2.134938
v -4.800041 1.701200 -2.134938
v -5.018430 2.814377 -2.814691
v -5.018430 2.029466 -2.814691
v -5.018430 1.637011 -2.134938
v -5.018430 1.637011 -2.134938
v -4.800041 2.061560 -1.510775
v -5.018430 2.029466 -1.455187
v -4.800041 2.782283 -1.510775
v -5.018430 2.814377 -1.455187
v -4.800041 3.142642 -2.134938
v -5.018430 3.206831 -2.134938
vn 1.0000 -0.0000 -0.0000
vn 0.9313 -0.1822 0.3155
vn 0.9313 -0.3643 -0.0000
vn 0.9313 0.1822 0.3155
vn 0.9313 0.3644 -0.0000
vn 0.9313 -0.1822 -0.3155
vn 0.9313 0.1822 -0.3155
vn 0.5205 -0.4269 -0.7395
vn 0.5205 0.4269 -0.7395
vn 0.5205 -0.8539 -0.0000
vn 0.2820 0.4797 -0.8309
vn 0.2820 -0.4797 -0.8309
vn 0.2820 -0.9594 -0.0000
vn 0.5205 -0.8538 -0.0000
vn 0.5205 -0.4269 0.7394
vn 0.2820 -0.4797 0.8309
vn 0.5205 0.4269 0.7395
vn 0.2820 0.4797 0.8309
vn 0.5205 0.8538 -0.0000
vn 0.2820 0.9594 -0.0000
vt 0.193035 0.195913
vt 0.222188 0.202525
vt 0.236719 0.202525
vt 0.207657 0.202525
vt 0.193125 0.202525
vt 0.164062 0.202525
vt 0.149532 0.202525
vt 0.178594 0.202525
vt 0.164062 0.221897
vt 0.178594 0.221897
vt 0.149532 0.221897
vt 0.178594 0.238161
vt 0.164062 0.238161
vt 0.149532 0.238161
vt 0.236719 0.238161
vt 0.236719 0.221897
vt 0.222188 0.221897
vt 0.222188 0.238161
vt 0.207657 0.221897
vt 0.207657 0.238161
vt 0.193125 0.221897
vt 0.193125 0.238161
s 1
usemtl defaultMaterial
f 3042/1850/2407 3043/1851/2408 3044/1852/2409
f 3046/1853/2410 3042/1850/2407 3047/1854/2411
f 3048/1855/2412 3042/1850/2407 3045/1856/2409
f 3042/1850/2407 3049/1857/2413 3047/1854/2411
f 3048/1855/2412 3050/1858/2414 3051/1859/2415
f 3048/1855/2412 3051/1859/2415 3049/1857/2413
f 3045/1856/2409 3052/1860/2416 3050/1858/2414
f 3045/1856/2409 3050/1858/2414 3048/1855/2412
f 3054/1861/2417 3051/1859/2415 3050/1858/2414
f 3054/1861/2417 3050/1858/2414 3055/1862/2418
f 3055/1862/2418 3050/1858/2414 3052/1860/2416
f 3055/1862/2418 3052/1860/2416 3056/1863/2419
f 3057/1864/2419 3053/1865/2420 3058/1866/2421
f 3057/1864/2419 3058/1866/2421 3059/1867/2422
f 3059/1867/2422 3058/1866/2421 3060/1868/2423
f 3059/1867/2422 3060/1868/2423 3061/1869/2424
f 3061/1869/2424 3060/1868/2423 3062/1870/2425
f 3061/1869/2424 3062/1870/2425 3063/1871/2426
f 3063/1871/2426 3062/1870/2425 3051/1859/2415
f 3063/1871/2426 3051/1859/2415 3054/1861/2417
f 3049/1857/2413 3042/1850/2407 3048/1855/2412
f 3043/1851/2408 3042/1850/2407 3046/1853/2410
f 3049/1857/2413 3051/1859/2415 3062/1870/2425
f 3049/1857/2413 3062/1870/2425 3047/1854/2411
f 3047/1854/2411 3062/1870/2425 3060/1868/2423
f 3047/1854/2411 3060/1868/2423 3046/1853/2410
f 3046/1853/2410 3060/1868/2423 3058/1866/2421
f 3046/1853/2410 3058/1866/2421 3043/1851/2408
f 3043/1851/2408 3058/1866/2421 3053/1865/2420
f 3043/1851/2408 3053/1865/2420 3044/1852/2409
o defaultMaterial.015
v -0.119227 5.631740 6.863445
v -0.241537 5.807387 6.991930
v -0.242780 7.509782 3.359913
v -0.121385 7.319279 3.275243
v -0.121081 5.982424 7.120756
v -0.121385 7.700285 3.444583
v 0.123542 5.631171 6.864997
v 0.121406 7.319279 3.275243
v 0.243999 5.806209 6.995156
v 0.242801 7.509782 3.359913
v 0.121713 5.982491 7.120573
v 0.121406 7.700285 3.444583
vn -0.4999 -0.7839 -0.3682
vn -1.0000 -0.0013 -0.0006
vn -0.5012 0.7839 0.3666
vn -0.5011 0.7839 0.3666
vn 0.5016 -0.7828 -0.3682
vn 0.5014 -0.7831 -0.3680
vn 1.0000 0.0022 0.0003
vn 0.4996 0.7848 0.3668
vt 0.031192 0.802032
vt 0.018593 0.802032
vt 0.018593 0.930996
vt 0.031192 0.930996
vt 0.005752 0.802032
vt 0.005752 0.930996
vt 0.044716 0.802032
vt 0.044716 0.930996
s 1
usemtl defaultMaterial
f 3064/1872/2427 3065/1873/2428 3066/1874/2428
f 3064/1872/2427 3066/1874/2428 3067/1875/2427
f 3065/1873/2428 3068/1876/2429 3069/1877/2430
f 3065/1873/2428 3069/1877/2430 3066/1874/2428
f 3070/1878/2431 3064/1872/2427 3067/1875/2427
f 3070/1878/2431 3067/1875/2427 3071/1879/2432
f 3072/1872/2433 3070/1878/2431 3071/1879/2432
f 3072/1872/2433 3071/1879/2432 3073/1875/2433
f 3068/1876/2429 3074/1873/2434 3075/1874/2434
f 3068/1876/2429 3075/1874/2434 3069/1877/2430
f 3074/1873/2434 3072/1872/2433 3073/1875/2433
f 3074/1873/2434 3073/1875/2433 3075/1874/2434
o defaultMaterial.016
v 0.000000 4.137902 -1.381265
v -0.858942 4.137902 -1.213410
v 0.000000 4.135973 -0.759000
v -1.781825 4.137902 -0.758546
v -0.858942 4.137902 -1.213410
v -1.515750 8.392275 -2.370764
v -1.515750 8.392275 -2.370764
v -1.781825 4.137902 -0.758546
v -0.803824 8.998983 -2.684870
v -0.803824 8.998983 -2.684870
v 0.000000 4.129726 0.256528
v -1.101249 7.254320 -3.519814
v -1.780855 7.375579 -2.878770
v -1.018631 8.242916 -3.260158
v -2.001763 7.635063 -1.895249
v -2.001763 7.635063 -1.895249
v -1.742131 8.470576 -2.557188
v -2.283385 7.673496 -2.006192
v -2.930185 4.435754 2.800315
v -3.007453 4.199801 2.909819
v -1.777952 4.214047 3.848089
v -1.716439 4.441362 3.719001
v -3.154366 5.855803 -0.695072
v -2.983274 6.069114 -0.709503
v -2.680465 6.903080 -1.432703
v -2.853323 6.677182 -1.450659
v -0.939184 9.134369 -2.915975
v -1.007309 9.037246 -3.090935
v -1.853428 8.314216 -2.719814
v 0.000000 9.286130 -3.000922
v 0.000000 9.189955 -3.206624
v -2.534130 4.129761 0.256528
v -2.600842 6.059093 -0.666072
v -2.600842 6.059093 -0.666072
v 0.000000 3.207502 4.591009
v 0.000000 4.219740 4.354218
v -1.757117 3.207502 4.070770
v 0.000000 4.429714 4.202429
v 0.000000 4.631163 3.688624
v 0.000000 4.631163 3.688624
v -1.425660 4.642547 3.278915
v -1.425660 4.642547 3.278915
v -2.177364 4.137902 2.471958
v -2.484199 4.670648 2.442663
v -2.484199 4.670648 2.442663
v -1.236244 4.137902 3.275417
v -2.531635 4.133832 1.364243
v -2.783604 5.004310 1.408970
v -2.783604 5.004310 1.408970
v -2.894490 3.207502 3.096745
v -3.374651 3.841951 1.824016
v -3.146564 3.207502 1.821702
v -2.720554 4.119812 -1.019922
v -3.016114 5.325078 -0.614911
v -2.463055 5.053101 -1.918702
v -2.715240 6.197293 -1.390574
v -2.332182 7.084262 -2.102731
v -2.388615 6.240445 -2.164819
v -1.785595 7.960593 -2.740649
v -2.332182 7.084262 -2.102731
v -2.413053 7.526980 -2.105217
v -2.894490 3.207502 3.096745
v -3.404386 5.210542 0.402795
v -3.258133 5.378345 0.364990
v -2.810377 5.399696 0.374862
v -2.810377 5.399696 0.374862
v -3.299426 4.883374 1.570924
v -3.261076 4.429512 0.528617
v -3.374651 3.841951 1.824016
v -3.433940 4.703473 1.660004
v -3.016114 5.325078 -0.614911
v -0.987416 8.701234 -3.180207
v -1.863701 6.249411 -3.030653
v -1.687362 3.207502 -2.696639
v -3.261076 4.429512 0.528617
v -2.531349 3.207502 -1.086325
v -2.995449 3.207502 0.523989
v 0.000000 4.137902 -1.381265
v 0.000000 6.244299 -3.856336
v -1.279945 6.240445 -3.533376
v 0.000000 7.661923 -3.646562
v 0.000000 8.472377 -3.391306
v 0.000000 9.140948 -2.775859
v 0.000000 9.140948 -2.775859
v 0.000000 8.884908 -3.302682
v -2.534130 4.129761 0.256528
v -2.531635 4.133832 1.364243
v 0.000000 4.133814 1.364243
v -2.334826 6.899544 -1.363642
v -2.334826 6.899544 -1.363642
v 0.000000 4.137902 3.483800
v -2.177364 4.137902 2.471958
v 0.000000 4.137902 2.471958
v 0.000000 3.207502 -3.735593
v 0.000000 4.137902 3.483800
v 0.000000 4.137902 3.275417
v -1.236244 4.137902 3.275417
v -1.785595 7.960593 -2.740649
v 0.000000 8.884908 -3.302682
v -0.987416 8.701234 -3.180207
v -2.715240 6.197293 -1.390574
v 0.858942 4.137902 -1.213410
v 1.781825 4.137902 -0.758546
v 1.781825 4.137902 -0.758546
v 1.515750 8.392275 -2.370764
v 1.515750 8.392275 -2.370764
v 0.858942 4.137902 -1.213410
v 0.803824 8.998983 -2.684870
v 0.803824 8.998983 -2.684870
v 1.018631 8.242916 -3.260158
v 1.780855 7.375579 -2.878770
v 1.101249 7.254320 -3.519814
v 2.001763 7.635063 -1.895249
v 2.001763 7.635063 -1.895249
v 2.283385 7.673496 -2.006192
v 1.742131 8.470576 -2.557188
v 2.930185 4.435754 2.800315
v 1.716439 4.441362 3.719001
v 1.777952 4.214047 3.848089
v 3.007453 4.199801 2.909819
v 3.154366 5.855803 -0.695072
v 2.853323 6.677182 -1.450659
v 2.680465 6.903080 -1.432703
v 2.983274 6.069114 -0.709503
v 0.939184 9.134369 -2.915975
v 1.853428 8.314216 -2.719814
v 1.007309 9.037246 -3.090935
v 2.600842 6.059093 -0.666072
v 2.600842 6.059093 -0.666072
v 2.534130 4.129761 0.256528
v 1.757117 3.207502 4.070770
v 1.425660 4.642547 3.278915
v 1.425660 4.642547 3.278915
v 2.177364 4.137902 2.471958
v 1.236244 4.137902 3.275417
v 2.484199 4.670648 2.442663
v 2.484199 4.670648 2.442663
v 2.783604 5.004310 1.408970
v 2.783604 5.004310 1.408970
v 2.531635 4.133832 1.364243
v 3.146564 3.207502 1.821702
v 3.374651 3.841951 1.824016
v 2.894490 3.207502 3.096745
v 2.463055 5.053101 -1.918702
v 3.016114 5.325078 -0.614911
v 2.720554 4.119812 -1.019922
v 2.388615 6.240445 -2.164819
v 2.332182 7.084262 -2.102731
v 2.715240 6.197293 -1.390574
v 2.413053 7.526980 -2.105217
v 2.332182 7.084262 -2.102731
v 1.785595 7.960593 -2.740649
v 2.894490 3.207502 3.096745
v 3.404386 5.210542 0.402795
v 3.258133 5.378345 0.364990
v 2.810377 5.399696 0.374862
v 2.810377 5.399696 0.374862
v 3.299426 4.883374 1.570924
v 3.433940 4.703473 1.660004
v 3.374651 3.841951 1.824016
v 3.261076 4.429512 0.528617
v 3.016114 5.325078 -0.614911
v 0.987416 8.701234 -3.180207
v 1.687362 3.207502 -2.696639
v 1.863701 6.249411 -3.030653
v 3.261076 4.429512 0.528617
v 2.995449 3.207502 0.523989
v 2.531349 3.207502 -1.086325
v 1.279945 6.240445 -3.533376
v 2.534130 4.129761 0.256528
v 2.531635 4.133832 1.364243
v 2.334826 6.899544 -1.363642
v 2.334826 6.899544 -1.363642
v 2.177364 4.137902 2.471958
v 1.236244 4.137902 3.275417
v 1.785595 7.960593 -2.740649
v 0.987416 8.701234 -3.180207
v 2.715240 6.197293 -1.390574
vn -0.0000 1.0000 0.0031
vn 0.0008 1.0000 0.0027
vn -0.0000 1.0000 0.0040
vn 0.0007 1.0000 0.0055
vn 0.2621 0.2903 0.9203
vn 0.0847 0.4859 0.8699
vn 0.5881 0.3002 0.7510
vn 0.0045 0.5093 0.8606
vn -0.0000 1.0000 0.0035
vn -0.4424 0.1718 -0.8802
vn -0.7440 0.1555 -0.6498
vn -0.4516 0.2208 -0.8645
vn 0.1420 0.5126 0.8468
vn 0.0847 0.4860 0.8699
vn -0.5753 0.7436 0.3407
vn -0.5608 0.6761 0.4779
vn -0.4210 0.7740 0.4730
vn -0.7433 0.3104 0.5926
vn -0.4274 0.3592 0.8297
vn -0.2834 0.7714 0.5698
vn -0.9685 0.2124 -0.1298
vn -0.4428 0.7445 0.4997
vn -0.4918 0.6672 0.5595
vn -0.9493 0.2088 -0.2350
vn -0.3661 0.9152 0.1683
vn -0.4388 0.5649 -0.6989
vn -0.7764 0.3746 -0.5068
vn -0.0000 0.9975 0.0702
vn -0.0000 0.6463 -0.7631
vn 0.9392 0.2478 0.2376
vn 0.5393 0.5345 0.6508
vn -0.0000 0.2192 0.9757
vn -0.0000 0.3994 0.9168
vn -0.4580 0.1670 0.8731
vn -0.0000 0.7845 0.6201
vn -0.0000 0.8943 -0.4474
vn 0.1952 0.9001 -0.3895
vn 0.8410 0.3683 -0.3962
vn 0.3894 0.9191 -0.0601
vn 0.1952 0.9002 -0.3894
vn 0.4269 0.2633 -0.8651
vn 0.9476 0.2820 -0.1499
vn 0.7445 0.6623 0.0842
vn -0.9250 -0.3332 0.1829
vn -0.9545 -0.2978 0.0142
vn -0.9157 -0.1513 -0.3724
vn -0.9314 -0.0857 -0.3539
vn -0.8909 -0.0831 -0.4465
vn -0.9221 0.0139 -0.3867
vn -0.8627 0.1029 -0.4951
vn -0.8792 0.0483 -0.4740
vn -0.5879 -0.0165 -0.8088
vn -0.6833 -0.1601 -0.7123
vn -0.9000 0.2582 -0.3513
vn -0.8179 0.0473 0.5734
vn -0.9643 0.2649 -0.0056
vn -0.4220 0.8288 0.3674
vn 0.5831 0.7026 0.4079
vn -0.4334 0.8183 0.3775
vn 0.7445 0.6622 0.0842
vn -0.9490 -0.1980 -0.2453
vn -0.9903 -0.0860 0.1089
vn -0.9227 0.2936 0.2497
vn -0.8261 -0.2713 -0.4940
vn -0.3331 0.1760 -0.9263
vn -0.7603 0.0204 -0.6492
vn -0.7663 -0.1480 -0.6252
vn -0.9498 -0.1920 -0.2471
vn -0.9126 -0.1705 -0.3715
vn -0.9501 -0.2228 -0.2182
vn -0.0000 0.2781 0.9606
vn -0.0000 0.0555 -0.9985
vn -0.4733 -0.0290 -0.8804
vn -0.0000 0.2154 -0.9765
vn -0.0000 0.2398 -0.9708
vn 0.0045 0.5094 0.8605
vn -0.0000 0.5926 0.8055
vn -0.0000 0.2731 -0.9620
vn -0.0000 1.0000 0.0021
vn -0.0000 1.0000 -0.0037
vn 0.1421 0.5125 0.8468
vn 0.2912 0.5211 0.8023
vn 0.5831 0.7026 0.4078
vn -0.0000 0.2453 -0.9694
vn -0.0000 0.8944 -0.4473
vn -0.0000 1.0000 -0.0019
vn -0.0000 1.0000 -0.0018
vn 0.3894 0.9191 -0.0602
vn -0.0000 -0.1103 -0.9939
vn -0.0000 1.0000 -0.0000
vn -0.6828 0.1617 -0.7125
vn -0.0000 0.1957 -0.9807
vn -0.3900 0.1905 -0.9009
vn -0.7188 -0.2496 -0.6489
vn -0.0008 1.0000 0.0027
vn -0.0007 1.0000 0.0055
vn -0.5881 0.3002 0.7510
vn -0.0847 0.4859 0.8699
vn -0.2620 0.2908 0.9202
vn -0.0045 0.5093 0.8606
vn 0.4516 0.2208 -0.8645
vn 0.7440 0.1555 -0.6498
vn 0.4424 0.1718 -0.8802
vn -0.1420 0.5126 0.8468
vn 0.5608 0.6761 0.4779
vn 0.5753 0.7436 0.3407
vn -0.0847 0.4860 0.8699
vn 0.4210 0.7740 0.4730
vn 0.2834 0.7714 0.5698
vn 0.4274 0.3592 0.8297
vn 0.7433 0.3104 0.5926
vn 0.9685 0.2124 -0.1298
vn 0.9493 0.2088 -0.2350
vn 0.4918 0.6672 0.5595
vn 0.4428 0.7445 0.4997
vn 0.3661 0.9152 0.1683
vn 0.7764 0.3746 -0.5068
vn 0.4388 0.5649 -0.6989
vn -0.5393 0.5345 0.6507
vn -0.9392 0.2478 0.2376
vn 0.4580 0.1670 0.8731
vn -0.1951 0.9001 -0.3895
vn -0.8410 0.3683 -0.3962
vn -0.4269 0.2633 -0.8651
vn -0.1952 0.9002 -0.3894
vn -0.3894 0.9191 -0.0601
vn -0.7445 0.6623 0.0842
vn -0.9477 0.2820 -0.1498
vn 0.9545 -0.2978 0.0142
vn 0.9250 -0.3332 0.1829
vn 0.8909 -0.0831 -0.4465
vn 0.9314 -0.0857 -0.3539
vn 0.9157 -0.1513 -0.3724
vn 0.8792 0.0483 -0.4740
vn 0.8627 0.1029 -0.4951
vn 0.9221 0.0139 -0.3867
vn 0.9000 0.2582 -0.3513
vn 0.6833 -0.1601 -0.7123
vn 0.5879 -0.0165 -0.8088
vn 0.8179 0.0473 0.5735
vn 0.9643 0.2649 -0.0056
vn 0.4220 0.8288 0.3674
vn -0.5831 0.7026 0.4078
vn 0.4334 0.8183 0.3775
vn 0.9227 0.2936 0.2497
vn 0.9903 -0.0860 0.1089
vn 0.9490 -0.1980 -0.2453
vn 0.8261 -0.2713 -0.4940
vn 0.3331 0.1760 -0.9263
vn -0.5393 0.5346 0.6507
vn 0.7663 -0.1480 -0.6252
vn 0.7603 0.0204 -0.6492
vn 0.9498 -0.1920 -0.2471
vn 0.9501 -0.2228 -0.2182
vn 0.9126 -0.1705 -0.3715
vn 0.4733 -0.0290 -0.8804
vn -0.0045 0.5094 0.8605
vn -0.2913 0.5211 0.8023
vn -0.1421 0.5125 0.8468
vn -0.5831 0.7026 0.4079
vn -0.3895 0.9191 -0.0602
vn 0.6828 0.1617 -0.7125
vn 0.3900 0.1906 -0.9009
vn 0.7188 -0.2496 -0.6489
vn -0.2912 0.5211 0.8023
vt 0.463316 0.067848
vt 0.483586 0.071809
vt 0.463316 0.086491
vt 0.505365 0.086502
vt 0.156302 0.439154
vt 0.140175 0.332190
vt 0.122366 0.439154
vt 0.157655 0.316510
vt 0.463316 0.112523
vt 0.478308 0.281421
vt 0.448653 0.274718
vt 0.478990 0.240999
vt 0.164435 0.037431
vt 0.128537 0.037431
vt 0.128537 0.025481
vt 0.164435 0.025481
vt 0.385660 0.025481
vt 0.385660 0.017113
vt 0.430544 0.017113
vt 0.430544 0.025481
vt 0.253178 0.017113
vt 0.253178 0.025481
vt 0.201454 0.025481
vt 0.201454 0.017113
vt 0.092283 0.025481
vt 0.092283 0.017113
vt 0.128537 0.017113
vt 0.051509 0.025481
vt 0.051509 0.017113
vt 0.096570 0.439154
vt 0.110769 0.392688
vt 0.485838 0.003756
vt 0.485838 0.017113
vt 0.430544 0.003756
vt 0.485838 0.025481
vt 0.485838 0.037431
vt 0.430544 0.037431
vt 0.053507 0.439154
vt 0.055361 0.423960
vt 0.028438 0.423960
vt 0.027838 0.439154
vt 0.076936 0.439154
vt 0.072205 0.417726
vt 0.183868 0.437365
vt 0.245020 0.409393
vt 0.251351 0.437365
vt 0.371673 0.400223
vt 0.353174 0.352477
vt 0.405062 0.369099
vt 0.383622 0.316740
vt 0.409776 0.277474
vt 0.411478 0.319552
vt 0.128537 0.003756
vt 0.164435 0.003756
vt 0.164435 0.017113
vt 0.385660 0.003756
vt 0.300407 0.017113
vt 0.300407 0.025481
vt 0.300408 0.037431
vt 0.344197 0.025481
vt 0.344197 0.037431
vt 0.300407 0.003756
vt 0.344197 0.003756
vt 0.344197 0.017113
vt 0.253178 0.003756
vt 0.092283 0.003756
vt 0.253178 0.037431
vt 0.448866 0.322365
vt 0.454366 0.437365
vt 0.305809 0.384259
vt 0.379477 0.437365
vt 0.311236 0.437365
vt 0.177392 0.439154
vt 0.513261 0.322382
vt 0.472945 0.324865
vt 0.513261 0.265621
vt 0.513261 0.233071
vt 0.092283 0.037431
vt 0.051509 0.037431
vt 0.177392 0.312792
vt 0.051509 0.003756
vt 0.523119 0.112523
vt 0.523059 0.138663
vt 0.463316 0.138664
vt 0.133292 0.351994
vt 0.122489 0.372979
vt 0.090919 0.408185
vt 0.004422 0.439154
vt 0.004422 0.423960
vt 0.514699 0.164804
vt 0.463316 0.164804
vt 0.385660 0.037431
vt 0.513261 0.437365
vt 0.463316 0.188682
vt 0.463316 0.183765
vt 0.492490 0.183765
vt 0.444788 0.240658
vt 0.513261 0.206427
vt 0.479105 0.214569
vt 0.201454 0.003756
vt 0.201454 0.037431
s 1
usemtl defaultMaterial
f 3076/1880/2435 3077/1881/2436 3078/1882/2437
f 3078/1882/2437 3077/1881/2436 3079/1883/2438
f 3080/1884/2439 3081/1885/2440 3083/1886/2441
f 3080/1884/2439 3084/1887/2442 3081/1885/2440
f 3078/1882/2437 3079/1883/2438 3086/1888/2443
f 3087/1889/2444 3088/1890/2445 3089/1891/2446
f 3090/1892/2447 3082/1893/2448 3092/1894/2449
f 3090/1892/2447 3092/1894/2449 3093/1895/2450
f 3094/1896/2451 3095/1897/2452 3096/1898/2453
f 3094/1896/2451 3096/1898/2453 3097/1899/2454
f 3098/1900/2455 3099/1901/2456 3100/1902/2457
f 3098/1900/2455 3100/1902/2457 3101/1903/2458
f 3102/1904/2459 3103/1905/2460 3104/1906/2461
f 3102/1904/2459 3104/1906/2461 3092/1894/2449
f 3105/1907/2462 3106/1908/2463 3103/1905/2460
f 3105/1907/2462 3103/1905/2460 3102/1904/2459
f 3107/1909/2464 3083/1886/2441 3108/1910/2465
f 3110/1911/2466 3111/1912/2467 3096/1898/2453
f 3110/1911/2466 3096/1898/2453 3112/1913/2468
f 3113/1914/2469 3114/1915/2470 3116/1916/2471
f 3113/1914/2469 3116/1916/2471 3097/1899/2454
f 3118/1917/2472 3119/1918/2473 3117/1919/2474
f 3118/1917/2472 3117/1919/2474 3121/1920/2475
f 3118/1917/2472 3122/1921/2476 3123/1922/2477
f 3119/1918/2473 3118/1917/2472 3123/1922/2477
f 3125/1923/2478 3126/1924/2479 3127/1925/2479
f 3128/1926/2480 3129/1927/2481 3130/1928/2482
f 3131/1929/2483 3132/1930/2484 3133/1931/2485
f 3133/1931/2485 3132/1930/2484 3088/1890/2445
f 3104/1906/2461 3134/1932/2486 3135/1933/2487
f 3104/1906/2461 3135/1933/2487 3136/1934/2488
f 3096/1898/2453 3095/1897/2452 3137/1935/2489
f 3096/1898/2453 3137/1935/2489 3112/1913/2468
f 3138/1936/2490 3139/1937/2491 3099/1901/2456
f 3138/1936/2490 3099/1901/2456 3098/1900/2455
f 3140/1938/2492 3139/1937/2491 3142/1939/2493
f 3140/1938/2492 3142/1939/2493 3124/1940/2494
f 3138/1936/2490 3143/1941/2495 3144/1942/2496
f 3138/1936/2490 3144/1942/2496 3145/1943/2497
f 3143/1941/2495 3138/1936/2490 3098/1900/2455
f 3143/1941/2495 3098/1900/2455 3146/1944/2498
f 3147/1945/2499 3134/1932/2486 3104/1906/2461
f 3147/1945/2499 3104/1906/2461 3103/1905/2460
f 3139/1937/2491 3140/1938/2492 3109/1946/2465
f 3139/1937/2491 3109/1946/2465 3099/1901/2456
f 3130/1928/2482 3148/1947/2500 3149/1948/2501
f 3150/1949/2502 3128/1926/2480 3151/1950/2503
f 3150/1949/2502 3151/1950/2503 3152/1951/2504
f 3123/1922/2477 3122/1921/2476 3107/1909/2464
f 3093/1895/2450 3136/1934/2488 3101/1903/2458
f 3093/1895/2450 3101/1903/2458 3100/1902/2457
f 3084/1887/2442 3080/1884/2439 3153/1952/2505
f 3087/1889/2444 3154/1953/2506 3155/1954/2507
f 3156/1955/2508 3087/1889/2444 3089/1891/2446
f 3156/1955/2508 3089/1891/2446 3157/1956/2509
f 3102/1904/2459 3085/1957/2510 3158/1958/2511
f 3102/1904/2459 3158/1958/2511 3105/1907/2462
f 3153/1952/2505 3159/1959/2511 3084/1887/2442
f 3160/1960/2512 3147/1945/2499 3103/1905/2460
f 3160/1960/2512 3103/1905/2460 3106/1908/2463
f 3102/1904/2459 3092/1894/2449 3082/1893/2448
f 3102/1904/2459 3082/1893/2448 3085/1957/2510
f 3161/1961/2513 3162/1962/2514 3163/1963/2514
f 3161/1961/2513 3163/1963/2514 3086/1888/2443
f 3083/1886/2441 3091/1964/2515 3164/1965/2516
f 3141/1966/2517 3107/1909/2464 3108/1910/2465
f 3141/1966/2517 3123/1922/2477 3107/1909/2464
f 3166/1967/2518 3121/1920/2475 3117/1919/2474
f 3166/1967/2518 3117/1919/2474 3115/1968/2519
f 3167/1969/2520 3168/1970/2521 3163/1963/2514
f 3167/1969/2520 3163/1963/2514 3162/1962/2514
f 3086/1888/2443 3079/1883/2438 3161/1961/2513
f 3164/1965/2516 3108/1910/2465 3083/1886/2441
f 3087/1889/2444 3155/1954/2507 3148/1947/2500
f 3088/1890/2445 3087/1889/2444 3148/1947/2500
f 3145/1943/2497 3142/1939/2493 3139/1937/2491
f 3145/1943/2497 3139/1937/2491 3138/1936/2490
f 3094/1896/2451 3097/1899/2454 3116/1916/2471
f 3094/1896/2451 3116/1916/2471 3120/1971/2522
f 3169/1972/2523 3149/1948/2501 3155/1954/2507
s 0
f 3170/1973/2524 3171/1974/2524 3172/1975/2524
s 1
f 3149/1948/2501 3148/1947/2500 3155/1954/2507
f 3156/1955/2508 3154/1953/2506 3087/1889/2444
f 3088/1890/2445 3132/1930/2484 3173/1976/2525
f 3174/1977/2526 3157/1956/2509 3089/1891/2446
f 3174/1977/2526 3089/1891/2446 3175/1978/2527
f 3089/1891/2446 3173/1976/2525 3175/1978/2527
f 3151/1950/2503 3128/1926/2480 3149/1948/2501
f 3133/1931/2485 3130/1928/2482 3131/1929/2483
f 3128/1926/2480 3130/1928/2482 3149/1948/2501
f 3148/1947/2500 3130/1928/2482 3133/1931/2485
f 3101/1903/2458 3136/1934/2488 3135/1933/2487
f 3101/1903/2458 3135/1933/2487 3176/1979/2528
f 3155/1954/2507 3154/1953/2506 3169/1972/2523
f 3137/1935/2489 3095/1897/2452 3145/1943/2497
f 3137/1935/2489 3145/1943/2497 3144/1942/2496
f 3165/1980/2516 3090/1892/2447 3093/1895/2450
f 3165/1980/2516 3093/1895/2450 3100/1902/2457
f 3150/1949/2502 3129/1927/2481 3128/1926/2480
f 3133/1931/2485 3088/1890/2445 3148/1947/2500
f 3095/1897/2452 3094/1896/2451 3142/1939/2493
f 3095/1897/2452 3142/1939/2493 3145/1943/2497
f 3120/1971/2522 3124/1940/2494 3142/1939/2493
f 3120/1971/2522 3142/1939/2493 3094/1896/2451
f 3165/1980/2516 3100/1902/2457 3099/1901/2456
f 3165/1980/2516 3099/1901/2456 3109/1946/2465
f 3176/1979/2528 3146/1944/2498 3098/1900/2455
f 3176/1979/2528 3098/1900/2455 3101/1903/2458
f 3092/1894/2449 3104/1906/2461 3136/1934/2488
f 3092/1894/2449 3136/1934/2488 3093/1895/2450
f 3150/1949/2502 3152/1951/2504 3127/1925/2479
f 3150/1949/2502 3127/1925/2479 3126/1924/2479
f 3130/1928/2482 3129/1927/2481 3131/1929/2483
f 3167/1969/2520 3172/1975/2524 3171/1974/2524
f 3167/1969/2520 3171/1974/2524 3168/1970/2521
f 3097/1899/2454 3096/1898/2453 3111/1912/2467
f 3097/1899/2454 3111/1912/2467 3113/1914/2469
f 3091/1964/2515 3083/1886/2441 3081/1885/2440
f 3173/1976/2525 3089/1891/2446 3088/1890/2445
f 3078/1882/2437 3177/1881/2529 3076/1880/2435
f 3178/1883/2530 3177/1881/2529 3078/1882/2437
f 3179/1886/2531 3180/1885/2532 3182/1884/2533
f 3180/1885/2532 3183/1887/2534 3182/1884/2533
f 3086/1888/2443 3178/1883/2530 3078/1882/2437
f 3185/1891/2535 3186/1890/2536 3187/1889/2537
f 3188/1892/2538 3190/1895/2539 3191/1894/2540
f 3188/1892/2538 3191/1894/2540 3181/1893/2541
f 3192/1896/2542 3193/1899/2543 3194/1898/2544
f 3192/1896/2542 3194/1898/2544 3195/1897/2545
f 3196/1900/2546 3197/1903/2547 3198/1902/2548
f 3196/1900/2546 3198/1902/2548 3199/1901/2549
f 3200/1904/2550 3191/1894/2540 3201/1906/2551
f 3200/1904/2550 3201/1906/2551 3202/1905/2552
f 3105/1907/2462 3200/1904/2550 3202/1905/2552
f 3105/1907/2462 3202/1905/2552 3106/1908/2463
f 3203/1910/2553 3179/1886/2531 3205/1909/2554
f 3110/1911/2466 3206/1913/2555 3194/1898/2544
f 3110/1911/2466 3194/1898/2544 3111/1912/2467
f 3113/1914/2469 3193/1899/2543 3207/1916/2556
f 3113/1914/2469 3207/1916/2556 3114/1915/2470
f 3209/1917/2557 3210/1920/2558 3208/1919/2559
f 3209/1917/2557 3208/1919/2559 3211/1918/2560
f 3213/1922/2561 3215/1921/2562 3209/1917/2557
f 3213/1922/2561 3209/1917/2557 3211/1918/2560
f 3216/1925/2563 3217/1924/2563 3218/1923/2564
f 3219/1928/2565 3220/1927/2566 3221/1926/2567
f 3222/1931/2568 3223/1930/2569 3224/1929/2570
f 3186/1890/2536 3223/1930/2569 3222/1931/2568
f 3201/1906/2551 3225/1934/2571 3226/1933/2572
f 3201/1906/2551 3226/1933/2572 3227/1932/2573
f 3194/1898/2544 3206/1913/2555 3228/1935/2574
f 3194/1898/2544 3228/1935/2574 3195/1897/2545
f 3229/1936/2575 3196/1900/2546 3199/1901/2549
f 3229/1936/2575 3199/1901/2549 3230/1937/2576
f 3231/1938/2577 3214/1940/2561 3233/1939/2578
f 3231/1938/2577 3233/1939/2578 3230/1937/2576
f 3229/1936/2575 3234/1943/2579 3235/1942/2580
f 3229/1936/2575 3235/1942/2580 3236/1941/2581
f 3236/1941/2581 3237/1944/2582 3196/1900/2546
f 3236/1941/2581 3196/1900/2546 3229/1936/2575
f 3238/1945/2583 3202/1905/2552 3201/1906/2551
f 3238/1945/2583 3201/1906/2551 3227/1932/2573
f 3230/1937/2576 3199/1901/2549 3204/1946/2584
f 3230/1937/2576 3204/1946/2584 3231/1938/2577
f 3239/1948/2585 3240/1947/2586 3219/1928/2565
f 3241/1949/2587 3242/1951/2588 3243/1950/2589
f 3241/1949/2587 3243/1950/2589 3221/1926/2567
f 3205/1909/2554 3215/1921/2562 3213/1922/2561
f 3190/1895/2539 3198/1902/2548 3197/1903/2547
f 3190/1895/2539 3197/1903/2547 3225/1934/2571
f 3153/1952/2505 3182/1884/2533 3183/1887/2534
f 3244/1954/2590 3154/1953/2506 3187/1889/2537
f 3156/1955/2508 3157/1956/2509 3185/1891/2535
f 3156/1955/2508 3185/1891/2535 3187/1889/2537
f 3200/1904/2550 3105/1907/2462 3158/1958/2511
f 3200/1904/2550 3158/1958/2511 3184/1957/2591
f 3183/1887/2534 3159/1959/2511 3153/1952/2505
f 3160/1960/2512 3106/1908/2463 3202/1905/2552
f 3160/1960/2512 3202/1905/2552 3238/1945/2583
f 3200/1904/2550 3184/1957/2591 3181/1893/2541
f 3200/1904/2550 3181/1893/2541 3191/1894/2540
f 3245/1961/2513 3086/1888/2443 3163/1963/2514
f 3245/1961/2513 3163/1963/2514 3246/1962/2514
f 3247/1965/2592 3189/1964/2593 3179/1886/2531
f 3203/1910/2553 3205/1909/2554 3232/1966/2594
f 3205/1909/2554 3213/1922/2561 3232/1966/2594
f 3166/1967/2518 3115/1968/2519 3208/1919/2559
f 3166/1967/2518 3208/1919/2559 3210/1920/2558
f 3249/1969/2520 3246/1962/2514 3163/1963/2514
f 3249/1969/2520 3163/1963/2514 3168/1970/2521
f 3245/1961/2513 3178/1883/2530 3086/1888/2443
f 3179/1886/2531 3203/1910/2553 3247/1965/2592
f 3240/1947/2586 3244/1954/2590 3187/1889/2537
f 3240/1947/2586 3187/1889/2537 3186/1890/2536
f 3234/1943/2579 3229/1936/2575 3230/1937/2576
f 3234/1943/2579 3230/1937/2576 3233/1939/2578
f 3192/1896/2542 3212/1971/2595 3207/1916/2556
f 3192/1896/2542 3207/1916/2556 3193/1899/2543
f 3244/1954/2590 3239/1948/2585 3169/1972/2523
s 0
f 3250/1975/2524 3171/1974/2524 3170/1973/2524
s 1
f 3244/1954/2590 3240/1947/2586 3239/1948/2585
f 3187/1889/2537 3154/1953/2506 3156/1955/2508
f 3251/1976/2596 3223/1930/2569 3186/1890/2536
f 3174/1977/2526 3252/1978/2597 3185/1891/2535
f 3174/1977/2526 3185/1891/2535 3157/1956/2509
f 3252/1978/2597 3251/1976/2596 3185/1891/2535
f 3239/1948/2585 3221/1926/2567 3243/1950/2589
f 3224/1929/2570 3219/1928/2565 3222/1931/2568
f 3239/1948/2585 3219/1928/2565 3221/1926/2567
f 3222/1931/2568 3219/1928/2565 3240/1947/2586
f 3197/1903/2547 3253/1979/2598 3226/1933/2572
f 3197/1903/2547 3226/1933/2572 3225/1934/2571
f 3169/1972/2523 3154/1953/2506 3244/1954/2590
f 3228/1935/2574 3235/1942/2580 3234/1943/2579
f 3228/1935/2574 3234/1943/2579 3195/1897/2545
f 3248/1980/2599 3198/1902/2548 3190/1895/2539
f 3248/1980/2599 3190/1895/2539 3188/1892/2538
f 3221/1926/2567 3220/1927/2566 3241/1949/2587
f 3240/1947/2586 3186/1890/2536 3222/1931/2568
f 3195/1897/2545 3234/1943/2579 3233/1939/2578
f 3195/1897/2545 3233/1939/2578 3192/1896/2542
f 3212/1971/2595 3192/1896/2542 3233/1939/2578
f 3212/1971/2595 3233/1939/2578 3214/1940/2561
f 3248/1980/2599 3204/1946/2584 3199/1901/2549
f 3248/1980/2599 3199/1901/2549 3198/1902/2548
f 3253/1979/2598 3197/1903/2547 3196/1900/2546
f 3253/1979/2598 3196/1900/2546 3237/1944/2582
f 3191/1894/2540 3190/1895/2539 3225/1934/2571
f 3191/1894/2540 3225/1934/2571 3201/1906/2551
f 3241/1949/2587 3217/1924/2563 3216/1925/2563
f 3241/1949/2587 3216/1925/2563 3242/1951/2588
f 3224/1929/2570 3220/1927/2566 3219/1928/2565
f 3249/1969/2520 3168/1970/2521 3171/1974/2524
f 3249/1969/2520 3171/1974/2524 3250/1975/2524
f 3193/1899/2543 3113/1914/2469 3111/1912/2467
f 3193/1899/2543 3111/1912/2467 3194/1898/2544
f 3180/1885/2532 3179/1886/2531 3189/1964/2593
f 3186/1890/2536 3185/1891/2535 3251/1976/2596
o defaultMaterial.017
v 2.553427 4.425098 -4.091945
v 2.553427 5.944939 -4.091945
v 2.553427 5.944939 -2.587804
v 2.553427 4.425098 -2.587804
v -2.553427 4.425098 -4.091945
v -2.553427 5.944939 -4.091945
v 2.553427 4.425098 -2.587804
v 2.553427 5.944939 -2.587804
v -2.553427 5.944939 -2.587804
v -2.553427 4.425098 -2.587804
v 2.553427 5.944939 -4.091945
v -2.553427 5.944939 -4.091945
v -2.553427 4.425098 -2.587804
v -2.553427 5.944939 -2.587804
vn 0.7071 -0.0000 -0.7071
vn 0.5773 0.5774 -0.5774
vn 0.5774 0.5773 0.5774
vn 0.7071 -0.0000 0.7071
vn -0.7071 -0.0000 -0.7071
vn -0.5773 0.5774 -0.5773
vn -0.5774 0.5773 0.5773
vn -0.7071 -0.0000 0.7071
vn -0.5774 0.5774 -0.5773
vn -1.0000 -0.0000 -0.0000
vn -0.5774 0.5774 0.5773
vt 0.054098 0.607088
vt 0.029719 0.607088
vt 0.029719 0.589743
vt 0.054098 0.589743
vt 0.054098 0.665728
vt 0.029719 0.665728
vt 0.009653 0.665728
vt 0.009653 0.607088
vt 0.054098 0.683073
vt 0.029719 0.683073
s 1
usemtl defaultMaterial
f 3254/1981/2600 3255/1982/2601 3256/1983/2602
f 3254/1981/2600 3256/1983/2602 3257/1984/2603
f 3258/1985/2604 3259/1986/2605 3255/1982/2601
f 3258/1985/2604 3255/1982/2601 3254/1981/2600
f 3260/1985/2603 3261/1986/2602 3262/1982/2606
f 3260/1985/2603 3262/1982/2606 3263/1981/2607
f 3261/1986/2602 3264/1987/2601 3265/1988/2608
f 3261/1986/2602 3265/1988/2608 3262/1982/2606
f 3266/1989/2609 3267/1990/2610 3259/1986/2605
f 3266/1989/2609 3259/1986/2605 3258/1985/2604
o defaultMaterial.018
v 5.954205 2.163898 5.663371
v 5.954205 2.292913 5.886831
v 3.931450 2.292913 5.886831
v 3.931450 2.163898 5.663371
v 5.954205 2.292913 5.886831
v 5.954205 2.550944 5.886831
v 3.931450 2.550944 5.886831
v 3.931450 2.292913 5.886831
v 5.954205 2.292913 5.439909
v 5.954205 2.163898 5.663371
v 3.931450 2.163898 5.663371
v 3.931450 2.292913 5.439909
v 5.954205 2.550944 5.439909
v 5.954205 2.292913 5.439909
v 3.931450 2.292913 5.439909
v 3.931450 2.550944 5.439909
v 5.954205 2.550944 5.886831
v 5.954205 2.679960 5.663371
v 3.931450 2.679960 5.663371
v 3.931450 2.550944 5.886831
v 5.954205 2.679960 5.663371
v 5.954205 2.550944 5.439909
v 3.931450 2.550944 5.439909
v 3.931450 2.679960 5.663371
vn -0.0000 -0.8660 0.5000
vn -0.0000 -0.0000 1.0000
vn -0.0000 -0.8660 -0.5000
vn -0.0000 -0.0000 -1.0000
vn -0.0000 0.8660 0.5000
vn -0.0000 0.8660 -0.5000
vt 0.422932 0.040673
vt 0.422932 0.045368
vt 0.361620 0.045368
vt 0.361620 0.040673
vt 0.422932 0.050063
vt 0.361620 0.050063
vt 0.422932 0.064150
vt 0.422932 0.068845
vt 0.361620 0.068845
vt 0.361620 0.064150
vt 0.422932 0.059454
vt 0.361620 0.059454
vt 0.422932 0.054759
vt 0.361620 0.054759
s 0
usemtl defaultMaterial
f 3268/1991/2611 3269/1992/2611 3270/1993/2611
f 3268/1991/2611 3270/1993/2611 3271/1994/2611
f 3272/1992/2612 3273/1995/2612 3274/1996/2612
f 3272/1992/2612 3274/1996/2612 3275/1993/2612
f 3276/1997/2613 3277/1998/2613 3278/1999/2613
f 3276/1997/2613 3278/1999/2613 3279/2000/2613
f 3280/2001/2614 3281/1997/2614 3282/2000/2614
f 3280/2001/2614 3282/2000/2614 3283/2002/2614
f 3284/1995/2615 3285/2003/2615 3286/2004/2615
f 3284/1995/2615 3286/2004/2615 3287/1996/2615
f 3288/2003/2616 3289/2001/2616 3290/2002/2616
f 3288/2003/2616 3290/2002/2616 3291/2004/2616
o defaultMaterial.019
v -5.954205 2.163898 5.663371
v -3.931450 2.163898 5.663371
v -3.931450 2.292913 5.886831
v -5.954205 2.292913 5.886831
v -5.954205 2.292913 5.886831
v -3.931450 2.292913 5.886831
v -3.931450 2.550944 5.886831
v -5.954205 2.550944 5.886831
v -5.954205 2.292913 5.439909
v -3.931450 2.292913 5.439909
v -3.931450 2.163898 5.663371
v -5.954205 2.163898 5.663371
v -5.954205 2.550944 5.439909
v -3.931450 2.550944 5.439909
v -3.931450 2.292913 5.439909
v -5.954205 2.292913 5.439909
v -5.954205 2.550944 5.886831
v -3.931450 2.550944 5.886831
v -3.931450 2.679960 5.663371
v -5.954205 2.679960 5.663371
v -5.954205 2.679960 5.663371
v -3.931450 2.679960 5.663371
v -3.931450 2.550944 5.439909
v -5.954205 2.550944 5.439909
vn -0.0000 -0.8660 0.5000
vn -0.0000 -0.0000 1.0000
vn -0.0000 -0.8660 -0.5000
vn -0.0000 -0.0000 -1.0000
vn -0.0000 0.8660 0.5000
vn -0.0000 0.8660 -0.5000
vt 0.422932 0.040673
vt 0.361620 0.040673
vt 0.361620 0.045368
vt 0.422932 0.045368
vt 0.361620 0.050063
vt 0.422932 0.050063
vt 0.422932 0.064150
vt 0.361620 0.064150
vt 0.361620 0.068845
vt 0.422932 0.068845
vt 0.422932 0.059454
vt 0.361620 0.059454
vt 0.361620 0.054759
vt 0.422932 0.054759
s 0
usemtl defaultMaterial
f 3292/2005/2617 3293/2006/2617 3294/2007/2617
f 3292/2005/2617 3294/2007/2617 3295/2008/2617
f 3296/2008/2618 3297/2007/2618 3298/2009/2618
f 3296/2008/2618 3298/2009/2618 3299/2010/2618
f 3300/2011/2619 3301/2012/2619 3302/2013/2619
f 3300/2011/2619 3302/2013/2619 3303/2014/2619
f 3304/2015/2620 3305/2016/2620 3306/2012/2620
f 3304/2015/2620 3306/2012/2620 3307/2011/2620
f 3308/2010/2621 3309/2009/2621 3310/2017/2621
f 3308/2010/2621 3310/2017/2621 3311/2018/2621
f 3312/2018/2622 3313/2017/2622 3314/2016/2622
f 3312/2018/2622 3314/2016/2622 3315/2015/2622
o defaultMaterial.020
v 5.863717 2.163898 -2.134938
v 5.863717 2.292913 -1.911477
v 3.840962 2.292913 -1.911477
v 3.840962 2.163898 -2.134938
v 5.863717 2.292913 -1.911477
v 5.863717 2.550944 -1.911477
v 3.840962 2.550944 -1.911477
v 3.840962 2.292913 -1.911477
v 5.863717 2.292913 -2.358399
v 5.863717 2.163898 -2.134938
v 3.840962 2.163898 -2.134938
v 3.840962 2.292913 -2.358399
v 5.863717 2.550944 -2.358399
v 5.863717 2.292913 -2.358399
v 3.840962 2.292913 -2.358399
v 3.840962 2.550944 -2.358399
v 5.863717 2.550944 -1.911477
v 5.863717 2.679960 -2.134938
v 3.840962 2.679960 -2.134938
v 3.840962 2.550944 -1.911477
v 5.863717 2.679960 -2.134938
v 5.863717 2.550944 -2.358399
v 3.840962 2.550944 -2.358399
v 3.840962 2.679960 -2.134938
vn -0.0000 -0.8660 0.5000
vn -0.0000 -0.0000 1.0000
vn -0.0000 -0.8660 -0.5000
vn -0.0000 -0.0000 -1.0000
vn -0.0000 0.8660 0.5000
vn -0.0000 0.8660 -0.5000
vt 0.422932 0.040673
vt 0.422932 0.045368
vt 0.319266 0.045368
vt 0.319266 0.040673
vt 0.422932 0.050063
vt 0.319266 0.050063
vt 0.422932 0.064150
vt 0.422932 0.068845
vt 0.319266 0.068845
vt 0.319266 0.064150
vt 0.422932 0.059454
vt 0.319266 0.059454
vt 0.422932 0.054759
vt 0.319266 0.054759
s 0
usemtl defaultMaterial
f 3316/2019/2623 3317/2020/2623 3318/2021/2623
f 3316/2019/2623 3318/2021/2623 3319/2022/2623
f 3320/2020/2624 3321/2023/2624 3322/2024/2624
f 3320/2020/2624 3322/2024/2624 3323/2021/2624
f 3324/2025/2625 3325/2026/2625 3326/2027/2625
f 3324/2025/2625 3326/2027/2625 3327/2028/2625
f 3328/2029/2626 3329/2025/2626 3330/2028/2626
f 3328/2029/2626 3330/2028/2626 3331/2030/2626
f 3332/2023/2627 3333/2031/2627 3334/2032/2627
f 3332/2023/2627 3334/2032/2627 3335/2024/2627
f 3336/2031/2628 3337/2029/2628 3338/2030/2628
f 3336/2031/2628 3338/2030/2628 3339/2032/2628
o defaultMaterial.021
v -5.626159 2.679960 -2.134938
v -3.603405 2.679960 -2.134938
v -3.603405 2.550944 -2.358399
v -5.626159 2.550944 -2.358399
v -5.626159 2.550944 -1.911477
v -3.603405 2.550944 -1.911477
v -3.603405 2.679960 -2.134938
v -5.626159 2.679960 -2.134938
v -5.626159 2.550944 -2.358399
v -3.603405 2.550944 -2.358399
v -3.603405 2.292913 -2.358399
v -5.626159 2.292913 -2.358399
v -5.626159 2.292913 -2.358399
v -3.603405 2.292913 -2.358399
v -3.603405 2.163898 -2.134938
v -5.626159 2.163898 -2.134938
v -5.626159 2.292913 -1.911477
v -3.603405 2.292913 -1.911477
v -3.603405 2.550944 -1.911477
v -5.626159 2.550944 -1.911477
v -5.626159 2.163898 -2.134938
v -3.603405 2.163898 -2.134938
v -3.603405 2.292913 -1.911477
v -5.626159 2.292913 -1.911477
vn -0.0000 0.8660 -0.5000
vn -0.0000 0.8660 0.5000
vn -0.0000 -0.0000 -1.0000
vn -0.0000 -0.8660 -0.5000
vn -0.0000 -0.0000 1.0000
vn -0.0000 -0.8660 0.5000
vt 0.422932 0.054759
vt 0.319266 0.054759
vt 0.319266 0.059454
vt 0.422932 0.059454
vt 0.422932 0.050063
vt 0.319266 0.050063
vt 0.319266 0.064150
vt 0.422932 0.064150
vt 0.319266 0.068845
vt 0.422932 0.068845
vt 0.422932 0.045368
vt 0.319266 0.045368
vt 0.422932 0.040673
vt 0.319266 0.040673
s 0
usemtl defaultMaterial
f 3340/2033/2629 3341/2034/2629 3342/2035/2629
f 3340/2033/2629 3342/2035/2629 3343/2036/2629
f 3344/2037/2630 3345/2038/2630 3346/2034/2630
f 3344/2037/2630 3346/2034/2630 3347/2033/2630
f 3348/2036/2631 3349/2035/2631 3350/2039/2631
f 3348/2036/2631 3350/2039/2631 3351/2040/2631
f 3352/2040/2632 3353/2039/2632 3354/2041/2632
f 3352/2040/2632 3354/2041/2632 3355/2042/2632
f 3356/2043/2633 3357/2044/2633 3358/2038/2633
f 3356/2043/2633 3358/2038/2633 3359/2037/2633
f 3360/2045/2634 3361/2046/2634 3362/2044/2634
f 3360/2045/2634 3362/2044/2634 3363/2043/2634
