# Blender 5.1.2
# www.blender.org
mtllib Untitled.mtl
o gas_bottle_fire
v 0.021840 -0.004787 0.004429
v 0.020719 -0.004787 -0.002649
v 0.020719 0.008726 -0.002649
v 0.021840 0.008726 0.004429
v 0.017466 -0.004787 -0.009035
v 0.017466 0.008726 -0.009035
v 0.012398 -0.004787 -0.014102
v 0.012398 0.008726 -0.014102
v 0.006013 -0.004787 -0.017355
v 0.006013 0.008726 -0.017355
v -0.001065 -0.004787 -0.018477
v -0.001065 0.008726 -0.018477
v -0.008143 -0.004787 -0.017355
v -0.008143 0.008726 -0.017355
v -0.014529 -0.004787 -0.014102
v -0.014529 0.008726 -0.014102
v -0.019596 -0.004787 -0.009035
v -0.019596 0.008726 -0.009035
v -0.022849 -0.004787 -0.002649
v -0.022849 0.008726 -0.002649
v -0.023971 -0.004787 0.004429
v -0.023971 0.008726 0.004429
v -0.022849 -0.004787 0.011507
v -0.022849 0.008726 0.011507
v -0.019596 -0.004787 0.017892
v -0.019596 0.008726 0.017892
v -0.014529 -0.004787 0.022960
v -0.014529 0.008726 0.022960
v -0.008143 -0.004787 0.026213
v -0.008143 0.008726 0.026213
v -0.001065 -0.004787 0.027334
v -0.001065 0.008726 0.027334
v 0.006013 -0.004787 0.026213
v 0.006013 0.008726 0.026213
v 0.012398 -0.004787 0.022960
v 0.012398 0.008726 0.022960
v 0.017466 -0.004787 0.017892
v 0.017466 0.008726 0.017892
v 0.020719 -0.004787 0.011507
v 0.020719 0.008726 0.011507
v 0.015002 0.003017 0.016102
v 0.010608 0.003017 0.020496
v 0.005072 0.003017 0.023317
v 0.018795 0.003017 0.004429
v -0.001065 0.003017 0.024289
v -0.007202 0.003017 0.023317
v -0.017133 0.003017 0.016102
v -0.012739 0.003017 0.020496
v -0.019954 0.003017 0.010566
v -0.020926 0.003017 0.004429
v -0.017133 0.003017 -0.007245
v -0.019954 0.003017 -0.001708
v -0.012739 0.003017 -0.011639
v -0.007202 0.003017 -0.014460
v 0.005072 0.003017 -0.014460
v -0.001065 0.003017 -0.015432
v 0.010608 0.003017 -0.011639
v 0.015002 0.003017 -0.007245
v 0.017823 0.003017 -0.001708
v 0.017823 0.003017 0.010566
v 0.018948 0.010939 -0.002074
v 0.019978 0.010939 0.004429
v 0.015959 0.010939 -0.007940
v 0.011304 0.010939 -0.012596
v 0.005438 0.010939 -0.015585
v -0.001065 0.010939 -0.016614
v -0.007568 0.010939 -0.015585
v -0.013434 0.010939 -0.012596
v -0.018090 0.010939 -0.007940
v -0.021079 0.010939 -0.002074
v -0.022109 0.010939 0.004429
v -0.021079 0.010939 0.010932
v -0.018090 0.010939 0.016798
v -0.013434 0.010939 0.021453
v -0.007568 0.010939 0.024442
v -0.001065 0.010939 0.025472
v 0.005438 0.010939 0.024442
v 0.011304 0.010939 0.021453
v 0.015959 0.010939 0.016798
v 0.018948 0.010939 0.010932
v 0.018758 0.014073 -0.002012
v 0.019778 0.014073 0.004429
v 0.015798 0.014073 -0.007823
v 0.011186 0.014073 -0.012434
v 0.005376 0.014073 -0.015395
v -0.001065 0.014073 -0.016415
v -0.007506 0.014073 -0.015395
v -0.013317 0.014073 -0.012434
v -0.017928 0.014073 -0.007823
v -0.020889 0.014073 -0.002012
v -0.021909 0.014073 0.004429
v -0.020889 0.014073 0.010870
v -0.017928 0.014073 0.016680
v -0.013317 0.014073 0.021292
v -0.007506 0.014073 0.024252
v -0.001065 0.014073 0.025272
v 0.005376 0.014073 0.024252
v 0.011186 0.014073 0.021292
v 0.015798 0.014073 0.016680
v 0.018758 0.014073 0.010870
v 0.019142 0.015107 -0.002137
v 0.020182 0.015107 0.004429
v 0.016124 0.015107 -0.008060
v 0.011423 0.015107 -0.012760
v 0.005500 0.015107 -0.015778
v -0.001065 0.015107 -0.016818
v -0.007631 0.015107 -0.015778
v -0.013554 0.015107 -0.012760
v -0.018254 0.015107 -0.008060
v -0.021272 0.015107 -0.002137
v -0.022312 0.015107 0.004429
v -0.021272 0.015107 0.010994
v -0.018254 0.015107 0.016917
v -0.013554 0.015107 0.021618
v -0.007631 0.015107 0.024636
v -0.001065 0.015107 0.025676
v 0.005500 0.015107 0.024636
v 0.011423 0.015107 0.021618
v 0.016124 0.015107 0.016917
v 0.019142 0.015107 0.010994
v 0.019142 0.066499 -0.002137
v 0.020182 0.066499 0.004429
v 0.016124 0.066499 -0.008060
v 0.011423 0.066499 -0.012760
v 0.005500 0.066499 -0.015778
v -0.001065 0.066499 -0.016818
v -0.007631 0.066499 -0.015778
v -0.013554 0.066499 -0.012760
v -0.018254 0.066499 -0.008060
v -0.021272 0.066499 -0.002137
v -0.022312 0.066499 0.004429
v -0.021272 0.066499 0.010994
v -0.018254 0.066499 0.016917
v -0.013554 0.066499 0.021618
v -0.007631 0.066499 0.024636
v -0.001065 0.066499 0.025676
v 0.005500 0.066499 0.024636
v 0.011423 0.066499 0.021618
v 0.016124 0.066499 0.016917
v 0.019142 0.066499 0.010994
v 0.018429 0.070833 -0.001905
v 0.019433 0.070833 0.004429
v 0.015518 0.070833 -0.007619
v 0.010983 0.070833 -0.012154
v 0.005269 0.070833 -0.015066
v -0.001065 0.070833 -0.016069
v -0.007399 0.070833 -0.015066
v -0.013114 0.070833 -0.012154
v -0.017648 0.070833 -0.007619
v -0.020560 0.070833 -0.001905
v -0.021563 0.070833 0.004429
v -0.020560 0.070833 0.010763
v -0.017648 0.070833 0.016477
v -0.013114 0.070833 0.021012
v -0.007399 0.070833 0.023923
v -0.001065 0.070833 0.024927
v 0.005269 0.070833 0.023923
v 0.010983 0.070833 0.021012
v 0.015518 0.070833 0.016477
v 0.018429 0.070833 0.010763
v 0.016815 0.073444 -0.001381
v 0.017736 0.073444 0.004429
v 0.014145 0.073444 -0.006622
v 0.009986 0.073444 -0.010781
v 0.004745 0.073444 -0.013452
v -0.001065 0.073444 -0.014372
v -0.006875 0.073444 -0.013452
v -0.012116 0.073444 -0.010781
v -0.016275 0.073444 -0.006622
v -0.018946 0.073444 -0.001381
v -0.019866 0.073444 0.004429
v -0.018946 0.073444 0.010239
v -0.016275 0.073444 0.015480
v -0.012116 0.073444 0.019639
v -0.006875 0.073444 0.022309
v -0.001065 0.073444 0.023230
v 0.004745 0.073444 0.022309
v 0.009986 0.073444 0.019639
v 0.014145 0.073444 0.015480
v 0.016815 0.073444 0.010239
v 0.012347 0.077180 0.000071
v 0.007875 0.079658 0.001524
v 0.008335 0.079658 0.004429
v 0.013037 0.077180 0.004429
v 0.010344 0.077180 -0.003860
v 0.006540 0.079658 -0.001096
v 0.007224 0.077180 -0.006980
v 0.004460 0.079658 -0.003176
v 0.003293 0.077180 -0.008983
v 0.001840 0.079658 -0.004511
v -0.001065 0.077180 -0.009673
v -0.001065 0.079658 -0.004971
v -0.005423 0.077180 -0.008983
v -0.003970 0.079658 -0.004511
v -0.009354 0.077180 -0.006980
v -0.006590 0.079658 -0.003176
v -0.012474 0.077180 -0.003860
v -0.008670 0.079658 -0.001096
v -0.014477 0.077180 0.000071
v -0.010005 0.079658 0.001524
v -0.015167 0.077180 0.004429
v -0.010465 0.079658 0.004429
v -0.014477 0.077180 0.008787
v -0.010005 0.079658 0.007334
v -0.012474 0.077180 0.012718
v -0.008670 0.079658 0.009954
v -0.009354 0.077180 0.015838
v -0.006590 0.079658 0.012034
v -0.005423 0.077180 0.017841
v -0.003970 0.079658 0.013369
v -0.001065 0.077180 0.018531
v -0.001065 0.079658 0.013829
v 0.003293 0.077180 0.017841
v 0.001840 0.079658 0.013369
v 0.007224 0.077180 0.015838
v 0.004460 0.079658 0.012034
v 0.010344 0.077180 0.012718
v 0.006540 0.079658 0.009954
v 0.012347 0.077180 0.008787
v 0.007875 0.079658 0.007334
v 0.015761 0.075287 0.004429
v 0.014937 0.075287 -0.000771
v 0.012548 0.075287 -0.005461
v 0.008825 0.075287 -0.009184
v 0.004134 0.075287 -0.011574
v -0.001065 0.075287 -0.012397
v -0.006265 0.075287 -0.011574
v -0.010955 0.075287 -0.009184
v -0.014678 0.075287 -0.005461
v -0.017068 0.075287 -0.000771
v -0.017891 0.075287 0.004429
v -0.017068 0.075287 0.009628
v -0.014678 0.075287 0.014319
v -0.010955 0.075287 0.018042
v -0.006265 0.075287 0.020432
v -0.001065 0.075287 0.021255
v 0.004134 0.075287 0.020432
v 0.008825 0.075287 0.018042
v 0.012548 0.075287 0.014319
v 0.014937 0.075287 0.009628
v -0.001065 0.081541 0.004429
v 0.003902 0.080832 0.004429
v 0.003659 0.080832 0.002894
v 0.002953 0.080832 0.001509
v 0.001854 0.080832 0.000410
v 0.000470 0.080832 -0.000295
v -0.001065 0.080832 -0.000538
v -0.002600 0.080832 -0.000295
v -0.003985 0.080832 0.000410
v -0.005084 0.080832 0.001509
v -0.005789 0.080832 0.002894
v -0.006032 0.080832 0.004429
v -0.005789 0.080832 0.005964
v -0.005084 0.080832 0.007348
v -0.003985 0.080832 0.008447
v -0.002600 0.080832 0.009153
v -0.001065 0.080832 0.009396
v 0.000470 0.080832 0.009153
v 0.001854 0.080832 0.008447
v 0.002953 0.080832 0.007348
v 0.003659 0.080832 0.005964
v 0.018795 -0.004787 0.004429
v 0.017823 -0.004787 -0.001708
v 0.017823 -0.004787 0.010566
v 0.015002 -0.004787 0.016102
v 0.010608 -0.004787 0.020496
v 0.005072 -0.004787 0.023317
v -0.001065 -0.004787 0.024289
v -0.007202 -0.004787 0.023317
v -0.012739 -0.004787 0.020496
v -0.017133 -0.004787 0.016102
v -0.019954 -0.004787 0.010566
v -0.020926 -0.004787 0.004429
v -0.019954 -0.004787 -0.001708
v -0.017133 -0.004787 -0.007245
v -0.012739 -0.004787 -0.011639
v -0.007202 -0.004787 -0.014460
v -0.001065 -0.004787 -0.015432
v 0.005072 -0.004787 -0.014460
v 0.010608 -0.004787 -0.011639
v 0.015002 -0.004787 -0.007245
v 0.000996 0.100255 -0.011578
v 0.000996 0.096774 -0.011578
v -0.002748 0.096774 -0.011578
v -0.002748 0.100255 -0.011578
v -0.002691 0.100852 -0.011161
v 0.000938 0.100852 -0.011161
v -0.002506 0.100091 -0.009736
v 0.000753 0.100091 -0.009736
v -0.002576 0.100102 -0.010131
v -0.002576 0.096774 -0.010131
v 0.000823 0.096774 -0.010131
v 0.000823 0.100102 -0.010131
v -0.002748 0.088587 -0.011578
v 0.000996 0.088587 -0.011578
v 0.000973 0.077031 -0.011391
v -0.002726 0.077031 -0.011391
v 0.004635 0.100255 -0.010699
v 0.004635 0.096774 -0.010699
v 0.004466 0.100852 -0.010309
v 0.003921 0.100089 -0.008969
v 0.004127 0.096774 -0.009333
v 0.004127 0.100102 -0.009333
v 0.004635 0.088587 -0.010699
v 0.004569 0.077031 -0.010522
v 0.007965 0.100255 -0.008989
v 0.007965 0.096774 -0.008989
v 0.007694 0.100852 -0.008652
v 0.006818 0.100085 -0.007479
v 0.007151 0.096774 -0.007780
v 0.007151 0.100102 -0.007780
v 0.007965 0.088587 -0.008989
v 0.007860 0.077031 -0.008833
v 0.011983 0.100255 -0.005089
v 0.011983 0.096774 -0.005089
v 0.011589 0.100852 -0.004871
v 0.010309 0.100077 -0.004082
v 0.010799 0.096774 -0.004239
v 0.010799 0.100102 -0.004239
v 0.011983 0.088587 -0.005089
v 0.011830 0.077031 -0.004979
v 0.013790 0.100255 -0.001810
v 0.013790 0.096774 -0.001810
v 0.013341 0.100852 -0.001693
v 0.011876 0.100071 -0.001230
v 0.012440 0.096774 -0.001263
v 0.012440 0.100102 -0.001263
v 0.013790 0.088587 -0.001810
v 0.013616 0.077031 -0.001740
v 0.014777 0.100255 0.001801
v 0.014777 0.096774 0.001801
v 0.014297 0.100852 0.001808
v 0.012729 0.100064 0.001910
v 0.013336 0.096774 0.002016
v 0.013336 0.100102 0.002016
v 0.014777 0.088587 0.001801
v 0.014591 0.077031 0.001829
v 0.014888 0.100255 0.005543
v 0.014888 0.096774 0.005543
v 0.014405 0.100852 0.005435
v 0.012820 0.100057 0.005161
v 0.013437 0.096774 0.005414
v 0.013437 0.100102 0.005414
v 0.014888 0.088587 0.005543
v 0.014701 0.077031 0.005526
v 0.014117 0.100255 0.009207
v 0.014117 0.096774 0.009207
v 0.013657 0.100852 0.008986
v 0.012146 0.100051 0.008342
v 0.012736 0.096774 0.008740
v 0.012736 0.100102 0.008740
v 0.014117 0.088587 0.009207
v 0.013939 0.077031 0.009146
v 0.012507 0.100255 0.012586
v 0.012507 0.096774 0.012586
v 0.012097 0.100852 0.012263
v 0.010744 0.100046 0.011274
v 0.011275 0.096774 0.011809
v 0.011275 0.100102 0.011809
v 0.012507 0.088587 0.012586
v 0.012348 0.077031 0.012486
v 0.013242 0.077031 0.010863
v 0.010148 0.100255 0.015494
v 0.010148 0.096774 0.015494
v 0.009810 0.100852 0.015081
v 0.008693 0.100041 0.013795
v 0.009133 0.096774 0.014448
v 0.009133 0.100102 0.014448
v 0.010148 0.088587 0.015494
v 0.010017 0.077031 0.015359
v 0.008673 0.100246 0.016647
v 0.008673 0.096774 0.016647
v 0.008390 0.100807 0.016203
v 0.007843 0.096774 0.015559
v 0.007855 0.099975 0.015613
v 0.008673 0.088587 0.016647
v 0.008559 0.077041 0.016497
v -0.011900 0.100255 0.015494
v -0.011900 0.096774 0.015494
v -0.010426 0.096774 0.016647
v -0.010426 0.100246 0.016647
v -0.010142 0.100807 0.016203
v -0.011563 0.100852 0.015081
v -0.009650 0.096774 0.015631
v -0.010885 0.096774 0.014448
v -0.010885 0.100102 0.014448
v -0.009543 0.099896 0.015642
v -0.010426 0.088587 0.016647
v -0.011900 0.088587 0.015494
v -0.011769 0.077031 0.015359
v -0.010312 0.077041 0.016497
v -0.014259 0.100255 0.012586
v -0.014259 0.096774 0.012586
v -0.013849 0.100852 0.012263
v -0.010446 0.100041 0.013795
v -0.012496 0.100046 0.011274
v -0.013027 0.096774 0.011809
v -0.013027 0.100102 0.011809
v -0.014259 0.088587 0.012586
v -0.014100 0.077031 0.012486
v -0.015869 0.100255 0.009207
v -0.015869 0.096774 0.009207
v -0.015410 0.100852 0.008986
v -0.013898 0.100051 0.008342
v -0.014489 0.096774 0.008740
v -0.014489 0.100102 0.008740
v -0.015869 0.088587 0.009207
v -0.015691 0.077031 0.009146
v -0.014995 0.077031 0.010863
v -0.016641 0.100255 0.005543
v -0.016641 0.096774 0.005543
v -0.016157 0.100852 0.005435
v -0.014573 0.100057 0.005161
v -0.015189 0.096774 0.005414
v -0.015189 0.100102 0.005414
v -0.016641 0.088587 0.005543
v -0.016453 0.077031 0.005526
v -0.016530 0.100255 0.001801
v -0.016530 0.096774 0.001801
v -0.016050 0.100852 0.001808
v -0.014482 0.100064 0.001910
v -0.015088 0.096774 0.002016
v -0.015088 0.100102 0.002016
v -0.016530 0.088587 0.001801
v -0.016343 0.077031 0.001829
v -0.015543 0.100255 -0.001810
v -0.015543 0.096774 -0.001810
v -0.015093 0.100852 -0.001693
v -0.013629 0.100071 -0.001230
v -0.014192 0.096774 -0.001263
v -0.014192 0.100102 -0.001263
v -0.015543 0.088587 -0.001810
v -0.015368 0.077031 -0.001740
v -0.013735 0.100255 -0.005089
v -0.013735 0.096774 -0.005089
v -0.013341 0.100852 -0.004871
v -0.012061 0.100077 -0.004082
v -0.012551 0.096774 -0.004239
v -0.012551 0.100102 -0.004239
v -0.013735 0.088587 -0.005089
v -0.013582 0.077031 -0.004979
v -0.009718 0.100255 -0.008989
v -0.009718 0.096774 -0.008989
v -0.009447 0.100852 -0.008652
v -0.008570 0.100085 -0.007479
v -0.008904 0.096774 -0.007780
v -0.008904 0.100102 -0.007780
v -0.009718 0.088587 -0.008989
v -0.009613 0.077031 -0.008833
v -0.006387 0.100255 -0.010699
v -0.006387 0.096774 -0.010699
v -0.006218 0.100852 -0.010309
v -0.005673 0.100089 -0.008969
v -0.005880 0.096774 -0.009333
v -0.005880 0.100102 -0.009333
v -0.006387 0.088587 -0.010699
v -0.006322 0.077031 -0.010522
v -0.009729 0.077142 0.015734
v -0.009650 0.088587 0.015631
v 0.007843 0.088587 0.015559
v 0.007922 0.077151 0.015663
v 0.007459 0.099884 0.014856
v 0.008492 0.075686 0.016443
v 0.007855 0.075797 0.015609
v 0.009157 0.075797 0.014487
v 0.009950 0.075677 0.015304
v 0.011318 0.075797 0.011824
v 0.012281 0.075677 0.012432
v 0.012147 0.075797 0.010319
v 0.013175 0.075677 0.010809
v 0.012214 0.077151 0.010374
v 0.012860 0.077151 0.008782
v 0.013566 0.077151 0.005425
v 0.013465 0.077151 0.001997
v 0.013341 0.075870 0.002047
v 0.012437 0.075870 -0.001261
v 0.013492 0.075750 -0.001689
v 0.014467 0.075750 0.001879
v 0.010781 0.075870 -0.004265
v 0.011706 0.075750 -0.004929
v 0.010905 0.077151 -0.004315
v 0.007224 0.077151 -0.007889
v 0.004173 0.077151 -0.009455
v 0.004173 0.075870 -0.009323
v 0.000839 0.075870 -0.010128
v 0.000973 0.075750 -0.011259
v 0.004569 0.075750 -0.010390
v -0.002591 0.075870 -0.010128
v -0.002726 0.075750 -0.011259
v -0.005925 0.075870 -0.009323
v -0.006322 0.075750 -0.010390
v -0.005925 0.077151 -0.009455
v -0.008977 0.077151 -0.007889
v -0.012657 0.077151 -0.004315
v -0.012533 0.075870 -0.004265
v -0.014189 0.075870 -0.001261
v -0.015244 0.075750 -0.001689
v -0.013458 0.075750 -0.004929
v -0.015093 0.075870 0.002047
v -0.016219 0.075750 0.001879
v -0.015217 0.077151 0.001997
v -0.015319 0.077151 0.005425
v -0.014612 0.077151 0.008782
v -0.013967 0.077151 0.010374
v -0.014928 0.075677 0.010809
v -0.013900 0.075797 0.010319
v -0.013070 0.075797 0.011824
v -0.014033 0.075677 0.012432
v -0.010909 0.075797 0.014487
v -0.011702 0.075677 0.015304
v -0.009662 0.075787 0.015680
v -0.010245 0.075686 0.016443
v -0.002591 0.077151 -0.010260
v 0.000839 0.077151 -0.010260
v 0.000823 0.088587 -0.010131
v -0.002576 0.088587 -0.010131
v 0.004127 0.088587 -0.009333
v 0.007151 0.088587 -0.007780
v 0.010799 0.088587 -0.004239
v 0.012561 0.077151 -0.001312
v 0.012440 0.088587 -0.001263
v 0.013336 0.088587 0.002016
v 0.013437 0.088587 0.005414
v 0.012736 0.088587 0.008740
v 0.011275 0.088587 0.011809
v 0.011385 0.077151 0.011878
v 0.009224 0.077151 0.014542
v 0.009133 0.088587 0.014448
v -0.010976 0.077151 0.014542
v -0.010885 0.088587 0.014448
v -0.013137 0.077151 0.011878
v -0.013027 0.088587 0.011809
v -0.014489 0.088587 0.008740
v -0.015189 0.088587 0.005414
v -0.015088 0.088587 0.002016
v -0.014313 0.077151 -0.001312
v -0.014192 0.088587 -0.001263
v -0.012551 0.088587 -0.004239
v -0.008904 0.088587 -0.007780
v -0.005880 0.088587 -0.009333
v -0.009250 0.099820 0.014898
v 0.004363 0.080585 0.004369
v 0.004100 0.080585 0.002706
v 0.004100 0.083183 0.002706
v 0.004363 0.083183 0.004369
v 0.003335 0.080585 0.001206
v 0.003335 0.083183 0.001206
v 0.002145 0.080585 0.000016
v 0.002145 0.083183 0.000016
v 0.000645 0.080585 -0.000748
v 0.000645 0.083183 -0.000748
v -0.001018 0.080585 -0.001012
v -0.001018 0.083183 -0.001012
v -0.002681 0.080585 -0.000748
v -0.002681 0.083183 -0.000748
v -0.004181 0.080585 0.000016
v -0.004181 0.083183 0.000016
v -0.005372 0.080585 0.001206
v -0.005372 0.083183 0.001206
v -0.006136 0.080585 0.002706
v -0.006136 0.083183 0.002706
v -0.006399 0.080585 0.004369
v -0.006399 0.083183 0.004369
v -0.006136 0.080585 0.006032
v -0.006136 0.083183 0.006032
v -0.005372 0.080585 0.007532
v -0.005372 0.083183 0.007532
v -0.004181 0.080585 0.008723
v -0.004181 0.083183 0.008723
v -0.002681 0.080585 0.009487
v -0.002681 0.083183 0.009487
v -0.001018 0.080585 0.009750
v -0.001018 0.083183 0.009750
v 0.000645 0.080585 0.009487
v 0.000645 0.083183 0.009487
v 0.002145 0.080585 0.008723
v 0.002145 0.083183 0.008723
v 0.003335 0.080585 0.007532
v 0.003335 0.083183 0.007532
v 0.004100 0.080585 0.006032
v 0.004100 0.083183 0.006032
v 0.003528 0.084086 0.002892
v 0.002849 0.084086 0.001560
v 0.001791 0.084086 0.000502
v 0.003528 0.084086 0.005846
v 0.000459 0.084086 -0.000177
v -0.001018 0.084086 -0.000411
v -0.003828 0.084086 0.000502
v -0.002495 0.084086 -0.000177
v -0.004885 0.084086 0.001560
v -0.005564 0.084086 0.002892
v -0.005564 0.084086 0.005846
v -0.005798 0.084086 0.004369
v -0.004885 0.084086 0.007179
v -0.003828 0.084086 0.008236
v -0.001018 0.084086 0.009149
v -0.002495 0.084086 0.008915
v 0.000459 0.084086 0.008915
v 0.001791 0.084086 0.008236
v 0.002849 0.084086 0.007179
v 0.003762 0.084086 0.004369
v 0.000074 0.092036 0.004369
v -0.000135 0.092036 0.003727
v -0.000135 0.094978 0.003727
v 0.000074 0.094978 0.004369
v -0.000681 0.092036 0.003331
v -0.000681 0.094978 0.003331
v -0.001356 0.092036 0.003331
v -0.001356 0.094978 0.003331
v -0.001902 0.092036 0.003727
v -0.001902 0.094978 0.003727
v -0.002110 0.092036 0.004369
v -0.002110 0.094978 0.004369
v -0.001902 0.092036 0.005011
v -0.001902 0.094978 0.005011
v -0.001356 0.092036 0.005408
v -0.001356 0.094978 0.005408
v -0.000681 0.092036 0.005408
v -0.000681 0.094978 0.005408
v -0.000135 0.092036 0.005011
v -0.000135 0.094978 0.005011
v 0.000329 0.092035 0.004369
v 0.000072 0.092035 0.003577
v -0.000602 0.092035 0.003088
v -0.001435 0.092035 0.003088
v -0.002108 0.092035 0.003577
v -0.002365 0.092035 0.004369
v -0.002108 0.092035 0.005161
v -0.001435 0.092035 0.005650
v -0.000602 0.092035 0.005650
v 0.000072 0.092035 0.005161
v 0.000329 0.090952 0.004369
v 0.000072 0.090952 0.003577
v -0.000602 0.090952 0.003088
v -0.001435 0.090952 0.003088
v -0.002108 0.090952 0.003577
v -0.002365 0.090952 0.004369
v -0.002108 0.090952 0.005161
v -0.001435 0.090952 0.005650
v -0.000602 0.090952 0.005650
v 0.000072 0.090952 0.005161
v 0.001033 0.090916 0.004369
v 0.000641 0.090916 0.003164
v -0.000385 0.090916 0.002419
v -0.001652 0.090916 0.002419
v -0.002677 0.090916 0.003164
v -0.003069 0.090916 0.004369
v -0.002677 0.090916 0.005575
v -0.001652 0.090916 0.006320
v -0.000385 0.090916 0.006320
v 0.000641 0.090916 0.005575
v 0.001033 0.089420 0.004369
v 0.000641 0.089420 0.003164
v -0.000385 0.089420 0.002419
v -0.001652 0.089420 0.002419
v -0.002677 0.089420 0.003164
v -0.003069 0.089420 0.004369
v -0.002677 0.089420 0.005575
v -0.001652 0.089420 0.006320
v -0.000385 0.089420 0.006320
v 0.000641 0.089420 0.005575
v 0.001033 0.084001 0.004369
v 0.000641 0.084001 0.003164
v -0.000385 0.084001 0.002419
v -0.001652 0.084001 0.002419
v -0.002677 0.084001 0.003164
v -0.003069 0.084001 0.004369
v -0.002677 0.084001 0.005575
v -0.001652 0.084001 0.006320
v -0.000385 0.084001 0.006320
v 0.000641 0.084001 0.005575
v -0.003253 0.085455 0.006015
v -0.003253 0.085455 0.002214
v 0.001203 0.085455 0.002214
v 0.001203 0.085455 0.006015
v -0.003253 0.087632 0.006015
v 0.001203 0.087632 0.006015
v 0.001203 0.087632 0.002214
v -0.003253 0.087632 0.002214
v 0.000274 0.087853 0.005495
v 0.000146 0.088415 0.005495
v 0.000146 0.088415 0.008532
v 0.000274 0.087853 0.008532
v -0.000213 0.088866 0.005495
v -0.000213 0.088866 0.008532
v -0.000733 0.089116 0.005495
v -0.000733 0.089116 0.008532
v -0.001309 0.089116 0.005495
v -0.001309 0.089116 0.008532
v -0.001828 0.088866 0.005495
v -0.001828 0.088866 0.008532
v -0.002188 0.088415 0.005495
v -0.002188 0.088415 0.008532
v -0.002316 0.087853 0.005495
v -0.002316 0.087853 0.008532
v -0.002188 0.087291 0.005495
v -0.002188 0.087291 0.008532
v -0.001828 0.086841 0.005495
v -0.001828 0.086841 0.008532
v -0.001309 0.086591 0.005495
v -0.001309 0.086591 0.008532
v -0.000733 0.086591 0.005495
v -0.000733 0.086591 0.008532
v -0.000213 0.086841 0.005495
v -0.000213 0.086841 0.008532
v 0.000146 0.087291 0.005495
v 0.000146 0.087291 0.008532
v -0.000130 0.088282 0.007548
v -0.000404 0.088626 0.007548
v -0.000801 0.088817 0.007548
v -0.000130 0.087424 0.007548
v -0.001241 0.088817 0.007548
v -0.001637 0.088626 0.007548
v -0.002010 0.087853 0.007548
v -0.001912 0.088282 0.007548
v -0.001912 0.087424 0.007548
v -0.001637 0.087080 0.007548
v -0.000801 0.086889 0.007548
v -0.001241 0.086889 0.007548
v -0.000404 0.087080 0.007548
v -0.000032 0.087853 0.007548
v -0.000130 0.088282 0.008532
v -0.000032 0.087853 0.008532
v -0.000404 0.088626 0.008532
v -0.000801 0.088817 0.008532
v -0.001241 0.088817 0.008532
v -0.001637 0.088626 0.008532
v -0.001912 0.088282 0.008532
v -0.002010 0.087853 0.008532
v -0.001912 0.087424 0.008532
v -0.001637 0.087080 0.008532
v -0.001241 0.086889 0.008532
v -0.000801 0.086889 0.008532
v -0.000404 0.087080 0.008532
v -0.000130 0.087424 0.008532
v -0.000454 0.094569 0.008661
v -0.000414 0.094757 0.005599
v -0.000747 0.094757 0.005265
v -0.001632 0.094569 0.008645
v -0.001725 0.094757 0.005599
v -0.001392 0.094757 0.005265
v -0.001725 0.094757 0.003997
v -0.001725 0.094757 0.004932
v -0.000747 0.094757 0.003663
v -0.000414 0.094757 0.004932
v -0.000414 0.094757 0.003997
v -0.001392 0.094757 0.003663
v -0.001623 0.094569 0.000283
v -0.001715 0.094757 0.003330
v -0.000485 0.094569 0.000294
v -0.000421 0.094757 0.003329
v -0.002055 0.094757 0.003712
v -0.004347 0.094569 0.004054
v -0.004347 0.094569 0.004875
v -0.002055 0.094757 0.005216
v -0.000083 0.094757 0.005217
v 0.002247 0.094569 0.004875
v 0.002247 0.094569 0.004054
v -0.000083 0.094757 0.003712
v -0.001869 0.094757 0.005567
v -0.004363 0.094569 0.007052
v -0.002593 0.094569 0.007224
v 0.002867 0.094569 0.006063
v -0.004930 0.094569 0.002860
v -0.000267 0.094757 0.003363
v 0.000562 0.094569 0.001774
v -0.001878 0.094757 0.003366
v -0.002713 0.094569 0.001735
v -0.004391 0.094569 0.001880
v 0.002867 0.094569 0.002859
v -0.004956 0.094569 0.006051
v 0.000570 0.094569 0.007180
v -0.000255 0.094757 0.005559
v 0.002288 0.094569 0.007027
v 0.002292 0.094569 0.001867
v -0.001632 0.093403 0.008645
v -0.000454 0.093403 0.008661
v -0.000485 0.093403 0.000294
v -0.001623 0.093403 0.000283
v -0.004347 0.093403 0.004054
v -0.004347 0.093403 0.004875
v 0.002247 0.093403 0.004875
v 0.002247 0.093403 0.004054
v -0.004956 0.093403 0.006051
v 0.000570 0.093403 0.007180
v -0.002713 0.093403 0.001735
v 0.002867 0.093403 0.002859
v -0.004930 0.093403 0.002860
v 0.002292 0.093403 0.001867
v 0.000562 0.093403 0.001774
v -0.004363 0.093403 0.007052
v -0.002593 0.093403 0.007224
v 0.002867 0.093403 0.006063
v 0.002288 0.093403 0.007027
v -0.004391 0.093403 0.001880
v 0.000103 0.095786 0.004992
v 0.000103 0.095786 0.003738
v -0.001027 0.095786 0.003119
v -0.001027 0.095786 0.005672
v -0.002130 0.095786 0.003738
v -0.002130 0.095786 0.004992
v -0.002130 0.094943 0.003738
v -0.002130 0.094943 0.004992
v -0.001027 0.094943 0.005672
v 0.000103 0.094943 0.004992
v 0.000103 0.094943 0.003738
v -0.001027 0.094943 0.003119
v -0.000406 0.095804 0.004369
v -0.000523 0.095804 0.004009
v -0.000523 0.096453 0.004009
v -0.000406 0.096453 0.004369
v -0.000829 0.095804 0.003787
v -0.000829 0.096453 0.003787
v -0.001207 0.095804 0.003787
v -0.001207 0.096453 0.003787
v -0.001514 0.095804 0.004009
v -0.001514 0.096453 0.004009
v -0.001630 0.095804 0.004369
v -0.001630 0.096453 0.004369
v -0.001514 0.095804 0.004729
v -0.001514 0.096453 0.004729
v -0.001207 0.095804 0.004952
v -0.001207 0.096453 0.004952
v -0.000829 0.095804 0.004952
v -0.000829 0.096453 0.004952
v -0.000523 0.095804 0.004729
v -0.000523 0.096453 0.004729
vn 0.7392 -0.6735 -0.0000
vn 0.7030 -0.6735 -0.2284
vn 0.8971 0.3322 -0.2915
vn 0.9432 0.3322 -0.0000
vn 0.5980 -0.6735 -0.4345
vn 0.7631 0.3322 -0.5544
vn 0.4345 -0.6735 -0.5980
vn 0.5544 0.3322 -0.7631
vn 0.2284 -0.6735 -0.7030
vn 0.2915 0.3322 -0.8971
vn -0.0000 -0.6735 -0.7392
vn -0.0000 0.3322 -0.9432
vn -0.2284 -0.6735 -0.7030
vn -0.2915 0.3322 -0.8971
vn -0.4345 -0.6735 -0.5980
vn -0.5544 0.3322 -0.7631
vn -0.5980 -0.6735 -0.4345
vn -0.7631 0.3322 -0.5544
vn -0.7030 -0.6735 -0.2284
vn -0.8971 0.3322 -0.2915
vn -0.7392 -0.6735 -0.0000
vn -0.9432 0.3322 -0.0000
vn -0.7030 -0.6735 0.2284
vn -0.8971 0.3322 0.2915
vn -0.5980 -0.6735 0.4345
vn -0.7631 0.3322 0.5544
vn -0.4345 -0.6735 0.5980
vn -0.5544 0.3322 0.7631
vn -0.2284 -0.6735 0.7030
vn -0.2915 0.3322 0.8971
vn -0.0000 -0.6735 0.7392
vn -0.0000 0.3322 0.9432
vn 0.2284 -0.6735 0.7030
vn 0.2915 0.3322 0.8971
vn 0.4345 -0.6735 0.5980
vn 0.5544 0.3322 0.7631
vn 0.5980 -0.6735 0.4345
vn 0.7631 0.3322 0.5544
vn 0.7030 -0.6735 0.2284
vn 0.8971 0.3322 0.2915
vn 0.8783 0.3836 -0.2854
vn 0.9235 0.3836 -0.0000
vn 0.7471 0.3836 -0.5428
vn 0.5428 0.3836 -0.7471
vn 0.2854 0.3836 -0.8783
vn -0.0000 0.3836 -0.9235
vn -0.2854 0.3836 -0.8783
vn -0.5428 0.3836 -0.7471
vn -0.7471 0.3836 -0.5428
vn -0.8783 0.3836 -0.2854
vn -0.9235 0.3836 -0.0000
vn -0.8783 0.3836 0.2854
vn -0.7471 0.3836 0.5428
vn -0.5428 0.3836 0.7471
vn -0.2854 0.3836 0.8783
vn -0.0000 0.3836 0.9235
vn 0.2854 0.3836 0.8783
vn 0.5428 0.3836 0.7471
vn 0.7471 0.3836 0.5428
vn 0.8783 0.3836 0.2854
vn 0.9393 -0.1569 -0.3052
vn 0.9876 -0.1569 -0.0000
vn 0.7990 -0.1569 -0.5805
vn 0.5805 -0.1569 -0.7990
vn 0.3052 -0.1569 -0.9393
vn -0.0000 -0.1569 -0.9876
vn -0.3052 -0.1569 -0.9393
vn -0.5805 -0.1569 -0.7990
vn -0.7990 -0.1569 -0.5805
vn -0.9393 -0.1569 -0.3052
vn -0.9876 -0.1569 -0.0000
vn -0.9393 -0.1569 0.3052
vn -0.7990 -0.1569 0.5805
vn -0.5805 -0.1569 0.7990
vn -0.3052 -0.1569 0.9393
vn -0.0000 -0.1569 0.9876
vn 0.3052 -0.1569 0.9393
vn 0.5805 -0.1569 0.7990
vn 0.7990 -0.1569 0.5805
vn 0.9393 -0.1569 0.3052
vn 0.9352 -0.1817 -0.3039
vn 0.9834 -0.1817 -0.0000
vn 0.7956 -0.1817 -0.5780
vn 0.5780 -0.1817 -0.7956
vn 0.3039 -0.1817 -0.9352
vn -0.0000 -0.1817 -0.9834
vn -0.3039 -0.1817 -0.9352
vn -0.5780 -0.1817 -0.7956
vn -0.7956 -0.1817 -0.5780
vn -0.9352 -0.1817 -0.3039
vn -0.9834 -0.1817 -0.0000
vn -0.9352 -0.1817 0.3039
vn -0.7956 -0.1817 0.5780
vn -0.5780 -0.1817 0.7956
vn -0.3039 -0.1817 0.9352
vn -0.0000 -0.1817 0.9834
vn 0.3039 -0.1817 0.9352
vn 0.5780 -0.1817 0.7956
vn 0.7956 -0.1817 0.5780
vn 0.9352 -0.1817 0.3039
vn 0.9476 0.0847 -0.3079
vn 0.9964 0.0847 -0.0000
vn 0.8061 0.0847 -0.5857
vn 0.5857 0.0847 -0.8061
vn 0.3079 0.0847 -0.9476
vn -0.0000 0.0847 -0.9964
vn -0.3079 0.0847 -0.9476
vn -0.5857 0.0847 -0.8061
vn -0.8061 0.0847 -0.5857
vn -0.9476 0.0847 -0.3079
vn -0.9964 0.0847 -0.0000
vn -0.9476 0.0847 0.3079
vn -0.8061 0.0847 0.5857
vn -0.5857 0.0847 0.8061
vn -0.3079 0.0847 0.9476
vn -0.0000 0.0847 0.9964
vn 0.3079 0.0847 0.9476
vn 0.5857 0.0847 0.8061
vn 0.8061 0.0847 0.5857
vn 0.9476 0.0847 0.3079
vn 0.8879 0.3584 -0.2885
vn 0.9336 0.3584 -0.0000
vn 0.7553 0.3584 -0.5487
vn 0.5487 0.3584 -0.7553
vn 0.2885 0.3584 -0.8879
vn -0.0000 0.3584 -0.9336
vn -0.2885 0.3584 -0.8879
vn -0.5487 0.3584 -0.7553
vn -0.7553 0.3584 -0.5487
vn -0.8879 0.3584 -0.2885
vn -0.9336 0.3584 -0.0000
vn -0.8879 0.3584 0.2885
vn -0.7553 0.3584 0.5487
vn -0.5487 0.3584 0.7553
vn -0.2885 0.3584 0.8879
vn -0.0000 0.3584 0.9336
vn 0.2885 0.3584 0.8879
vn 0.5487 0.3584 0.7553
vn 0.7553 0.3584 0.5487
vn 0.8879 0.3584 0.2885
vn 0.7333 0.6368 -0.2382
vn 0.7710 0.6368 -0.0000
vn 0.6237 0.6368 -0.4532
vn 0.4532 0.6368 -0.6237
vn 0.2382 0.6368 -0.7333
vn -0.0000 0.6368 -0.7710
vn -0.2382 0.6368 -0.7333
vn -0.4532 0.6368 -0.6237
vn -0.6237 0.6368 -0.4532
vn -0.7333 0.6368 -0.2382
vn -0.7710 0.6368 -0.0000
vn -0.7333 0.6368 0.2382
vn -0.6237 0.6368 0.4532
vn -0.4532 0.6368 0.6237
vn -0.2382 0.6368 0.7333
vn -0.0000 0.6368 0.7710
vn 0.2382 0.6368 0.7333
vn 0.4532 0.6368 0.6237
vn 0.6237 0.6368 0.4532
vn 0.7333 0.6368 0.2382
vn 0.4981 0.8519 -0.1619
vn 0.3548 0.9278 -0.1153
vn 0.3731 0.9278 -0.0000
vn 0.5238 0.8519 -0.0000
vn 0.4237 0.8519 -0.3079
vn 0.3018 0.9278 -0.2193
vn 0.3079 0.8519 -0.4237
vn 0.2193 0.9278 -0.3018
vn 0.1619 0.8519 -0.4981
vn 0.1153 0.9278 -0.3548
vn -0.0000 0.8519 -0.5238
vn -0.0000 0.9278 -0.3731
vn -0.1619 0.8519 -0.4981
vn -0.1153 0.9278 -0.3548
vn -0.3079 0.8519 -0.4237
vn -0.2193 0.9278 -0.3018
vn -0.4237 0.8519 -0.3079
vn -0.3018 0.9278 -0.2193
vn -0.4981 0.8519 -0.1619
vn -0.3548 0.9278 -0.1153
vn -0.5238 0.8519 -0.0000
vn -0.3731 0.9278 -0.0000
vn -0.4981 0.8519 0.1619
vn -0.3548 0.9278 0.1153
vn -0.4237 0.8519 0.3079
vn -0.3018 0.9278 0.2193
vn -0.3079 0.8519 0.4237
vn -0.2193 0.9278 0.3018
vn -0.1619 0.8519 0.4981
vn -0.1153 0.9278 0.3548
vn -0.0000 0.8519 0.5238
vn -0.0000 0.9278 0.3731
vn 0.1619 0.8519 0.4981
vn 0.1153 0.9278 0.3548
vn 0.3079 0.8519 0.4237
vn 0.2193 0.9278 0.3018
vn 0.4237 0.8519 0.3079
vn 0.3018 0.9278 0.2193
vn 0.4981 0.8519 0.1619
vn 0.3548 0.9278 0.1153
vn 0.6324 0.7747 -0.0000
vn 0.6014 0.7747 -0.1954
vn 0.5116 0.7747 -0.3717
vn 0.3717 0.7747 -0.5116
vn 0.1954 0.7747 -0.6014
vn -0.0000 0.7747 -0.6324
vn -0.1954 0.7747 -0.6014
vn -0.3717 0.7747 -0.5116
vn -0.5116 0.7747 -0.3717
vn -0.6014 0.7747 -0.1954
vn -0.6324 0.7747 -0.0000
vn -0.6014 0.7747 0.1954
vn -0.5116 0.7747 0.3717
vn -0.3717 0.7747 0.5116
vn -0.1954 0.7747 0.6014
vn -0.0000 0.7747 0.6324
vn 0.1954 0.7747 0.6014
vn 0.3717 0.7747 0.5116
vn 0.5116 0.7747 0.3717
vn 0.6014 0.7747 0.1954
vn -0.0000 1.0000 -0.0000
vn 0.2045 0.9789 -0.0000
vn 0.1945 0.9789 -0.0632
vn 0.1655 0.9789 -0.1202
vn 0.1202 0.9789 -0.1655
vn 0.0632 0.9789 -0.1945
vn -0.0000 0.9789 -0.2045
vn -0.0632 0.9789 -0.1945
vn -0.1202 0.9789 -0.1655
vn -0.1655 0.9789 -0.1202
vn -0.1945 0.9789 -0.0632
vn -0.2045 0.9789 -0.0000
vn -0.1945 0.9789 0.0632
vn -0.1655 0.9789 0.1202
vn -0.1202 0.9789 0.1655
vn -0.0632 0.9789 0.1945
vn -0.0000 0.9789 0.2046
vn 0.0632 0.9789 0.1945
vn 0.1202 0.9789 0.1655
vn 0.1655 0.9789 0.1202
vn 0.1945 0.9789 0.0632
vn -0.6681 -0.7441 -0.0000
vn -0.6354 -0.7441 0.2065
vn -0.6354 -0.7441 -0.2065
vn -0.5405 -0.7441 -0.3927
vn -0.3927 -0.7441 -0.5405
vn -0.2065 -0.7441 -0.6354
vn -0.0000 -0.7441 -0.6681
vn 0.2065 -0.7441 -0.6354
vn 0.3927 -0.7441 -0.5405
vn 0.5405 -0.7441 -0.3927
vn 0.6354 -0.7441 -0.2065
vn 0.6681 -0.7441 -0.0000
vn 0.6354 -0.7441 0.2065
vn 0.5405 -0.7441 0.3927
vn 0.3927 -0.7441 0.5405
vn 0.2065 -0.7441 0.6354
vn -0.0000 -0.7441 0.6681
vn -0.2065 -0.7441 0.6354
vn -0.3927 -0.7441 0.5405
vn -0.5405 -0.7441 0.3927
vn 0.1133 0.2958 -0.9485
vn 0.1183 -0.0000 -0.9930
vn -0.1183 -0.0000 -0.9930
vn -0.1133 0.2958 -0.9485
vn -0.0323 0.9604 -0.2768
vn 0.0323 0.9604 -0.2768
vn 0.1131 -0.2755 0.9546
vn -0.1131 -0.2755 0.9546
vn 0.0854 -0.6914 0.7174
vn 0.1183 -0.0000 0.9930
vn -0.1183 -0.0000 0.9930
vn -0.0854 -0.6914 0.7174
vn -0.1183 -0.0081 -0.9929
vn 0.1183 -0.0081 -0.9929
vn 0.1176 -0.0590 -0.9913
vn -0.1176 -0.0590 -0.9913
vn 0.3333 0.2977 -0.8946
vn 0.3482 -0.0000 -0.9374
vn 0.0948 0.9608 -0.2606
vn -0.3330 -0.2767 0.9014
vn -0.3482 -0.0000 0.9374
vn -0.2509 -0.6927 0.6761
vn 0.3482 -0.0081 -0.9374
vn 0.5724 -0.3187 -0.7555
vn 0.5570 0.3001 -0.7744
vn 0.7530 -0.2738 -0.5983
vn 0.1646 0.9585 -0.2330
vn -0.5581 -0.2849 0.7793
vn -0.2334 -0.3329 0.9136
vn -0.4218 -0.6893 0.5891
vn 0.7551 0.2648 -0.5997
vn 0.4075 -0.7155 -0.5675
vn 0.7584 0.3069 -0.5750
vn 0.5862 -0.6753 -0.4475
vn 0.2188 0.9598 -0.1758
vn -0.7571 -0.2874 0.5866
vn -0.5330 -0.7419 0.4069
vn -0.5727 -0.6926 0.4386
vn 0.5906 0.6694 -0.4508
vn 0.5659 -0.3118 -0.7633
vn 0.8801 0.3158 -0.3545
vn 0.6782 -0.6814 -0.2751
vn 0.2429 0.9645 -0.1035
vn -0.8878 -0.2829 0.3630
vn -0.6286 -0.7347 0.2550
vn -0.6602 -0.7015 0.2685
vn 0.6833 0.6755 -0.2771
vn 0.9250 -0.0599 -0.3752
vn 0.9365 0.3228 -0.1374
vn 0.7239 -0.6814 -0.1081
vn 0.2553 0.9659 -0.0429
vn -0.9481 -0.2834 0.1441
vn -0.6709 -0.7347 0.1002
vn -0.7028 -0.7035 0.1057
vn 0.7293 0.6755 -0.1089
vn 0.9363 -0.3235 0.1366
vn 0.9401 0.3298 0.0862
vn 0.7290 -0.6814 0.0650
vn 0.2531 0.9673 0.0179
vn -0.9555 -0.2830 -0.0828
vn -0.6757 -0.7347 -0.0602
vn -0.7064 -0.7051 -0.0622
vn 0.7345 0.6755 0.0655
vn 0.6893 -0.7218 0.0615
vn 0.8914 0.3364 0.3037
vn 0.9578 -0.2852 0.0366
vn 0.2370 0.9686 0.0756
vn -0.9095 -0.2820 -0.3053
vn -0.7336 -0.3202 -0.5995
vn -0.6709 -0.7062 -0.2261
vn 0.9604 0.2763 0.0365
vn 0.6542 -0.7225 0.2234
vn 0.7935 0.3424 0.5032
vn 0.8456 -0.0000 0.5338
vn 0.2086 0.9697 0.1273
vn -0.8126 -0.2807 -0.5108
vn -0.8456 -0.0000 -0.5338
vn -0.5983 -0.7070 -0.3770
vn 0.8456 -0.0081 0.5338
vn 0.8371 -0.0303 0.5462
vn 0.7646 0.5716 -0.2979
vn 0.6537 0.3509 0.6705
vn 0.7007 -0.0000 0.7135
vn 0.1450 0.9743 0.1721
vn -0.6595 -0.2611 -0.7049
vn -0.7200 0.0018 -0.6940
vn -0.4707 -0.7303 -0.4951
vn 0.7006 -0.0081 0.7135
vn 0.7002 -0.0397 0.7129
vn -0.0775 0.3151 0.9459
vn -0.1251 -0.0013 0.9921
vn -0.3790 0.8198 0.4293
vn -0.9949 0.0014 -0.1013
vn -0.9419 -0.1678 0.2912
vn -0.1248 -0.0058 0.9922
vn -0.1179 -0.0226 0.9928
vn -0.6537 0.3509 0.6705
vn -0.7007 -0.0000 0.7135
vn 0.1180 -0.0048 0.9930
vn 0.0725 0.3361 0.9390
vn 0.3739 0.8378 0.3979
vn -0.1363 0.9755 0.1730
vn 0.9972 -0.0081 -0.0745
vn 0.7322 -0.0025 -0.6811
vn 0.4586 -0.7373 -0.4960
vn 0.9537 -0.1239 0.2741
vn 0.1248 -0.0058 0.9922
vn -0.7006 -0.0081 0.7135
vn -0.7002 -0.0397 0.7129
vn 0.1179 -0.0226 0.9928
vn -0.7935 0.3424 0.5032
vn -0.8456 -0.0000 0.5338
vn -0.2086 0.9697 0.1273
vn 0.6493 -0.2539 -0.7169
vn 0.8125 -0.2807 -0.5108
vn 0.8456 -0.0000 -0.5338
vn 0.5983 -0.7070 -0.3770
vn -0.8456 -0.0081 0.5338
vn -0.8371 -0.0303 0.5462
vn -0.8914 0.3364 0.3037
vn -0.9578 -0.2852 0.0366
vn -0.2370 0.9686 0.0756
vn 0.9095 -0.2820 -0.3053
vn 0.7336 -0.3202 -0.5995
vn 0.6709 -0.7062 -0.2261
vn -0.9604 0.2763 0.0365
vn -0.6542 -0.7225 0.2234
vn -0.7646 0.5716 -0.2979
vn -0.9401 0.3298 0.0862
vn -0.7290 -0.6814 0.0650
vn -0.2531 0.9673 0.0179
vn 0.9555 -0.2830 -0.0828
vn 0.6757 -0.7347 -0.0602
vn 0.7064 -0.7051 -0.0622
vn -0.7345 0.6755 0.0655
vn -0.6893 -0.7218 0.0615
vn -0.9365 0.3228 -0.1374
vn -0.7239 -0.6814 -0.1081
vn -0.2553 0.9659 -0.0429
vn 0.9481 -0.2834 0.1441
vn 0.6709 -0.7347 0.1002
vn 0.7028 -0.7035 0.1057
vn -0.7293 0.6755 -0.1089
vn -0.9363 -0.3235 0.1366
vn -0.8801 0.3158 -0.3545
vn -0.6782 -0.6814 -0.2751
vn -0.2429 0.9645 -0.1035
vn 0.8878 -0.2829 0.3630
vn 0.6286 -0.7347 0.2550
vn 0.6602 -0.7015 0.2685
vn -0.6833 0.6755 -0.2771
vn -0.9250 -0.0599 -0.3752
vn -0.7584 0.3069 -0.5750
vn -0.5862 -0.6753 -0.4475
vn -0.2188 0.9598 -0.1758
vn 0.7571 -0.2874 0.5866
vn 0.5330 -0.7419 0.4069
vn 0.5727 -0.6926 0.4386
vn -0.5906 0.6694 -0.4508
vn -0.5659 -0.3118 -0.7633
vn -0.5570 0.3001 -0.7744
vn -0.7530 -0.2738 -0.5983
vn -0.1646 0.9585 -0.2330
vn 0.5581 -0.2849 0.7793
vn 0.2334 -0.3329 0.9136
vn 0.4218 -0.6893 0.5891
vn -0.7551 0.2648 -0.5997
vn -0.4075 -0.7155 -0.5675
vn -0.3333 0.2977 -0.8946
vn -0.3482 -0.0000 -0.9374
vn -0.0948 0.9608 -0.2606
vn 0.3330 -0.2767 0.9014
vn 0.3482 -0.0000 0.9374
vn 0.2509 -0.6927 0.6761
vn -0.3482 -0.0081 -0.9374
vn -0.5724 -0.3187 -0.7555
vn 0.9975 0.0221 -0.0676
vn 0.9968 -0.0038 -0.0794
vn -0.9944 -0.0039 -0.1053
vn -0.9954 0.0224 -0.0935
vn -0.8689 -0.3645 -0.3350
vn -0.1371 -0.6185 0.7737
vn -0.8434 -0.5250 -0.1146
vn -0.5357 -0.6652 -0.5202
vn 0.4700 -0.7396 0.4818
vn -0.6193 -0.6652 -0.4171
vn 0.5540 -0.7443 0.3730
vn -0.2859 -0.5250 -0.8017
vn 0.7369 -0.6175 -0.2751
vn -0.6859 -0.2871 -0.6687
vn -0.6846 -0.6942 -0.2223
vn -0.7120 -0.6993 -0.0635
vn -0.8461 -0.2818 0.4524
vn -0.4970 -0.5144 0.6989
vn -0.6987 -0.6569 0.2834
vn 0.6114 -0.7515 -0.2479
vn 0.6279 -0.6217 0.4683
vn -0.8434 -0.5144 -0.1553
vn 0.1244 -0.6217 -0.7733
vn -0.9136 -0.2940 0.2808
vn -0.4130 -0.7060 0.5753
vn -0.0136 -0.2791 0.9602
vn 0.3761 -0.5125 0.7720
vn -0.0897 -0.6576 0.7480
vn 0.0788 -0.7509 -0.6558
vn 0.7168 -0.6176 -0.3237
vn 0.0897 -0.6576 0.7480
vn -0.0788 -0.7509 -0.6558
vn -0.3761 -0.5125 0.7720
vn -0.7168 -0.6176 -0.3237
vn 0.0136 -0.2791 0.9602
vn 0.4130 -0.7060 0.5753
vn 0.9136 -0.2940 0.2808
vn 0.8434 -0.5143 -0.1553
vn 0.6987 -0.6569 0.2834
vn -0.6114 -0.7515 -0.2479
vn -0.1243 -0.6217 -0.7733
vn 0.4970 -0.5144 0.6989
vn -0.6279 -0.6217 0.4683
vn 0.8461 -0.2818 0.4524
vn 0.7120 -0.6993 -0.0635
vn 0.6899 -0.6926 -0.2106
vn 0.6978 -0.2887 -0.6555
vn -0.7369 -0.6175 -0.2751
vn 0.2859 -0.5250 -0.8017
vn 0.6193 -0.6652 -0.4171
vn -0.5540 -0.7443 0.3730
vn 0.5521 -0.6585 -0.5114
vn -0.4700 -0.7396 0.4818
vn 0.8433 -0.5292 -0.0940
vn 0.1371 -0.6185 0.7737
vn 0.1177 0.0451 0.9920
vn -0.1177 0.0451 0.9920
vn -0.1183 -0.0057 0.9930
vn 0.1183 -0.0057 0.9930
vn -0.3482 -0.0057 0.9374
vn -0.2341 0.3267 0.9157
vn -0.5363 0.7381 0.4094
vn -0.9257 0.0461 0.3754
vn -0.6325 0.7309 0.2565
vn -0.6751 0.7309 0.1008
vn -0.6798 0.7309 -0.0606
vn -0.7392 0.3128 -0.5964
vn -0.8472 -0.0071 -0.5312
vn -0.8290 0.0259 -0.5586
vn -0.7174 0.0259 -0.6962
vn -0.7175 -0.0057 -0.6965
vn 0.7351 0.0259 -0.6774
vn 0.7354 -0.0057 -0.6776
vn 0.8345 0.0245 -0.5504
vn 0.8429 -0.0072 -0.5380
vn 0.7334 0.3123 -0.6038
vn 0.6798 0.7309 -0.0606
vn 0.6751 0.7309 0.1008
vn 0.9257 0.0461 0.3754
vn 0.6325 0.7309 0.2565
vn 0.5363 0.7381 0.4094
vn 0.2341 0.3267 0.9157
vn 0.3482 -0.0057 0.9374
vn 0.8413 -0.4381 -0.3167
vn 1.0000 -0.0000 -0.0000
vn 0.9511 -0.0000 -0.3090
vn 0.9126 0.2816 -0.2965
vn 0.9595 0.2816 -0.0000
vn 0.8090 -0.0000 -0.5878
vn 0.7763 0.2816 -0.5640
vn 0.5878 -0.0000 -0.8090
vn 0.5640 0.2816 -0.7763
vn 0.3090 -0.0000 -0.9511
vn 0.2965 0.2816 -0.9126
vn -0.0000 -0.0000 -1.0000
vn -0.0000 0.2816 -0.9595
vn -0.3090 -0.0000 -0.9511
vn -0.2965 0.2816 -0.9126
vn -0.5878 -0.0000 -0.8090
vn -0.5640 0.2816 -0.7763
vn -0.8090 -0.0000 -0.5878
vn -0.7763 0.2816 -0.5640
vn -0.9511 -0.0000 -0.3090
vn -0.9126 0.2816 -0.2965
vn -1.0000 -0.0000 -0.0000
vn -0.9595 0.2816 -0.0000
vn -0.9511 -0.0000 0.3090
vn -0.9126 0.2816 0.2965
vn -0.8090 -0.0000 0.5878
vn -0.7763 0.2816 0.5640
vn -0.5878 -0.0000 0.8090
vn -0.5640 0.2816 0.7763
vn -0.3090 -0.0000 0.9511
vn -0.2965 0.2816 0.9126
vn -0.0000 -0.0000 1.0000
vn -0.0000 0.2816 0.9595
vn 0.3090 -0.0000 0.9511
vn 0.2965 0.2816 0.9126
vn 0.5878 -0.0000 0.8090
vn 0.5640 0.2816 0.7763
vn 0.8090 -0.0000 0.5878
vn 0.7763 0.2816 0.5640
vn 0.9511 -0.0000 0.3090
vn 0.9126 0.2816 0.2965
vn 0.4825 0.8617 -0.1568
vn 0.4104 0.8617 -0.2982
vn 0.2982 0.8617 -0.4104
vn 0.4825 0.8617 0.1568
vn 0.1568 0.8617 -0.4825
vn -0.0000 0.8617 -0.5073
vn -0.2982 0.8617 -0.4105
vn -0.1568 0.8617 -0.4825
vn -0.4104 0.8617 -0.2982
vn -0.4825 0.8617 -0.1568
vn -0.4825 0.8617 0.1568
vn -0.5073 0.8617 -0.0000
vn -0.4104 0.8617 0.2982
vn -0.2982 0.8617 0.4104
vn -0.0000 0.8617 0.5073
vn -0.1568 0.8618 0.4825
vn 0.1568 0.8617 0.4825
vn 0.2982 0.8617 0.4104
vn 0.4104 0.8618 0.2982
vn 0.5073 0.8617 -0.0000
vn 0.6236 0.7817 -0.0000
vn 0.5045 0.7817 -0.3666
vn 0.6191 0.6437 -0.4498
vn 0.7653 0.6437 -0.0000
vn 0.1927 0.7817 -0.5931
vn 0.2365 0.6437 -0.7278
vn -0.1927 0.7817 -0.5931
vn -0.2365 0.6437 -0.7278
vn -0.5045 0.7817 -0.3666
vn -0.6191 0.6437 -0.4498
vn -0.6236 0.7817 -0.0000
vn -0.7653 0.6437 -0.0000
vn -0.5045 0.7817 0.3666
vn -0.6191 0.6437 0.4498
vn -0.1927 0.7817 0.5931
vn -0.2365 0.6437 0.7278
vn 0.1927 0.7817 0.5931
vn 0.2365 0.6437 0.7278
vn 0.5045 0.7817 0.3666
vn 0.6191 0.6437 0.4498
vn 0.7667 0.6420 -0.0000
vn 0.6202 0.6420 -0.4506
vn 0.2369 0.6420 -0.7291
vn -0.2369 0.6420 -0.7291
vn -0.6202 0.6420 -0.4506
vn -0.7667 0.6421 -0.0000
vn -0.6202 0.6420 0.4506
vn -0.2369 0.6420 0.7291
vn 0.2369 0.6420 0.7291
vn 0.6202 0.6420 0.4506
vn 0.6457 0.7636 -0.0000
vn 0.5224 0.7636 -0.3795
vn 0.1995 0.7636 -0.6141
vn -0.1995 0.7636 -0.6141
vn -0.5224 0.7636 -0.3795
vn -0.6457 0.7636 -0.0000
vn -0.5224 0.7636 0.3795
vn -0.1995 0.7636 0.6141
vn 0.1995 0.7636 0.6141
vn 0.5224 0.7636 0.3795
vn 0.7789 0.6271 -0.0000
vn 0.6301 0.6271 -0.4578
vn 0.2407 0.6271 -0.7408
vn -0.2407 0.6271 -0.7408
vn -0.6301 0.6271 -0.4578
vn -0.7789 0.6271 -0.0000
vn -0.6301 0.6271 0.4578
vn -0.2407 0.6271 0.7408
vn 0.2407 0.6271 0.7408
vn 0.6301 0.6271 0.4578
vn -0.5774 -0.5774 0.5774
vn -0.5774 -0.5774 -0.5774
vn 0.5774 -0.5774 -0.5774
vn 0.5774 -0.5774 0.5774
vn -0.5774 0.5774 0.5774
vn 0.5774 0.5774 0.5774
vn 0.5774 0.5774 -0.5774
vn -0.5774 0.5774 -0.5774
vn 0.7510 -0.0000 -0.6603
vn 0.6766 0.3259 -0.6603
vn 0.6766 0.3259 0.6603
vn 0.7510 -0.0000 0.6603
vn 0.4683 0.5872 -0.6603
vn 0.4683 0.5872 0.6603
vn 0.1671 0.7322 -0.6603
vn 0.1671 0.7322 0.6603
vn -0.1671 0.7322 -0.6603
vn -0.1671 0.7322 0.6603
vn -0.4682 0.5872 -0.6603
vn -0.4682 0.5872 0.6603
vn -0.6766 0.3259 -0.6603
vn -0.6766 0.3259 0.6603
vn -0.7510 -0.0000 -0.6603
vn -0.7510 -0.0000 0.6603
vn -0.6767 -0.3259 -0.6603
vn -0.6766 -0.3258 0.6603
vn -0.4682 -0.5872 -0.6603
vn -0.4683 -0.5872 0.6603
vn -0.1671 -0.7322 -0.6603
vn -0.1671 -0.7322 0.6603
vn 0.1671 -0.7322 -0.6603
vn 0.1671 -0.7322 0.6603
vn 0.4683 -0.5872 -0.6603
vn 0.4683 -0.5872 0.6603
vn 0.6766 -0.3258 -0.6603
vn 0.6766 -0.3258 0.6603
vn -0.6767 -0.3259 0.6603
vn -0.6767 0.3259 0.6603
vn 0.6766 0.3258 0.6603
vn -0.4683 0.5872 0.6603
vn -0.5847 -0.2816 0.7608
vn -0.6490 -0.0000 0.7608
vn -0.4046 -0.5074 0.7608
vn -0.1444 -0.6327 0.7608
vn 0.1444 -0.6327 0.7608
vn 0.4046 -0.5074 0.7608
vn 0.5847 -0.2816 0.7608
vn 0.6490 -0.0000 0.7608
vn 0.5847 0.2816 0.7608
vn 0.4046 0.5074 0.7608
vn 0.1444 0.6327 0.7608
vn -0.1444 0.6327 0.7608
vn -0.4046 0.5074 0.7608
vn -0.5847 0.2816 0.7608
vn 0.3596 0.5971 0.7170
vn 0.0198 0.9990 0.0403
vn 0.0019 0.9998 0.0213
vn -0.3798 0.5964 0.7071
vn -0.0187 0.9990 0.0408
vn 0.0073 0.9997 0.0214
vn -0.0259 0.9996 0.0070
vn -0.0259 0.9997 0.0003
vn -0.0074 0.9997 -0.0214
vn 0.0255 0.9997 -0.0069
vn 0.0255 0.9997 -0.0003
vn -0.0019 0.9998 -0.0212
vn -0.3462 0.6003 -0.7210
vn -0.0183 0.9990 -0.0406
vn 0.3704 0.5976 -0.7111
vn 0.0170 0.9990 -0.0407
vn -0.0470 0.9989 0.0011
vn -0.6638 0.7324 0.1517
vn -0.6577 0.7339 -0.1697
vn -0.0468 0.9989 -0.0013
vn 0.0459 0.9989 -0.0007
vn 0.6578 0.7361 -0.1598
vn 0.6572 0.7344 0.1695
vn 0.0461 0.9989 0.0014
vn -0.0404 0.9985 0.0380
vn -0.4339 0.5971 0.6747
vn -0.3229 0.7756 0.5424
vn 0.8048 0.5930 0.0257
vn -0.8018 0.5973 -0.0211
vn 0.0394 0.9985 -0.0378
vn 0.3011 0.7783 -0.5510
vn -0.0387 0.9986 -0.0373
vn -0.3064 0.7714 -0.5577
vn -0.4423 0.5941 -0.6718
vn 0.8039 0.5944 -0.0206
vn -0.8045 0.5934 0.0246
vn 0.3160 0.7758 0.5461
vn 0.0394 0.9985 0.0371
vn 0.4293 0.5972 0.6775
vn 0.4245 0.5937 -0.6837
vn -0.3742 -0.6163 0.6929
vn 0.3613 -0.6149 0.7009
vn 0.3646 -0.6175 -0.6970
vn -0.3481 -0.6183 -0.7046
vn -0.6315 -0.7615 0.1460
vn -0.6263 -0.7645 -0.1527
vn 0.6256 -0.7649 -0.1535
vn 0.6263 -0.7645 0.1527
vn -0.7902 -0.6125 0.0224
vn 0.2907 -0.8163 0.4992
vn -0.2833 -0.8115 -0.5111
vn 0.7897 -0.6132 -0.0184
vn -0.7870 -0.6167 -0.0188
vn 0.4126 -0.6141 -0.6728
vn 0.2772 -0.8194 -0.5018
vn -0.4218 -0.6180 0.6634
vn -0.2996 -0.8101 0.5039
vn 0.7906 -0.6118 0.0237
vn 0.4171 -0.6179 0.6665
vn -0.4304 -0.6147 -0.6610
vn 0.6889 0.6113 0.3894
vn 0.6828 0.6084 -0.4045
vn -0.0040 0.6125 -0.7905
vn -0.0042 0.6066 0.7950
vn -0.6844 0.6091 -0.4008
vn -0.6905 0.6121 0.3855
vn -0.8629 -0.0000 -0.5053
vn -0.8731 -0.0000 0.4875
vn -0.0052 -0.0000 1.0000
vn 0.8705 -0.0000 0.4921
vn 0.8604 -0.0000 -0.5096
vn -0.0050 -0.0000 -1.0000
vn 0.7653 -0.6437 -0.0000
vn 0.6191 -0.6437 -0.4498
vn 0.2365 -0.6437 -0.7278
vn -0.2365 -0.6437 -0.7278
vn -0.6191 -0.6437 -0.4498
vn -0.7653 -0.6437 -0.0000
vn -0.6191 -0.6437 0.4498
vn -0.2365 -0.6437 0.7278
vn 0.2365 -0.6437 0.7278
vn 0.6191 -0.6437 0.4498
vt 0.670896 0.372200
vt 0.714841 0.372200
vt 0.714841 0.449492
vt 0.670896 0.449492
vt 0.758785 0.372200
vt 0.758785 0.449492
vt 0.802729 0.372200
vt 0.802729 0.449492
vt 0.846673 0.372200
vt 0.846673 0.449492
vt 0.890618 0.372200
vt 0.890618 0.449492
vt 0.011732 0.372200
vt 0.055677 0.372200
vt 0.055677 0.449492
vt 0.011732 0.449492
vt 0.099621 0.372200
vt 0.099621 0.449492
vt 0.143565 0.372200
vt 0.143565 0.449492
vt 0.187509 0.372200
vt 0.187509 0.449492
vt 0.231454 0.372200
vt 0.231454 0.449492
vt 0.275398 0.372200
vt 0.275398 0.449492
vt 0.319342 0.372200
vt 0.319342 0.449492
vt 0.363286 0.372200
vt 0.363286 0.449492
vt 0.407231 0.372200
vt 0.407231 0.449492
vt 0.451175 0.372200
vt 0.451175 0.449492
vt 0.495120 0.372200
vt 0.495120 0.449492
vt 0.539064 0.372200
vt 0.539064 0.449492
vt 0.583008 0.372200
vt 0.583008 0.449492
vt 0.626952 0.372200
vt 0.626952 0.449492
vt 0.650090 0.240635
vt 0.639171 0.206180
vt 0.639171 0.169953
vt 0.699444 0.291239
vt 0.650090 0.135497
vt 0.670859 0.106188
vt 0.733051 0.073699
vt 0.699444 0.084895
vt 0.768384 0.073699
vt 0.801989 0.084895
vt 0.851345 0.135497
vt 0.830576 0.106188
vt 0.862264 0.169953
vt 0.862264 0.206180
vt 0.830576 0.269944
vt 0.851345 0.240635
vt 0.801989 0.291239
vt 0.768384 0.302434
vt 0.733049 0.302434
vt 0.670859 0.269944
vt 0.714841 0.462148
vt 0.670896 0.462148
vt 0.758785 0.462148
vt 0.802729 0.462148
vt 0.846673 0.462148
vt 0.890618 0.462148
vt 0.055677 0.462148
vt 0.011732 0.462148
vt 0.099621 0.462148
vt 0.143565 0.462148
vt 0.187509 0.462148
vt 0.231454 0.462148
vt 0.275398 0.462148
vt 0.319342 0.462148
vt 0.363286 0.462148
vt 0.407231 0.462148
vt 0.451175 0.462148
vt 0.495120 0.462148
vt 0.539064 0.462148
vt 0.583008 0.462148
vt 0.626952 0.462148
vt 0.714841 0.480076
vt 0.670896 0.480076
vt 0.758785 0.480076
vt 0.802729 0.480076
vt 0.846673 0.480076
vt 0.890618 0.480076
vt 0.055677 0.480076
vt 0.011732 0.480076
vt 0.099621 0.480076
vt 0.143565 0.480076
vt 0.187509 0.480076
vt 0.231454 0.480076
vt 0.275398 0.480076
vt 0.319342 0.480076
vt 0.363286 0.480076
vt 0.407231 0.480076
vt 0.451175 0.480076
vt 0.495119 0.480076
vt 0.539064 0.480076
vt 0.583008 0.480076
vt 0.626952 0.480076
vt 0.714841 0.485988
vt 0.670896 0.485988
vt 0.758785 0.485988
vt 0.802729 0.485988
vt 0.846673 0.485988
vt 0.890618 0.485988
vt 0.055677 0.485988
vt 0.011732 0.485988
vt 0.099621 0.485988
vt 0.143565 0.485988
vt 0.187509 0.485988
vt 0.231454 0.485988
vt 0.275398 0.485988
vt 0.319342 0.485988
vt 0.363286 0.485988
vt 0.407231 0.485988
vt 0.451175 0.485988
vt 0.495120 0.485988
vt 0.539064 0.485988
vt 0.583008 0.485988
vt 0.626952 0.485988
vt 0.714841 0.779941
vt 0.670896 0.779941
vt 0.758785 0.779941
vt 0.802729 0.779941
vt 0.846673 0.779941
vt 0.890618 0.779941
vt 0.055677 0.779941
vt 0.011732 0.779941
vt 0.099621 0.779941
vt 0.143565 0.779941
vt 0.187509 0.779941
vt 0.231454 0.779941
vt 0.275398 0.779941
vt 0.319342 0.779941
vt 0.363286 0.779941
vt 0.407231 0.779941
vt 0.451175 0.779941
vt 0.495120 0.779941
vt 0.539064 0.779941
vt 0.583008 0.779941
vt 0.626952 0.779941
vt 0.714841 0.804734
vt 0.670896 0.804734
vt 0.758785 0.804734
vt 0.802729 0.804734
vt 0.846673 0.804734
vt 0.890618 0.804734
vt 0.055677 0.804734
vt 0.011732 0.804734
vt 0.099621 0.804734
vt 0.143565 0.804734
vt 0.187509 0.804734
vt 0.231454 0.804734
vt 0.275398 0.804734
vt 0.319342 0.804734
vt 0.363286 0.804734
vt 0.407231 0.804734
vt 0.451175 0.804734
vt 0.495119 0.804734
vt 0.539064 0.804734
vt 0.583008 0.804734
vt 0.626952 0.804734
vt 0.714840 0.819669
vt 0.670896 0.819669
vt 0.758785 0.819669
vt 0.802729 0.819669
vt 0.846673 0.819669
vt 0.890618 0.819669
vt 0.055677 0.819669
vt 0.011732 0.819669
vt 0.099621 0.819669
vt 0.143565 0.819669
vt 0.187509 0.819669
vt 0.231454 0.819669
vt 0.275398 0.819669
vt 0.319342 0.819669
vt 0.363286 0.819669
vt 0.407231 0.819669
vt 0.451175 0.819669
vt 0.495119 0.819669
vt 0.539064 0.819669
vt 0.583008 0.819669
vt 0.626952 0.819669
vt 0.714840 0.885598
vt 0.714840 0.915271
vt 0.670896 0.915271
vt 0.670896 0.885598
vt 0.758785 0.885598
vt 0.758785 0.915271
vt 0.802729 0.885598
vt 0.802729 0.915271
vt 0.846673 0.885598
vt 0.846673 0.915271
vt 0.890618 0.885598
vt 0.890618 0.915271
vt 0.055677 0.885598
vt 0.055677 0.915271
vt 0.011732 0.915271
vt 0.011732 0.885598
vt 0.099621 0.885598
vt 0.099621 0.915271
vt 0.143565 0.885598
vt 0.143565 0.915271
vt 0.187509 0.885598
vt 0.187509 0.915271
vt 0.231454 0.885598
vt 0.231454 0.915271
vt 0.275398 0.885598
vt 0.275398 0.915271
vt 0.319342 0.885598
vt 0.319342 0.915271
vt 0.363286 0.885598
vt 0.363286 0.915271
vt 0.407231 0.885598
vt 0.407231 0.915271
vt 0.451175 0.885598
vt 0.451175 0.915271
vt 0.495119 0.885598
vt 0.495119 0.915271
vt 0.539064 0.885598
vt 0.539064 0.915271
vt 0.583008 0.885598
vt 0.583008 0.915271
vt 0.626952 0.885598
vt 0.626952 0.915271
vt 0.670896 0.843773
vt 0.714840 0.843773
vt 0.758785 0.843773
vt 0.802729 0.843773
vt 0.846673 0.843773
vt 0.890618 0.843773
vt 0.011732 0.843773
vt 0.055677 0.843773
vt 0.099621 0.843773
vt 0.143565 0.843773
vt 0.187509 0.843773
vt 0.231454 0.843773
vt 0.275398 0.843773
vt 0.319342 0.843773
vt 0.363286 0.843773
vt 0.407231 0.843773
vt 0.451175 0.843773
vt 0.495120 0.843773
vt 0.539064 0.843773
vt 0.583008 0.843773
vt 0.626952 0.843773
vt 0.418210 0.997219
vt 0.670896 0.951046
vt 0.714840 0.951046
vt 0.758785 0.951046
vt 0.802729 0.951046
vt 0.846673 0.951046
vt 0.890618 0.951046
vt 0.011732 0.951046
vt 0.055677 0.951046
vt 0.099621 0.951046
vt 0.143565 0.951046
vt 0.187510 0.951046
vt 0.231454 0.951046
vt 0.275398 0.951046
vt 0.319342 0.951046
vt 0.363286 0.951046
vt 0.407231 0.951046
vt 0.451175 0.951046
vt 0.495119 0.951046
vt 0.539064 0.951046
vt 0.583008 0.951046
vt 0.626952 0.951046
vt 0.906100 0.142031
vt 0.913965 0.189860
vt 0.892602 0.189860
vt 0.885782 0.148389
vt 0.906100 0.237689
vt 0.885782 0.231331
vt 0.883274 0.280837
vt 0.865990 0.268743
vt 0.847721 0.315079
vt 0.835163 0.298433
vt 0.802921 0.337063
vt 0.796319 0.317495
vt 0.753260 0.344639
vt 0.753260 0.324063
vt 0.703600 0.337064
vt 0.710201 0.317495
vt 0.658800 0.315079
vt 0.671357 0.298433
vt 0.623247 0.280837
vt 0.640530 0.268743
vt 0.600420 0.237690
vt 0.620738 0.231331
vt 0.592555 0.189860
vt 0.613918 0.189860
vt 0.600420 0.142031
vt 0.620738 0.148389
vt 0.623247 0.098883
vt 0.640530 0.110978
vt 0.658800 0.064642
vt 0.671357 0.081288
vt 0.703600 0.042657
vt 0.710201 0.062225
vt 0.753260 0.035081
vt 0.753260 0.055657
vt 0.802921 0.042657
vt 0.796319 0.062225
vt 0.847720 0.064642
vt 0.835163 0.081288
vt 0.883274 0.098883
vt 0.865990 0.110977
vt 0.928942 0.828960
vt 0.929095 0.792316
vt 0.976281 0.792513
vt 0.976127 0.829157
vt 0.929249 0.755674
vt 0.976434 0.755870
vt 0.929403 0.719032
vt 0.976587 0.719226
vt 0.929555 0.682391
vt 0.976738 0.682584
vt 0.929706 0.645750
vt 0.976888 0.645941
vt 0.929855 0.609111
vt 0.977036 0.609302
vt 0.930003 0.572474
vt 0.977182 0.572662
vt 0.930151 0.535837
vt 0.977328 0.536024
vt 0.930296 0.499201
vt 0.977472 0.499388
vt 0.930442 0.462567
vt 0.977616 0.462752
vt 0.930586 0.425933
vt 0.977759 0.426118
vt 0.930729 0.389302
vt 0.977900 0.389484
vt 0.930871 0.352670
vt 0.978042 0.352852
vt 0.931013 0.316039
vt 0.978183 0.316221
vt 0.931153 0.279408
vt 0.978323 0.279589
vt 0.931294 0.242779
vt 0.978464 0.242959
vt 0.928327 0.975534
vt 0.928481 0.938890
vt 0.975667 0.939087
vt 0.975513 0.975731
vt 0.928634 0.902247
vt 0.975820 0.902444
vt 0.928788 0.865603
vt 0.975974 0.865800
vt 0.256087 0.018720
vt 0.255921 0.039815
vt 0.233805 0.039626
vt 0.233961 0.018537
vt 0.647721 0.318969
vt 0.650325 0.315450
vt 0.668939 0.326464
vt 0.666923 0.330331
vt 0.791833 0.017050
vt 0.787684 0.029554
vt 0.762035 0.023688
vt 0.763438 0.010635
vt 0.244105 0.331627
vt 0.244263 0.309280
vt 0.269563 0.309178
vt 0.269875 0.331516
vt 0.233418 0.089143
vt 0.255499 0.089404
vt 0.254377 0.159329
vt 0.232554 0.158983
vt 0.463412 0.163990
vt 0.463290 0.142906
vt 0.485401 0.142754
vt 0.485534 0.163844
vt 0.584255 0.129816
vt 0.588275 0.131525
vt 0.580496 0.151666
vt 0.576229 0.150594
vt 0.736216 0.022260
vt 0.735251 0.009477
vt 0.294792 0.308604
vt 0.295318 0.330688
vt 0.485059 0.093172
vt 0.462981 0.093396
vt 0.462225 0.023539
vt 0.484055 0.023253
vt 0.441286 0.164116
vt 0.441186 0.143036
vt 0.575587 0.172625
vt 0.571164 0.172215
vt 0.711480 0.024860
vt 0.708559 0.012835
vt 0.320000 0.307658
vt 0.319899 0.329710
vt 0.440941 0.093566
vt 0.440396 0.023753
vt 0.408204 0.164257
vt 0.408143 0.143175
vt 0.573860 0.204668
vt 0.569383 0.205272
vt 0.677999 0.035240
vt 0.672478 0.024805
vt 0.355906 0.307790
vt 0.355786 0.330436
vt 0.407997 0.093731
vt 0.407766 0.023944
vt 0.386063 0.164307
vt 0.386042 0.143219
vt 0.576571 0.225908
vt 0.572179 0.227183
vt 0.658588 0.045048
vt 0.652253 0.036102
vt 0.378301 0.307769
vt 0.378874 0.330507
vt 0.385995 0.093778
vt 0.385942 0.024017
vt 0.363918 0.164307
vt 0.363939 0.143216
vt 0.582385 0.246503
vt 0.578177 0.248429
vt 0.642174 0.056043
vt 0.635420 0.048625
vt 0.400916 0.307994
vt 0.401076 0.330124
vt 0.363993 0.093770
vt 0.364119 0.023981
vt 0.341773 0.164261
vt 0.341834 0.143168
vt 0.591239 0.265995
vt 0.587311 0.268538
vt 0.628727 0.067451
vt 0.621957 0.061538
vt 0.420815 0.307722
vt 0.421949 0.329485
vt 0.341985 0.093711
vt 0.342288 0.023910
vt 0.319632 0.164169
vt 0.319728 0.143078
vt 0.602993 0.283929
vt 0.599437 0.287038
vt 0.618138 0.078591
vt 0.611715 0.074117
vt 0.444000 0.306583
vt 0.445081 0.328497
vt 0.319965 0.093602
vt 0.320456 0.023779
vt 0.297497 0.164043
vt 0.297619 0.142952
vt 0.617427 0.299861
vt 0.614327 0.303474
vt 0.610216 0.088857
vt 0.604467 0.085732
vt 0.463274 0.304882
vt 0.465680 0.326663
vt 0.297926 0.093440
vt 0.298611 0.023539
vt 0.309544 0.023083
vt 0.275367 0.163895
vt 0.275505 0.142798
vt 0.634236 0.313377
vt 0.631668 0.317417
vt 0.604779 0.097532
vt 0.600008 0.095815
vt 0.484094 0.303691
vt 0.484747 0.325814
vt 0.275855 0.093233
vt 0.276763 0.023333
vt 0.264299 0.163761
vt 0.264440 0.142717
vt 0.643449 0.319007
vt 0.641299 0.323069
vt 0.494404 0.303136
vt 0.495019 0.324494
vt 0.264805 0.093105
vt 0.265854 0.023208
vt 0.023741 0.018592
vt 0.023896 0.039689
vt 0.012831 0.039782
vt 0.012672 0.018735
vt 0.599385 0.123335
vt 0.603289 0.125746
vt 0.598184 0.135283
vt 0.593929 0.133104
vt 0.016952 0.305320
vt 0.027377 0.305797
vt 0.027653 0.328775
vt 0.017016 0.327115
vt 0.013241 0.089397
vt 0.024292 0.089260
vt 0.025264 0.159163
vt 0.014354 0.159298
vt 0.045873 0.018422
vt 0.046014 0.039516
vt 0.590508 0.155482
vt 0.586012 0.153942
vt 0.680834 0.340101
vt 0.684625 0.335537
vt 0.695074 0.341115
vt 0.691299 0.347471
vt 0.048276 0.306854
vt 0.047982 0.330071
vt 0.046363 0.089031
vt 0.047111 0.158936
vt 0.068012 0.018276
vt 0.068125 0.039369
vt 0.586100 0.176556
vt 0.581465 0.175682
vt 0.708478 0.346561
vt 0.704978 0.354431
vt 0.069807 0.307896
vt 0.067739 0.330268
vt 0.068403 0.088850
vt 0.068958 0.158675
vt 0.058046 0.159382
vt 0.090155 0.018165
vt 0.090233 0.039260
vt 0.585015 0.197995
vt 0.580345 0.197798
vt 0.724598 0.351047
vt 0.721729 0.360305
vt 0.092013 0.309291
vt 0.090046 0.331438
vt 0.090424 0.088720
vt 0.090790 0.158523
vt 0.112303 0.018098
vt 0.112340 0.039193
vt 0.587216 0.219303
vt 0.582617 0.219781
vt 0.743217 0.353920
vt 0.741340 0.364386
vt 0.113531 0.310345
vt 0.111400 0.331640
vt 0.112432 0.088642
vt 0.112622 0.158430
vt 0.134454 0.018082
vt 0.134446 0.039175
vt 0.592595 0.240015
vt 0.588166 0.241148
vt 0.763970 0.354525
vt 0.763443 0.365942
vt 0.135645 0.310591
vt 0.134203 0.332034
vt 0.134433 0.088616
vt 0.134446 0.158372
vt 0.156599 0.018118
vt 0.156550 0.039205
vt 0.600977 0.259707
vt 0.596813 0.261462
vt 0.786347 0.352169
vt 0.787474 0.364227
vt 0.158087 0.310490
vt 0.158021 0.331225
vt 0.156429 0.088644
vt 0.156270 0.158422
vt 0.189691 0.018246
vt 0.189593 0.039329
vt 0.618637 0.286459
vt 0.615031 0.289060
vt 0.820625 0.342117
vt 0.824946 0.353812
vt 0.194367 0.310701
vt 0.194020 0.330252
vt 0.189361 0.088782
vt 0.188899 0.158575
vt 0.211827 0.018374
vt 0.211697 0.039462
vt 0.633449 0.302036
vt 0.630311 0.305130
vt 0.842600 0.330314
vt 0.849026 0.341266
vt 0.219023 0.308911
vt 0.218644 0.331019
vt 0.211378 0.088937
vt 0.210729 0.158758
vt 0.862587 0.314683
vt 0.871157 0.324047
vt 0.016201 0.188248
vt 0.021512 0.189686
vt 0.019923 0.253030
vt 0.012105 0.252739
vt 0.009232 0.304849
vt 0.008880 0.328320
vt 0.501289 0.251480
vt 0.492952 0.251827
vt 0.491143 0.188851
vt 0.496867 0.187255
vt 0.502648 0.302745
vt 0.502995 0.325554
vt 0.603286 0.100381
vt 0.599581 0.100055
vt 0.493136 0.180515
vt 0.490005 0.183523
vt 0.481993 0.182516
vt 0.483209 0.176846
vt 0.462202 0.182227
vt 0.461583 0.176902
vt 0.454830 0.182431
vt 0.453363 0.178994
vt 0.449923 0.182164
vt 0.451590 0.187133
vt 0.440976 0.187099
vt 0.441407 0.181445
vt 0.419139 0.186153
vt 0.419509 0.180020
vt 0.396650 0.184979
vt 0.398600 0.179395
vt 0.393503 0.179997
vt 0.374980 0.178902
vt 0.375194 0.173235
vt 0.395059 0.176029
vt 0.356085 0.178967
vt 0.354854 0.174892
vt 0.351065 0.177943
vt 0.352469 0.183846
vt 0.316731 0.184079
vt 0.316535 0.177590
vt 0.292358 0.183570
vt 0.294324 0.177619
vt 0.289017 0.178226
vt 0.269054 0.176984
vt 0.269372 0.170937
vt 0.290665 0.174007
vt 0.244512 0.176803
vt 0.243908 0.170047
vt 0.269910 0.169743
vt 0.224010 0.178225
vt 0.222142 0.174032
vt 0.218652 0.177851
vt 0.220813 0.183700
vt 0.196427 0.184341
vt 0.196545 0.177854
vt 0.160649 0.184286
vt 0.161983 0.178334
vt 0.156990 0.179442
vt 0.138155 0.179445
vt 0.137948 0.173773
vt 0.158182 0.175318
vt 0.119521 0.180608
vt 0.117915 0.176681
vt 0.114370 0.180109
vt 0.116417 0.185638
vt 0.093890 0.186871
vt 0.093464 0.180733
vt 0.072003 0.187891
vt 0.071527 0.182218
vt 0.061371 0.187913
vt 0.063026 0.182939
vt 0.059581 0.179919
vt 0.058075 0.183261
vt 0.050745 0.183079
vt 0.051390 0.177777
vt 0.030965 0.183312
vt 0.029825 0.177647
vt 0.022652 0.184151
vt 0.019763 0.181338
vt 0.244668 0.184473
vt 0.268743 0.184512
vt 0.269125 0.256414
vt 0.244367 0.256492
vt 0.293855 0.256245
vt 0.318580 0.253302
vt 0.353445 0.253194
vt 0.374767 0.185332
vt 0.375657 0.252721
vt 0.397508 0.252829
vt 0.419122 0.252807
vt 0.442866 0.252020
vt 0.461680 0.252920
vt 0.461542 0.188654
vt 0.481718 0.189107
vt 0.482558 0.252210
vt 0.031131 0.189974
vt 0.030391 0.253362
vt 0.051392 0.189491
vt 0.051331 0.253974
vt 0.072728 0.254669
vt 0.094035 0.252812
vt 0.115685 0.252536
vt 0.138344 0.185887
vt 0.137609 0.252880
vt 0.159885 0.253796
vt 0.194811 0.256535
vt 0.219597 0.256489
vt 0.298553 0.015318
vt 0.309374 0.014953
vt 0.276804 0.015143
vt 0.265888 0.014995
vt 0.047062 0.167158
vt 0.025312 0.167353
vt 0.057884 0.167512
vt 0.385935 0.016224
vt 0.407825 0.016127
vt 0.364045 0.016164
vt 0.232365 0.166773
vt 0.210478 0.166569
vt 0.254251 0.167144
vt 0.461944 0.015749
vt 0.483774 0.015462
vt 0.134448 0.166165
vt 0.112557 0.166247
vt 0.156339 0.166238
vt 0.602848 0.101298
vt 0.598812 0.102370
vt 0.680326 0.332722
vt 0.681318 0.333471
vt 0.677734 0.336123
vt 0.675686 0.334251
vt 0.761486 0.026790
vt 0.735848 0.025392
vt 0.711497 0.028080
vt 0.678166 0.038697
vt 0.659283 0.048477
vt 0.643242 0.059319
vt 0.630110 0.070422
vt 0.619735 0.081131
vt 0.611863 0.090901
vt 0.605935 0.099204
vt 0.684962 0.333069
vt 0.695607 0.338170
vt 0.708615 0.343246
vt 0.724251 0.347514
vt 0.742381 0.350352
vt 0.762699 0.351095
vt 0.784574 0.349092
vt 0.818848 0.339408
vt 0.840528 0.327946
vt 0.860890 0.312108
vt 0.787589 0.032761
vt 0.157947 0.301057
vt 0.189439 0.301794
vt 0.075095 0.299253
vt 0.093403 0.300390
vt 0.093930 0.259668
vt 0.076335 0.259031
vt 0.190480 0.261332
vt 0.159009 0.261172
vt 0.114003 0.300629
vt 0.135992 0.300621
vt 0.137304 0.260595
vt 0.115476 0.260186
vt 0.420152 0.301435
vt 0.438534 0.301010
vt 0.436903 0.258151
vt 0.419360 0.258930
vt 0.323081 0.260770
vt 0.324163 0.302842
vt 0.354466 0.260528
vt 0.355882 0.302025
vt 0.377820 0.301954
vt 0.400675 0.302010
vt 0.397812 0.259271
vt 0.376089 0.259841
vt 0.014394 0.167512
vt 0.948888 0.009013
vt 0.958574 0.010730
vt 0.955998 0.025646
vt 0.946705 0.024196
vt 0.968102 0.012684
vt 0.965135 0.027378
vt 0.977507 0.014873
vt 0.974148 0.029402
vt 0.986819 0.017291
vt 0.983089 0.031755
vt 0.996085 0.019903
vt 0.992155 0.034562
vt 0.798027 0.019892
vt 0.807298 0.017281
vt 0.811027 0.031753
vt 0.801957 0.034558
vt 0.816615 0.014863
vt 0.819973 0.029401
vt 0.826024 0.012675
vt 0.828990 0.027377
vt 0.835558 0.010722
vt 0.838133 0.025646
vt 0.845249 0.009005
vt 0.847431 0.024198
vt 0.855126 0.007528
vt 0.856907 0.023032
vt 0.865219 0.006294
vt 0.866591 0.022154
vt 0.875559 0.005314
vt 0.876507 0.021571
vt 0.886174 0.004602
vt 0.886675 0.021277
vt 0.897083 0.004180
vt 0.897085 0.021226
vt 0.907987 0.004603
vt 0.907484 0.021270
vt 0.918595 0.005318
vt 0.917645 0.021565
vt 0.928929 0.006299
vt 0.927555 0.022151
vt 0.939017 0.007534
vt 0.937233 0.023029
vt 0.610152 0.020203
vt 0.615335 0.027519
vt 0.618060 0.036116
vt 0.594632 0.012095
vt 0.618060 0.045157
vt 0.615335 0.053756
vt 0.603018 0.066385
vt 0.610152 0.061070
vt 0.594632 0.069178
vt 0.585814 0.069178
vt 0.570293 0.061070
vt 0.577428 0.066385
vt 0.565110 0.053756
vt 0.562386 0.045157
vt 0.565110 0.027519
vt 0.562386 0.036116
vt 0.570293 0.020204
vt 0.577428 0.014890
vt 0.585814 0.012095
vt 0.603018 0.014890
vt 0.954947 0.032001
vt 0.945844 0.030670
vt 0.963893 0.033629
vt 0.972697 0.035553
vt 0.981337 0.037804
vt 0.989695 0.040556
vt 0.812740 0.037810
vt 0.804416 0.040556
vt 0.821375 0.035563
vt 0.830180 0.033638
vt 0.839131 0.032009
vt 0.848237 0.030675
vt 0.857520 0.029642
vt 0.867005 0.028915
vt 0.876718 0.028506
vt 0.886702 0.028423
vt 0.897050 0.028646
vt 0.907395 0.028423
vt 0.917375 0.028504
vt 0.927084 0.028912
vt 0.936566 0.029638
vt 0.946157 0.130387
vt 0.950071 0.130387
vt 0.950071 0.168087
vt 0.946157 0.168087
vt 0.953783 0.130387
vt 0.953783 0.168087
vt 0.957380 0.130387
vt 0.957380 0.168087
vt 0.961093 0.130387
vt 0.961093 0.168087
vt 0.965007 0.130387
vt 0.965007 0.168087
vt 0.968921 0.130387
vt 0.968921 0.168087
vt 0.972634 0.130387
vt 0.972634 0.168087
vt 0.976230 0.130387
vt 0.976230 0.168087
vt 0.979943 0.130387
vt 0.979943 0.168087
vt 0.983857 0.130387
vt 0.983857 0.168087
vt 0.941598 0.151097
vt 0.939277 0.158606
vt 0.933202 0.163246
vt 0.919619 0.158606
vt 0.925694 0.163246
vt 0.917298 0.151097
vt 0.919619 0.143588
vt 0.925694 0.138947
vt 0.933202 0.138947
vt 0.939277 0.143588
vt 0.511463 0.345977
vt 0.512518 0.339039
vt 0.515051 0.339365
vt 0.513881 0.346418
vt 0.509993 0.352625
vt 0.512284 0.353230
vt 0.507969 0.358743
vt 0.510110 0.360115
vt 0.510037 0.294407
vt 0.507969 0.287864
vt 0.510297 0.286419
vt 0.512520 0.293856
vt 0.511514 0.301572
vt 0.514126 0.301206
vt 0.512564 0.309029
vt 0.515249 0.308809
vt 0.513187 0.316630
vt 0.515898 0.316548
vt 0.513382 0.324247
vt 0.516077 0.324304
vt 0.513158 0.331758
vt 0.515791 0.331949
vt 0.525691 0.340826
vt 0.524081 0.348267
vt 0.522247 0.355463
vt 0.520191 0.362563
vt 0.521180 0.283923
vt 0.523276 0.291590
vt 0.525133 0.299359
vt 0.526543 0.307633
vt 0.527298 0.316042
vt 0.527404 0.324461
vt 0.526869 0.332766
vt 0.579380 0.315799
vt 0.587476 0.313376
vt 0.591720 0.318711
vt 0.579397 0.322398
vt 0.571276 0.313406
vt 0.567057 0.318759
vt 0.566246 0.307114
vt 0.559401 0.309177
vt 0.566246 0.299210
vt 0.566208 0.307008
vt 0.559344 0.309020
vt 0.559401 0.297145
vt 0.571274 0.292915
vt 0.567055 0.287563
vt 0.579380 0.290524
vt 0.579397 0.283923
vt 0.587474 0.292946
vt 0.591717 0.287611
vt 0.592475 0.299262
vt 0.599330 0.297223
vt 0.592475 0.307060
vt 0.599330 0.309098
vt 0.975795 0.124087
vt 0.968322 0.124087
vt 0.968322 0.115043
vt 0.975795 0.115043
vt 0.983269 0.124087
vt 0.983269 0.115043
vt 0.990741 0.124087
vt 0.990742 0.115043
vt 0.923482 0.124087
vt 0.916008 0.124087
vt 0.916008 0.115043
vt 0.923482 0.115043
vt 0.930955 0.124087
vt 0.930955 0.115043
vt 0.938429 0.124087
vt 0.938429 0.115043
vt 0.945901 0.124087
vt 0.945901 0.115043
vt 0.953375 0.124087
vt 0.953375 0.115043
vt 0.960848 0.124087
vt 0.960848 0.115043
vt 0.968322 0.082284
vt 0.975795 0.082284
vt 0.983269 0.082284
vt 0.990742 0.082284
vt 0.916008 0.082285
vt 0.923482 0.082285
vt 0.930955 0.082285
vt 0.938429 0.082285
vt 0.945901 0.082285
vt 0.953375 0.082284
vt 0.960848 0.082284
vt 0.918927 0.037557
vt 0.941340 0.037557
vt 0.941340 0.064496
vt 0.918927 0.064496
vt 0.970935 0.062472
vt 0.944660 0.062472
vt 0.944660 0.039492
vt 0.970935 0.039492
vt 0.909438 0.321250
vt 0.909438 0.294311
vt 0.922273 0.294311
vt 0.922273 0.321250
vt 0.909438 0.271332
vt 0.922273 0.271332
vt 0.909438 0.244392
vt 0.922273 0.244392
vt 0.909438 0.344229
vt 0.922273 0.344229
vt 0.924495 0.233223
vt 0.928903 0.233223
vt 0.928903 0.172848
vt 0.924495 0.172848
vt 0.933238 0.233223
vt 0.933238 0.172848
vt 0.937485 0.233223
vt 0.937485 0.172848
vt 0.941692 0.233223
vt 0.941692 0.172848
vt 0.945939 0.233223
vt 0.945939 0.172848
vt 0.950274 0.233223
vt 0.950274 0.172848
vt 0.954682 0.233223
vt 0.954682 0.172848
vt 0.959091 0.233223
vt 0.959091 0.172848
vt 0.963426 0.233223
vt 0.963426 0.172848
vt 0.967672 0.233223
vt 0.967672 0.172848
vt 0.971880 0.233223
vt 0.971880 0.172848
vt 0.976126 0.233223
vt 0.976126 0.172848
vt 0.980461 0.233223
vt 0.980461 0.172848
vt 0.984870 0.233223
vt 0.984870 0.172848
vt 0.984424 0.240690
vt 0.987713 0.239066
vt 0.991362 0.239066
vt 0.981337 0.247267
vt 0.994651 0.240690
vt 0.996926 0.243617
vt 0.996926 0.250917
vt 0.997738 0.247267
vt 0.994651 0.253843
vt 0.991362 0.255468
vt 0.984424 0.253843
vt 0.987713 0.255468
vt 0.982149 0.250917
vt 0.982149 0.243617
vt 0.527209 0.234740
vt 0.521482 0.230197
vt 0.518303 0.223635
vt 0.541497 0.234740
vt 0.518303 0.216351
vt 0.521482 0.209785
vt 0.534354 0.203624
vt 0.527209 0.205246
vt 0.541497 0.205246
vt 0.547226 0.209788
vt 0.550405 0.223635
vt 0.550405 0.216351
vt 0.547226 0.230197
vt 0.534354 0.236361
vt 0.614779 0.363702
vt 0.605424 0.361581
vt 0.607637 0.357015
vt 0.614779 0.358636
vt 0.597920 0.355634
vt 0.601907 0.352472
vt 0.593761 0.347037
vt 0.598728 0.345910
vt 0.593761 0.337499
vt 0.598728 0.338625
vt 0.597920 0.328901
vt 0.601907 0.332063
vt 0.605424 0.322955
vt 0.607637 0.327520
vt 0.614779 0.320832
vt 0.614779 0.325899
vt 0.624134 0.322955
vt 0.621921 0.327520
vt 0.631637 0.328901
vt 0.627650 0.332063
vt 0.635797 0.337499
vt 0.630830 0.338625
vt 0.635797 0.347037
vt 0.630830 0.345910
vt 0.631637 0.355634
vt 0.627650 0.352472
vt 0.624134 0.361581
vt 0.621921 0.357015
vt 0.543303 0.321638
vt 0.535588 0.318065
vt 0.540501 0.309328
vt 0.543297 0.310196
vt 0.530291 0.312657
vt 0.538290 0.307165
vt 0.527599 0.306175
vt 0.537100 0.304319
vt 0.527609 0.299338
vt 0.537117 0.301210
vt 0.530316 0.292865
vt 0.538319 0.298344
vt 0.535613 0.287479
vt 0.540505 0.296220
vt 0.543318 0.283923
vt 0.543291 0.295400
vt 0.551027 0.287488
vt 0.546129 0.296266
vt 0.556327 0.292873
vt 0.548346 0.298355
vt 0.559029 0.299344
vt 0.549544 0.301196
vt 0.559029 0.306181
vt 0.549532 0.304300
vt 0.556327 0.312661
vt 0.548321 0.307165
vt 0.551023 0.318063
vt 0.546112 0.309296
vt 0.539030 0.101909
vt 0.554570 0.092411
vt 0.557256 0.093148
vt 0.542597 0.108027
vt 0.558443 0.099274
vt 0.559160 0.096518
vt 0.566617 0.094423
vt 0.561849 0.097255
vt 0.565432 0.088297
vt 0.557975 0.090392
vt 0.562743 0.087560
vt 0.567335 0.091666
vt 0.585298 0.082631
vt 0.569992 0.092352
vt 0.581886 0.076708
vt 0.566170 0.085578
vt 0.569043 0.095287
vt 0.574091 0.108348
vt 0.569897 0.110837
vt 0.561369 0.099841
vt 0.555546 0.089529
vt 0.550384 0.076259
vt 0.554579 0.073771
vt 0.563227 0.084971
vt 0.559032 0.099926
vt 0.558818 0.117509
vt 0.552688 0.108785
vt 0.542489 0.076626
vt 0.581907 0.107770
vt 0.565547 0.084879
vt 0.571240 0.075676
vt 0.570284 0.093311
vt 0.581130 0.092748
vt 0.585324 0.101983
vt 0.558860 0.066921
vt 0.565680 0.117580
vt 0.543542 0.092051
vt 0.554307 0.091462
vt 0.539275 0.082582
vt 0.565620 0.066921
vt 0.501821 0.030053
vt 0.506606 0.022318
vt 0.510690 0.026899
vt 0.507370 0.031252
vt 0.561785 0.054444
vt 0.557025 0.062049
vt 0.552924 0.057390
vt 0.556144 0.053164
vt 0.543159 0.016221
vt 0.547962 0.019200
vt 0.544112 0.025914
vt 0.539351 0.022826
vt 0.520391 0.068041
vt 0.515660 0.065087
vt 0.519454 0.058431
vt 0.524195 0.061528
vt 0.535532 0.012095
vt 0.534253 0.017891
vt 0.503464 0.042954
vt 0.511327 0.042389
vt 0.560302 0.041247
vt 0.552394 0.041760
vt 0.527999 0.072238
vt 0.529313 0.066545
vt 0.555205 0.023967
vt 0.550970 0.028327
vt 0.545621 0.067221
vt 0.535748 0.072277
vt 0.534380 0.066331
vt 0.542111 0.060026
vt 0.517310 0.017344
vt 0.527566 0.012095
vt 0.528974 0.018162
vt 0.520823 0.024542
vt 0.508445 0.060389
vt 0.512606 0.056137
vt 0.504377 0.053975
vt 0.509821 0.052106
vt 0.559345 0.030384
vt 0.553893 0.032311
vt 0.550942 0.325984
vt 0.571820 0.325984
vt 0.582129 0.344688
vt 0.539619 0.344688
vt 0.571820 0.362955
vt 0.550942 0.362955
vt 0.886532 0.348454
vt 0.886560 0.336284
vt 0.894462 0.336302
vt 0.894433 0.348473
vt 0.886590 0.323707
vt 0.894492 0.323726
vt 0.886621 0.310910
vt 0.894523 0.310929
vt 0.886649 0.298742
vt 0.894551 0.298760
vt 0.886679 0.286240
vt 0.894581 0.286259
vt 0.886502 0.360731
vt 0.894404 0.360750
vt 0.321710 0.337378
vt 0.338582 0.337378
vt 0.338582 0.363411
vt 0.321710 0.363411
vt 0.354585 0.337378
vt 0.354585 0.363411
vt 0.370088 0.337378
vt 0.370088 0.363411
vt 0.386090 0.337378
vt 0.386090 0.363411
vt 0.402963 0.337378
vt 0.402963 0.363411
vt 0.419835 0.337378
vt 0.419835 0.363411
vt 0.435837 0.337378
vt 0.435837 0.363411
vt 0.451340 0.337378
vt 0.451340 0.363411
vt 0.467343 0.337378
vt 0.467343 0.363411
vt 0.484215 0.337378
vt 0.484215 0.363411
vt 0.299272 0.360499
vt 0.292226 0.360499
vt 0.286527 0.356144
vt 0.307150 0.349099
vt 0.284350 0.349099
vt 0.286527 0.342053
vt 0.292226 0.337699
vt 0.299272 0.337699
vt 0.304972 0.342053
vt 0.304973 0.356144
vt 0.541598 0.259144
vt 0.538572 0.268932
vt 0.530654 0.274982
vt 0.512947 0.268932
vt 0.520865 0.274982
vt 0.509922 0.259144
vt 0.512947 0.249356
vt 0.520865 0.243307
vt 0.530654 0.243307
vt 0.538573 0.249356
s 1
usemtl gas_bottle_fire
f 1/1/1 2/2/2 3/3/3 4/4/4
f 2/2/2 5/5/5 6/6/6 3/3/3
f 5/5/5 7/7/7 8/8/8 6/6/6
f 7/7/7 9/9/9 10/10/10 8/8/8
f 9/9/9 11/11/11 12/12/12 10/10/10
f 11/13/11 13/14/13 14/15/14 12/16/12
f 13/14/13 15/17/15 16/18/16 14/15/14
f 15/17/15 17/19/17 18/20/18 16/18/16
f 17/19/17 19/21/19 20/22/20 18/20/18
f 19/21/19 21/23/21 22/24/22 20/22/20
f 21/23/21 23/25/23 24/26/24 22/24/22
f 23/25/23 25/27/25 26/28/26 24/26/24
f 25/27/25 27/29/27 28/30/28 26/28/26
f 27/29/27 29/31/29 30/32/30 28/30/28
f 29/31/29 31/33/31 32/34/32 30/32/30
f 31/33/31 33/35/33 34/36/34 32/34/32
f 33/35/33 35/37/35 36/38/36 34/36/34
f 35/37/35 37/39/37 38/40/38 36/38/36
f 37/39/37 39/41/39 40/42/40 38/40/38
f 39/41/39 1/1/1 4/4/4 40/42/40
f 41/43/17 42/44/15 43/45/13 44/46/21
f 43/45/13 45/47/11 46/48/9 47/49/5
f 46/48/9 48/50/7 47/49/5
f 47/49/5 49/51/2 50/52/1 51/53/37
f 50/52/1 52/54/39 51/53/37
f 51/53/37 53/55/35 54/56/33 55/57/29
f 54/56/33 56/58/31 55/57/29
f 55/57/29 57/59/27 58/60/25 44/46/21
f 58/60/25 59/61/23 44/46/21
f 51/53/37 55/57/29 44/46/21 47/49/5
f 43/45/13 47/49/5 44/46/21
f 60/62/19 41/43/17 44/46/21
f 4/4/4 3/3/3 61/63/41 62/64/42
f 3/3/3 6/6/6 63/65/43 61/63/41
f 6/6/6 8/8/8 64/66/44 63/65/43
f 8/8/8 10/10/10 65/67/45 64/66/44
f 10/10/10 12/12/12 66/68/46 65/67/45
f 12/16/12 14/15/14 67/69/47 66/70/46
f 14/15/14 16/18/16 68/71/48 67/69/47
f 16/18/16 18/20/18 69/72/49 68/71/48
f 18/20/18 20/22/20 70/73/50 69/72/49
f 20/22/20 22/24/22 71/74/51 70/73/50
f 22/24/22 24/26/24 72/75/52 71/74/51
f 24/26/24 26/28/26 73/76/53 72/75/52
f 26/28/26 28/30/28 74/77/54 73/76/53
f 28/30/28 30/32/30 75/78/55 74/77/54
f 30/32/30 32/34/32 76/79/56 75/78/55
f 32/34/32 34/36/34 77/80/57 76/79/56
f 34/36/34 36/38/36 78/81/58 77/80/57
f 36/38/36 38/40/38 79/82/59 78/81/58
f 38/40/38 40/42/40 80/83/60 79/82/59
f 40/42/40 4/4/4 62/64/42 80/83/60
f 62/64/42 61/63/41 81/84/61 82/85/62
f 61/63/41 63/65/43 83/86/63 81/84/61
f 63/65/43 64/66/44 84/87/64 83/86/63
f 64/66/44 65/67/45 85/88/65 84/87/64
f 65/67/45 66/68/46 86/89/66 85/88/65
f 66/70/46 67/69/47 87/90/67 86/91/66
f 67/69/47 68/71/48 88/92/68 87/90/67
f 68/71/48 69/72/49 89/93/69 88/92/68
f 69/72/49 70/73/50 90/94/70 89/93/69
f 70/73/50 71/74/51 91/95/71 90/94/70
f 71/74/51 72/75/52 92/96/72 91/95/71
f 72/75/52 73/76/53 93/97/73 92/96/72
f 73/76/53 74/77/54 94/98/74 93/97/73
f 74/77/54 75/78/55 95/99/75 94/98/74
f 75/78/55 76/79/56 96/100/76 95/99/75
f 76/79/56 77/80/57 97/101/77 96/100/76
f 77/80/57 78/81/58 98/102/78 97/101/77
f 78/81/58 79/82/59 99/103/79 98/102/78
f 79/82/59 80/83/60 100/104/80 99/103/79
f 80/83/60 62/64/42 82/85/62 100/104/80
f 82/85/62 81/84/61 101/105/81 102/106/82
f 81/84/61 83/86/63 103/107/83 101/105/81
f 83/86/63 84/87/64 104/108/84 103/107/83
f 84/87/64 85/88/65 105/109/85 104/108/84
f 85/88/65 86/89/66 106/110/86 105/109/85
f 86/91/66 87/90/67 107/111/87 106/112/86
f 87/90/67 88/92/68 108/113/88 107/111/87
f 88/92/68 89/93/69 109/114/89 108/113/88
f 89/93/69 90/94/70 110/115/90 109/114/89
f 90/94/70 91/95/71 111/116/91 110/115/90
f 91/95/71 92/96/72 112/117/92 111/116/91
f 92/96/72 93/97/73 113/118/93 112/117/92
f 93/97/73 94/98/74 114/119/94 113/118/93
f 94/98/74 95/99/75 115/120/95 114/119/94
f 95/99/75 96/100/76 116/121/96 115/120/95
f 96/100/76 97/101/77 117/122/97 116/121/96
f 97/101/77 98/102/78 118/123/98 117/122/97
f 98/102/78 99/103/79 119/124/99 118/123/98
f 99/103/79 100/104/80 120/125/100 119/124/99
f 100/104/80 82/85/62 102/106/82 120/125/100
f 102/106/82 101/105/81 121/126/101 122/127/102
f 101/105/81 103/107/83 123/128/103 121/126/101
f 103/107/83 104/108/84 124/129/104 123/128/103
f 104/108/84 105/109/85 125/130/105 124/129/104
f 105/109/85 106/110/86 126/131/106 125/130/105
f 106/112/86 107/111/87 127/132/107 126/133/106
f 107/111/87 108/113/88 128/134/108 127/132/107
f 108/113/88 109/114/89 129/135/109 128/134/108
f 109/114/89 110/115/90 130/136/110 129/135/109
f 110/115/90 111/116/91 131/137/111 130/136/110
f 111/116/91 112/117/92 132/138/112 131/137/111
f 112/117/92 113/118/93 133/139/113 132/138/112
f 113/118/93 114/119/94 134/140/114 133/139/113
f 114/119/94 115/120/95 135/141/115 134/140/114
f 115/120/95 116/121/96 136/142/116 135/141/115
f 116/121/96 117/122/97 137/143/117 136/142/116
f 117/122/97 118/123/98 138/144/118 137/143/117
f 118/123/98 119/124/99 139/145/119 138/144/118
f 119/124/99 120/125/100 140/146/120 139/145/119
f 120/125/100 102/106/82 122/127/102 140/146/120
f 122/127/102 121/126/101 141/147/121 142/148/122
f 121/126/101 123/128/103 143/149/123 141/147/121
f 123/128/103 124/129/104 144/150/124 143/149/123
f 124/129/104 125/130/105 145/151/125 144/150/124
f 125/130/105 126/131/106 146/152/126 145/151/125
f 126/133/106 127/132/107 147/153/127 146/154/126
f 127/132/107 128/134/108 148/155/128 147/153/127
f 128/134/108 129/135/109 149/156/129 148/155/128
f 129/135/109 130/136/110 150/157/130 149/156/129
f 130/136/110 131/137/111 151/158/131 150/157/130
f 131/137/111 132/138/112 152/159/132 151/158/131
f 132/138/112 133/139/113 153/160/133 152/159/132
f 133/139/113 134/140/114 154/161/134 153/160/133
f 134/140/114 135/141/115 155/162/135 154/161/134
f 135/141/115 136/142/116 156/163/136 155/162/135
f 136/142/116 137/143/117 157/164/137 156/163/136
f 137/143/117 138/144/118 158/165/138 157/164/137
f 138/144/118 139/145/119 159/166/139 158/165/138
f 139/145/119 140/146/120 160/167/140 159/166/139
f 140/146/120 122/127/102 142/148/122 160/167/140
f 142/148/122 141/147/121 161/168/141 162/169/142
f 141/147/121 143/149/123 163/170/143 161/168/141
f 143/149/123 144/150/124 164/171/144 163/170/143
f 144/150/124 145/151/125 165/172/145 164/171/144
f 145/151/125 146/152/126 166/173/146 165/172/145
f 146/154/126 147/153/127 167/174/147 166/175/146
f 147/153/127 148/155/128 168/176/148 167/174/147
f 148/155/128 149/156/129 169/177/149 168/176/148
f 149/156/129 150/157/130 170/178/150 169/177/149
f 150/157/130 151/158/131 171/179/151 170/178/150
f 151/158/131 152/159/132 172/180/152 171/179/151
f 152/159/132 153/160/133 173/181/153 172/180/152
f 153/160/133 154/161/134 174/182/154 173/181/153
f 154/161/134 155/162/135 175/183/155 174/182/154
f 155/162/135 156/163/136 176/184/156 175/183/155
f 156/163/136 157/164/137 177/185/157 176/184/156
f 157/164/137 158/165/138 178/186/158 177/185/157
f 158/165/138 159/166/139 179/187/159 178/186/158
f 159/166/139 160/167/140 180/188/160 179/187/159
f 160/167/140 142/148/122 162/169/142 180/188/160
f 181/189/161 182/190/162 183/191/163 184/192/164
f 185/193/165 186/194/166 182/190/162 181/189/161
f 187/195/167 188/196/168 186/194/166 185/193/165
f 189/197/169 190/198/170 188/196/168 187/195/167
f 191/199/171 192/200/172 190/198/170 189/197/169
f 193/201/173 194/202/174 192/203/172 191/204/171
f 195/205/175 196/206/176 194/202/174 193/201/173
f 197/207/177 198/208/178 196/206/176 195/205/175
f 199/209/179 200/210/180 198/208/178 197/207/177
f 201/211/181 202/212/182 200/210/180 199/209/179
f 203/213/183 204/214/184 202/212/182 201/211/181
f 205/215/185 206/216/186 204/214/184 203/213/183
f 207/217/187 208/218/188 206/216/186 205/215/185
f 209/219/189 210/220/190 208/218/188 207/217/187
f 211/221/191 212/222/192 210/220/190 209/219/189
f 213/223/193 214/224/194 212/222/192 211/221/191
f 215/225/195 216/226/196 214/224/194 213/223/193
f 217/227/197 218/228/198 216/226/196 215/225/195
f 219/229/199 220/230/200 218/228/198 217/227/197
f 184/192/164 183/191/163 220/230/200 219/229/199
f 221/231/201 162/169/142 161/168/141 222/232/202
f 222/232/202 161/168/141 163/170/143 223/233/203
f 223/233/203 163/170/143 164/171/144 224/234/204
f 224/234/204 164/171/144 165/172/145 225/235/205
f 225/235/205 165/172/145 166/173/146 226/236/206
f 226/237/206 166/175/146 167/174/147 227/238/207
f 227/238/207 167/174/147 168/176/148 228/239/208
f 228/239/208 168/176/148 169/177/149 229/240/209
f 229/240/209 169/177/149 170/178/150 230/241/210
f 230/241/210 170/178/150 171/179/151 231/242/211
f 231/242/211 171/179/151 172/180/152 232/243/212
f 232/243/212 172/180/152 173/181/153 233/244/213
f 233/244/213 173/181/153 174/182/154 234/245/214
f 234/245/214 174/182/154 175/183/155 235/246/215
f 235/246/215 175/183/155 176/184/156 236/247/216
f 236/247/216 176/184/156 177/185/157 237/248/217
f 237/248/217 177/185/157 178/186/158 238/249/218
f 238/249/218 178/186/158 179/187/159 239/250/219
f 239/250/219 179/187/159 180/188/160 240/251/220
f 240/251/220 180/188/160 162/169/142 221/231/201
f 184/192/164 221/231/201 222/232/202 181/189/161
f 181/189/161 222/232/202 223/233/203 185/193/165
f 185/193/165 223/233/203 224/234/204 187/195/167
f 187/195/167 224/234/204 225/235/205 189/197/169
f 189/197/169 225/235/205 226/236/206 191/199/171
f 191/204/171 226/237/206 227/238/207 193/201/173
f 193/201/173 227/238/207 228/239/208 195/205/175
f 195/205/175 228/239/208 229/240/209 197/207/177
f 197/207/177 229/240/209 230/241/210 199/209/179
f 199/209/179 230/241/210 231/242/211 201/211/181
f 201/211/181 231/242/211 232/243/212 203/213/183
f 203/213/183 232/243/212 233/244/213 205/215/185
f 205/215/185 233/244/213 234/245/214 207/217/187
f 207/217/187 234/245/214 235/246/215 209/219/189
f 209/219/189 235/246/215 236/247/216 211/221/191
f 211/221/191 236/247/216 237/248/217 213/223/193
f 213/223/193 237/248/217 238/249/218 215/225/195
f 215/225/195 238/249/218 239/250/219 217/227/197
f 217/227/197 239/250/219 240/251/220 219/229/199
f 219/229/199 240/251/220 221/231/201 184/192/164
f 241/252/221 242/253/222 243/254/223
f 241/252/221 243/254/223 244/255/224
f 241/252/221 244/255/224 245/256/225
f 241/252/221 245/256/225 246/257/226
f 241/252/221 246/257/226 247/258/227
f 241/252/221 247/259/227 248/260/228
f 241/252/221 248/260/228 249/261/229
f 241/252/221 249/261/229 250/262/230
f 241/252/221 250/262/230 251/263/231
f 241/252/221 251/263/231 252/264/232
f 241/252/221 252/264/232 253/265/233
f 241/252/221 253/265/233 254/266/234
f 241/252/221 254/266/234 255/267/235
f 241/252/221 255/267/235 256/268/236
f 241/252/221 256/268/236 257/269/237
f 241/252/221 257/269/237 258/270/238
f 241/252/221 258/270/238 259/271/239
f 241/252/221 259/271/239 260/272/240
f 241/252/221 260/272/240 261/273/241
f 261/273/241 242/253/222 241/252/221
f 242/253/222 183/191/163 182/190/162 243/254/223
f 243/254/223 182/190/162 186/194/166 244/255/224
f 244/255/224 186/194/166 188/196/168 245/256/225
f 245/256/225 188/196/168 190/198/170 246/257/226
f 246/257/226 190/198/170 192/200/172 247/258/227
f 247/259/227 192/203/172 194/202/174 248/260/228
f 248/260/228 194/202/174 196/206/176 249/261/229
f 249/261/229 196/206/176 198/208/178 250/262/230
f 250/262/230 198/208/178 200/210/180 251/263/231
f 251/263/231 200/210/180 202/212/182 252/264/232
f 252/264/232 202/212/182 204/214/184 253/265/233
f 253/265/233 204/214/184 206/216/186 254/266/234
f 254/266/234 206/216/186 208/218/188 255/267/235
f 255/267/235 208/218/188 210/220/190 256/268/236
f 256/268/236 210/220/190 212/222/192 257/269/237
f 257/269/237 212/222/192 214/224/194 258/270/238
f 258/270/238 214/224/194 216/226/196 259/271/239
f 259/271/239 216/226/196 218/228/198 260/272/240
f 260/272/240 218/228/198 220/230/200 261/273/241
f 261/273/241 220/230/200 183/191/163 242/253/222
f 2/274/2 1/275/1 262/276/242 263/277/243
f 1/275/1 39/278/39 264/279/244 262/276/242
f 39/278/39 37/280/37 265/281/245 264/279/244
f 37/280/37 35/282/35 266/283/246 265/281/245
f 35/282/35 33/284/33 267/285/247 266/283/246
f 33/284/33 31/286/31 268/287/248 267/285/247
f 31/286/31 29/288/29 269/289/249 268/287/248
f 29/288/29 27/290/27 270/291/250 269/289/249
f 27/290/27 25/292/25 271/293/251 270/291/250
f 25/292/25 23/294/23 272/295/252 271/293/251
f 23/294/23 21/296/21 273/297/253 272/295/252
f 21/296/21 19/298/19 274/299/254 273/297/253
f 19/298/19 17/300/17 275/301/255 274/299/254
f 17/300/17 15/302/15 276/303/256 275/301/255
f 15/302/15 13/304/13 277/305/257 276/303/256
f 13/304/13 11/306/11 278/307/258 277/305/257
f 11/306/11 9/308/9 279/309/259 278/307/258
f 9/308/9 7/310/7 280/311/260 279/309/259
f 7/310/7 5/312/5 281/313/261 280/311/260
f 5/312/5 2/274/2 263/277/243 281/313/261
f 263/314/243 262/315/242 44/316/21 59/317/23
f 262/315/242 264/318/244 60/319/19 44/316/21
f 264/318/244 265/320/245 41/321/17 60/319/19
f 265/320/245 266/322/246 42/323/15 41/321/17
f 266/322/246 267/324/247 43/325/13 42/323/15
f 267/324/247 268/326/248 45/327/11 43/325/13
f 268/326/248 269/328/249 46/329/9 45/327/11
f 269/328/249 270/330/250 48/331/7 46/329/9
f 270/330/250 271/332/251 47/333/5 48/331/7
f 271/332/251 272/334/252 49/335/2 47/333/5
f 272/334/252 273/336/253 50/337/1 49/335/2
f 273/336/253 274/338/254 52/339/39 50/337/1
f 274/338/254 275/340/255 51/341/37 52/339/39
f 275/340/255 276/342/256 53/343/35 51/341/37
f 276/342/256 277/344/257 54/345/33 53/343/35
f 277/344/257 278/346/258 56/347/31 54/345/33
f 278/348/258 279/349/259 55/350/29 56/351/31
f 279/349/259 280/352/260 57/353/27 55/350/29
f 280/352/260 281/354/261 58/355/25 57/353/27
f 281/354/261 263/314/243 59/317/23 58/355/25
f 282/356/262 283/357/263 284/358/264 285/359/265
f 285/360/265 286/361/266 287/362/267 282/363/262
f 286/364/266 288/365/268 289/366/269 287/367/267
f 290/368/270 291/369/271 292/370/272 293/371/273
f 294/372/274 295/373/275 296/374/276 297/375/277
f 298/376/278 299/377/279 283/378/263 282/379/262
f 282/380/262 287/381/267 300/382/280 298/383/278
f 287/367/267 289/366/269 301/384/281 300/385/280
f 292/370/272 302/386/282 303/387/283 293/371/273
f 295/388/275 304/389/284 305/390/285 296/391/276
f 306/392/286 307/393/287 299/377/279 298/376/278
f 298/383/278 300/382/280 308/394/288 306/395/286
f 300/385/280 301/384/281 309/396/289 308/397/288
f 302/386/282 310/398/290 311/399/291 303/387/283
f 304/389/284 312/400/292 313/401/293 305/390/285
f 314/402/294 315/403/295 307/393/287 306/392/286
f 306/395/286 308/394/288 316/404/296 314/405/294
f 308/397/288 309/396/289 317/406/297 316/407/296
f 310/398/290 318/408/298 319/409/299 311/399/291
f 312/400/292 320/410/300 321/411/301 313/401/293
f 322/412/302 323/413/303 315/403/295 314/402/294
f 314/405/294 316/404/296 324/414/304 322/415/302
f 316/407/296 317/406/297 325/416/305 324/417/304
f 318/408/298 326/418/306 327/419/307 319/409/299
f 320/410/300 328/420/308 329/421/309 321/411/301
f 330/422/310 331/423/311 323/413/303 322/412/302
f 322/415/302 324/414/304 332/424/312 330/425/310
f 324/417/304 325/416/305 333/426/313 332/427/312
f 326/418/306 334/428/314 335/429/315 327/419/307
f 328/420/308 336/430/316 337/431/317 329/421/309
f 338/432/318 339/433/319 331/423/311 330/422/310
f 330/425/310 332/424/312 340/434/320 338/435/318
f 332/427/312 333/426/313 341/436/321 340/437/320
f 334/428/314 342/438/322 343/439/323 335/429/315
f 336/430/316 344/440/324 345/441/325 337/431/317
f 346/442/326 347/443/327 339/433/319 338/432/318
f 338/435/318 340/434/320 348/444/328 346/445/326
f 340/437/320 341/436/321 349/446/329 348/447/328
f 342/438/322 350/448/330 351/449/331 343/439/323
f 344/440/324 352/450/332 353/451/333 345/441/325
f 354/452/334 355/453/335 347/443/327 346/442/326
f 346/445/326 348/444/328 356/454/336 354/455/334
f 348/447/328 349/446/329 357/456/337 356/457/336
f 350/448/330 358/458/338 359/459/339 351/449/331
f 352/450/332 360/460/340 361/461/341 353/451/333
f 353/451/333 361/461/341 362/462/342
f 363/463/343 364/464/344 355/453/335 354/452/334
f 354/455/334 356/454/336 365/465/345 363/466/343
f 356/457/336 357/456/337 366/467/346 365/468/345
f 358/458/338 367/469/347 368/470/348 359/459/339
f 360/460/340 369/471/349 370/472/350 361/461/341
f 371/473/351 372/474/352 364/464/344 363/463/343
f 363/466/343 365/465/345 373/475/353 371/476/351
f 367/469/347 374/477/354 375/478/355 368/470/348
f 370/472/350 369/471/349 376/479/356 377/480/357
f 378/481/358 379/482/359 380/483/360 381/484/361
f 381/485/361 382/486/362 383/487/363 378/488/358
f 384/489/364 385/490/365 386/491/366 387/492/367
f 388/493/368 389/494/369 390/495/370 391/496/371
f 392/497/372 393/498/373 379/482/359 378/481/358
f 378/488/358 383/487/363 394/499/374 392/500/372
f 383/501/363 395/502/375 396/503/376 394/504/374
f 385/490/365 397/505/377 398/506/378 386/491/366
f 389/494/369 399/507/379 400/508/380 390/495/370
f 401/509/381 402/510/382 393/498/373 392/497/372
f 392/500/372 394/499/374 403/511/383 401/512/381
f 394/504/374 396/503/376 404/513/384 403/514/383
f 397/505/377 405/515/385 406/516/386 398/506/378
f 399/507/379 407/517/387 408/518/388 400/508/380
f 400/508/380 408/518/388 409/519/389
f 410/520/390 411/521/391 402/510/382 401/509/381
f 401/512/381 403/511/383 412/522/392 410/523/390
f 403/514/383 404/513/384 413/524/393 412/525/392
f 405/515/385 414/526/394 415/527/395 406/516/386
f 407/517/387 416/528/396 417/529/397 408/518/388
f 418/530/398 419/531/399 411/521/391 410/520/390
f 410/523/390 412/522/392 420/532/400 418/533/398
f 412/525/392 413/524/393 421/534/401 420/535/400
f 414/526/394 422/536/402 423/537/403 415/527/395
f 416/528/396 424/538/404 425/539/405 417/529/397
f 426/540/406 427/541/407 419/531/399 418/530/398
f 418/533/398 420/532/400 428/542/408 426/543/406
f 420/535/400 421/534/401 429/544/409 428/545/408
f 422/536/402 430/546/410 431/547/411 423/537/403
f 424/538/404 432/548/412 433/549/413 425/539/405
f 434/550/414 435/551/415 427/541/407 426/540/406
f 426/543/406 428/542/408 436/552/416 434/553/414
f 428/545/408 429/544/409 437/554/417 436/555/416
f 430/546/410 438/556/418 439/557/419 431/547/411
f 432/548/412 440/558/420 441/559/421 433/549/413
f 442/560/422 443/561/423 435/551/415 434/550/414
f 434/553/414 436/552/416 444/562/424 442/563/422
f 436/555/416 437/554/417 445/564/425 444/565/424
f 438/556/418 446/566/426 447/567/427 439/557/419
f 440/558/420 448/568/428 449/569/429 441/559/421
f 450/570/430 451/571/431 443/561/423 442/560/422
f 442/563/422 444/562/424 452/572/432 450/573/430
f 444/565/424 445/564/425 453/574/433 452/575/432
f 446/566/426 454/576/434 455/577/435 447/567/427
f 448/568/428 456/578/436 457/579/437 449/569/429
f 285/359/265 284/358/264 451/571/431 450/570/430
f 450/573/430 452/572/432 286/361/266 285/360/265
f 452/575/432 453/574/433 288/580/268 286/581/266
f 454/576/434 291/369/271 290/368/270 455/577/435
f 457/579/437 456/578/436 294/372/274 297/375/277
f 391/582/371 458/583/438 459/584/439 388/585/368
f 380/586/360 384/489/364 387/492/367 381/587/361
f 376/588/356 460/589/440 461/590/441 377/591/357
f 375/478/355 374/477/354 372/592/352 371/593/351
f 462/594/442 373/595/353 365/468/345 366/467/346
f 463/596/443 464/597/444 465/598/445 466/599/446
f 465/598/445 467/600/447 468/601/448 466/599/446
f 468/601/448 467/600/447 469/602/449 470/603/450
f 362/604/342 471/605/451 472/606/452 353/607/333
f 353/607/333 472/606/452 473/608/453 345/609/325
f 345/609/325 473/608/453 474/610/454 337/611/317
f 475/612/455 476/613/456 477/614/457 478/615/458
f 476/613/456 479/616/459 480/617/460 477/614/457
f 321/618/301 481/619/461 482/620/462 313/621/293
f 313/621/293 482/620/462 483/622/463 305/623/285
f 484/624/464 485/625/465 486/626/466 487/627/467
f 485/625/465 488/628/468 489/629/469 486/630/466
f 488/628/468 490/631/470 491/632/471 489/629/469
f 457/633/437 492/634/472 493/635/473 449/636/429
f 449/636/429 493/635/473 494/637/474 441/638/421
f 495/639/475 496/640/476 497/641/477 498/642/478
f 496/640/476 499/643/479 500/644/480 497/641/477
f 425/645/405 501/646/481 502/647/482 417/648/397
f 417/648/397 502/647/482 503/649/483 408/650/388
f 408/650/388 503/649/483 504/651/484 409/652/389
f 505/653/485 506/654/486 507/655/487 508/656/488
f 507/655/487 509/657/489 510/658/490 508/656/488
f 510/658/490 509/657/489 511/659/491 512/660/492
f 513/661/493 514/662/494 515/663/495 516/664/496
f 515/663/495 514/662/494 483/622/463 517/665/497
f 517/665/497 483/622/463 482/620/462 518/666/498
f 518/666/498 482/620/462 481/619/461 519/667/499
f 519/667/499 481/619/461 520/668/500 521/669/501
f 521/669/501 520/668/500 474/610/454 522/670/502
f 522/670/502 474/610/454 473/608/453 523/671/503
f 523/671/503 473/608/453 472/606/452 524/672/504
f 524/672/504 472/606/452 471/605/451 525/673/505
f 471/605/451 526/674/506 525/673/505
f 525/673/505 526/674/506 527/675/507 528/676/508
f 528/676/508 527/675/507 461/590/441 460/589/440
f 459/584/439 458/583/438 529/677/509 530/678/510
f 530/678/510 529/677/509 531/679/511 532/680/512
f 532/680/512 531/679/511 504/651/484 533/681/513
f 504/651/484 503/649/483 533/681/513
f 533/681/513 503/649/483 502/647/482 534/682/514
f 534/682/514 502/647/482 501/646/481 535/683/515
f 535/683/515 501/646/481 536/684/516 537/685/517
f 537/685/517 536/684/516 494/637/474 538/686/518
f 538/686/518 494/637/474 493/635/473 539/687/519
f 539/687/519 493/635/473 492/634/472 540/688/520
f 540/688/520 492/634/472 513/661/493 516/664/496
f 295/373/275 294/372/274 284/358/264 283/357/263
f 515/663/495 517/665/497 302/386/282 292/370/272
f 304/389/284 295/388/275 283/378/263 299/377/279
f 517/665/497 518/666/498 310/398/290 302/386/282
f 312/400/292 304/389/284 299/377/279 307/393/287
f 355/453/335 360/460/340 352/450/332 347/443/327
f 350/448/330 524/672/504 525/673/505 358/458/338
f 525/673/505 528/676/508 367/469/347 358/458/338
f 369/471/349 360/460/340 355/453/335 364/464/344
f 528/676/508 460/589/440 374/477/354 367/469/347
f 389/494/369 388/493/368 380/483/360 379/482/359
f 530/678/510 532/680/512 397/505/377 385/490/365
f 399/507/379 389/494/369 379/482/359 393/498/373
f 402/510/382 407/517/387 399/507/379 393/498/373
f 397/505/377 532/680/512 533/681/513 405/515/385
f 539/687/519 540/688/520 454/576/434 446/566/426
f 456/578/436 448/568/428 443/561/423 451/571/431
f 540/688/520 516/664/496 291/369/271 454/576/434
f 294/372/274 456/578/436 451/571/431 284/358/264
f 516/664/496 515/663/495 292/370/272 291/369/271
f 388/585/368 459/584/439 384/489/364 380/586/360
f 460/589/440 376/588/356 372/592/352 374/477/354
f 526/674/506 471/605/451 469/602/449 467/600/447
f 471/605/451 362/604/342 470/603/450 469/602/449
f 362/462/342 361/461/341 468/689/448 470/690/450
f 370/472/350 466/691/446 468/689/448 361/461/341
f 370/472/350 377/480/357 463/692/443 466/691/446
f 377/591/357 461/590/441 464/597/444 463/596/443
f 461/590/441 527/675/507 465/598/445 464/597/444
f 527/675/507 526/674/506 467/600/447 465/598/445
f 529/677/509 458/583/438 511/659/491 509/657/489
f 458/583/438 391/582/371 512/660/492 511/659/491
f 400/508/380 508/693/488 510/694/490 390/495/370
f 400/508/380 409/519/389 505/695/485 508/693/488
f 409/652/389 504/651/484 506/654/486 505/653/485
f 504/651/484 531/679/511 507/655/487 506/654/486
f 531/679/511 529/677/509 509/657/489 507/655/487
f 481/619/461 321/618/301 480/617/460 479/616/459
f 329/421/309 477/696/457 480/697/460 321/411/301
f 337/431/317 478/698/458 477/696/457 329/421/309
f 337/611/317 474/610/454 475/612/455 478/615/458
f 474/610/454 520/668/500 476/613/456 475/612/455
f 520/668/500 481/619/461 479/616/459 476/613/456
f 514/662/494 513/661/493 488/628/468 485/625/465
f 513/661/493 492/634/472 490/631/470 488/628/468
f 492/634/472 457/633/437 491/632/471 490/631/470
f 297/375/277 489/699/469 491/700/471 457/579/437
f 297/375/277 296/374/276 486/701/466 489/699/469
f 305/390/285 487/702/467 486/703/466 296/391/276
f 305/623/285 483/622/463 484/624/464 487/627/467
f 483/622/463 514/662/494 485/625/465 484/624/464
f 501/646/481 425/645/405 500/644/480 499/643/479
f 433/549/413 497/704/477 500/705/480 425/539/405
f 441/559/421 498/706/478 497/704/477 433/549/413
f 441/638/421 494/637/474 495/639/475 498/642/478
f 494/637/474 536/684/516 496/640/476 495/639/475
f 536/684/516 501/646/481 499/643/479 496/640/476
f 375/707/355 371/708/351 373/595/353 462/594/442
f 387/709/367 541/710/521 382/711/362 381/712/361
f 289/366/269 293/713/273 303/714/283 301/384/281
f 301/384/281 303/714/283 311/715/291 309/396/289
f 309/396/289 311/715/291 319/716/299 317/406/297
f 317/406/297 319/716/299 327/717/307 325/416/305
f 325/416/305 327/717/307 335/718/315 333/426/313
f 333/426/313 335/718/315 343/719/323 341/436/321
f 341/436/321 343/719/323 351/720/331 349/446/329
f 349/446/329 351/720/331 359/721/339 357/456/337
f 357/456/337 359/721/339 368/722/348 366/467/346
f 366/467/346 368/722/348 375/707/355 462/594/442
f 541/710/521 387/709/367 386/723/366 395/502/375
f 395/502/375 386/723/366 398/724/378 396/503/376
f 396/503/376 398/724/378 406/725/386 404/513/384
f 404/513/384 406/725/386 415/726/395 413/524/393
f 413/524/393 415/726/395 423/727/403 421/534/401
f 421/534/401 423/727/403 431/728/411 429/544/409
f 429/544/409 431/728/411 439/729/419 437/554/417
f 437/554/417 439/729/419 447/730/427 445/564/425
f 445/564/425 447/730/427 455/731/435 453/574/433
f 453/574/433 455/731/435 290/732/270 288/580/268
f 290/733/270 293/713/273 289/366/269 288/365/268
f 438/556/418 435/734/415 443/735/423 446/566/426
f 405/515/385 402/736/382 411/737/391 414/526/394
f 534/682/514 416/738/396 407/739/387 533/681/513
f 539/687/519 448/740/428 440/741/420 538/686/518
f 402/736/382 405/515/385 533/681/513 407/739/387
f 446/566/426 443/735/423 448/740/428 539/687/519
f 414/526/394 411/737/391 419/742/399 422/536/402
f 422/536/402 419/742/399 427/743/407 430/546/410
f 430/546/410 427/743/407 435/734/415 438/556/418
f 538/686/518 440/741/420 432/744/412 537/685/517
f 537/685/517 432/744/412 424/745/404 535/683/515
f 535/683/515 424/745/404 416/738/396 534/682/514
f 342/438/322 339/746/319 347/747/327 350/448/330
f 524/672/504 352/748/332 344/749/324 523/671/503
f 350/448/330 347/747/327 352/748/332 524/672/504
f 518/666/498 312/750/292 307/751/287 310/398/290
f 519/667/499 320/752/300 312/750/292 518/666/498
f 310/398/290 307/751/287 315/753/295 318/408/298
f 318/408/298 315/753/295 323/754/303 326/418/306
f 326/418/306 323/754/303 331/755/311 334/428/314
f 334/428/314 331/755/311 339/746/319 342/438/322
f 523/671/503 344/749/324 336/756/316 522/670/502
f 522/670/502 336/756/316 328/757/308 521/669/501
f 521/669/501 328/757/308 320/752/300 519/667/499
f 391/496/371 390/495/370 510/694/490 512/758/492
f 376/479/356 369/471/349 364/464/344 372/474/352
f 459/584/439 530/678/510 385/490/365 384/489/364
f 541/710/521 395/502/375 383/501/363 382/711/362
f 542/759/522 543/760/523 544/761/524 545/762/525
f 543/760/523 546/763/526 547/764/527 544/761/524
f 546/763/526 548/765/528 549/766/529 547/764/527
f 548/765/528 550/767/530 551/768/531 549/766/529
f 550/767/530 552/769/532 553/770/533 551/768/531
f 552/771/532 554/772/534 555/773/535 553/774/533
f 554/772/534 556/775/536 557/776/537 555/773/535
f 556/775/536 558/777/538 559/778/539 557/776/537
f 558/777/538 560/779/540 561/780/541 559/778/539
f 560/779/540 562/781/542 563/782/543 561/780/541
f 562/781/542 564/783/544 565/784/545 563/782/543
f 564/783/544 566/785/546 567/786/547 565/784/545
f 566/785/546 568/787/548 569/788/549 567/786/547
f 568/787/548 570/789/550 571/790/551 569/788/549
f 570/789/550 572/791/552 573/792/553 571/790/551
f 572/791/552 574/793/554 575/794/555 573/792/553
f 574/793/554 576/795/556 577/796/557 575/794/555
f 576/795/556 578/797/558 579/798/559 577/796/557
f 578/797/558 580/799/560 581/800/561 579/798/559
f 580/799/560 542/759/522 545/762/525 581/800/561
f 582/801/562 583/802/563 584/803/564 585/804/565
f 584/803/564 586/805/566 587/806/567 588/807/568
f 587/806/567 589/808/569 588/807/568
f 588/807/568 590/809/570 591/810/571 592/811/572
f 591/810/571 593/812/573 592/811/572
f 592/811/572 594/813/574 595/814/575 596/815/576
f 595/814/575 597/816/577 596/815/576
f 596/815/576 598/817/578 599/818/579 585/804/565
f 599/818/579 600/819/580 585/804/565
f 592/811/572 596/815/576 585/804/565 588/807/568
f 584/803/564 588/807/568 585/804/565
f 601/820/581 582/801/562 585/804/565
f 545/762/525 544/761/524 582/821/562 601/822/581
f 544/761/524 547/764/527 583/823/563 582/821/562
f 547/764/527 549/766/529 584/824/564 583/823/563
f 549/766/529 551/768/531 586/825/566 584/824/564
f 551/768/531 553/770/533 587/826/567 586/825/566
f 553/774/533 555/773/535 589/827/569 587/828/567
f 555/773/535 557/776/537 588/829/568 589/827/569
f 557/776/537 559/778/539 590/830/570 588/829/568
f 559/778/539 561/780/541 591/831/571 590/830/570
f 561/780/541 563/782/543 593/832/573 591/831/571
f 563/782/543 565/784/545 592/833/572 593/832/573
f 565/784/545 567/786/547 594/834/574 592/833/572
f 567/786/547 569/788/549 595/835/575 594/834/574
f 569/788/549 571/790/551 597/836/577 595/835/575
f 571/790/551 573/792/553 596/837/576 597/836/577
f 573/792/553 575/794/555 598/838/578 596/837/576
f 575/794/555 577/796/557 599/839/579 598/838/578
f 577/796/557 579/798/559 600/840/580 599/839/579
f 579/798/559 581/800/561 585/841/565 600/840/580
f 581/800/561 545/762/525 601/822/581 585/841/565
f 602/842/582 603/843/583 604/844/584 605/845/585
f 603/843/583 606/846/586 607/847/587 604/844/584
f 606/846/586 608/848/588 609/849/589 607/847/587
f 608/848/588 610/850/590 611/851/591 609/849/589
f 610/850/590 612/852/592 613/853/593 611/851/591
f 612/852/592 614/854/594 615/855/595 613/853/593
f 614/854/594 616/856/596 617/857/597 615/855/595
f 616/856/596 618/858/598 619/859/599 617/857/597
f 618/858/598 620/860/600 621/861/601 619/859/599
f 620/860/600 602/862/582 605/863/585 621/861/601
f 605/864/585 604/865/584 607/866/587 611/867/591
f 607/866/587 609/868/589 611/867/591
f 611/867/591 613/869/593 615/870/595 605/864/585
f 615/870/595 617/871/597 619/872/599 605/864/585
f 605/864/585 619/872/599 621/873/601
f 603/874/583 602/875/582 622/876/602 623/877/603
f 606/878/586 603/874/583 623/877/603 624/879/604
f 608/880/588 606/878/586 624/879/604 625/881/605
f 610/882/590 608/883/588 625/884/605 626/885/606
f 612/886/592 610/882/590 626/885/606 627/887/607
f 614/888/594 612/886/592 627/887/607 628/889/608
f 616/890/596 614/888/594 628/889/608 629/891/609
f 618/892/598 616/890/596 629/891/609 630/893/610
f 620/894/600 618/892/598 630/893/610 631/895/611
f 602/875/582 620/894/600 631/895/611 622/876/602
f 623/877/603 622/876/602 632/896/612 633/897/613
f 624/879/604 623/877/603 633/897/613 634/898/614
f 625/881/605 624/879/604 634/898/614 635/899/615
f 626/885/606 625/884/605 635/900/615 636/901/616
f 627/887/607 626/885/606 636/901/616 637/902/617
f 628/889/608 627/887/607 637/902/617 638/903/618
f 629/891/609 628/889/608 638/903/618 639/904/619
f 630/893/610 629/891/609 639/904/619 640/905/620
f 631/895/611 630/893/610 640/905/620 641/906/621
f 622/876/602 631/895/611 641/906/621 632/896/612
f 633/907/613 632/908/612 642/909/622 643/910/623
f 634/911/614 633/907/613 643/910/623 644/912/624
f 635/913/615 634/911/614 644/912/624 645/914/625
f 636/915/616 635/916/615 645/917/625 646/918/626
f 637/919/617 636/915/616 646/918/626 647/920/627
f 638/921/618 637/919/617 647/920/627 648/922/628
f 639/923/619 638/921/618 648/922/628 649/924/629
f 640/925/620 639/923/619 649/924/629 650/926/630
f 641/927/621 640/925/620 650/926/630 651/928/631
f 632/908/612 641/927/621 651/928/631 642/909/622
f 643/929/623 642/930/622 652/931/522 653/932/526
f 644/933/624 643/929/623 653/932/526 654/934/530
f 645/935/625 644/933/624 654/934/530 655/936/534
f 646/937/626 645/938/625 655/939/534 656/940/538
f 647/941/627 646/937/626 656/940/538 657/942/542
f 648/943/628 647/941/627 657/942/542 658/944/546
f 649/945/629 648/943/628 658/944/546 659/946/550
f 650/947/630 649/945/629 659/946/550 660/948/554
f 651/949/631 650/947/630 660/948/554 661/950/558
f 642/930/622 651/949/631 661/950/558 652/931/522
f 653/932/526 652/931/522 662/951/522 663/952/526
f 654/934/530 653/932/526 663/952/526 664/953/530
f 655/936/534 654/934/530 664/953/530 665/954/534
f 656/940/538 655/939/534 665/955/534 666/956/538
f 657/942/542 656/940/538 666/956/538 667/957/542
f 658/944/546 657/942/542 667/957/542 668/958/546
f 659/946/550 658/944/546 668/958/546 669/959/550
f 660/948/554 659/946/550 669/959/550 670/960/554
f 661/950/558 660/948/554 670/960/554 671/961/558
f 652/931/522 661/950/558 671/961/558 662/951/522
f 672/962/632 673/963/633 674/964/634 675/965/635
f 676/966/636 677/967/637 678/968/638 679/969/639
f 672/970/632 675/971/635 677/972/637 676/973/636
f 675/971/635 674/974/634 678/975/638 677/972/637
f 674/974/634 673/976/633 679/977/639 678/975/638
f 673/978/633 672/970/632 676/973/636 679/979/639
f 680/980/640 681/981/641 682/982/642 683/983/643
f 681/981/641 684/984/644 685/985/645 682/982/642
f 684/984/644 686/986/646 687/987/647 685/985/645
f 686/986/646 688/988/648 689/989/649 687/987/647
f 688/988/648 690/990/650 691/991/651 689/989/649
f 690/990/650 692/992/652 693/993/653 691/991/651
f 692/992/652 694/994/654 695/995/655 693/993/653
f 694/994/654 696/996/656 697/997/657 695/995/655
f 696/996/656 698/998/658 699/999/659 697/997/657
f 698/998/658 700/1000/660 701/1001/661 699/999/659
f 700/1000/660 702/1002/662 703/1003/663 701/1001/661
f 702/1002/662 704/1004/664 705/1005/665 703/1003/663
f 704/1004/664 706/1006/666 707/1007/667 705/1005/665
f 706/1006/666 680/1008/640 683/1009/643 707/1007/667
f 704/1010/664 702/1011/662 700/1012/660 680/1013/640
f 700/1012/660 698/1014/658 696/1015/656 692/1016/652
f 696/1015/656 694/1017/654 692/1016/652
f 692/1016/652 690/1018/650 688/1019/648 684/1020/644
f 688/1019/648 686/1021/646 684/1020/644
f 684/1020/644 681/1022/641 680/1013/640 692/1016/652
f 700/1012/660 692/1016/652 680/1013/640
f 706/1023/666 704/1010/664 680/1013/640
f 708/1024/668 709/1025/659 710/1026/661 711/1027/669
f 710/1026/661 712/1028/663 713/1029/665 714/1030/643
f 713/1029/665 715/1031/667 714/1030/643
f 714/1030/643 716/1032/670 717/1033/645 718/1034/649
f 717/1033/645 719/1035/647 718/1034/649
f 718/1034/649 720/1036/671 711/1027/669 714/1030/643
f 710/1026/661 714/1030/643 711/1027/669
f 721/1037/655 708/1024/668 711/1027/669
f 683/1038/643 682/1039/642 722/1040/672 723/1041/673
f 682/1039/642 685/1042/645 724/1043/674 722/1040/672
f 685/1042/645 687/1044/647 725/1045/675 724/1043/674
f 687/1044/647 689/1046/649 726/1047/676 725/1045/675
f 689/1046/649 691/1048/651 727/1049/677 726/1047/676
f 691/1048/651 693/1050/653 728/1051/678 727/1049/677
f 693/1050/653 695/1052/655 729/1053/679 728/1051/678
f 695/1052/655 697/1054/657 730/1055/680 729/1053/679
f 697/1054/657 699/1056/659 731/1057/681 730/1055/680
f 699/1056/659 701/1058/661 732/1059/682 731/1057/681
f 701/1058/661 703/1060/663 733/1061/683 732/1059/682
f 703/1060/663 705/1062/665 734/1063/684 733/1061/683
f 705/1062/665 707/1064/667 735/1065/685 734/1063/684
f 707/1064/667 683/1038/643 723/1041/673 735/1065/685
f 723/1066/673 722/1067/672 708/1068/668 721/1069/655
f 722/1067/672 724/1070/674 709/1071/659 708/1068/668
f 724/1070/674 725/1072/675 710/1073/661 709/1071/659
f 725/1072/675 726/1074/676 712/1075/663 710/1073/661
f 726/1074/676 727/1076/677 713/1077/665 712/1075/663
f 727/1076/677 728/1078/678 715/1079/667 713/1077/665
f 728/1078/678 729/1080/679 714/1081/643 715/1079/667
f 729/1080/679 730/1082/680 716/1083/670 714/1081/643
f 730/1082/680 731/1084/681 717/1085/645 716/1083/670
f 731/1084/681 732/1086/682 719/1087/647 717/1085/645
f 732/1086/682 733/1088/683 718/1089/649 719/1087/647
f 733/1088/683 734/1090/684 720/1091/671 718/1089/649
f 734/1090/684 735/1092/685 711/1093/669 720/1091/671
f 735/1092/685 723/1066/673 721/1069/655 711/1093/669
f 736/1094/686 737/1095/687 738/1096/688 739/1097/689
f 740/1098/690 739/1097/689 738/1096/688 741/1099/691
f 742/1100/692 743/1101/693 741/1099/691 744/1102/694
f 741/1099/691 738/1096/688 745/1103/695 744/1102/694
f 745/1103/695 746/1104/696 744/1102/694
f 747/1105/697 742/1100/692 744/1102/694
f 748/1106/698 749/1107/699 747/1105/697 750/1108/700
f 747/1105/697 744/1102/694 751/1109/701 750/1108/700
f 743/1101/693 742/1100/692 752/1110/702 753/1111/703
f 743/1101/693 753/1111/703 754/1112/704 755/1113/705
f 746/1104/696 745/1103/695 756/1114/706 757/1115/707
f 746/1104/696 757/1115/707 758/1116/708 759/1117/709
f 760/1118/710 761/1119/711 762/1120/712
f 757/1115/707 756/1114/706 763/1121/713
f 752/1110/702 764/1122/714 753/1111/703
f 750/1108/700 751/1109/701 765/1123/715 766/1124/716
f 767/1125/717 768/1126/718 769/1127/719
f 759/1117/709 758/1116/708 770/1128/720
f 755/1113/705 754/1112/704 771/1129/721
f 772/1130/722 773/1131/723 737/1095/687 736/1094/686
f 739/1097/689 740/1098/690 760/1118/710 762/1120/712
f 772/1130/722 774/1132/724 773/1131/723
f 768/1126/718 767/1125/717 749/1107/699 748/1106/698
f 765/1123/715 775/1133/725 766/1124/716
f 740/1098/690 741/1099/691 743/1101/693 755/1113/705
f 740/1098/690 755/1113/705 760/1118/710
f 737/1095/687 773/1131/723 756/1114/706 745/1103/695
f 737/1095/687 745/1103/695 738/1096/688
f 742/1100/692 747/1105/697 749/1107/699 767/1125/717
f 742/1100/692 767/1125/717 752/1110/702
f 746/1104/696 759/1117/709 765/1123/715 751/1109/701
f 746/1104/696 751/1109/701 744/1102/694
f 752/1110/702 767/1125/717 769/1127/719 764/1122/714
f 765/1123/715 759/1117/709 770/1128/720 775/1133/725
f 760/1118/710 755/1113/705 771/1129/721 761/1119/711
f 756/1114/706 773/1131/723 774/1132/724 763/1121/713
f 736/1134/686 739/1135/689 776/1136/726 777/1137/727
f 748/1138/698 750/1139/700 778/1140/728 779/1141/729
f 754/1142/704 753/1143/703 780/1144/730 781/1145/731
f 758/1146/708 757/1147/707 782/1148/732 783/1149/733
f 771/1150/721 754/1142/704 781/1145/731 784/1151/734
f 772/1152/722 736/1134/686 777/1137/727 785/1153/735
f 768/1154/718 748/1138/698 779/1141/729 786/1155/736
f 770/1156/720 758/1146/708 783/1149/733 787/1157/737
f 753/1143/703 764/1158/714 788/1159/738 780/1144/730
f 766/1160/716 775/1161/725 789/1162/739 790/1163/740
f 762/1164/712 761/1165/711 791/1166/741 792/1167/742
f 757/1147/707 763/1168/713 793/1169/743 782/1148/732
f 739/1135/689 762/1164/712 792/1167/742 776/1136/726
f 774/1170/724 772/1152/722 785/1153/735 794/1171/744
f 769/1172/719 768/1154/718 786/1155/736 795/1173/745
f 750/1139/700 766/1160/716 790/1163/740 778/1140/728
f 764/1158/714 769/1172/719 795/1173/745 788/1159/738
f 775/1161/725 770/1156/720 787/1157/737 789/1162/739
f 761/1165/711 771/1150/721 784/1151/734 791/1166/741
f 763/1168/713 774/1170/724 794/1171/744 793/1169/743
f 792/1167/742 791/1166/741 784/1151/734 781/1145/731
f 780/1144/730 788/1159/738 795/1173/745 786/1155/736
f 781/1145/731 780/1144/730 786/1155/736 785/1153/735
f 786/1155/736 779/1141/729 778/1140/728 790/1163/740
f 790/1163/740 789/1162/739 787/1157/737 783/1149/733
f 786/1155/736 790/1163/740 783/1149/733 785/1153/735
f 782/1148/732 793/1169/743 794/1171/744 785/1153/735
f 783/1149/733 782/1148/732 785/1153/735
f 792/1167/742 781/1145/731 785/1153/735 776/1136/726
f 776/1136/726 785/1153/735 777/1137/727
f 796/1174/746 797/1175/747 798/1176/748 799/1177/749
f 800/1178/750 801/1179/751 799/1177/749 798/1176/748
f 802/1180/752 803/1181/753 801/1182/751 800/1183/750
f 803/1181/753 804/1184/754 799/1185/749 801/1182/751
f 804/1184/754 805/1186/755 796/1187/746 799/1185/749
f 805/1186/755 806/1188/756 797/1189/747 796/1187/746
f 806/1188/756 807/1190/757 798/1191/748 797/1189/747
f 807/1192/757 802/1180/752 800/1183/750 798/1193/748
f 808/1194/758 809/1195/759 810/1196/584 811/1197/585
f 809/1195/759 812/1198/760 813/1199/587 810/1196/584
f 812/1198/760 814/1200/761 815/1201/589 813/1199/587
f 814/1200/761 816/1202/762 817/1203/591 815/1201/589
f 816/1202/762 818/1204/763 819/1205/593 817/1203/591
f 818/1204/763 820/1206/764 821/1207/595 819/1205/593
f 820/1206/764 822/1208/765 823/1209/597 821/1207/595
f 822/1208/765 824/1210/766 825/1211/599 823/1209/597
f 824/1210/766 826/1212/767 827/1213/601 825/1211/599
f 826/1212/767 808/1214/758 811/1215/585 827/1213/601
f 824/1216/766 822/1217/765 820/1218/764 808/1219/758
f 820/1218/764 818/1220/763 816/1221/762 808/1219/758
f 816/1221/762 814/1222/761 812/1223/760 808/1219/758
f 812/1223/760 809/1224/759 808/1219/758
f 826/1225/767 824/1216/766 808/1219/758
f 811/1226/585 810/1227/584 813/1228/587 817/1229/591
f 813/1228/587 815/1230/589 817/1229/591
f 817/1229/591 819/1231/593 821/1232/595 811/1226/585
f 821/1232/595 823/1233/597 825/1234/599 811/1226/585
f 811/1226/585 825/1234/599 827/1235/601
