# Blender 5.1.2
# www.blender.org
mtllib Untitled.mtl
o defaultMaterial
v 7.774751 4.279628 11.975722
v 7.513769 4.532451 12.228557
v 7.513769 4.532451 12.228557
v 7.513769 3.670784 12.803368
v 7.513769 3.670784 12.803368
v 7.774751 3.534003 12.473124
v 4.968100 3.534003 12.473124
v 4.968100 4.279628 11.975723
v 4.968100 1.030957 11.975237
v 4.968100 1.776098 12.473124
v 4.968100 2.655051 12.648645
v 7.288361 1.724034 11.282192
v 7.288361 3.586406 11.282470
v 7.288361 3.158960 11.567616
v 7.288361 2.655081 11.668237
v 7.288361 2.151202 11.567616
v 5.252307 0.778193 12.227995
v 5.252307 0.778193 12.227995
v 5.252307 1.639299 12.803368
v 5.252307 1.639299 12.803368
v 7.774751 2.655050 12.648645
v 7.513769 2.655042 13.006206
v 7.513769 2.655042 13.006206
v 7.513769 1.639299 12.803368
v 7.513769 1.639299 12.803368
v 7.774751 1.776098 12.473124
v 7.774751 1.030957 8.727053
v 7.513769 0.778123 8.474230
v 7.513769 0.778123 8.474230
v 7.513769 1.639299 7.898927
v 7.513769 1.639299 7.898927
v 7.774751 1.776098 8.229166
v 7.288361 3.586406 9.419820
v 7.288361 1.724034 9.420097
v 7.288361 2.151202 9.134674
v 7.288361 2.655081 9.034052
v 7.288361 3.158960 9.134674
v 4.968100 4.279628 8.726567
v 4.968100 3.534003 8.229166
v 4.968100 2.655050 8.053643
v 4.968100 1.776098 8.229166
v 4.968100 1.030472 8.726567
v 5.252307 4.532451 8.473740
v 5.252307 4.532451 8.473740
v 5.252307 3.670784 7.898927
v 5.252307 3.670784 7.898927
v 7.774751 2.655050 8.053643
v 7.513769 2.655042 7.696088
v 7.513769 2.655042 7.696088
v 7.513769 3.670784 7.898927
v 7.513769 3.670784 7.898927
v 7.774751 3.534003 8.229166
v 7.774751 4.951863 10.351145
v 7.513769 5.309305 10.351148
v 7.513769 5.309305 10.351148
v 7.513769 5.107261 11.366890
v 7.513769 5.107261 11.366890
v 7.774751 4.777029 11.230097
v 7.774751 1.030957 11.975237
v 7.513769 0.778193 12.227995
v 7.513769 0.778193 12.227995
v 7.513769 0.202821 11.366890
v 7.513769 0.202821 11.366890
v 7.774751 0.533071 11.230097
v 7.288361 1.338381 10.351145
v 7.288361 3.971780 10.351145
v 7.288361 3.871552 10.855024
v 7.288361 1.438610 10.855024
v 4.968100 4.951863 10.351145
v 4.968100 0.358237 10.351145
v 4.968100 0.533071 11.230097
v 4.968100 4.777029 11.230097
v 7.774751 4.279628 8.726567
v 7.513769 4.532451 8.473740
v 7.513769 4.532451 8.473740
v 7.513769 5.107261 9.335404
v 7.513769 5.107261 9.335404
v 7.774751 4.777029 9.472193
v 7.774751 0.358237 10.351145
v 7.513769 0.000778 10.351148
v 7.513769 0.000778 10.351148
v 7.513769 0.000778 10.351148
v 7.513769 0.202821 9.335404
v 7.513769 0.202821 9.335404
v 7.774751 0.533071 9.472193
v 7.288361 3.871552 9.847265
v 7.288361 1.438610 9.847265
v 4.968100 4.777029 9.472193
v 4.968100 0.533071 9.472193
v 5.252307 0.000778 10.351148
v 5.252307 0.000778 10.351148
v 5.252307 0.000778 10.351148
v 5.252307 0.202821 11.366890
v 5.252307 0.202821 11.366890
v 5.252307 0.777702 8.473809
v 5.252307 0.777702 8.473809
v 5.252307 0.202821 9.335404
v 5.252307 0.202821 9.335404
v 5.252307 5.309305 10.351148
v 5.252307 5.309305 10.351148
v 5.252307 5.107261 9.335404
v 5.252307 5.107261 9.335404
v 5.252307 2.655042 13.006207
v 5.252307 2.655042 13.006207
v 5.252307 3.670784 12.803368
v 5.252307 3.670784 12.803368
v 5.252307 2.655042 7.696089
v 5.252307 2.655042 7.696089
v 5.252307 1.639299 7.898927
v 5.252307 1.639299 7.898927
v 5.252307 4.532451 12.228558
v 5.252307 4.532451 12.228558
v 5.252307 5.107261 11.366890
v 5.252307 5.107261 11.366890
v 7.873821 3.158960 11.567616
v 7.873821 3.586406 11.282470
v 7.873821 2.655081 11.668237
v 7.873821 2.151202 11.567616
v 7.873821 1.724034 11.282192
v 7.873821 1.438610 10.855024
v 7.873821 1.338381 10.351145
v 7.873821 1.438610 9.847265
v 7.873821 1.724034 9.420097
v 7.873821 2.151202 9.134674
v 7.873821 2.655081 9.034052
v 7.873821 3.158960 9.134674
v 7.873821 3.586406 9.419820
v 7.873821 3.871552 9.847265
v 7.873821 3.971780 10.351145
v 7.873821 3.871552 10.855024
v 7.873821 3.586406 11.282470
v 7.873821 3.158960 11.567616
v 7.288361 3.158960 11.567616
v 7.288361 3.586406 11.282470
v 7.873821 2.655081 11.668237
v 7.288361 2.655081 11.668237
v 7.873821 2.151202 11.567616
v 7.288361 2.151202 11.567616
v 7.873821 1.724034 11.282192
v 7.288361 1.724034 11.282192
v 7.873821 1.438610 10.855024
v 7.288361 1.438610 10.855024
v 7.873821 1.338381 10.351145
v 7.288361 1.338381 10.351145
v 7.873821 1.438610 9.847265
v 7.288361 1.438610 9.847265
v 7.873821 1.724034 9.420097
v 7.288361 1.724034 9.420097
v 7.873821 2.151202 9.134674
v 7.288361 2.151202 9.134674
v 7.873821 2.655081 9.034052
v 7.288361 2.655081 9.034052
v 7.873821 3.158960 9.134674
v 7.288361 3.158960 9.134674
v 7.873821 3.586406 9.419820
v 7.288361 3.586406 9.419820
v 7.873821 3.871552 9.847265
v 7.288361 3.871552 9.847265
v 7.873821 3.971780 10.351145
v 7.288361 3.971780 10.351145
v 7.873821 3.871552 10.855024
v 7.288361 3.871552 10.855024
vn 0.9342 0.2522 0.2522
vn 0.4559 0.6294 0.6293
vn 0.4558 0.3406 0.8223
vn 0.9342 0.1365 0.3296
vn -0.9002 0.1666 0.4023
vn -0.9446 0.2321 0.2321
vn -0.9446 -0.2322 0.2322
vn -0.9002 -0.1668 0.4022
vn -0.9003 -0.0000 0.4354
vn 1.0000 -0.0000 -0.0000
vn -0.4371 -0.6360 0.6360
vn -0.4371 -0.3445 0.8308
vn 0.9342 -0.0000 0.3567
vn 0.4559 -0.0000 0.8900
vn 0.4558 -0.3409 0.8222
vn 0.9342 -0.1367 0.3296
vn 0.9342 -0.2522 -0.2522
vn 0.4559 -0.6293 -0.6294
vn 0.4558 -0.3408 -0.8222
vn 0.9342 -0.1366 -0.3295
vn -0.9446 0.2321 -0.2321
vn -0.9002 0.1666 -0.4023
vn -0.9003 -0.0000 -0.4354
vn -0.9002 -0.1667 -0.4023
vn -0.9446 -0.2322 -0.2322
vn -0.4372 0.6359 -0.6360
vn -0.4371 0.3442 -0.8310
vn 0.9342 -0.0000 -0.3567
vn 0.4559 -0.0000 -0.8900
vn 0.4558 0.3407 -0.8223
vn 0.9342 0.1365 -0.3296
vn 0.9342 0.3568 -0.0000
vn 0.4558 0.8901 -0.0000
vn 0.4558 0.8225 0.3403
vn 0.9342 0.3297 0.1364
vn 0.9342 -0.2523 0.2523
vn 0.4558 -0.6294 0.6294
vn 0.4558 -0.8223 0.3406
vn 0.9342 -0.3296 0.1365
vn -0.9446 0.3283 -0.0000
vn -0.9446 -0.3283 -0.0000
vn -0.9446 -0.3033 0.1256
vn -0.9446 0.3034 0.1255
vn 0.9342 0.2522 -0.2522
vn 0.4559 0.6294 -0.6293
vn 0.4558 0.8225 -0.3403
vn 0.9342 0.3297 -0.1364
vn 0.9342 -0.3568 -0.0000
vn 0.4558 -0.8901 -0.0000
vn 0.4559 -0.8223 -0.3405
vn 0.9342 -0.3296 -0.1365
vn -0.9446 0.3034 -0.1255
vn -0.9446 -0.3034 -0.1255
vn -0.4371 -0.8994 -0.0000
vn -0.4371 -0.8309 0.3442
vn -0.4371 -0.6360 -0.6360
vn -0.4371 -0.8311 -0.3440
vn -0.4371 0.8994 -0.0000
vn -0.4371 0.8311 -0.3439
vn -0.4372 -0.0000 0.8994
vn -0.4371 0.3442 0.8309
vn -0.4372 -0.0000 -0.8994
vn -0.4371 -0.3443 -0.8309
vn -0.4372 0.6360 0.6359
vn -0.4371 0.8311 0.3439
vn 0.9949 0.0385 0.0929
vn 0.9949 0.0711 0.0711
vn 0.9949 -0.0000 0.1005
vn 0.9949 -0.0385 0.0929
vn 0.9949 -0.0711 0.0711
vn 0.9949 -0.0929 0.0385
vn 0.9949 -0.1006 -0.0000
vn 0.9949 -0.0929 -0.0385
vn 0.9949 -0.0711 -0.0711
vn 0.9949 -0.0385 -0.0929
vn 0.9949 -0.0000 -0.1005
vn 0.9949 0.0385 -0.0929
vn 0.9949 0.0711 -0.0711
vn 0.9949 0.0929 -0.0384
vn 0.9949 0.1006 -0.0000
vn 0.9949 0.0929 0.0384
vn -0.0000 -0.7071 -0.7071
vn -0.0000 -0.3827 -0.9239
vn -0.0000 -0.0000 -1.0000
vn -0.0000 0.3830 -0.9237
vn -0.0000 0.7071 -0.7071
vn -0.0000 0.9239 -0.3827
vn -0.0000 1.0000 -0.0000
vn -0.0000 0.9239 0.3827
vn -0.0000 0.7071 0.7071
vn -0.0000 0.3830 0.9237
vn -0.0000 -0.0000 1.0000
vn -0.0000 -0.3827 0.9239
vn -0.0000 -0.7071 0.7071
vn -0.0000 -0.9240 0.3823
vn -0.0000 -1.0000 -0.0000
vn -0.0000 -0.9240 -0.3823
vn -0.4371 -0.8994 0.0001
vn 0.4558 -0.8901 -0.0001
vn -0.4371 -0.8310 0.3442
vn 0.4559 -0.6294 -0.6293
vn 0.4558 -0.8224 -0.3405
vn -0.4370 -0.8311 -0.3440
vn 0.4557 0.8225 -0.3403
vn -0.4371 0.3442 0.8310
vn -0.4370 -0.3443 -0.8309
vn 0.4559 0.6293 0.6294
vn 0.4557 0.8225 0.3403
vn 0.4558 0.3406 -0.8223
vt 0.111096 0.361057
vt 0.089473 0.339436
vt 0.040315 0.413126
vt 0.068558 0.424823
vt 0.569081 0.424824
vt 0.611618 0.361058
vt 0.611660 0.638885
vt 0.569081 0.575160
vt 0.554070 0.499992
vt 0.183423 0.564095
vt 0.183403 0.432528
vt 0.163259 0.462725
vt 0.156151 0.498322
vt 0.163259 0.533918
vt 0.590044 0.660501
vt 0.540839 0.586859
vt 0.053548 0.499991
vt 0.022969 0.499992
vt 0.040315 0.586859
vt 0.068558 0.575159
vt 0.388923 0.638884
vt 0.410544 0.660507
vt 0.459744 0.586859
vt 0.431502 0.575159
vt 0.314990 0.432528
vt 0.314970 0.564095
vt 0.335134 0.533918
vt 0.342242 0.498322
vt 0.335134 0.462725
vt 0.889487 0.361058
vt 0.932025 0.424824
vt 0.947035 0.499992
vt 0.932025 0.575160
vt 0.889487 0.638926
vt 0.911109 0.339436
vt 0.960267 0.413126
vt 0.446513 0.499991
vt 0.477091 0.499992
vt 0.459744 0.413126
vt 0.431502 0.424823
vt 0.250030 0.303567
vt 0.250030 0.272999
vt 0.163163 0.290278
vt 0.174862 0.318519
vt 0.111138 0.638884
vt 0.089521 0.660501
vt 0.163163 0.709707
vt 0.174862 0.681463
vt 0.249196 0.591340
vt 0.249196 0.405304
vt 0.213600 0.412384
vt 0.213600 0.584259
vt 0.750553 0.303568
vt 0.750553 0.696416
vt 0.675384 0.681464
vt 0.675384 0.318520
vt 0.388964 0.361057
vt 0.410586 0.339436
vt 0.336896 0.290278
vt 0.325198 0.318519
vt 0.250030 0.696415
vt 0.250030 0.726985
vt 0.336896 0.709707
vt 0.325198 0.681463
vt 0.284793 0.412384
vt 0.284793 0.584259
vt 0.825721 0.318520
vt 0.825721 0.681464
vt 0.750553 0.726985
vt 0.663686 0.709707
vt 0.911103 0.660543
vt 0.837419 0.709707
vt 0.750553 0.272999
vt 0.837419 0.290278
vt 0.523492 0.499992
vt 0.540839 0.413126
vt 0.977614 0.499992
vt 0.960267 0.586859
vt 0.589997 0.339436
vt 0.663686 0.290278
vt 0.148797 0.456900
vt 0.173085 0.423043
vt 0.141213 0.499988
vt 0.148693 0.539952
vt 0.172275 0.575244
vt 0.207567 0.598826
vt 0.249197 0.607107
vt 0.290827 0.598826
vt 0.326120 0.575244
vt 0.349701 0.539952
vt 0.358015 0.498322
vt 0.349701 0.456692
vt 0.326143 0.421376
vt 0.290827 0.397818
vt 0.249197 0.389537
vt 0.208400 0.399484
vt 1.000000 0.253785
vt 1.000000 0.001048
vt 0.937823 0.001048
vt 0.937823 0.253785
vt 0.125041 0.253785
vt 0.125041 0.001048
vt 0.062521 0.001048
vt 0.062521 0.253785
vt 0.500172 0.253785
vt 0.500172 0.001048
vt 0.437650 0.001048
vt 0.437650 0.253785
vt 0.750260 0.253785
vt 0.750260 0.001048
vt 0.687739 0.001048
vt 0.687739 0.253785
vt 0.250084 0.253785
vt 0.250084 0.001048
vt 0.187562 0.001048
vt 0.187562 0.253785
vt 0.625217 0.253785
vt 0.625217 0.001048
vt 0.562694 0.001048
vt 0.562694 0.253785
vt 0.000000 0.001048
vt 0.000000 0.253785
vt 0.375127 0.001048
vt 0.375127 0.253785
vt 0.875303 0.001048
vt 0.875303 0.253785
vt 0.312605 0.253785
vt 0.312605 0.001048
vt 0.812782 0.253785
vt 0.812782 0.001048
s 1
usemtl defaultMaterial
f 1/1/1 2/2/2 4/3/3
f 1/1/1 4/3/3 6/4/4
f 7/5/5 8/6/6 9/7/7
f 7/5/5 9/7/7 10/8/8
f 7/5/5 10/8/8 11/9/9
s 0
f 12/10/10 13/11/10 14/12/10
f 12/10/10 14/12/10 15/13/10
f 12/10/10 15/13/10 16/14/10
s 1
f 9/7/7 17/15/11 19/16/12
f 9/7/7 19/16/12 10/8/8
f 21/17/13 22/18/14 24/19/15
f 21/17/13 24/19/15 26/20/16
f 27/21/17 28/22/18 30/23/19
f 27/21/17 30/23/19 32/24/20
s 0
f 33/25/10 34/26/10 35/27/10
f 33/25/10 35/27/10 36/28/10
f 33/25/10 36/28/10 37/29/10
s 1
f 38/30/21 39/31/22 40/32/23
f 38/30/21 40/32/23 41/33/24
f 38/30/21 41/33/24 42/34/25
f 38/30/21 43/35/26 45/36/27
f 38/30/21 45/36/27 39/31/22
f 47/37/28 48/38/29 50/39/30
f 47/37/28 50/39/30 52/40/31
f 53/41/32 54/42/33 56/43/34
f 53/41/32 56/43/34 58/44/35
f 59/45/36 60/46/37 62/47/38
f 59/45/36 62/47/38 64/48/39
s 0
f 65/49/10 66/50/10 67/51/10
f 65/49/10 67/51/10 68/52/10
s 1
f 69/53/40 70/54/41 71/55/42
f 69/53/40 71/55/42 72/56/43
f 73/57/44 74/58/45 76/59/46
f 73/57/44 76/59/46 78/60/47
f 79/61/48 80/62/49 83/63/50
f 79/61/48 83/63/50 85/64/51
s 0
f 34/26/10 33/25/10 86/65/10
f 34/26/10 86/65/10 87/66/10
s 1
f 70/54/41 69/53/40 88/67/52
f 70/54/41 88/67/52 89/68/53
f 1/1/1 58/44/35 56/43/34
f 1/1/1 56/43/34 2/2/2
f 47/37/28 32/24/20 30/23/19
f 47/37/28 30/23/19 48/38/29
f 21/17/13 6/4/4 4/3/3
f 21/17/13 4/3/3 22/18/14
f 53/41/32 78/60/47 76/59/46
f 53/41/32 76/59/46 54/42/33
f 8/6/6 72/56/43 71/55/42
f 8/6/6 71/55/42 9/7/7
f 27/21/17 85/64/51 83/63/50
f 27/21/17 83/63/50 28/22/18
f 79/61/48 64/48/39 62/47/38
f 79/61/48 62/47/38 80/62/49
f 42/34/25 89/68/53 88/67/52
f 42/34/25 88/67/52 38/30/21
s 0
f 12/10/10 68/52/10 67/51/10
f 12/10/10 67/51/10 13/11/10
f 65/49/10 87/66/10 86/65/10
f 65/49/10 86/65/10 66/50/10
s 1
f 71/55/42 70/54/41 90/69/54
f 71/55/42 90/69/54 93/70/55
f 89/68/53 42/34/25 95/71/56
f 89/68/53 95/71/56 97/72/57
f 88/67/52 69/53/40 99/73/58
f 88/67/52 99/73/58 101/74/59
f 7/5/5 11/9/9 103/75/60
f 7/5/5 103/75/60 105/76/61
f 41/33/24 40/32/23 107/77/62
f 41/33/24 107/77/62 109/78/63
f 72/56/43 8/6/6 111/79/64
f 72/56/43 111/79/64 113/80/65
f 70/54/41 89/68/53 97/72/57
f 70/54/41 97/72/57 90/69/54
f 38/30/21 88/67/52 101/74/59
f 38/30/21 101/74/59 43/35/26
f 9/7/7 71/55/42 93/70/55
f 9/7/7 93/70/55 17/15/11
f 69/53/40 72/56/43 113/80/65
f 69/53/40 113/80/65 99/73/58
f 40/32/23 39/31/22 45/36/27
f 40/32/23 45/36/27 107/77/62
f 73/57/44 52/40/31 50/39/30
f 73/57/44 50/39/30 74/58/45
f 1/1/1 6/4/4 115/81/66
f 1/1/1 115/81/66 116/82/67
f 6/4/4 21/17/13 117/83/68
f 6/4/4 117/83/68 115/81/66
f 21/17/13 26/20/16 118/84/69
f 21/17/13 118/84/69 117/83/68
f 26/20/16 59/45/36 119/85/70
f 26/20/16 119/85/70 118/84/69
f 59/45/36 64/48/39 120/86/71
f 59/45/36 120/86/71 119/85/70
f 64/48/39 79/61/48 121/87/72
f 64/48/39 121/87/72 120/86/71
f 79/61/48 85/64/51 122/88/73
f 79/61/48 122/88/73 121/87/72
f 85/64/51 27/21/17 123/89/74
f 85/64/51 123/89/74 122/88/73
f 27/21/17 32/24/20 124/90/75
f 27/21/17 124/90/75 123/89/74
f 32/24/20 47/37/28 125/91/76
f 32/24/20 125/91/76 124/90/75
f 47/37/28 52/40/31 126/92/77
f 47/37/28 126/92/77 125/91/76
f 52/40/31 73/57/44 127/93/78
f 52/40/31 127/93/78 126/92/77
f 73/57/44 78/60/47 128/94/79
f 73/57/44 128/94/79 127/93/78
f 78/60/47 53/41/32 129/95/80
f 78/60/47 129/95/80 128/94/79
f 53/41/32 58/44/35 130/96/81
f 53/41/32 130/96/81 129/95/80
f 58/44/35 1/1/1 116/82/67
f 58/44/35 116/82/67 130/96/81
f 131/82/82 132/81/83 133/12/83
f 131/82/82 133/12/83 134/11/82
f 132/81/83 135/83/84 136/13/84
f 132/81/83 136/13/84 133/12/83
f 135/83/84 137/84/85 138/14/85
f 135/83/84 138/14/85 136/13/84
f 137/84/85 139/85/86 140/10/86
f 137/84/85 140/10/86 138/14/85
f 139/85/86 141/86/87 142/52/87
f 139/85/86 142/52/87 140/10/86
f 141/86/87 143/87/88 144/49/88
f 141/86/87 144/49/88 142/52/87
f 143/87/88 145/88/89 146/66/89
f 143/87/88 146/66/89 144/49/88
f 145/88/89 147/89/90 148/26/90
f 145/88/89 148/26/90 146/66/89
f 147/89/90 149/90/91 150/27/91
f 147/89/90 150/27/91 148/26/90
f 149/90/91 151/91/92 152/28/92
f 149/90/91 152/28/92 150/27/91
f 151/91/92 153/92/93 154/29/93
f 151/91/92 154/29/93 152/28/92
f 153/92/93 155/93/94 156/25/94
f 153/92/93 156/25/94 154/29/93
f 155/93/94 157/94/95 158/65/95
f 155/93/94 158/65/95 156/25/94
f 157/94/95 159/95/96 160/50/96
f 157/94/95 160/50/96 158/65/95
f 159/95/96 161/96/97 162/51/97
f 159/95/96 162/51/97 160/50/96
f 161/96/97 131/82/82 134/11/82
f 161/96/97 134/11/82 162/51/97
f 42/34/25 41/33/24 109/78/63
f 42/34/25 109/78/63 95/71/56
f 11/9/9 10/8/8 19/16/12
f 11/9/9 19/16/12 103/75/60
f 59/45/36 26/20/16 24/19/15
f 59/45/36 24/19/15 60/46/37
f 8/6/6 7/5/5 105/76/61
f 8/6/6 105/76/61 111/79/64
f 91/97/98 81/98/99 63/99/38
f 91/97/98 63/99/38 94/100/100
f 96/101/56 29/102/101 84/103/102
f 96/101/56 84/103/102 98/104/103
f 100/105/58 55/106/33 77/107/104
f 100/105/58 77/107/104 102/108/59
f 104/109/60 23/110/14 5/111/3
f 104/109/60 5/111/3 106/112/105
f 108/113/62 49/114/29 31/115/19
f 108/113/62 31/115/19 110/116/106
f 112/117/64 3/118/107 57/119/108
f 112/117/64 57/119/108 114/120/65
f 98/104/103 84/103/102 82/121/49
f 98/104/103 82/121/49 92/122/54
f 102/108/59 77/107/104 75/123/45
f 102/108/59 75/123/45 44/124/26
f 94/100/100 63/99/38 61/125/37
f 94/100/100 61/125/37 18/126/11
f 114/120/65 57/119/108 55/106/33
f 114/120/65 55/106/33 100/105/58
f 46/127/27 51/128/109 49/114/29
f 46/127/27 49/114/29 108/113/62
f 44/124/26 75/123/45 51/128/109
f 44/124/26 51/128/109 46/127/27
f 110/116/106 31/115/19 29/102/101
f 110/116/106 29/102/101 96/101/56
f 20/129/12 25/130/15 23/110/14
f 20/129/12 23/110/14 104/109/60
f 18/126/11 61/125/37 25/130/15
f 18/126/11 25/130/15 20/129/12
f 106/112/105 5/111/3 3/118/107
f 106/112/105 3/118/107 112/117/64
o defaultMaterial.001
v -7.774751 4.279628 11.975722
v -7.774751 3.534003 12.473124
v -7.513769 3.670784 12.803368
v -7.513769 3.670784 12.803368
v -7.513769 4.532451 12.228557
v -7.513769 4.532451 12.228557
v -4.968100 3.534003 12.473124
v -4.968100 2.655051 12.648645
v -4.968100 1.776098 12.473124
v -4.968100 1.030957 11.975237
v -4.968100 4.279628 11.975723
v -7.288361 1.724034 11.282192
v -7.288361 2.151202 11.567616
v -7.288361 2.655081 11.668237
v -7.288361 3.158960 11.567616
v -7.288361 3.586406 11.282470
v -5.252307 1.639299 12.803368
v -5.252307 1.639299 12.803368
v -5.252307 0.778193 12.227995
v -5.252307 0.778193 12.227995
v -7.774751 2.655050 12.648645
v -7.774751 1.776098 12.473124
v -7.513769 1.639299 12.803368
v -7.513769 1.639299 12.803368
v -7.513769 2.655042 13.006206
v -7.513769 2.655042 13.006206
v -7.774751 1.030957 8.727053
v -7.774751 1.776098 8.229166
v -7.513769 1.639299 7.898927
v -7.513769 1.639299 7.898927
v -7.513769 0.778123 8.474230
v -7.513769 0.778123 8.474230
v -7.288361 3.586406 9.419820
v -7.288361 3.158960 9.134674
v -7.288361 2.655081 9.034052
v -7.288361 2.151202 9.134674
v -7.288361 1.724034 9.420097
v -4.968100 4.279628 8.726567
v -4.968100 1.030472 8.726567
v -4.968100 1.776098 8.229166
v -4.968100 2.655050 8.053643
v -4.968100 3.534003 8.229166
v -5.252307 3.670784 7.898927
v -5.252307 3.670784 7.898927
v -5.252307 4.532451 8.473740
v -5.252307 4.532451 8.473740
v -7.774751 2.655050 8.053643
v -7.774751 3.534003 8.229166
v -7.513769 3.670784 7.898927
v -7.513769 3.670784 7.898927
v -7.513769 2.655042 7.696088
v -7.513769 2.655042 7.696088
v -7.774751 4.951863 10.351145
v -7.774751 4.777029 11.230097
v -7.513769 5.107261 11.366890
v -7.513769 5.107261 11.366890
v -7.513769 5.309305 10.351148
v -7.513769 5.309305 10.351148
v -7.774751 1.030957 11.975237
v -7.774751 0.533071 11.230097
v -7.513769 0.202821 11.366890
v -7.513769 0.202821 11.366890
v -7.513769 0.778193 12.227995
v -7.513769 0.778193 12.227995
v -7.288361 1.338381 10.351145
v -7.288361 1.438610 10.855024
v -7.288361 3.871552 10.855024
v -7.288361 3.971780 10.351145
v -4.968100 4.951863 10.351145
v -4.968100 4.777029 11.230097
v -4.968100 0.533071 11.230097
v -4.968100 0.358237 10.351145
v -7.774751 4.279628 8.726567
v -7.774751 4.777029 9.472193
v -7.513769 5.107261 9.335404
v -7.513769 5.107261 9.335404
v -7.513769 4.532451 8.473740
v -7.513769 4.532451 8.473740
v -7.774751 0.358237 10.351145
v -7.774751 0.533071 9.472193
v -7.513769 0.202821 9.335404
v -7.513769 0.202821 9.335404
v -7.513769 0.000778 10.351148
v -7.513769 0.000778 10.351148
v -7.513769 0.000778 10.351148
v -7.288361 1.438610 9.847265
v -7.288361 3.871552 9.847265
v -4.968100 0.533071 9.472193
v -4.968100 4.777029 9.472193
v -5.252307 0.202821 11.366890
v -5.252307 0.202821 11.366890
v -5.252307 0.000778 10.351148
v -5.252307 0.000778 10.351148
v -5.252307 0.000778 10.351148
v -5.252307 0.202821 9.335404
v -5.252307 0.202821 9.335404
v -5.252307 0.777702 8.473809
v -5.252307 0.777702 8.473809
v -5.252307 5.107261 9.335404
v -5.252307 5.107261 9.335404
v -5.252307 5.309305 10.351148
v -5.252307 5.309305 10.351148
v -5.252307 3.670784 12.803368
v -5.252307 3.670784 12.803368
v -5.252307 2.655042 13.006207
v -5.252307 2.655042 13.006207
v -5.252307 1.639299 7.898927
v -5.252307 1.639299 7.898927
v -5.252307 2.655042 7.696089
v -5.252307 2.655042 7.696089
v -5.252307 5.107261 11.366890
v -5.252307 5.107261 11.366890
v -5.252307 4.532451 12.228558
v -5.252307 4.532451 12.228558
v -7.873821 3.586406 11.282470
v -7.873821 3.158960 11.567616
v -7.873821 2.655081 11.668237
v -7.873821 2.151202 11.567616
v -7.873821 1.724034 11.282192
v -7.873821 1.438610 10.855024
v -7.873821 1.338381 10.351145
v -7.873821 1.438610 9.847265
v -7.873821 1.724034 9.420097
v -7.873821 2.151202 9.134674
v -7.873821 2.655081 9.034052
v -7.873821 3.158960 9.134674
v -7.873821 3.586406 9.419820
v -7.873821 3.871552 9.847265
v -7.873821 3.971780 10.351145
v -7.873821 3.871552 10.855024
v -7.873821 3.586406 11.282470
v -7.288361 3.586406 11.282470
v -7.288361 3.158960 11.567616
v -7.873821 3.158960 11.567616
v -7.288361 2.655081 11.668237
v -7.873821 2.655081 11.668237
v -7.288361 2.151202 11.567616
v -7.873821 2.151202 11.567616
v -7.288361 1.724034 11.282192
v -7.873821 1.724034 11.282192
v -7.288361 1.438610 10.855024
v -7.873821 1.438610 10.855024
v -7.288361 1.338381 10.351145
v -7.873821 1.338381 10.351145
v -7.288361 1.438610 9.847265
v -7.873821 1.438610 9.847265
v -7.288361 1.724034 9.420097
v -7.873821 1.724034 9.420097
v -7.288361 2.151202 9.134674
v -7.873821 2.151202 9.134674
v -7.288361 2.655081 9.034052
v -7.873821 2.655081 9.034052
v -7.288361 3.158960 9.134674
v -7.873821 3.158960 9.134674
v -7.288361 3.586406 9.419820
v -7.873821 3.586406 9.419820
v -7.288361 3.871552 9.847265
v -7.873821 3.871552 9.847265
v -7.288361 3.971780 10.351145
v -7.873821 3.971780 10.351145
v -7.288361 3.871552 10.855024
v -7.873821 3.871552 10.855024
vn -0.9342 0.2522 0.2522
vn -0.9342 0.1365 0.3296
vn -0.4558 0.3407 0.8223
vn -0.4559 0.6294 0.6293
vn 0.9002 0.1666 0.4023
vn 0.9003 -0.0000 0.4354
vn 0.9002 -0.1668 0.4022
vn 0.9446 -0.2322 0.2322
vn 0.9446 0.2321 0.2321
vn -1.0000 -0.0000 -0.0000
vn 0.4371 -0.3445 0.8308
vn 0.4371 -0.6360 0.6360
vn -0.9342 -0.0000 0.3567
vn -0.9342 -0.1367 0.3296
vn -0.4558 -0.3409 0.8222
vn -0.4559 -0.0000 0.8900
vn -0.9342 -0.2522 -0.2522
vn -0.9342 -0.1366 -0.3295
vn -0.4558 -0.3408 -0.8222
vn -0.4559 -0.6293 -0.6294
vn 0.9446 0.2321 -0.2321
vn 0.9446 -0.2322 -0.2322
vn 0.9002 -0.1667 -0.4023
vn 0.9003 -0.0000 -0.4354
vn 0.9002 0.1666 -0.4023
vn 0.4371 0.3442 -0.8309
vn 0.4372 0.6360 -0.6359
vn -0.9342 -0.0000 -0.3567
vn -0.9342 0.1365 -0.3296
vn -0.4558 0.3406 -0.8223
vn -0.4559 -0.0000 -0.8900
vn -0.9342 0.3568 -0.0000
vn -0.9342 0.3297 0.1364
vn -0.4558 0.8225 0.3403
vn -0.4558 0.8901 -0.0000
vn -0.9342 -0.2523 0.2523
vn -0.9342 -0.3296 0.1365
vn -0.4558 -0.8223 0.3407
vn -0.4558 -0.6294 0.6294
vn 0.9446 0.3283 -0.0000
vn 0.9446 0.3034 0.1255
vn 0.9446 -0.3033 0.1256
vn 0.9446 -0.3283 -0.0000
vn -0.9342 0.2522 -0.2522
vn -0.9342 0.3297 -0.1364
vn -0.4558 0.8225 -0.3403
vn -0.4559 0.6293 -0.6294
vn -0.9342 -0.3568 -0.0000
vn -0.9342 -0.3296 -0.1365
vn -0.4559 -0.8223 -0.3405
vn -0.4558 -0.8901 -0.0000
vn 0.9446 -0.3034 -0.1255
vn 0.9446 0.3034 -0.1255
vn 0.4371 -0.8309 0.3442
vn 0.4371 -0.8994 -0.0000
vn 0.4371 -0.8310 -0.3440
vn 0.4371 -0.6360 -0.6360
vn 0.4371 0.8311 -0.3439
vn 0.4371 0.8994 -0.0000
vn 0.4371 0.3442 0.8309
vn 0.4372 -0.0000 0.8994
vn 0.4371 -0.3443 -0.8309
vn 0.4372 -0.0000 -0.8994
vn 0.4371 0.8311 0.3439
vn 0.4372 0.6360 0.6359
vn -0.9949 0.0711 0.0711
vn -0.9949 0.0385 0.0929
vn -0.9949 -0.0000 0.1005
vn -0.9949 -0.0385 0.0929
vn -0.9949 -0.0711 0.0711
vn -0.9949 -0.0929 0.0385
vn -0.9949 -0.1006 -0.0000
vn -0.9949 -0.0929 -0.0385
vn -0.9949 -0.0711 -0.0711
vn -0.9949 -0.0385 -0.0929
vn -0.9949 -0.0000 -0.1005
vn -0.9949 0.0385 -0.0929
vn -0.9949 0.0711 -0.0711
vn -0.9949 0.0929 -0.0384
vn -0.9949 0.1006 -0.0000
vn -0.9949 0.0929 0.0384
vn -0.0000 -0.7071 -0.7071
vn -0.0000 -0.3827 -0.9239
vn -0.0000 -0.0000 -1.0000
vn -0.0000 0.3830 -0.9237
vn -0.0000 0.7071 -0.7071
vn -0.0000 0.9239 -0.3827
vn -0.0000 1.0000 -0.0000
vn -0.0000 0.9239 0.3827
vn -0.0000 0.7071 0.7071
vn -0.0000 0.3830 0.9237
vn -0.0000 -0.0000 1.0000
vn -0.0000 -0.3827 0.9239
vn -0.0000 -0.7071 0.7071
vn -0.0000 -0.9240 0.3823
vn -0.0000 -1.0000 -0.0000
vn -0.0000 -0.9240 -0.3823
vn 0.4371 -0.8310 0.3442
vn -0.4558 -0.8223 0.3406
vn 0.4370 -0.8311 -0.3440
vn -0.4558 -0.8224 -0.3405
vn -0.4557 0.8225 -0.3403
vn 0.4371 0.3442 0.8310
vn -0.4558 0.3406 0.8223
vn 0.4370 -0.3443 -0.8309
vn 0.4372 0.6359 0.6360
vn -0.4557 0.8225 0.3403
vn -0.4559 0.6294 0.6294
vn 0.4371 -0.8994 -0.0001
vn -0.4558 -0.8901 0.0001
vn 0.4372 0.6359 -0.6360
vn -0.4559 0.6294 -0.6293
vn 0.4371 0.3442 -0.8310
vt 0.111096 0.361057
vt 0.068558 0.424823
vt 0.040315 0.413126
vt 0.089473 0.339436
vt 0.569081 0.424824
vt 0.554070 0.499992
vt 0.569081 0.575160
vt 0.611660 0.638885
vt 0.611618 0.361058
vt 0.183423 0.564095
vt 0.163259 0.533918
vt 0.156151 0.498322
vt 0.163259 0.462725
vt 0.183403 0.432528
vt 0.540839 0.586859
vt 0.590044 0.660501
vt 0.053548 0.499991
vt 0.068558 0.575159
vt 0.040315 0.586859
vt 0.022969 0.499992
vt 0.388923 0.638884
vt 0.431502 0.575159
vt 0.459744 0.586859
vt 0.410544 0.660507
vt 0.314990 0.432528
vt 0.335134 0.462725
vt 0.342242 0.498322
vt 0.335134 0.533918
vt 0.314970 0.564095
vt 0.889487 0.361058
vt 0.889487 0.638926
vt 0.932025 0.575160
vt 0.947035 0.499992
vt 0.932025 0.424824
vt 0.960267 0.413126
vt 0.911109 0.339436
vt 0.446513 0.499991
vt 0.431502 0.424823
vt 0.459744 0.413126
vt 0.477091 0.499992
vt 0.250030 0.303567
vt 0.174862 0.318519
vt 0.163163 0.290278
vt 0.250030 0.272999
vt 0.111138 0.638884
vt 0.174862 0.681463
vt 0.163163 0.709707
vt 0.089521 0.660501
vt 0.249196 0.591340
vt 0.213600 0.584259
vt 0.213600 0.412384
vt 0.249196 0.405304
vt 0.750553 0.303568
vt 0.675384 0.318520
vt 0.675384 0.681464
vt 0.750553 0.696416
vt 0.388964 0.361057
vt 0.325198 0.318519
vt 0.336896 0.290278
vt 0.410586 0.339436
vt 0.250030 0.696415
vt 0.325198 0.681463
vt 0.336896 0.709707
vt 0.250030 0.726985
vt 0.284793 0.584259
vt 0.284793 0.412384
vt 0.825721 0.681464
vt 0.825721 0.318520
vt 0.663686 0.709707
vt 0.750553 0.726985
vt 0.837419 0.709707
vt 0.911103 0.660543
vt 0.837419 0.290278
vt 0.750553 0.272999
vt 0.540839 0.413126
vt 0.523492 0.499992
vt 0.960267 0.586859
vt 0.977614 0.499992
vt 0.663686 0.290278
vt 0.589997 0.339436
vt 0.173085 0.423043
vt 0.148797 0.456900
vt 0.141213 0.499988
vt 0.148693 0.539952
vt 0.172275 0.575244
vt 0.207567 0.598826
vt 0.249197 0.607107
vt 0.290827 0.598826
vt 0.326120 0.575244
vt 0.349701 0.539952
vt 0.358015 0.498322
vt 0.349701 0.456692
vt 0.326143 0.421376
vt 0.290827 0.397818
vt 0.249197 0.389537
vt 0.208400 0.399484
vt 1.000000 0.253785
vt 0.937823 0.253785
vt 0.937823 0.001048
vt 1.000000 0.001048
vt 0.125041 0.253785
vt 0.062521 0.253785
vt 0.062521 0.001048
vt 0.125041 0.001048
vt 0.500172 0.253785
vt 0.437650 0.253785
vt 0.437650 0.001048
vt 0.500172 0.001048
vt 0.750260 0.253785
vt 0.687739 0.253785
vt 0.687739 0.001048
vt 0.750260 0.001048
vt 0.250084 0.253785
vt 0.187562 0.253785
vt 0.187562 0.001048
vt 0.250084 0.001048
vt 0.625217 0.253785
vt 0.562694 0.253785
vt 0.562694 0.001048
vt 0.625217 0.001048
vt 0.000000 0.253785
vt 0.000000 0.001048
vt 0.375127 0.253785
vt 0.375127 0.001048
vt 0.875303 0.253785
vt 0.875303 0.001048
vt 0.312605 0.253785
vt 0.312605 0.001048
vt 0.812782 0.253785
vt 0.812782 0.001048
s 1
usemtl defaultMaterial
f 163/131/110 164/132/111 165/133/112
f 163/131/110 165/133/112 167/134/113
f 169/135/114 170/136/115 171/137/116
f 169/135/114 171/137/116 172/138/117
f 169/135/114 172/138/117 173/139/118
s 0
f 174/140/119 175/141/119 176/142/119
f 174/140/119 176/142/119 177/143/119
f 174/140/119 177/143/119 178/144/119
s 1
f 172/138/117 171/137/116 179/145/120
f 172/138/117 179/145/120 181/146/121
f 183/147/122 184/148/123 185/149/124
f 183/147/122 185/149/124 187/150/125
f 189/151/126 190/152/127 191/153/128
f 189/151/126 191/153/128 193/154/129
s 0
f 195/155/119 196/156/119 197/157/119
f 195/155/119 197/157/119 198/158/119
f 195/155/119 198/158/119 199/159/119
s 1
f 200/160/130 201/161/131 202/162/132
f 200/160/130 202/162/132 203/163/133
f 200/160/130 203/163/133 204/164/134
f 200/160/130 204/164/134 205/165/135
f 200/160/130 205/165/135 207/166/136
f 209/167/137 210/168/138 211/169/139
f 209/167/137 211/169/139 213/170/140
f 215/171/141 216/172/142 217/173/143
f 215/171/141 217/173/143 219/174/144
f 221/175/145 222/176/146 223/177/147
f 221/175/145 223/177/147 225/178/148
s 0
f 227/179/119 228/180/119 229/181/119
f 227/179/119 229/181/119 230/182/119
s 1
f 231/183/149 232/184/150 233/185/151
f 231/183/149 233/185/151 234/186/152
f 235/187/153 236/188/154 237/189/155
f 235/187/153 237/189/155 239/190/156
f 241/191/157 242/192/158 243/193/159
f 241/191/157 243/193/159 245/194/160
s 0
f 199/159/119 248/195/119 249/196/119
f 199/159/119 249/196/119 195/155/119
s 1
f 234/186/152 250/197/161 251/198/162
f 234/186/152 251/198/162 231/183/149
f 163/131/110 167/134/113 217/173/143
f 163/131/110 217/173/143 216/172/142
f 209/167/137 213/170/140 191/153/128
f 209/167/137 191/153/128 190/152/127
f 183/147/122 187/150/125 165/133/112
f 183/147/122 165/133/112 164/132/111
f 215/171/141 219/174/144 237/189/155
f 215/171/141 237/189/155 236/188/154
f 173/139/118 172/138/117 233/185/151
f 173/139/118 233/185/151 232/184/150
f 189/151/126 193/154/129 243/193/159
f 189/151/126 243/193/159 242/192/158
f 241/191/157 245/194/160 223/177/147
f 241/191/157 223/177/147 222/176/146
f 201/161/131 200/160/130 251/198/162
f 201/161/131 251/198/162 250/197/161
s 0
f 174/140/119 178/144/119 229/181/119
f 174/140/119 229/181/119 228/180/119
f 227/179/119 230/182/119 249/196/119
f 227/179/119 249/196/119 248/195/119
s 1
f 233/185/151 252/199/163 254/200/164
f 233/185/151 254/200/164 234/186/152
f 250/197/161 257/201/165 259/202/166
f 250/197/161 259/202/166 201/161/131
f 251/198/162 261/203/167 263/204/168
f 251/198/162 263/204/168 231/183/149
f 169/135/114 265/205/169 267/206/170
f 169/135/114 267/206/170 170/136/115
f 202/162/132 269/207/171 271/208/172
f 202/162/132 271/208/172 203/163/133
f 232/184/150 273/209/173 275/210/174
f 232/184/150 275/210/174 173/139/118
f 234/186/152 254/200/164 257/201/165
f 234/186/152 257/201/165 250/197/161
f 200/160/130 207/166/136 261/203/167
f 200/160/130 261/203/167 251/198/162
f 172/138/117 181/146/121 252/199/163
f 172/138/117 252/199/163 233/185/151
f 231/183/149 263/204/168 273/209/173
f 231/183/149 273/209/173 232/184/150
f 203/163/133 271/208/172 205/165/135
f 203/163/133 205/165/135 204/164/134
f 235/187/153 239/190/156 211/169/139
f 235/187/153 211/169/139 210/168/138
f 163/131/110 277/211/175 278/212/176
f 163/131/110 278/212/176 164/132/111
f 164/132/111 278/212/176 279/213/177
f 164/132/111 279/213/177 183/147/122
f 183/147/122 279/213/177 280/214/178
f 183/147/122 280/214/178 184/148/123
f 184/148/123 280/214/178 281/215/179
f 184/148/123 281/215/179 221/175/145
f 221/175/145 281/215/179 282/216/180
f 221/175/145 282/216/180 222/176/146
f 222/176/146 282/216/180 283/217/181
f 222/176/146 283/217/181 241/191/157
f 241/191/157 283/217/181 284/218/182
f 241/191/157 284/218/182 242/192/158
f 242/192/158 284/218/182 285/219/183
f 242/192/158 285/219/183 189/151/126
f 189/151/126 285/219/183 286/220/184
f 189/151/126 286/220/184 190/152/127
f 190/152/127 286/220/184 287/221/185
f 190/152/127 287/221/185 209/167/137
f 209/167/137 287/221/185 288/222/186
f 209/167/137 288/222/186 210/168/138
f 210/168/138 288/222/186 289/223/187
f 210/168/138 289/223/187 235/187/153
f 235/187/153 289/223/187 290/224/188
f 235/187/153 290/224/188 236/188/154
f 236/188/154 290/224/188 291/225/189
f 236/188/154 291/225/189 215/171/141
f 215/171/141 291/225/189 292/226/190
f 215/171/141 292/226/190 216/172/142
f 216/172/142 292/226/190 277/211/175
f 216/172/142 277/211/175 163/131/110
f 293/211/191 294/144/191 295/143/192
f 293/211/191 295/143/192 296/212/192
f 296/212/192 295/143/192 297/142/193
f 296/212/192 297/142/193 298/213/193
f 298/213/193 297/142/193 299/141/194
f 298/213/193 299/141/194 300/214/194
f 300/214/194 299/141/194 301/140/195
f 300/214/194 301/140/195 302/215/195
f 302/215/195 301/140/195 303/180/196
f 302/215/195 303/180/196 304/216/196
f 304/216/196 303/180/196 305/179/197
f 304/216/196 305/179/197 306/217/197
f 306/217/197 305/179/197 307/195/198
f 306/217/197 307/195/198 308/218/198
f 308/218/198 307/195/198 309/159/199
f 308/218/198 309/159/199 310/219/199
f 310/219/199 309/159/199 311/158/200
f 310/219/199 311/158/200 312/220/200
f 312/220/200 311/158/200 313/157/201
f 312/220/200 313/157/201 314/221/201
f 314/221/201 313/157/201 315/156/202
f 314/221/201 315/156/202 316/222/202
f 316/222/202 315/156/202 317/155/203
f 316/222/202 317/155/203 318/223/203
f 318/223/203 317/155/203 319/196/204
f 318/223/203 319/196/204 320/224/204
f 320/224/204 319/196/204 321/182/205
f 320/224/204 321/182/205 322/225/205
f 322/225/205 321/182/205 323/181/206
f 322/225/205 323/181/206 324/226/206
f 324/226/206 323/181/206 294/144/191
f 324/226/206 294/144/191 293/211/191
f 201/161/131 259/202/166 269/207/171
f 201/161/131 269/207/171 202/162/132
f 170/136/115 267/206/170 179/145/120
f 170/136/115 179/145/120 171/137/116
f 221/175/145 225/178/148 185/149/124
f 221/175/145 185/149/124 184/148/123
f 173/139/118 275/210/174 265/205/169
f 173/139/118 265/205/169 169/135/114
f 255/227/164 253/228/207 224/229/208
f 255/227/164 224/229/208 246/230/160
f 260/231/166 258/232/209 244/233/210
f 260/231/166 244/233/210 194/234/129
f 264/235/168 262/236/167 238/237/211
f 264/235/168 238/237/211 220/238/144
f 268/239/170 266/240/212 166/241/213
f 268/239/170 166/241/213 188/242/125
f 272/243/172 270/244/214 192/245/128
f 272/243/172 192/245/128 214/246/140
f 276/247/215 274/248/173 218/249/216
f 276/247/215 218/249/216 168/250/217
f 258/232/209 256/251/218 247/252/219
f 258/232/209 247/252/219 244/233/210
f 262/236/167 208/253/220 240/254/221
f 262/236/167 240/254/221 238/237/211
f 253/228/207 182/255/121 226/256/148
f 253/228/207 226/256/148 224/229/208
f 274/248/173 264/235/168 220/238/144
f 274/248/173 220/238/144 218/249/216
f 206/257/222 272/243/172 214/246/140
f 206/257/222 214/246/140 212/258/139
f 208/253/220 206/257/222 212/258/139
f 208/253/220 212/258/139 240/254/221
f 270/244/214 260/231/166 194/234/129
f 270/244/214 194/234/129 192/245/128
f 180/259/120 268/239/170 188/242/125
f 180/259/120 188/242/125 186/260/124
f 182/255/121 180/259/120 186/260/124
f 182/255/121 186/260/124 226/256/148
f 266/240/212 276/247/215 168/250/217
f 266/240/212 168/250/217 166/241/213
o defaultMaterial.002
v 4.518545 0.034453 -6.794679
v 7.439412 0.034453 -6.794679
v 7.439412 0.034453 -6.794679
v 7.439412 0.034453 -6.794679
v 7.439412 0.258236 -5.669643
v 7.439412 0.258236 -5.669643
v 4.518545 0.258236 -5.669643
v 4.518545 0.258236 -5.669643
v 4.518545 0.894973 -8.874015
v 4.518545 0.894973 -8.874015
v 7.439412 0.895439 -8.873549
v 7.439412 0.895439 -8.873549
v 7.439412 0.258236 -7.919713
v 7.439412 0.258236 -7.919713
v 4.518545 0.258236 -7.919713
v 4.518545 0.258236 -7.919713
v 4.518545 5.914168 -6.794679
v 4.518545 5.914168 -6.794679
v 7.439412 5.914168 -6.794679
v 7.439412 5.914168 -6.794679
v 7.439412 5.690384 -7.919713
v 7.439412 5.690384 -7.919713
v 4.518545 5.690384 -7.919713
v 4.518545 5.690384 -7.919713
v 4.518545 2.974311 -3.853941
v 4.518545 2.974311 -3.853941
v 7.439412 2.974311 -3.853942
v 7.439412 2.974311 -3.853942
v 7.439412 4.099345 -4.078604
v 7.439412 4.099345 -4.078604
v 4.518545 4.099345 -4.078604
v 4.518545 4.099345 -4.078604
v 4.518545 2.974311 -9.735416
v 4.518545 2.974311 -9.735416
v 7.439412 2.974311 -9.735417
v 7.439412 2.974311 -9.735417
v 7.439412 1.849276 -9.510754
v 7.439412 1.849276 -9.510754
v 4.518545 1.849276 -9.510754
v 4.518545 1.849276 -9.510754
v 4.518545 5.053725 -4.715263
v 4.518545 5.053725 -4.715263
v 7.439412 5.053725 -4.715264
v 7.439412 5.053725 -4.715264
v 7.439412 5.690384 -5.669643
v 7.439412 5.690384 -5.669643
v 4.518545 5.690384 -5.669643
v 4.518545 5.690384 -5.669643
v 4.518545 0.034453 -6.794679
v 4.518545 0.034453 -6.794679
v 7.439412 5.053726 -8.874093
v 7.439412 5.053726 -8.874093
v 4.518545 5.053725 -8.874093
v 4.518545 5.053725 -8.874093
v 7.439412 0.895517 -4.715885
v 7.439412 0.895517 -4.715885
v 4.518545 0.895517 -4.715885
v 4.518545 0.895517 -4.715885
v 4.518545 4.099345 -9.510754
v 4.518545 4.099345 -9.510754
v 7.439412 4.099345 -9.510754
v 7.439412 4.099345 -9.510754
v 4.518545 1.849276 -4.078604
v 4.518545 1.849276 -4.078604
v 7.439412 1.849276 -4.078604
v 7.439412 1.849276 -4.078604
v 7.731545 4.773699 -4.995302
v 7.731545 3.947846 -4.444382
v 4.210933 3.947846 -4.444382
v 4.210933 4.773699 -4.995302
v 4.210933 1.175478 -4.995840
v 4.210933 2.000793 -4.444382
v 4.210933 2.974320 -4.249974
v 7.187099 1.943129 -5.763456
v 7.187099 4.005888 -5.763147
v 7.187099 3.532449 -5.447320
v 7.187099 2.974354 -5.335872
v 7.187099 2.416259 -5.447320
v 7.731545 2.974320 -4.249975
v 7.731545 2.000793 -4.444382
v 7.731545 1.175478 -8.593523
v 7.731545 2.000793 -9.144981
v 7.187099 4.005888 -7.826215
v 7.187099 1.943129 -7.825907
v 7.187099 2.416259 -8.142043
v 7.187099 2.974354 -8.253492
v 7.187099 3.532449 -8.142043
v 4.210933 4.773699 -8.594060
v 4.210933 3.947846 -9.144981
v 4.210933 2.974320 -9.339390
v 4.210933 2.000793 -9.144981
v 4.210933 1.174940 -8.594060
v 7.731545 2.974320 -9.339390
v 7.731545 3.947846 -9.144981
v 7.731545 5.518267 -6.794682
v 7.731545 5.324619 -5.821156
v 7.731545 1.175478 -4.995840
v 7.731545 0.624020 -5.821156
v 7.187099 1.515980 -6.794682
v 7.187099 4.432727 -6.794682
v 7.187099 4.321715 -6.236587
v 7.187099 1.626992 -6.236587
v 4.210933 5.518267 -6.794682
v 4.210933 0.430374 -6.794682
v 4.210933 0.624020 -5.821156
v 4.210933 5.324619 -5.821156
v 7.731545 4.773700 -8.594060
v 7.731545 5.324619 -7.768208
v 7.731545 0.430374 -6.794682
v 7.731545 0.624020 -7.768208
v 7.187099 4.321715 -7.352777
v 7.187099 1.626992 -7.352777
v 4.210933 5.324619 -7.768208
v 4.210933 0.624020 -7.768208
v 7.842441 3.532449 -5.447320
v 7.842441 4.005888 -5.763147
v 7.842441 2.974354 -5.335872
v 7.842441 2.416259 -5.447320
v 7.842441 1.943129 -5.763456
v 7.842441 1.626992 -6.236587
v 7.842441 1.515980 -6.794682
v 7.842441 1.626992 -7.352777
v 7.842441 1.943129 -7.825907
v 7.842441 2.416259 -8.142043
v 7.842441 2.974354 -8.253492
v 7.842441 3.532449 -8.142043
v 7.842441 4.005888 -7.826215
v 7.842441 4.321715 -7.352777
v 7.842441 4.432727 -6.794682
v 7.842441 4.321715 -6.236587
v 7.842441 4.005888 -5.763147
v 7.842441 3.532449 -5.447320
v 7.187099 3.532449 -5.447320
v 7.187099 4.005888 -5.763147
v 7.842441 2.974354 -5.335872
v 7.187099 2.974354 -5.335872
v 7.842441 2.416259 -5.447320
v 7.187099 2.416259 -5.447320
v 7.842441 1.943129 -5.763456
v 7.187099 1.943129 -5.763456
v 7.842441 1.626992 -6.236587
v 7.187099 1.626992 -6.236587
v 7.842441 1.515980 -6.794682
v 7.187099 1.515980 -6.794682
v 7.842441 1.626992 -7.352777
v 7.187099 1.626992 -7.352777
v 7.842441 1.943129 -7.825907
v 7.187099 1.943129 -7.825907
v 7.842441 2.416259 -8.142043
v 7.187099 2.416259 -8.142043
v 7.842441 2.974354 -8.253492
v 7.187099 2.974354 -8.253492
v 7.842441 3.532449 -8.142043
v 7.187099 3.532449 -8.142043
v 7.842441 4.005888 -7.826215
v 7.187099 4.005888 -7.826215
v 7.842441 4.321715 -7.352777
v 7.187099 4.321715 -7.352777
v 7.842441 4.432727 -6.794682
v 7.187099 4.432727 -6.794682
v 7.842441 4.321715 -6.236587
v 7.187099 4.321715 -6.236587
vn -0.4422 -0.8969 -0.0000
vn 0.4535 -0.8912 -0.0000
vn 0.4535 -0.8234 0.3411
vn -0.4422 -0.8286 0.3432
vn -0.4422 -0.6342 -0.6342
vn 0.4536 -0.6302 -0.6302
vn 0.4536 -0.8234 -0.3409
vn -0.4422 -0.8287 -0.3430
vn -0.4422 0.8969 -0.0000
vn 0.4535 0.8913 -0.0000
vn 0.4535 0.8236 -0.3407
vn -0.4422 0.8288 -0.3429
vn -0.4423 -0.0000 0.8969
vn 0.4536 -0.0000 0.8912
vn 0.4535 0.3411 0.8234
vn -0.4422 0.3433 0.8286
vn -0.4423 -0.0000 -0.8969
vn 0.4536 -0.0000 -0.8912
vn 0.4535 -0.3413 -0.8233
vn -0.4422 -0.3433 -0.8286
vn -0.4423 0.6342 0.6342
vn 0.4536 0.6302 0.6302
vn 0.4535 0.8235 0.3408
vn -0.4422 0.8288 0.3429
vn -0.4422 -0.8969 0.0001
vn 0.4536 0.6302 -0.6302
vn -0.4423 0.6342 -0.6342
vn 0.4535 -0.6302 0.6302
vn -0.4422 -0.6342 0.6342
vn -0.4422 0.3432 -0.8287
vn 0.4535 0.3411 -0.8234
vn -0.4422 -0.3435 0.8285
vn 0.4535 -0.3414 0.8233
vn 0.9331 0.2542 0.2542
vn 0.4535 0.3410 0.8234
vn 0.9331 0.1376 0.3323
vn -0.9035 0.1640 0.3960
vn -0.9464 0.2284 0.2284
vn -0.9464 -0.2285 0.2285
vn -0.9035 -0.1642 0.3959
vn -0.9035 -0.0000 0.4285
vn 1.0000 -0.0000 -0.0000
vn 0.9331 -0.0000 0.3595
vn 0.9331 -0.1377 0.3322
vn 0.9331 -0.2543 -0.2543
vn 0.4536 -0.6301 -0.6302
vn 0.4536 -0.3413 -0.8233
vn 0.9331 -0.1377 -0.3322
vn -0.9464 0.2284 -0.2284
vn -0.9035 0.1640 -0.3960
vn -0.9036 -0.0000 -0.4285
vn -0.9035 -0.1640 -0.3960
vn -0.9464 -0.2284 -0.2284
vn -0.4422 0.3432 -0.8286
vn 0.9331 -0.0000 -0.3595
vn 0.9331 0.1376 -0.3323
vn 0.9331 0.3596 -0.0000
vn 0.4535 0.8912 -0.0000
vn 0.9331 0.3323 0.1375
vn 0.9331 -0.2543 0.2543
vn 0.4535 -0.8234 0.3410
vn 0.9331 -0.3322 0.1376
vn -0.9464 0.3231 -0.0000
vn -0.9464 -0.3231 -0.0000
vn -0.9464 -0.2985 0.1237
vn -0.9464 0.2986 0.1235
vn 0.9331 0.2542 -0.2542
vn 0.4535 0.8235 -0.3407
vn 0.9331 0.3323 -0.1375
vn 0.9331 -0.3596 -0.0000
vn 0.4535 -0.8913 -0.0000
vn 0.4536 -0.8234 -0.3410
vn 0.9331 -0.3322 -0.1376
vn -0.9464 0.2986 -0.1235
vn -0.9463 -0.2986 -0.1236
vn -0.4422 -0.8286 0.3433
vn -0.4423 -0.0000 0.8968
vn -0.4422 -0.3434 -0.8286
vn -0.4423 0.6342 0.6341
vn 0.9948 0.0389 0.0939
vn 0.9948 0.0718 0.0718
vn 0.9948 -0.0000 0.1016
vn 0.9948 -0.0389 0.0939
vn 0.9948 -0.0719 0.0719
vn 0.9948 -0.0939 0.0389
vn 0.9948 -0.1016 -0.0000
vn 0.9948 -0.0939 -0.0389
vn 0.9948 -0.0719 -0.0719
vn 0.9948 -0.0389 -0.0939
vn 0.9948 -0.0000 -0.1016
vn 0.9948 0.0389 -0.0939
vn 0.9948 0.0718 -0.0718
vn 0.9948 0.0939 -0.0389
vn 0.9948 0.1016 -0.0000
vn 0.9948 0.0939 0.0389
vn -0.0000 -0.7071 -0.7071
vn -0.0000 -0.3827 -0.9239
vn -0.0000 -0.0000 -1.0000
vn -0.0000 0.3830 -0.9237
vn -0.0000 0.7071 -0.7071
vn -0.0000 0.9239 -0.3827
vn -0.0000 1.0000 -0.0000
vn -0.0000 0.9239 0.3827
vn -0.0000 0.7071 0.7071
vn -0.0000 0.3830 0.9237
vn -0.0000 -0.0000 1.0000
vn -0.0000 -0.3827 0.9239
vn -0.0000 -0.7071 0.7071
vn -0.0000 -0.9240 0.3823
vn -0.0000 -1.0000 -0.0000
vn -0.0000 -0.9240 -0.3823
vt 1.000000 0.253785
vt 1.000000 0.001048
vt 0.937823 0.001048
vt 0.937823 0.253785
vt 0.125041 0.253785
vt 0.125041 0.001048
vt 0.062521 0.001048
vt 0.062521 0.253785
vt 0.500172 0.253785
vt 0.500172 0.001048
vt 0.437650 0.001048
vt 0.437650 0.253785
vt 0.750260 0.253785
vt 0.750260 0.001048
vt 0.687739 0.001048
vt 0.687739 0.253785
vt 0.250084 0.253785
vt 0.250084 0.001048
vt 0.187562 0.001048
vt 0.187562 0.253785
vt 0.625217 0.253785
vt 0.625217 0.001048
vt 0.562694 0.001048
vt 0.562694 0.253785
vt 0.000000 0.001048
vt 0.000000 0.253785
vt 0.375127 0.001048
vt 0.375127 0.253785
vt 0.875303 0.001048
vt 0.875303 0.253785
vt 0.312605 0.253785
vt 0.312605 0.001048
vt 0.812782 0.253785
vt 0.812782 0.001048
vt 0.111096 0.361057
vt 0.089473 0.339436
vt 0.040315 0.413126
vt 0.068558 0.424823
vt 0.569081 0.424824
vt 0.611618 0.361058
vt 0.611660 0.638885
vt 0.569081 0.575160
vt 0.554070 0.499992
vt 0.183423 0.564095
vt 0.183403 0.432528
vt 0.163259 0.462725
vt 0.156151 0.498322
vt 0.163259 0.533918
vt 0.590044 0.660501
vt 0.540839 0.586859
vt 0.053548 0.499991
vt 0.022969 0.499992
vt 0.040315 0.586859
vt 0.068558 0.575159
vt 0.388923 0.638884
vt 0.410544 0.660507
vt 0.459744 0.586859
vt 0.431502 0.575159
vt 0.314990 0.432528
vt 0.314970 0.564095
vt 0.335134 0.533918
vt 0.342242 0.498322
vt 0.335134 0.462725
vt 0.889487 0.361058
vt 0.932025 0.424824
vt 0.947035 0.499992
vt 0.932025 0.575160
vt 0.889487 0.638926
vt 0.911109 0.339436
vt 0.960267 0.413126
vt 0.446513 0.499991
vt 0.477091 0.499992
vt 0.459744 0.413126
vt 0.431502 0.424823
vt 0.250030 0.303567
vt 0.250030 0.272999
vt 0.163163 0.290278
vt 0.174862 0.318519
vt 0.111138 0.638884
vt 0.089521 0.660501
vt 0.163163 0.709707
vt 0.174862 0.681463
vt 0.249196 0.591340
vt 0.249196 0.405304
vt 0.213600 0.412384
vt 0.213600 0.584259
vt 0.750553 0.303568
vt 0.750553 0.696416
vt 0.675384 0.681464
vt 0.675384 0.318520
vt 0.388964 0.361057
vt 0.410586 0.339436
vt 0.336896 0.290278
vt 0.325198 0.318519
vt 0.250030 0.696415
vt 0.250030 0.726985
vt 0.336896 0.709707
vt 0.325198 0.681463
vt 0.284793 0.412384
vt 0.284793 0.584259
vt 0.825721 0.318520
vt 0.825721 0.681464
vt 0.750553 0.726985
vt 0.663686 0.709707
vt 0.911103 0.660543
vt 0.837419 0.709707
vt 0.750553 0.272999
vt 0.837419 0.290278
vt 0.523492 0.499992
vt 0.540839 0.413126
vt 0.977614 0.499992
vt 0.960267 0.586859
vt 0.589997 0.339436
vt 0.663686 0.290278
vt 0.148797 0.456900
vt 0.173085 0.423043
vt 0.141213 0.499988
vt 0.148693 0.539952
vt 0.172275 0.575244
vt 0.207567 0.598826
vt 0.249197 0.607107
vt 0.290827 0.598826
vt 0.326120 0.575244
vt 0.349701 0.539952
vt 0.358015 0.498322
vt 0.349701 0.456692
vt 0.326143 0.421376
vt 0.290827 0.397818
vt 0.249197 0.389537
vt 0.208400 0.399484
s 1
usemtl defaultMaterial
f 325/261/223 326/262/224 329/263/225
f 325/261/223 329/263/225 331/264/226
f 333/265/227 335/266/228 337/267/229
f 333/265/227 337/267/229 339/268/230
f 341/269/231 343/270/232 345/271/233
f 341/269/231 345/271/233 347/272/234
f 349/273/235 351/274/236 353/275/237
f 349/273/235 353/275/237 355/276/238
f 357/277/239 359/278/240 361/279/241
f 357/277/239 361/279/241 363/280/242
f 365/281/243 367/282/244 369/283/245
f 365/281/243 369/283/245 371/284/246
f 339/268/230 337/267/229 327/285/224
f 339/268/230 327/285/224 373/286/247
f 347/272/234 345/271/233 375/287/248
f 347/272/234 375/287/248 377/288/249
f 331/264/226 329/263/225 379/289/250
f 331/264/226 379/289/250 381/290/251
f 371/284/246 369/283/245 343/270/232
f 371/284/246 343/270/232 341/269/231
f 383/291/252 385/292/253 359/278/240
f 383/291/252 359/278/240 357/277/239
f 377/288/249 375/287/248 385/292/253
f 377/288/249 385/292/253 383/291/252
f 363/280/242 361/279/241 335/266/228
f 363/280/242 335/266/228 333/265/227
f 387/293/254 389/294/255 351/274/236
f 387/293/254 351/274/236 349/273/235
f 381/290/251 379/289/250 389/294/255
f 381/290/251 389/294/255 387/293/254
f 355/276/238 353/275/237 367/282/244
f 355/276/238 367/282/244 365/281/243
f 391/295/256 368/296/244 354/297/257
f 391/295/256 354/297/257 392/298/258
f 393/299/259 394/300/260 395/301/261
f 393/299/259 395/301/261 396/302/262
f 393/299/259 396/302/262 397/303/263
s 0
f 398/304/264 399/305/264 400/306/264
f 398/304/264 400/306/264 401/307/264
f 398/304/264 401/307/264 402/308/264
s 1
f 395/301/261 382/309/251 388/310/254
f 395/301/261 388/310/254 396/302/262
f 403/311/265 352/312/236 390/313/255
f 403/311/265 390/313/255 404/314/266
f 405/315/267 336/316/268 362/317/269
f 405/315/267 362/317/269 406/318/270
s 0
f 407/319/264 408/320/264 409/321/264
f 407/319/264 409/321/264 410/322/264
f 407/319/264 410/322/264 411/323/264
s 1
f 412/324/271 413/325/272 414/326/273
f 412/324/271 414/326/273 415/327/274
f 412/324/271 415/327/274 416/328/275
f 412/324/271 378/329/249 384/330/276
f 412/324/271 384/330/276 413/325/272
f 417/331/277 360/332/240 386/333/253
f 417/331/277 386/333/253 418/334/278
f 419/335/279 344/336/280 370/337/245
f 419/335/279 370/337/245 420/338/281
f 421/339/282 380/340/250 330/341/283
f 421/339/282 330/341/283 422/342/284
s 0
f 423/343/264 424/344/264 425/345/264
f 423/343/264 425/345/264 426/346/264
s 1
f 427/347/285 428/348/286 429/349/287
f 427/347/285 429/349/287 430/350/288
f 431/351/289 376/352/248 346/353/290
f 431/351/289 346/353/290 432/354/291
f 433/355/292 328/356/293 338/357/294
f 433/355/292 338/357/294 434/358/295
s 0
f 408/320/264 407/319/264 435/359/264
f 408/320/264 435/359/264 436/360/264
s 1
f 428/348/286 427/347/285 437/361/296
f 428/348/286 437/361/296 438/362/297
f 391/295/256 420/338/281 370/337/245
f 391/295/256 370/337/245 368/296/244
f 417/331/277 406/318/270 362/317/269
f 417/331/277 362/317/269 360/332/240
f 403/311/265 392/298/258 354/297/257
f 403/311/265 354/297/257 352/312/236
f 419/335/279 432/354/291 346/353/290
f 419/335/279 346/353/290 344/336/280
f 394/300/260 430/350/288 429/349/287
f 394/300/260 429/349/287 395/301/261
f 405/315/267 434/358/295 338/357/294
f 405/315/267 338/357/294 336/316/268
f 433/355/292 422/342/284 330/341/283
f 433/355/292 330/341/283 328/356/293
f 416/328/275 438/362/297 437/361/296
f 416/328/275 437/361/296 412/324/271
s 0
f 398/304/264 426/346/264 425/345/264
f 398/304/264 425/345/264 399/305/264
f 423/343/264 436/360/264 435/359/264
f 423/343/264 435/359/264 424/344/264
s 1
f 429/349/287 428/348/286 374/363/223
f 429/349/287 374/363/223 332/364/298
f 438/362/297 416/328/275 334/365/227
f 438/362/297 334/365/227 340/366/230
f 437/361/296 427/347/285 342/367/231
f 437/361/296 342/367/231 348/368/234
f 393/299/259 397/303/263 350/369/299
f 393/299/259 350/369/299 356/370/238
f 415/327/274 414/326/273 358/371/239
f 415/327/274 358/371/239 364/372/300
f 430/350/288 394/300/260 366/373/301
f 430/350/288 366/373/301 372/374/246
f 428/348/286 438/362/297 340/366/230
f 428/348/286 340/366/230 374/363/223
f 412/324/271 437/361/296 348/368/234
f 412/324/271 348/368/234 378/329/249
f 395/301/261 429/349/287 332/364/298
f 395/301/261 332/364/298 382/309/251
f 427/347/285 430/350/288 372/374/246
f 427/347/285 372/374/246 342/367/231
f 414/326/273 413/325/272 384/330/276
f 414/326/273 384/330/276 358/371/239
f 431/351/289 418/334/278 386/333/253
f 431/351/289 386/333/253 376/352/248
f 391/295/256 392/298/258 439/375/302
f 391/295/256 439/375/302 440/376/303
f 392/298/258 403/311/265 441/377/304
f 392/298/258 441/377/304 439/375/302
f 403/311/265 404/314/266 442/378/305
f 403/311/265 442/378/305 441/377/304
f 404/314/266 421/339/282 443/379/306
f 404/314/266 443/379/306 442/378/305
f 421/339/282 422/342/284 444/380/307
f 421/339/282 444/380/307 443/379/306
f 422/342/284 433/355/292 445/381/308
f 422/342/284 445/381/308 444/380/307
f 433/355/292 434/358/295 446/382/309
f 433/355/292 446/382/309 445/381/308
f 434/358/295 405/315/267 447/383/310
f 434/358/295 447/383/310 446/382/309
f 405/315/267 406/318/270 448/384/311
f 405/315/267 448/384/311 447/383/310
f 406/318/270 417/331/277 449/385/312
f 406/318/270 449/385/312 448/384/311
f 417/331/277 418/334/278 450/386/313
f 417/331/277 450/386/313 449/385/312
f 418/334/278 431/351/289 451/387/314
f 418/334/278 451/387/314 450/386/313
f 431/351/289 432/354/291 452/388/315
f 431/351/289 452/388/315 451/387/314
f 432/354/291 419/335/279 453/389/316
f 432/354/291 453/389/316 452/388/315
f 419/335/279 420/338/281 454/390/317
f 419/335/279 454/390/317 453/389/316
f 420/338/281 391/295/256 440/376/303
f 420/338/281 440/376/303 454/390/317
f 455/376/318 456/375/319 457/306/319
f 455/376/318 457/306/319 458/305/318
f 456/375/319 459/377/320 460/307/320
f 456/375/319 460/307/320 457/306/319
f 459/377/320 461/378/321 462/308/321
f 459/377/320 462/308/321 460/307/320
f 461/378/321 463/379/322 464/304/322
f 461/378/321 464/304/322 462/308/321
f 463/379/322 465/380/323 466/346/323
f 463/379/322 466/346/323 464/304/322
f 465/380/323 467/381/324 468/343/324
f 465/380/323 468/343/324 466/346/323
f 467/381/324 469/382/325 470/360/325
f 467/381/324 470/360/325 468/343/324
f 469/382/325 471/383/326 472/320/326
f 469/382/325 472/320/326 470/360/325
f 471/383/326 473/384/327 474/321/327
f 471/383/326 474/321/327 472/320/326
f 473/384/327 475/385/328 476/322/328
f 473/384/327 476/322/328 474/321/327
f 475/385/328 477/386/329 478/323/329
f 475/385/328 478/323/329 476/322/328
f 477/386/329 479/387/330 480/319/330
f 477/386/329 480/319/330 478/323/329
f 479/387/330 481/388/331 482/359/331
f 479/387/330 482/359/331 480/319/330
f 481/388/331 483/389/332 484/344/332
f 481/388/331 484/344/332 482/359/331
f 483/389/332 485/390/333 486/345/333
f 483/389/332 486/345/333 484/344/332
f 485/390/333 455/376/318 458/305/318
f 485/390/333 458/305/318 486/345/333
f 416/328/275 415/327/274 364/372/300
f 416/328/275 364/372/300 334/365/227
f 397/303/263 396/302/262 388/310/254
f 397/303/263 388/310/254 350/369/299
f 421/339/282 404/314/266 390/313/255
f 421/339/282 390/313/255 380/340/250
f 394/300/260 393/299/259 356/370/238
f 394/300/260 356/370/238 366/373/301
o defaultMaterial.003
v -4.518545 0.034453 -6.794679
v -4.518545 0.258236 -5.669643
v -4.518545 0.258236 -5.669643
v -7.439412 0.258236 -5.669643
v -7.439412 0.258236 -5.669643
v -7.439412 0.034453 -6.794679
v -7.439412 0.034453 -6.794679
v -7.439412 0.034453 -6.794679
v -4.518545 0.894973 -8.874015
v -4.518545 0.894973 -8.874015
v -4.518545 0.258236 -7.919713
v -4.518545 0.258236 -7.919713
v -7.439412 0.258236 -7.919713
v -7.439412 0.258236 -7.919713
v -7.439412 0.895439 -8.873549
v -7.439412 0.895439 -8.873549
v -4.518545 5.914168 -6.794679
v -4.518545 5.914168 -6.794679
v -4.518545 5.690384 -7.919713
v -4.518545 5.690384 -7.919713
v -7.439412 5.690384 -7.919713
v -7.439412 5.690384 -7.919713
v -7.439412 5.914168 -6.794679
v -7.439412 5.914168 -6.794679
v -4.518545 2.974311 -3.853941
v -4.518545 2.974311 -3.853941
v -4.518545 4.099345 -4.078604
v -4.518545 4.099345 -4.078604
v -7.439412 4.099345 -4.078604
v -7.439412 4.099345 -4.078604
v -7.439412 2.974311 -3.853942
v -7.439412 2.974311 -3.853942
v -4.518545 2.974311 -9.735416
v -4.518545 2.974311 -9.735416
v -4.518545 1.849276 -9.510754
v -4.518545 1.849276 -9.510754
v -7.439412 1.849276 -9.510754
v -7.439412 1.849276 -9.510754
v -7.439412 2.974311 -9.735417
v -7.439412 2.974311 -9.735417
v -4.518545 5.053725 -4.715263
v -4.518545 5.053725 -4.715263
v -4.518545 5.690384 -5.669643
v -4.518545 5.690384 -5.669643
v -7.439412 5.690384 -5.669643
v -7.439412 5.690384 -5.669643
v -7.439412 5.053725 -4.715264
v -7.439412 5.053725 -4.715264
v -4.518545 0.034453 -6.794679
v -4.518545 0.034453 -6.794679
v -4.518545 5.053725 -8.874093
v -4.518545 5.053725 -8.874093
v -7.439412 5.053726 -8.874093
v -7.439412 5.053726 -8.874093
v -4.518545 0.895517 -4.715885
v -4.518545 0.895517 -4.715885
v -7.439412 0.895517 -4.715885
v -7.439412 0.895517 -4.715885
v -4.518545 4.099345 -9.510754
v -4.518545 4.099345 -9.510754
v -7.439412 4.099345 -9.510754
v -7.439412 4.099345 -9.510754
v -4.518545 1.849276 -4.078604
v -4.518545 1.849276 -4.078604
v -7.439412 1.849276 -4.078604
v -7.439412 1.849276 -4.078604
v -7.731545 4.773699 -4.995302
v -7.731545 3.947846 -4.444382
v -4.210933 3.947846 -4.444382
v -4.210933 2.974320 -4.249974
v -4.210933 2.000793 -4.444382
v -4.210933 1.175478 -4.995840
v -4.210933 4.773699 -4.995302
v -7.187099 1.943129 -5.763456
v -7.187099 2.416259 -5.447320
v -7.187099 2.974354 -5.335872
v -7.187099 3.532449 -5.447320
v -7.187099 4.005888 -5.763147
v -7.731545 2.974320 -4.249975
v -7.731545 2.000793 -4.444382
v -7.731545 1.175478 -8.593523
v -7.731545 2.000793 -9.144981
v -7.187099 4.005888 -7.826215
v -7.187099 3.532449 -8.142043
v -7.187099 2.974354 -8.253492
v -7.187099 2.416259 -8.142043
v -7.187099 1.943129 -7.825907
v -4.210933 4.773699 -8.594060
v -4.210933 1.174940 -8.594060
v -4.210933 2.000793 -9.144981
v -4.210933 2.974320 -9.339390
v -4.210933 3.947846 -9.144981
v -7.731545 2.974320 -9.339390
v -7.731545 3.947846 -9.144981
v -7.731545 5.518267 -6.794682
v -7.731545 5.324619 -5.821156
v -7.731545 1.175478 -4.995840
v -7.731545 0.624020 -5.821156
v -7.187099 1.515980 -6.794682
v -7.187099 1.626992 -6.236587
v -7.187099 4.321715 -6.236587
v -7.187099 4.432727 -6.794682
v -4.210933 5.518267 -6.794682
v -4.210933 5.324619 -5.821156
v -4.210933 0.624020 -5.821156
v -4.210933 0.430374 -6.794682
v -7.731545 4.773700 -8.594060
v -7.731545 5.324619 -7.768208
v -7.731545 0.430374 -6.794682
v -7.731545 0.624020 -7.768208
v -7.187099 1.626992 -7.352777
v -7.187099 4.321715 -7.352777
v -4.210933 0.624020 -7.768208
v -4.210933 5.324619 -7.768208
v -7.842441 4.005888 -5.763147
v -7.842441 3.532449 -5.447320
v -7.842441 2.974354 -5.335872
v -7.842441 2.416259 -5.447320
v -7.842441 1.943129 -5.763456
v -7.842441 1.626992 -6.236587
v -7.842441 1.515980 -6.794682
v -7.842441 1.626992 -7.352777
v -7.842441 1.943129 -7.825907
v -7.842441 2.416259 -8.142043
v -7.842441 2.974354 -8.253492
v -7.842441 3.532449 -8.142043
v -7.842441 4.005888 -7.826215
v -7.842441 4.321715 -7.352777
v -7.842441 4.432727 -6.794682
v -7.842441 4.321715 -6.236587
v -7.842441 4.005888 -5.763147
v -7.187099 4.005888 -5.763147
v -7.187099 3.532449 -5.447320
v -7.842441 3.532449 -5.447320
v -7.187099 2.974354 -5.335872
v -7.842441 2.974354 -5.335872
v -7.187099 2.416259 -5.447320
v -7.842441 2.416259 -5.447320
v -7.187099 1.943129 -5.763456
v -7.842441 1.943129 -5.763456
v -7.187099 1.626992 -6.236587
v -7.842441 1.626992 -6.236587
v -7.187099 1.515980 -6.794682
v -7.842441 1.515980 -6.794682
v -7.187099 1.626992 -7.352777
v -7.842441 1.626992 -7.352777
v -7.187099 1.943129 -7.825907
v -7.842441 1.943129 -7.825907
v -7.187099 2.416259 -8.142043
v -7.842441 2.416259 -8.142043
v -7.187099 2.974354 -8.253492
v -7.842441 2.974354 -8.253492
v -7.187099 3.532449 -8.142043
v -7.842441 3.532449 -8.142043
v -7.187099 4.005888 -7.826215
v -7.842441 4.005888 -7.826215
v -7.187099 4.321715 -7.352777
v -7.842441 4.321715 -7.352777
v -7.187099 4.432727 -6.794682
v -7.842441 4.432727 -6.794682
v -7.187099 4.321715 -6.236587
v -7.842441 4.321715 -6.236587
vn 0.4422 -0.8969 -0.0001
vn 0.4422 -0.8286 0.3432
vn -0.4535 -0.8234 0.3411
vn -0.4535 -0.8912 -0.0000
vn 0.4422 -0.6342 -0.6342
vn 0.4422 -0.8287 -0.3430
vn -0.4536 -0.8234 -0.3409
vn -0.4536 -0.6302 -0.6302
vn 0.4422 0.8969 -0.0000
vn 0.4422 0.8288 -0.3429
vn -0.4535 0.8236 -0.3407
vn -0.4535 0.8913 -0.0000
vn 0.4423 -0.0000 0.8969
vn 0.4422 0.3433 0.8286
vn -0.4535 0.3411 0.8234
vn -0.4536 -0.0000 0.8912
vn 0.4423 -0.0000 -0.8969
vn 0.4422 -0.3434 -0.8286
vn -0.4535 -0.3413 -0.8233
vn -0.4536 -0.0000 -0.8912
vn 0.4423 0.6342 0.6342
vn 0.4422 0.8288 0.3429
vn -0.4535 0.8235 0.3408
vn -0.4536 0.6302 0.6302
vn 0.4422 -0.8969 -0.0000
vn 0.4423 0.6342 -0.6342
vn -0.4536 0.6302 -0.6302
vn 0.4422 -0.6342 0.6342
vn -0.4535 -0.6302 0.6302
vn 0.4422 0.3432 -0.8287
vn -0.4535 0.3411 -0.8234
vn 0.4422 -0.3435 0.8285
vn -0.4535 -0.3414 0.8233
vn -0.9331 0.2542 0.2542
vn -0.9331 0.1376 0.3323
vn 0.9035 0.1640 0.3960
vn 0.9035 -0.0000 0.4285
vn 0.9035 -0.1642 0.3959
vn 0.9464 -0.2285 0.2285
vn 0.9464 0.2284 0.2284
vn -1.0000 -0.0000 -0.0000
vn 0.4422 -0.3436 0.8285
vn -0.9331 -0.0000 0.3595
vn -0.9331 -0.1377 0.3322
vn -0.9331 -0.2543 -0.2543
vn -0.9331 -0.1377 -0.3322
vn -0.4536 -0.3413 -0.8233
vn 0.9464 0.2284 -0.2284
vn 0.9464 -0.2284 -0.2284
vn 0.9035 -0.1640 -0.3960
vn 0.9036 -0.0000 -0.4285
vn 0.9035 0.1640 -0.3960
vn 0.4422 0.3433 -0.8286
vn -0.9331 -0.0000 -0.3595
vn -0.9331 0.1376 -0.3323
vn -0.9331 0.3596 -0.0000
vn -0.9331 0.3323 0.1375
vn -0.4535 0.8235 0.3407
vn -0.4535 0.8912 -0.0000
vn -0.9331 -0.2543 0.2543
vn -0.9331 -0.3322 0.1376
vn 0.9464 0.3231 -0.0000
vn 0.9464 0.2986 0.1235
vn 0.9464 -0.2985 0.1237
vn 0.9464 -0.3231 -0.0000
vn -0.9331 0.2542 -0.2542
vn -0.9331 0.3323 -0.1375
vn -0.4535 0.8235 -0.3408
vn -0.9331 -0.3596 -0.0000
vn -0.9331 -0.3322 -0.1376
vn -0.4536 -0.8234 -0.3410
vn -0.4535 -0.8913 -0.0000
vn 0.9463 -0.2986 -0.1236
vn 0.9464 0.2986 -0.1235
vn 0.4422 -0.8287 -0.3431
vn 0.4422 0.3432 0.8286
vn 0.4423 -0.0000 0.8968
vn 0.4422 -0.3433 -0.8286
vn -0.9948 0.0718 0.0718
vn -0.9948 0.0389 0.0939
vn -0.9948 -0.0000 0.1016
vn -0.9948 -0.0389 0.0939
vn -0.9948 -0.0719 0.0719
vn -0.9948 -0.0939 0.0389
vn -0.9948 -0.1016 -0.0000
vn -0.9948 -0.0939 -0.0389
vn -0.9948 -0.0719 -0.0719
vn -0.9948 -0.0389 -0.0939
vn -0.9948 -0.0000 -0.1016
vn -0.9948 0.0389 -0.0939
vn -0.9948 0.0718 -0.0718
vn -0.9948 0.0939 -0.0389
vn -0.9948 0.1016 -0.0000
vn -0.9948 0.0939 0.0389
vn -0.0000 -0.7071 -0.7071
vn -0.0000 -0.3827 -0.9239
vn -0.0000 -0.0000 -1.0000
vn -0.0000 0.3830 -0.9237
vn -0.0000 0.7071 -0.7071
vn -0.0000 0.9239 -0.3827
vn -0.0000 1.0000 -0.0000
vn -0.0000 0.9239 0.3827
vn -0.0000 0.7071 0.7071
vn -0.0000 0.3830 0.9237
vn -0.0000 -0.0000 1.0000
vn -0.0000 -0.3827 0.9239
vn -0.0000 -0.7071 0.7071
vn -0.0000 -0.9240 0.3823
vn -0.0000 -1.0000 -0.0000
vn -0.0000 -0.9240 -0.3823
vt 1.000000 0.253785
vt 0.937823 0.253785
vt 0.937823 0.001048
vt 1.000000 0.001048
vt 0.125041 0.253785
vt 0.062521 0.253785
vt 0.062521 0.001048
vt 0.125041 0.001048
vt 0.500172 0.253785
vt 0.437650 0.253785
vt 0.437650 0.001048
vt 0.500172 0.001048
vt 0.750260 0.253785
vt 0.687739 0.253785
vt 0.687739 0.001048
vt 0.750260 0.001048
vt 0.250084 0.253785
vt 0.187562 0.253785
vt 0.187562 0.001048
vt 0.250084 0.001048
vt 0.625217 0.253785
vt 0.562694 0.253785
vt 0.562694 0.001048
vt 0.625217 0.001048
vt 0.000000 0.253785
vt 0.000000 0.001048
vt 0.375127 0.253785
vt 0.375127 0.001048
vt 0.875303 0.253785
vt 0.875303 0.001048
vt 0.312605 0.253785
vt 0.312605 0.001048
vt 0.812782 0.253785
vt 0.812782 0.001048
vt 0.111096 0.361057
vt 0.068558 0.424823
vt 0.040315 0.413126
vt 0.089473 0.339436
vt 0.569081 0.424824
vt 0.554070 0.499992
vt 0.569081 0.575160
vt 0.611660 0.638885
vt 0.611618 0.361058
vt 0.183423 0.564095
vt 0.163259 0.533918
vt 0.156151 0.498322
vt 0.163259 0.462725
vt 0.183403 0.432528
vt 0.540839 0.586859
vt 0.590044 0.660501
vt 0.053548 0.499991
vt 0.068558 0.575159
vt 0.040315 0.586859
vt 0.022969 0.499992
vt 0.388923 0.638884
vt 0.431502 0.575159
vt 0.459744 0.586859
vt 0.410544 0.660507
vt 0.314990 0.432528
vt 0.335134 0.462725
vt 0.342242 0.498322
vt 0.335134 0.533918
vt 0.314970 0.564095
vt 0.889487 0.361058
vt 0.889487 0.638926
vt 0.932025 0.575160
vt 0.947035 0.499992
vt 0.932025 0.424824
vt 0.960267 0.413126
vt 0.911109 0.339436
vt 0.446513 0.499991
vt 0.431502 0.424823
vt 0.459744 0.413126
vt 0.477091 0.499992
vt 0.250030 0.303567
vt 0.174862 0.318519
vt 0.163163 0.290278
vt 0.250030 0.272999
vt 0.111138 0.638884
vt 0.174862 0.681463
vt 0.163163 0.709707
vt 0.089521 0.660501
vt 0.249196 0.591340
vt 0.213600 0.584259
vt 0.213600 0.412384
vt 0.249196 0.405304
vt 0.750553 0.303568
vt 0.675384 0.318520
vt 0.675384 0.681464
vt 0.750553 0.696416
vt 0.388964 0.361057
vt 0.325198 0.318519
vt 0.336896 0.290278
vt 0.410586 0.339436
vt 0.250030 0.696415
vt 0.325198 0.681463
vt 0.336896 0.709707
vt 0.250030 0.726985
vt 0.284793 0.584259
vt 0.284793 0.412384
vt 0.825721 0.681464
vt 0.825721 0.318520
vt 0.663686 0.709707
vt 0.750553 0.726985
vt 0.837419 0.709707
vt 0.911103 0.660543
vt 0.837419 0.290278
vt 0.750553 0.272999
vt 0.540839 0.413126
vt 0.523492 0.499992
vt 0.960267 0.586859
vt 0.977614 0.499992
vt 0.663686 0.290278
vt 0.589997 0.339436
vt 0.173085 0.423043
vt 0.148797 0.456900
vt 0.141213 0.499988
vt 0.148693 0.539952
vt 0.172275 0.575244
vt 0.207567 0.598826
vt 0.249197 0.607107
vt 0.290827 0.598826
vt 0.326120 0.575244
vt 0.349701 0.539952
vt 0.358015 0.498322
vt 0.349701 0.456692
vt 0.326143 0.421376
vt 0.290827 0.397818
vt 0.249197 0.389537
vt 0.208400 0.399484
s 1
usemtl defaultMaterial
f 487/391/334 488/392/335 490/393/336
f 487/391/334 490/393/336 492/394/337
f 495/395/338 497/396/339 499/397/340
f 495/395/338 499/397/340 501/398/341
f 503/399/342 505/400/343 507/401/344
f 503/399/342 507/401/344 509/402/345
f 511/403/346 513/404/347 515/405/348
f 511/403/346 515/405/348 517/406/349
f 519/407/350 521/408/351 523/409/352
f 519/407/350 523/409/352 525/410/353
f 527/411/354 529/412/355 531/413/356
f 527/411/354 531/413/356 533/414/357
f 497/396/339 535/415/358 493/416/337
f 497/396/339 493/416/337 499/397/340
f 505/400/343 537/417/359 539/418/360
f 505/400/343 539/418/360 507/401/344
f 488/392/335 541/419/361 543/420/362
f 488/392/335 543/420/362 490/393/336
f 529/412/355 503/399/342 509/402/345
f 529/412/355 509/402/345 531/413/356
f 545/421/363 519/407/350 525/410/353
f 545/421/363 525/410/353 547/422/364
f 537/417/359 545/421/363 547/422/364
f 537/417/359 547/422/364 539/418/360
f 521/408/351 495/395/338 501/398/341
f 521/408/351 501/398/341 523/409/352
f 549/423/365 511/403/346 517/406/349
f 549/423/365 517/406/349 551/424/366
f 541/419/361 549/423/365 551/424/366
f 541/419/361 551/424/366 543/420/362
f 513/404/347 527/411/354 533/414/357
f 513/404/347 533/414/357 515/405/348
f 553/425/367 554/426/368 516/427/348
f 553/425/367 516/427/348 534/428/357
f 555/429/369 556/430/370 557/431/371
f 555/429/369 557/431/371 558/432/372
f 555/429/369 558/432/372 559/433/373
s 0
f 560/434/374 561/435/374 562/436/374
f 560/434/374 562/436/374 563/437/374
f 560/434/374 563/437/374 564/438/374
s 1
f 558/432/372 557/431/371 550/439/375
f 558/432/372 550/439/375 542/440/361
f 565/441/376 566/442/377 552/443/366
f 565/441/376 552/443/366 518/444/349
f 567/445/378 568/446/379 524/447/380
f 567/445/378 524/447/380 502/448/341
s 0
f 569/449/374 570/450/374 571/451/374
f 569/449/374 571/451/374 572/452/374
f 569/449/374 572/452/374 573/453/374
s 1
f 574/454/381 575/455/382 576/456/383
f 574/454/381 576/456/383 577/457/384
f 574/454/381 577/457/384 578/458/385
f 574/454/381 578/458/385 546/459/386
f 574/454/381 546/459/386 538/460/359
f 579/461/387 580/462/388 548/463/364
f 579/461/387 548/463/364 526/464/353
f 581/465/389 582/466/390 532/467/391
f 581/465/389 532/467/391 510/468/392
f 583/469/393 584/470/394 491/471/336
f 583/469/393 491/471/336 544/472/362
s 0
f 585/473/374 586/474/374 587/475/374
f 585/473/374 587/475/374 588/476/374
s 1
f 589/477/395 590/478/396 591/479/397
f 589/477/395 591/479/397 592/480/398
f 593/481/399 594/482/400 508/483/401
f 593/481/399 508/483/401 540/484/360
f 595/485/402 596/486/403 500/487/404
f 595/485/402 500/487/404 494/488/405
s 0
f 573/453/374 597/489/374 598/490/374
f 573/453/374 598/490/374 569/449/374
s 1
f 592/480/398 599/491/406 600/492/407
f 592/480/398 600/492/407 589/477/395
f 553/425/367 534/428/357 532/467/391
f 553/425/367 532/467/391 582/466/390
f 579/461/387 526/464/353 524/447/380
f 579/461/387 524/447/380 568/446/379
f 565/441/376 518/444/349 516/427/348
f 565/441/376 516/427/348 554/426/368
f 581/465/389 510/468/392 508/483/401
f 581/465/389 508/483/401 594/482/400
f 559/433/373 558/432/372 591/479/397
f 559/433/373 591/479/397 590/478/396
f 567/445/378 502/448/341 500/487/404
f 567/445/378 500/487/404 596/486/403
f 595/485/402 494/488/405 491/471/336
f 595/485/402 491/471/336 584/470/394
f 575/455/382 574/454/381 600/492/407
f 575/455/382 600/492/407 599/491/406
s 0
f 560/434/374 564/438/374 587/475/374
f 560/434/374 587/475/374 586/474/374
f 585/473/374 588/476/374 598/490/374
f 585/473/374 598/490/374 597/489/374
s 1
f 591/479/397 489/493/335 536/494/358
f 591/479/397 536/494/358 592/480/398
f 599/491/406 498/495/408 496/496/338
f 599/491/406 496/496/338 575/455/382
f 600/492/407 506/497/343 504/498/342
f 600/492/407 504/498/342 589/477/395
f 555/429/369 514/499/409 512/500/410
f 555/429/369 512/500/410 556/430/370
f 576/456/383 522/501/411 520/502/350
f 576/456/383 520/502/350 577/457/384
f 590/478/396 530/503/355 528/504/354
f 590/478/396 528/504/354 559/433/373
f 592/480/398 536/494/358 498/495/408
f 592/480/398 498/495/408 599/491/406
f 574/454/381 538/460/359 506/497/343
f 574/454/381 506/497/343 600/492/407
f 558/432/372 542/440/361 489/493/335
f 558/432/372 489/493/335 591/479/397
f 589/477/395 504/498/342 530/503/355
f 589/477/395 530/503/355 590/478/396
f 577/457/384 520/502/350 546/459/386
f 577/457/384 546/459/386 578/458/385
f 593/481/399 540/484/360 548/463/364
f 593/481/399 548/463/364 580/462/388
f 553/425/367 601/505/412 602/506/413
f 553/425/367 602/506/413 554/426/368
f 554/426/368 602/506/413 603/507/414
f 554/426/368 603/507/414 565/441/376
f 565/441/376 603/507/414 604/508/415
f 565/441/376 604/508/415 566/442/377
f 566/442/377 604/508/415 605/509/416
f 566/442/377 605/509/416 583/469/393
f 583/469/393 605/509/416 606/510/417
f 583/469/393 606/510/417 584/470/394
f 584/470/394 606/510/417 607/511/418
f 584/470/394 607/511/418 595/485/402
f 595/485/402 607/511/418 608/512/419
f 595/485/402 608/512/419 596/486/403
f 596/486/403 608/512/419 609/513/420
f 596/486/403 609/513/420 567/445/378
f 567/445/378 609/513/420 610/514/421
f 567/445/378 610/514/421 568/446/379
f 568/446/379 610/514/421 611/515/422
f 568/446/379 611/515/422 579/461/387
f 579/461/387 611/515/422 612/516/423
f 579/461/387 612/516/423 580/462/388
f 580/462/388 612/516/423 613/517/424
f 580/462/388 613/517/424 593/481/399
f 593/481/399 613/517/424 614/518/425
f 593/481/399 614/518/425 594/482/400
f 594/482/400 614/518/425 615/519/426
f 594/482/400 615/519/426 581/465/389
f 581/465/389 615/519/426 616/520/427
f 581/465/389 616/520/427 582/466/390
f 582/466/390 616/520/427 601/505/412
f 582/466/390 601/505/412 553/425/367
f 617/505/428 618/438/428 619/437/429
f 617/505/428 619/437/429 620/506/429
f 620/506/429 619/437/429 621/436/430
f 620/506/429 621/436/430 622/507/430
f 622/507/430 621/436/430 623/435/431
f 622/507/430 623/435/431 624/508/431
f 624/508/431 623/435/431 625/434/432
f 624/508/431 625/434/432 626/509/432
f 626/509/432 625/434/432 627/474/433
f 626/509/432 627/474/433 628/510/433
f 628/510/433 627/474/433 629/473/434
f 628/510/433 629/473/434 630/511/434
f 630/511/434 629/473/434 631/489/435
f 630/511/434 631/489/435 632/512/435
f 632/512/435 631/489/435 633/453/436
f 632/512/435 633/453/436 634/513/436
f 634/513/436 633/453/436 635/452/437
f 634/513/436 635/452/437 636/514/437
f 636/514/437 635/452/437 637/451/438
f 636/514/437 637/451/438 638/515/438
f 638/515/438 637/451/438 639/450/439
f 638/515/438 639/450/439 640/516/439
f 640/516/439 639/450/439 641/449/440
f 640/516/439 641/449/440 642/517/440
f 642/517/440 641/449/440 643/490/441
f 642/517/440 643/490/441 644/518/441
f 644/518/441 643/490/441 645/476/442
f 644/518/441 645/476/442 646/519/442
f 646/519/442 645/476/442 647/475/443
f 646/519/442 647/475/443 648/520/443
f 648/520/443 647/475/443 618/438/428
f 648/520/443 618/438/428 617/505/428
f 575/455/382 496/496/338 522/501/411
f 575/455/382 522/501/411 576/456/383
f 556/430/370 512/500/410 550/439/375
f 556/430/370 550/439/375 557/431/371
f 583/469/393 544/472/362 552/443/366
f 583/469/393 552/443/366 566/442/377
f 559/433/373 528/504/354 514/499/409
f 559/433/373 514/499/409 555/429/369
o defaultMaterial.004
v 2.067457 5.942525 -5.030772
v 6.891165 5.942525 -5.030772
v 6.891165 6.323195 -5.160357
v 2.226276 6.323195 -5.160357
v 2.067457 5.942525 -5.030772
v 1.837387 5.953596 -5.223785
v 1.408701 6.041512 -6.830853
v 1.408701 6.041512 -6.830853
v 6.891165 6.045758 -6.830853
v 6.891165 5.942525 -5.030772
v 6.891165 7.479610 -9.242793
v 2.025202 7.479610 -9.242793
v 1.754767 6.935506 -8.540637
v 1.754767 6.935506 -8.540637
v 6.891165 6.935506 -8.540637
v 1.250584 6.045758 -6.830853
v 1.250584 6.045758 -6.830853
v 1.688744 6.285547 -6.162263
v 1.250584 6.285546 -6.162263
v 6.891165 7.064367 -9.165043
v 1.866384 7.064367 -9.165043
v 1.866384 7.064367 -9.165043
v 6.891165 7.479610 -9.242793
v 1.408701 6.041512 -6.830853
v 1.837387 5.953596 -5.223785
v 1.688744 6.285547 -6.162263
v 1.996205 6.334263 -5.353369
v 6.891165 6.403485 -8.318219
v 1.595949 6.403485 -8.318219
v 1.595949 6.403485 -8.318219
v 1.595949 6.403485 -8.318219
v 6.891165 6.285546 -6.162263
v 1.250584 6.403485 -8.318219
v 1.250584 6.403485 -8.318219
v 1.250584 6.935506 -8.540637
v 6.891165 6.490438 -6.337986
v 6.891165 7.019284 -8.273173
v 1.322884 7.019284 -8.273173
v 1.322884 6.490438 -6.337986
v 6.891165 6.935509 -8.540648
v 1.322884 6.935509 -8.540648
v 1.322884 6.285548 -6.162273
v 6.891165 6.285548 -6.162273
v -6.891165 6.490438 -6.337986
v -1.322884 6.490438 -6.337986
v -1.322884 7.019284 -8.273173
v -6.891165 7.019284 -8.273173
v -1.322884 6.935509 -8.540648
v -6.891165 6.935509 -8.540648
v -6.891165 6.285548 -6.162273
v -1.322884 6.285548 -6.162273
v -2.067457 5.942525 -5.030772
v -2.226276 6.323195 -5.160357
v -6.891165 6.323195 -5.160357
v -6.891165 5.942525 -5.030772
v -2.067457 5.942525 -5.030772
v -6.891165 5.942525 -5.030772
v -6.891165 6.045758 -6.830853
v -1.408701 6.041512 -6.830853
v -1.408701 6.041512 -6.830853
v -1.837387 5.953596 -5.223785
v -6.891165 7.479610 -9.242793
v -6.891165 6.935506 -8.540637
v -1.754767 6.935506 -8.540637
v -1.754767 6.935506 -8.540637
v -2.025202 7.479610 -9.242793
v -1.250584 6.045758 -6.830853
v -1.250584 6.045758 -6.830853
v -1.250584 6.285546 -6.162263
v -1.688744 6.285547 -6.162263
v -6.891165 7.064367 -9.165043
v -6.891165 7.479610 -9.242793
v -1.866384 7.064367 -9.165043
v -1.866384 7.064367 -9.165043
v -1.688744 6.285547 -6.162263
v -1.837387 5.953596 -5.223785
v -1.408701 6.041512 -6.830853
v -1.996205 6.334263 -5.353369
v -1.595949 6.403485 -8.318219
v -1.595949 6.403485 -8.318219
v -1.595949 6.403485 -8.318219
v -6.891165 6.403485 -8.318219
v -6.891165 6.285546 -6.162263
v -1.250584 6.403485 -8.318219
v -1.250584 6.403485 -8.318219
v -1.250584 6.935506 -8.540637
v 6.761109 8.367519 -7.561440
v 6.899194 8.466043 -7.538649
v 6.899194 8.466043 -7.538649
v 6.899194 8.594911 -8.878632
v 6.761109 8.494022 -8.874092
v 7.037278 8.494022 -8.874092
v 7.037278 8.367519 -7.561440
v 7.037278 6.521308 -4.248161
v 7.037278 6.744876 -4.715263
v 6.899194 6.841125 -4.684483
v 6.899194 6.841125 -4.684483
v 6.899194 6.594499 -4.182991
v 6.899194 6.594499 -4.182991
v 7.037278 6.864139 -10.198840
v 6.899194 6.852369 -10.296766
v 6.899194 6.852369 -10.296766
v 6.899194 7.439018 -10.305840
v 6.899194 7.439018 -10.305840
v 7.037278 7.421428 -10.215749
v 7.037278 7.946890 -10.048162
v 6.899194 7.993840 -10.130420
v 6.899194 7.993840 -10.130420
v 6.899194 8.464257 -9.551927
v 6.899194 8.464257 -9.551927
v 7.037278 8.374215 -9.510752
v 7.037278 6.911302 -5.844572
v 6.899194 6.986417 -5.791285
v 6.899194 6.986417 -5.791285
v 6.761109 5.679839 -4.715262
v 6.761109 5.679839 -4.715262
v 6.761109 6.521308 -4.248161
v 6.761109 6.744876 -4.715262
v 6.761109 5.861877 -5.669643
v 6.761109 5.861877 -5.669643
v 6.761109 6.911302 -5.844572
v 6.761109 5.989195 -6.794677
v 6.761109 5.989195 -6.794677
v 6.761109 7.856374 -6.197556
v 6.761109 5.765411 -7.919713
v 6.761109 5.765411 -7.919713
v 6.761109 8.367519 -7.561440
v 6.761109 5.128754 -8.874092
v 6.761109 5.128754 -8.874092
v 6.761109 8.494022 -8.874092
v 6.761109 5.128754 -9.510752
v 6.761109 5.128754 -9.510752
v 6.761109 8.374215 -9.510752
v 6.761109 7.946890 -10.048162
v 6.761109 7.421428 -10.215749
v 6.761109 6.864139 -10.198840
v 7.037278 7.856374 -6.197556
v 7.037278 7.856374 -6.197556
v 6.899194 7.929004 -6.135131
v 6.899194 7.929004 -6.135131
v 7.037278 5.128754 -9.510752
v 7.037278 8.374215 -9.510752
v 7.037278 8.494022 -8.874092
v 7.037278 5.128754 -8.874092
v 7.037278 5.765411 -7.919713
v 7.037278 8.367519 -7.561440
v 7.037278 5.989195 -6.794677
v 7.037278 7.856374 -6.197556
v 7.037278 5.861877 -5.669643
v 7.037278 6.911302 -5.844572
v 7.037278 5.679839 -4.715263
v 7.037278 6.744876 -4.715263
v 7.037278 5.513592 -4.078604
v 7.037278 6.252174 -4.078604
v 7.037278 6.252174 -4.078604
v 6.899194 6.279360 -3.984450
v 6.899194 6.279360 -3.984450
v 6.899194 5.513592 -3.976600
v 6.899194 5.513592 -3.976600
v 6.899194 5.091156 -9.605574
v 6.899194 5.091156 -9.605574
v 6.761109 6.252174 -4.078604
v 6.761109 6.521308 -4.248161
v 6.761109 6.864139 -10.198840
v 6.761109 7.856374 -6.197556
v 6.761109 6.911302 -5.844572
v 6.761109 8.374215 -9.510752
v 6.761109 7.946890 -10.048162
v 6.761109 6.744876 -4.715262
v 6.761109 5.513592 -4.078604
v 6.761109 5.513592 -4.078604
v 6.761109 7.421428 -10.215749
v 7.037278 6.864139 -10.198840
v 7.037278 7.421428 -10.215749
v 7.037278 7.946890 -10.048162
v 6.761109 6.252174 -4.078604
v 7.037278 6.521308 -4.248161
v -6.761109 8.367519 -7.561440
v -6.761109 8.494022 -8.874092
v -6.899194 8.594911 -8.878632
v -6.899194 8.466043 -7.538649
v -6.899194 8.466043 -7.538649
v -7.037278 8.494022 -8.874092
v -7.037278 8.367519 -7.561440
v -7.037278 6.521308 -4.248161
v -6.899194 6.594499 -4.182991
v -6.899194 6.594499 -4.182991
v -6.899194 6.841125 -4.684483
v -6.899194 6.841125 -4.684483
v -7.037278 6.744876 -4.715263
v -7.037278 6.864139 -10.198840
v -7.037278 7.421428 -10.215749
v -6.899194 7.439018 -10.305840
v -6.899194 7.439018 -10.305840
v -6.899194 6.852369 -10.296766
v -6.899194 6.852369 -10.296766
v -7.037278 7.946890 -10.048162
v -7.037278 8.374215 -9.510752
v -6.899194 8.464257 -9.551927
v -6.899194 8.464257 -9.551927
v -6.899194 7.993840 -10.130420
v -6.899194 7.993840 -10.130420
v -6.899194 6.986417 -5.791285
v -6.899194 6.986417 -5.791285
v -7.037278 6.911302 -5.844572
v -6.761109 6.744876 -4.715262
v -6.761109 6.521308 -4.248161
v -6.761109 5.679839 -4.715262
v -6.761109 5.679839 -4.715262
v -6.761109 5.861877 -5.669643
v -6.761109 5.861877 -5.669643
v -6.761109 6.911302 -5.844572
v -6.761109 5.989195 -6.794677
v -6.761109 5.989195 -6.794677
v -6.761109 7.856374 -6.197556
v -6.761109 5.765411 -7.919713
v -6.761109 5.765411 -7.919713
v -6.761109 8.367519 -7.561440
v -6.761109 5.128754 -8.874092
v -6.761109 5.128754 -8.874092
v -6.761109 8.494022 -8.874092
v -6.761109 5.128754 -9.510752
v -6.761109 5.128754 -9.510752
v -6.761109 6.864139 -10.198840
v -6.761109 7.421428 -10.215749
v -6.761109 7.946890 -10.048162
v -6.761109 8.374215 -9.510752
v -7.037278 7.856374 -6.197556
v -7.037278 7.856374 -6.197556
v -6.899194 7.929004 -6.135131
v -6.899194 7.929004 -6.135131
v -7.037278 5.128754 -9.510752
v -7.037278 5.128754 -8.874092
v -7.037278 8.494022 -8.874092
v -7.037278 8.374215 -9.510752
v -7.037278 5.765411 -7.919713
v -7.037278 8.367519 -7.561440
v -7.037278 5.989195 -6.794677
v -7.037278 7.856374 -6.197556
v -7.037278 5.861877 -5.669643
v -7.037278 6.911302 -5.844572
v -7.037278 5.679839 -4.715263
v -7.037278 6.744876 -4.715263
v -7.037278 6.252174 -4.078604
v -7.037278 5.513592 -4.078604
v -7.037278 6.252174 -4.078604
v -6.899194 6.279360 -3.984450
v -6.899194 6.279360 -3.984450
v -6.899194 5.513592 -3.976600
v -6.899194 5.513592 -3.976600
v -6.899194 5.091156 -9.605574
v -6.899194 5.091156 -9.605574
v -6.761109 6.252174 -4.078604
v -6.761109 6.521308 -4.248161
v -6.761109 6.864139 -10.198840
v -6.761109 7.856374 -6.197556
v -6.761109 6.911302 -5.844572
v -6.761109 8.374215 -9.510752
v -6.761109 7.946890 -10.048162
v -6.761109 6.744876 -4.715262
v -6.761109 5.513592 -4.078604
v -6.761109 5.513592 -4.078604
v -6.761109 7.421428 -10.215749
v -7.037278 6.864139 -10.198840
v -7.037278 7.946890 -10.048162
v -7.037278 7.421428 -10.215749
v -6.761109 6.252174 -4.078604
v -7.037278 6.521308 -4.248161
vn -0.2925 0.4153 0.8614
vn -0.0000 0.3223 0.9467
vn -0.0000 0.9364 0.3509
vn -0.2243 0.7270 0.6490
vn 0.0004 -0.9984 -0.0561
vn -0.0036 -0.9989 -0.0477
vn 0.0005 -0.9892 -0.1463
vn -0.0000 0.7905 0.6125
vn -0.6851 0.6406 -0.3468
vn -0.7627 0.5515 -0.3377
vn -0.0078 -0.9984 0.0553
vn -0.0067 -0.9399 0.3415
vn -0.0000 -0.5198 -0.8543
vn -0.4590 -0.3318 -0.8241
vn -0.0000 -0.1840 -0.9829
vn -0.9078 0.3290 0.2602
vn -0.7949 0.4298 0.4282
vn -0.5267 0.8378 0.1436
vn -0.5466 0.7515 0.3694
vn 0.0002 -0.9004 -0.4351
vn -0.2618 -0.7728 -0.5782
vn -0.0000 0.9993 -0.0376
vn -0.0078 -0.9984 0.0552
vn -0.0046 -0.7607 -0.6490
vn -0.7626 0.5516 -0.3377
vn -0.0046 -0.7607 -0.6491
vn -0.0000 -0.3857 -0.9226
vn -0.4591 -0.3318 -0.8241
vn -0.2618 -0.7727 -0.5782
vn -0.0000 0.8449 0.5349
vn -0.0000 0.9998 -0.0184
vn -0.0000 0.9543 -0.2989
vn -0.0000 0.6510 0.7591
vn 0.2925 0.4153 0.8614
vn 0.2243 0.7270 0.6489
vn -0.0016 0.9364 0.3509
vn -0.0004 -0.9984 -0.0561
vn -0.0005 -0.9892 -0.1463
vn 0.0036 -0.9989 -0.0477
vn 0.7627 0.5516 -0.3377
vn 0.6851 0.6406 -0.3468
vn 0.0078 -0.9984 0.0553
vn 0.0067 -0.9399 0.3415
vn 0.0037 -0.9989 -0.0477
vn 0.4590 -0.3318 -0.8241
vn 0.5267 0.8378 0.1436
vn 0.7949 0.4298 0.4282
vn 0.9078 0.3290 0.2602
vn 0.5466 0.7515 0.3694
vn 0.2618 -0.7728 -0.5782
vn -0.0002 -0.9004 -0.4351
vn 0.0046 -0.7607 -0.6490
vn 0.0078 -0.9984 0.0552
vn 0.7626 0.5517 -0.3377
vn 0.0046 -0.7607 -0.6491
vn 0.2618 -0.7727 -0.5782
vn 0.4591 -0.3318 -0.8241
vn -0.5806 0.7927 0.1857
vn -0.0000 0.9736 0.2281
vn -0.0000 0.9989 -0.0470
vn -0.5869 0.8088 -0.0380
vn 0.5869 0.8088 -0.0380
vn -0.0000 0.9736 0.2282
vn 0.5806 0.7927 0.1857
vn 0.5845 0.6037 0.5421
vn 0.5670 0.7885 0.2383
vn -0.0000 0.9572 0.2893
vn -0.0001 0.7440 0.6681
vn 0.5780 -0.1603 -0.8001
vn -0.0000 -0.1965 -0.9805
vn -0.0000 0.1424 -0.9898
vn 0.5635 0.1177 -0.8177
vn 0.5711 0.4637 -0.6774
vn -0.0000 0.5649 -0.8252
vn -0.0000 0.9066 -0.4221
vn 0.5785 0.7395 -0.3443
vn 0.5836 0.6272 0.5158
vn -0.0000 0.7723 0.6352
vn -0.8945 -0.4360 -0.0984
vn -1.0000 -0.0000 -0.0000
vn -0.7073 -0.6989 -0.1061
vn -0.7113 -0.7023 0.0293
vn -0.7139 -0.6471 0.2678
vn -0.7224 -0.6618 0.2004
vn -0.7521 -0.6492 -0.1131
vn 0.5706 0.5716 0.5897
vn -0.0000 0.6960 0.7181
vn 0.7522 -0.6492 -0.1131
vn 1.0000 -0.0000 -0.0000
vn 0.7224 -0.6618 0.2005
vn 0.7139 -0.6470 0.2677
vn 0.7113 -0.7022 0.0294
vn 0.7074 -0.6988 -0.1060
vn 0.8945 -0.4361 -0.0984
vn 0.6118 -0.7604 0.2179
vn 0.5865 0.2282 0.7771
vn -0.0000 0.2818 0.9595
vn -0.0000 -0.5196 0.8544
vn 0.5705 0.5716 0.5897
vn -0.0000 -0.8000 -0.6000
vn -0.5865 0.2282 0.7771
vn -0.0000 0.7440 0.6682
vn -0.5845 0.6037 0.5421
vn -0.5780 -0.1603 -0.8001
vn -0.0000 -0.8000 -0.5999
vn -0.7522 -0.6492 -0.1131
vn -0.5705 0.5716 0.5897
vn -0.5836 0.6272 0.5158
vn -0.5785 0.7395 -0.3443
vn -0.5711 0.4637 -0.6774
vn -0.0000 0.9573 0.2893
vn -0.5670 0.7885 0.2383
vn 0.0001 -0.5196 0.8544
vn -0.6117 -0.7605 0.2179
vn -0.5635 0.1177 -0.8177
vn -0.6118 -0.7604 0.2179
vn -0.8945 -0.4361 -0.0984
vn -0.7074 -0.6988 -0.1060
vn -0.7114 -0.7022 0.0294
vn -0.7139 -0.6470 0.2677
vn -0.7225 -0.6617 0.2004
vn -0.6117 -0.7605 0.2178
vn -0.5870 0.8087 -0.0380
vn -0.0000 0.7441 0.6681
vn 0.7073 -0.6989 -0.1060
vn 0.7113 -0.7023 0.0294
vn 0.7139 -0.6471 0.2677
vn 0.7521 -0.6492 -0.1131
vn -0.0000 0.6960 0.7180
vn -0.7224 -0.6618 0.2005
vn -0.7113 -0.7022 0.0294
vn -0.0000 -0.1964 -0.9805
vn -0.0000 -0.5197 0.8544
vn 0.6117 -0.7605 0.2179
vn -0.0000 0.1425 -0.9898
vn 0.7114 -0.7022 0.0294
vn 0.7225 -0.6617 0.2004
vt 0.789454 0.320506
vt 0.997570 0.320506
vt 0.997570 0.307272
vt 0.796334 0.307272
vt 0.795598 0.002241
vt 0.788106 0.008620
vt 0.788107 0.040077
vt 0.997570 0.040077
vt 0.997570 0.003347
vt 0.997570 0.126729
vt 0.787647 0.126729
vt 0.787647 0.171125
vt 0.997570 0.171125
vt 0.736524 0.262143
vt 0.753319 0.262108
vt 0.753323 0.237734
vt 0.736524 0.237734
vt 0.997570 0.106128
vt 0.787647 0.106128
vt 0.779392 0.310950
vt 0.787647 0.299816
vt 0.997570 0.071864
vt 0.788198 0.071864
vt 0.997570 0.237734
vt 0.775285 0.040077
vt 0.775285 0.071864
vt 0.757256 0.171125
vt 0.757256 0.150172
vt 0.736531 0.150172
vt 0.736531 0.171125
vt 0.768668 0.126729
vt 0.768668 0.171125
vt 0.997570 0.228381
vt 0.997570 0.180479
vt 0.736524 0.180479
vt 0.736524 0.228381
vt 0.736524 0.171125
vt 0.475479 0.228381
vt 0.475479 0.180479
vt 0.475479 0.171125
vt 0.475479 0.237734
vt 0.114438 0.307031
vt 0.111477 0.306332
vt 0.107604 0.347400
vt 0.111111 0.347260
vt 0.104572 0.347260
vt 0.103732 0.306332
vt 0.101106 0.307031
vt 0.045289 0.205486
vt 0.052008 0.219801
vt 0.054900 0.218858
vt 0.047488 0.203488
vt 0.055592 0.387861
vt 0.055238 0.390862
vt 0.072868 0.391140
vt 0.072339 0.388379
vt 0.088130 0.383243
vt 0.089541 0.385764
vt 0.103678 0.368035
vt 0.100972 0.366773
vt 0.057009 0.254412
vt 0.059266 0.252779
vt 0.195207 0.219801
vt 0.169920 0.205486
vt 0.163201 0.219801
vt 0.189737 0.249051
vt 0.158200 0.254412
vt 0.185911 0.283531
vt 0.129799 0.265230
vt 0.192636 0.318011
vt 0.211768 0.347260
vt 0.211768 0.366773
vt 0.114236 0.366773
vt 0.127078 0.383243
vt 0.142869 0.388379
vt 0.159617 0.387861
vt 0.085603 0.264844
vt 0.087593 0.263317
vt 0.003440 0.366773
vt 0.003440 0.347260
vt 0.022573 0.318011
vt 0.029298 0.283531
vt 0.025472 0.249051
vt 0.020001 0.219801
vt 0.015005 0.200289
vt 0.037201 0.200289
vt 0.038018 0.197403
vt 0.015005 0.197163
vt 0.085410 0.265230
vt 0.002310 0.369679
vt 0.178008 0.200289
vt 0.177191 0.197403
vt 0.167720 0.203488
vt 0.159971 0.390862
vt 0.212898 0.369679
vt 0.127616 0.263317
vt 0.155942 0.252779
vt 0.111531 0.368035
vt 0.125667 0.385764
vt 0.160309 0.218858
vt 0.200203 0.197163
vt 0.200203 0.200289
vt 0.142341 0.391140
s 1
usemtl defaultMaterial_0
f 649/521/444 650/522/445 651/523/446
f 649/521/444 651/523/446 652/524/447
f 653/525/448 654/526/448 655/527/449
f 653/525/448 655/527/449 657/528/450
f 653/525/448 657/528/450 658/529/448
f 659/530/451 660/531/452 661/532/453
f 659/530/451 661/532/453 663/533/451
f 664/534/454 656/535/449 666/536/455
f 664/534/454 666/536/455 667/537/455
f 668/538/456 669/539/457 660/531/452
f 668/538/456 660/531/452 671/530/458
f 672/535/459 673/540/460 674/536/461
f 652/524/447 651/523/446 674/536/461
f 652/524/447 674/536/461 675/541/462
f 668/538/456 676/542/463 677/543/464
f 668/538/456 677/543/464 669/539/457
f 657/528/450 655/527/449 677/543/464
f 657/528/450 677/543/464 676/542/463
f 680/544/465 674/536/461 651/523/446
f 677/543/464 655/527/449 665/545/466
f 677/543/464 665/545/466 681/546/467
f 662/547/468 678/548/464 682/549/469
f 662/547/468 682/549/469 683/550/470
f 660/531/452 670/551/471 679/552/472
f 660/531/452 679/552/472 661/532/453
f 675/541/462 673/540/460 649/521/444
f 675/541/462 649/521/444 652/524/447
f 684/553/473 685/554/474 686/555/474
f 684/553/473 686/555/474 687/556/473
f 686/555/474 685/554/474 688/533/475
f 686/555/474 688/533/475 689/557/475
f 684/553/473 687/556/473 690/537/476
f 684/553/473 690/537/476 691/544/476
f 692/558/473 693/556/473 694/555/474
f 692/558/473 694/555/474 695/559/474
f 694/555/474 696/557/475 697/560/475
f 694/555/474 697/560/475 695/559/474
f 692/558/473 698/561/476 699/537/476
f 692/558/473 699/537/476 693/556/473
f 700/521/477 701/524/478 702/523/479
f 700/521/477 702/523/479 703/522/445
f 704/525/480 705/529/480 706/528/481
f 704/525/480 706/528/481 707/527/482
f 704/525/480 707/527/482 709/526/480
f 710/530/451 711/533/451 712/532/483
f 710/530/451 712/532/483 714/531/484
f 715/534/485 717/537/486 718/536/486
f 715/534/485 718/536/486 708/535/487
f 719/538/456 720/530/458 714/531/484
f 719/538/456 714/531/484 721/539/488
f 723/536/489 724/540/490 725/535/491
f 701/524/478 726/541/492 723/536/489
f 701/524/478 723/536/489 702/523/479
f 719/538/456 721/539/488 727/543/493
f 719/538/456 727/543/493 730/542/494
f 706/528/481 730/542/494 727/543/493
f 706/528/481 727/543/493 707/527/482
f 702/523/479 723/536/489 731/544/465
f 727/543/493 732/546/495 716/545/496
f 727/543/493 716/545/496 707/527/482
f 713/547/497 734/550/470 733/549/498
f 713/547/497 733/549/498 728/548/493
f 714/531/484 712/532/483 729/552/499
f 714/531/484 729/552/499 722/551/500
f 726/541/492 701/524/478 700/521/477
f 726/541/492 700/521/477 724/540/490
f 735/562/501 736/563/502 738/564/503
f 735/562/501 738/564/503 739/565/504
f 740/566/505 738/564/503 737/567/506
f 740/566/505 737/567/506 741/568/507
f 742/569/508 743/570/509 744/571/510
f 742/569/508 744/571/510 746/572/511
f 748/573/512 749/574/513 751/575/514
f 748/573/512 751/575/514 753/576/515
f 754/577/516 755/578/517 757/579/518
f 754/577/516 757/579/518 759/580/519
f 743/570/509 760/581/520 761/582/521
f 743/570/509 761/582/521 744/571/510
f 763/583/522 765/584/523 766/585/523
f 767/586/524 763/583/522 766/585/523
f 767/586/524 766/585/523 769/587/523
f 770/588/525 767/586/524 769/587/523
f 770/588/525 769/587/523 772/589/523
f 773/590/526 770/588/525 772/589/523
f 773/590/526 772/589/523 775/562/523
f 776/591/527 773/590/526 775/562/523
f 776/591/527 775/562/523 778/565/523
f 779/592/528 781/593/523 782/594/523
f 779/592/528 782/594/523 783/595/523
f 779/592/528 783/595/523 784/596/523
f 785/597/529 787/598/530 761/582/521
f 785/597/529 761/582/521 760/581/520
f 789/599/531 790/580/532 791/566/532
f 789/599/531 791/566/532 792/600/533
f 793/601/534 792/600/533 791/566/532
f 793/601/534 791/566/532 794/568/532
f 795/602/535 793/601/534 794/568/532
f 795/602/535 794/568/532 796/597/532
f 797/603/536 795/602/535 796/597/532
f 797/603/536 796/597/532 798/581/532
f 799/604/537 797/603/536 798/581/532
f 799/604/537 798/581/532 800/570/532
f 801/605/538 799/604/537 802/606/532
f 803/606/539 742/569/508 746/572/511
f 803/606/539 746/572/511 804/607/540
f 801/605/538 803/606/539 804/607/540
f 801/605/538 804/607/540 806/608/541
f 759/580/519 757/579/518 738/564/503
f 759/580/519 738/564/503 740/566/505
f 741/568/507 737/567/506 787/598/530
f 741/568/507 787/598/530 786/609/542
f 789/599/531 808/610/543 749/574/513
f 789/599/531 749/574/513 748/573/512
f 810/611/544 805/612/540 747/613/545
f 810/611/544 747/613/545 811/584/546
f 812/596/547 750/614/513 809/615/548
f 812/596/547 809/615/548 779/592/549
f 813/589/550 788/616/530 736/563/502
f 813/589/550 736/563/502 735/562/501
f 762/617/521 788/616/530 813/589/550
f 762/617/521 813/589/550 814/587/551
f 815/593/552 739/565/504 738/564/503
f 815/593/552 738/564/503 758/618/518
f 816/594/553 815/593/552 758/618/518
f 816/594/553 758/618/518 756/619/517
f 745/620/554 762/617/521 814/587/551
f 745/620/554 814/587/551 817/585/555
f 807/621/556 805/612/540 810/611/544
f 807/621/556 810/611/544 818/622/557
f 756/619/517 752/623/514 820/595/558
f 756/619/517 820/595/558 816/594/553
f 817/585/555 811/584/546 747/613/545
f 817/585/555 747/613/545 745/620/554
f 799/604/537 801/605/538 819/605/559
f 799/604/537 819/605/559 764/604/560
f 801/605/538 806/608/541 819/605/559
f 797/603/536 799/604/537 764/604/560
f 797/603/536 764/604/560 768/603/561
f 795/602/535 797/603/536 768/603/561
f 795/602/535 768/603/561 771/602/562
f 793/601/534 795/602/535 771/602/562
f 793/601/534 771/602/562 774/601/563
f 792/600/533 793/601/534 774/601/563
f 792/600/533 774/601/563 777/600/564
f 789/599/531 792/600/533 777/600/564
f 789/599/531 777/600/564 780/599/549
f 808/610/543 789/599/531 780/599/549
f 776/591/527 778/565/523 781/593/523
f 776/591/527 781/593/523 779/592/528
s 0
f 821/573/532 822/576/532 823/577/532
f 821/573/532 823/577/532 790/580/532
s 1
f 821/573/532 790/580/532 789/599/531
f 755/578/517 754/577/516 753/576/515
f 755/578/517 753/576/515 751/575/514
f 750/614/513 812/596/547 820/595/558
f 750/614/513 820/595/558 752/623/514
f 818/622/565 824/611/523 763/583/522
f 824/611/523 765/584/523 763/583/522
f 800/570/532 825/569/532 799/604/537
f 825/569/532 802/606/532 799/604/537
f 826/562/507 827/565/505 828/564/503
f 826/562/507 828/564/503 829/563/506
f 831/566/566 832/568/501 830/567/502
f 831/566/566 830/567/502 828/564/503
f 833/569/546 834/572/567 836/571/510
f 833/569/546 836/571/510 838/570/555
f 839/573/547 840/576/558 841/575/514
f 839/573/547 841/575/514 843/574/513
f 845/577/553 846/580/552 847/579/518
f 845/577/553 847/579/518 849/578/517
f 838/570/555 836/571/510 851/582/521
f 838/570/555 851/582/521 853/581/551
f 854/585/532 855/584/532 856/583/537
f 858/586/568 860/587/532 854/585/532
f 858/586/568 854/585/532 856/583/537
f 861/588/569 863/589/532 860/587/532
f 861/588/569 860/587/532 858/586/568
f 864/590/570 866/562/532 863/589/532
f 864/590/570 863/589/532 861/588/569
f 867/591/533 869/565/532 866/562/532
f 867/591/533 866/562/532 864/590/570
f 870/592/571 872/596/532 873/595/532
f 870/592/571 873/595/532 874/594/532
f 870/592/571 874/594/532 875/593/532
f 876/597/550 853/581/551 851/582/521
f 876/597/550 851/582/521 878/598/572
f 880/599/549 881/600/573 882/566/523
f 880/599/549 882/566/523 883/580/523
f 884/601/563 885/568/523 882/566/523
f 884/601/563 882/566/523 881/600/573
f 886/602/574 887/597/523 885/568/523
f 886/602/574 885/568/523 884/601/563
f 888/603/561 889/581/523 887/597/523
f 888/603/561 887/597/523 886/602/574
f 890/604/560 891/570/523 889/581/523
f 890/604/560 889/581/523 888/603/561
f 892/606/523 890/604/560 893/605/559
f 894/606/544 895/607/540 834/572/567
f 894/606/544 834/572/567 833/569/546
f 893/605/559 897/608/541 895/607/540
f 893/605/559 895/607/540 894/606/544
f 846/580/552 831/566/566 828/564/503
f 846/580/552 828/564/503 847/579/518
f 832/568/501 877/609/550 878/598/572
f 832/568/501 878/598/572 830/567/502
f 880/599/549 839/573/547 843/574/513
f 880/599/549 843/574/513 899/610/543
f 901/611/539 902/584/508 835/613/545
f 901/611/539 835/613/545 896/612/540
f 903/596/512 870/592/571 900/615/543
f 903/596/512 900/615/543 844/614/575
f 904/589/542 826/562/507 829/563/506
f 904/589/542 829/563/506 879/616/530
f 852/617/521 905/587/520 904/589/542
f 852/617/521 904/589/542 879/616/530
f 906/593/519 848/618/518 828/564/503
f 906/593/519 828/564/503 827/565/505
f 907/594/516 850/619/517 848/618/518
f 907/594/516 848/618/518 906/593/519
f 837/620/510 908/585/509 905/587/520
f 837/620/510 905/587/520 852/617/521
f 898/621/576 909/622/577 901/611/539
f 898/621/576 901/611/539 896/612/540
f 850/619/517 907/594/516 911/595/515
f 850/619/517 911/595/515 842/623/578
f 908/585/509 837/620/510 835/613/545
f 908/585/509 835/613/545 902/584/508
f 890/604/560 857/604/537 910/605/538
f 890/604/560 910/605/538 893/605/559
f 910/605/538 897/608/541 893/605/559
f 888/603/561 859/603/536 857/604/537
f 888/603/561 857/604/537 890/604/560
f 886/602/574 862/602/579 859/603/536
f 886/602/574 859/603/536 888/603/561
f 884/601/563 865/601/534 862/602/579
f 884/601/563 862/602/579 886/602/574
f 881/600/573 868/600/580 865/601/534
f 881/600/573 865/601/534 884/601/563
f 880/599/549 871/599/531 868/600/580
f 880/599/549 868/600/580 881/600/573
f 871/599/531 880/599/549 899/610/543
f 867/591/533 870/592/571 875/593/532
f 867/591/533 875/593/532 869/565/532
f 912/573/523 880/599/549 883/580/523
s 0
f 912/573/523 883/580/523 913/577/523
f 912/573/523 913/577/523 914/576/523
s 1
f 849/578/517 841/575/514 840/576/558
f 849/578/517 840/576/558 845/577/553
f 844/614/575 842/623/578 911/595/515
f 844/614/575 911/595/515 903/596/512
f 856/583/537 915/611/532 909/622/577
f 856/583/537 855/584/532 915/611/532
f 890/604/560 916/569/523 891/570/523
f 890/604/560 892/606/523 916/569/523
f 675/541/462 674/536/461 673/540/460
f 726/541/492 724/540/490 723/536/489
o defaultMaterial.005
v 0.000000 6.779364 -9.915807
v -0.383114 6.703157 -9.915807
v -0.394818 6.731412 -10.000057
v 0.000000 6.809947 -10.000057
v -1.341190 6.224139 -9.636364
v -1.341190 6.224139 -9.636364
v -1.341190 6.224139 -8.401104
v -1.398442 6.224139 -8.401104
v -1.398442 6.224139 -9.879062
v -1.398442 6.224139 -9.879062
v -1.398442 7.184659 -9.879062
v -1.398442 6.224139 -9.879062
v -1.398442 6.224139 -8.401104
v -1.111708 5.778238 -9.915807
v -1.111708 6.224139 -9.915807
v -0.924919 6.224139 -9.915807
v -1.398442 7.184659 -6.713471
v -1.398442 5.778381 -8.504720
v -1.398442 5.778381 -5.271955
v -1.239524 7.184659 -10.000057
v -0.953174 6.224139 -10.000057
v -1.239524 6.224139 -10.000057
v -1.398442 7.184659 -9.879062
v -1.398442 7.184659 -6.713471
v -1.239524 7.301906 -6.811029
v -1.239524 7.301906 -9.851418
v 0.000000 7.301906 -9.851418
v 0.000000 7.184659 -10.000057
v -1.239524 7.184659 -10.000057
v -1.239524 7.301906 -9.851418
v -0.729528 6.507766 -10.000057
v 0.000000 7.184659 -10.000057
v -0.394818 6.731412 -10.000057
v 1.398442 7.184659 -9.879062
v 1.239524 7.184659 -10.000057
v 1.239524 7.301906 -9.851418
v 0.000000 6.809947 -10.000057
v -0.707903 6.486140 -9.915807
v -0.729528 6.507766 -10.000057
v -0.707903 6.486140 -9.915807
v -0.632313 6.410552 -9.817622
v -0.826157 6.120443 -9.817622
v -0.924919 6.224139 -9.915807
v 0.000000 7.301906 -6.811029
v -1.239524 7.301906 -6.811029
v -1.170135 7.184659 -6.713471
v 0.000000 7.184659 -6.713471
v -1.341190 5.778381 -8.504720
v -1.341190 5.778381 -9.636364
v -1.240278 5.260669 -9.636364
v -1.240278 5.260669 -8.504720
v -0.894226 5.778238 -9.817622
v -1.001125 5.778238 -9.915807
v -1.239524 7.301906 -9.851418
v -1.239524 7.301906 -6.811029
v 0.000000 7.301906 -6.811029
v 0.000000 7.301906 -9.851418
v -0.938142 4.810348 -9.636364
v -0.938142 4.810348 -8.504720
v -0.826157 5.436032 -9.817622
v -0.924919 5.395124 -9.915807
v -1.398442 7.184659 -6.713471
v -1.073616 5.778381 -6.196231
v 0.000000 5.778381 -6.196231
v 0.000000 6.928637 -7.637748
v -1.073616 6.928637 -7.637748
v -0.632313 5.145926 -9.817622
v -0.707903 5.070335 -9.915807
v -1.170135 7.184659 -6.713471
v -1.073616 6.928637 -7.637748
v 0.000000 6.928637 -7.637748
v 0.000000 7.184659 -6.713471
v -0.383114 6.703157 -9.915807
v -0.342205 6.604395 -9.817622
v 0.000000 4.419039 -9.636364
v 0.000000 4.541111 -9.680707
v 0.462953 4.632342 -9.680707
v 0.503204 4.519738 -9.636364
v 0.863722 4.899839 -9.680707
v 0.938142 4.810348 -9.636364
v 1.139821 5.305971 -9.680707
v 1.240278 5.260669 -9.636364
v 1.232265 5.776093 -9.680707
v 1.341190 5.778381 -9.636364
v -0.342205 4.952081 -9.817622
v -0.383114 4.853318 -9.915807
v 1.226895 6.224139 -9.680707
v 1.341190 6.224139 -9.636364
v -1.170135 5.778381 -5.271955
v -1.073616 5.778381 -6.196231
v -1.073616 6.928637 -7.637748
v -1.170135 7.184659 -6.713471
v -0.503204 4.519738 -9.636364
v -0.503204 4.519738 -8.504720
v -1.398442 5.778381 -8.504720
v -1.341190 5.778381 -8.504720
v -1.170135 5.778381 -5.271955
v -1.398442 5.778381 -5.271955
v -1.341190 6.224139 -8.401104
v -1.341190 5.778381 -8.504720
v -1.398442 5.778381 -8.504720
v -1.398442 6.224139 -8.401104
v -0.924919 6.224139 -9.915807
v -1.111708 6.224139 -9.915807
v -1.111708 6.224139 -9.915807
v -1.239524 6.224139 -10.000057
v -0.953174 6.224139 -10.000057
v 0.000000 4.884012 -9.817622
v 0.000000 4.777113 -9.915807
v -0.924919 6.224139 -9.915807
v -0.953174 6.224139 -10.000057
v -0.425432 4.751154 -9.915807
v -0.383114 4.853318 -9.915807
v 0.000000 4.777113 -9.915807
v 0.000000 4.666530 -9.915807
v -0.786096 4.992141 -9.915807
v -0.707903 5.070335 -9.915807
v -1.027084 5.352807 -9.915807
v -0.924919 5.395124 -9.915807
v -1.001125 5.778238 -9.915807
v -1.170135 5.778381 -5.271955
v -1.398442 5.778381 -5.271955
v -1.341190 6.224139 -8.401104
v -1.341190 6.224139 -9.636364
v 0.000000 6.779364 -9.915807
v 0.000000 6.672464 -9.817622
v 0.000000 4.419039 -9.636364
v 0.000000 4.419039 -8.504720
v -1.226895 6.224139 -9.680707
v -1.398442 7.184659 -9.879062
v -0.863722 4.899839 -9.680707
v -1.139821 5.305971 -9.680707
v -1.027084 5.352807 -9.915807
v -0.786096 4.992141 -9.915807
v 0.000000 4.541111 -9.680707
v -0.462953 4.632342 -9.680707
v -0.425432 4.751154 -9.915807
v 0.000000 4.666530 -9.915807
v -1.398442 6.224139 -9.879062
v -1.398442 7.184659 -9.879062
v -1.239524 7.184659 -10.000057
v -1.239524 6.224139 -10.000057
v -1.341190 5.778381 -9.636364
v -1.341190 6.224139 -9.636364
v -1.226895 6.224139 -9.680707
v -1.232265 5.776093 -9.680707
v -1.240278 5.260669 -9.636364
v -1.139821 5.305971 -9.680707
v -0.938142 4.810348 -9.636364
v -0.863722 4.899839 -9.680707
v -0.503204 4.519738 -9.636364
v -0.462953 4.632342 -9.680707
v -1.232265 5.776093 -9.680707
v -1.111708 5.778238 -9.915807
v -1.226895 6.224139 -9.680707
v -1.111708 6.224139 -9.915807
v 1.398442 6.224139 -9.879062
v 1.398442 6.224139 -9.879062
v 1.341190 6.224139 -9.636364
v 1.341190 6.224139 -9.636364
v 1.111708 6.224139 -9.915807
v 1.111708 6.224139 -9.915807
v 1.239524 6.224139 -10.000057
v 0.394818 6.731412 -10.000057
v 0.383114 6.703157 -9.915807
v 1.398442 6.224139 -8.401104
v 1.341190 6.224139 -8.401104
v 1.398442 6.224139 -8.401104
v 1.398442 6.224139 -9.879062
v 1.398442 7.184659 -9.879062
v 0.924919 6.224139 -9.915807
v 1.111708 6.224139 -9.915807
v 1.111708 5.778238 -9.915807
v 1.398442 5.778381 -8.504720
v 1.398442 7.184659 -6.713471
v 1.398442 5.778381 -5.271955
v 1.239524 6.224139 -10.000057
v 0.953174 6.224139 -10.000057
v 1.239524 7.184659 -10.000057
v 1.398442 7.184659 -9.879062
v 1.239524 7.301906 -9.851418
v 1.239524 7.301906 -6.811029
v 1.398442 7.184659 -6.713471
v 0.729528 6.507766 -10.000057
v 0.394818 6.731412 -10.000057
v 0.729528 6.507766 -10.000057
v 0.707903 6.486140 -9.915807
v 0.707903 6.486140 -9.915807
v 0.924919 6.224139 -9.915807
v 0.826157 6.120443 -9.817622
v 0.632313 6.410552 -9.817622
v 1.170135 7.184659 -6.713471
v 1.239524 7.301906 -6.811029
v 1.341190 5.778381 -8.504720
v 1.240278 5.260669 -8.504720
v 1.240278 5.260669 -9.636364
v 1.341190 5.778381 -9.636364
v 1.001125 5.778238 -9.915807
v 0.894226 5.778238 -9.817622
v 1.239524 7.301906 -9.851418
v 1.239524 7.301906 -6.811029
v 0.938142 4.810348 -8.504720
v 0.938142 4.810348 -9.636364
v 0.924919 5.395124 -9.915807
v 0.826157 5.436032 -9.817622
v 1.398442 7.184659 -6.713471
v 1.073616 5.778381 -6.196231
v 1.073616 6.928637 -7.637748
v 0.707903 5.070335 -9.915807
v 0.632313 5.145926 -9.817622
v 1.170135 7.184659 -6.713471
v 1.073616 6.928637 -7.637748
v 0.383114 6.703157 -9.915807
v 0.342205 6.604395 -9.817622
v 0.383114 4.853318 -9.915807
v 0.342205 4.952081 -9.817622
v 1.170135 5.778381 -5.271955
v 1.170135 7.184659 -6.713471
v 1.073616 6.928637 -7.637748
v 1.073616 5.778381 -6.196231
v 0.503204 4.519738 -8.504720
v 0.503204 4.519738 -9.636364
v 1.398442 5.778381 -8.504720
v 1.398442 5.778381 -5.271955
v 1.170135 5.778381 -5.271955
v 1.341190 5.778381 -8.504720
v 1.341190 6.224139 -8.401104
v 1.398442 6.224139 -8.401104
v 1.398442 5.778381 -8.504720
v 1.341190 5.778381 -8.504720
v 0.924919 6.224139 -9.915807
v 0.953174 6.224139 -10.000057
v 0.953174 6.224139 -10.000057
v 0.924919 6.224139 -9.915807
v 1.232265 5.776093 -9.680707
v 1.111708 5.778238 -9.915807
v 1.111708 6.224139 -9.915807
v 1.226895 6.224139 -9.680707
v 0.425432 4.751154 -9.915807
v 0.383114 4.853318 -9.915807
v 0.786096 4.992141 -9.915807
v 0.707903 5.070335 -9.915807
v 1.027084 5.352807 -9.915807
v 0.924919 5.395124 -9.915807
v 1.001125 5.778238 -9.915807
v 1.170135 5.778381 -5.271955
v 1.398442 5.778381 -5.271955
v 1.341190 6.224139 -9.636364
v 1.341190 6.224139 -8.401104
v 1.226895 6.224139 -9.680707
v 1.139821 5.305971 -9.680707
v 1.027084 5.352807 -9.915807
v 0.863722 4.899839 -9.680707
v 0.786096 4.992141 -9.915807
v 0.425432 4.751154 -9.915807
v 0.462953 4.632342 -9.680707
v 1.398442 6.224139 -9.879062
v 1.239524 6.224139 -10.000057
v 1.239524 7.184659 -10.000057
v 1.398442 7.184659 -9.879062
vn -0.0000 -0.9400 -0.3412
vn 0.3597 -0.8684 -0.3412
vn -0.0000 -1.0000 -0.0000
vn -1.0000 -0.0000 -0.0000
vn -0.0000 -0.0000 -1.0000
vn -0.5937 0.8047 -0.0000
vn -0.0000 0.7851 -0.6193
vn -0.2185 0.7662 -0.6044
vn 0.4265 0.7101 -0.5602
vn 0.2185 0.7662 -0.6044
vn 0.6398 -0.6990 -0.3195
vn 0.6398 -0.6989 -0.3195
vn 0.4427 -0.4733 -0.7616
vn 0.5829 -0.2484 -0.7737
vn -0.0000 0.6396 0.7687
vn -0.0000 0.6658 0.7461
vn -0.9954 -0.0961 -0.0000
vn -0.9242 -0.3818 -0.0000
vn -0.9243 -0.3818 -0.0000
vn 0.6673 0.0069 -0.7447
vn -0.0000 1.0000 -0.0000
vn -0.7064 -0.7078 -0.0000
vn 0.6250 0.2589 -0.7365
vn -0.0000 0.6786 0.7345
vn -0.0000 0.7817 0.6237
vn 0.4783 0.4783 -0.7365
vn -0.0000 -0.9637 0.2669
vn 0.2589 -0.6250 -0.7365
vn -0.0000 -0.3432 -0.9393
vn -0.0000 -0.3433 -0.9392
vn 0.1336 -0.3206 -0.9377
vn 0.1335 -0.3206 -0.9377
vn 0.2546 -0.2537 -0.9332
vn 0.3438 -0.1417 -0.9283
vn 0.3729 -0.0357 -0.9272
vn 0.3730 -0.0357 -0.9272
vn 0.2589 0.6250 -0.7365
vn 0.3692 0.0022 -0.9293
vn 0.3692 0.0022 -0.9294
vn 0.9909 0.1009 0.0895
vn -0.3832 -0.9237 -0.0000
vn -0.0000 0.2264 -0.9740
vn -0.0000 0.6764 -0.7365
vn 0.7429 -0.6000 -0.2969
vn -0.0000 0.7158 0.6983
vn -0.0000 -0.6764 -0.7365
vn -0.4265 0.7101 -0.5602
vn -0.6275 -0.6299 -0.4578
vn -0.8210 -0.3418 -0.4573
vn -0.0000 -0.8816 -0.4720
vn -0.3385 -0.8172 -0.4665
vn -0.0000 -0.8817 -0.4719
vn -0.6058 -0.0000 -0.7956
vn -0.3730 -0.0357 -0.9272
vn -0.3692 0.0022 -0.9294
vn -0.3692 0.0022 -0.9293
vn -0.3729 -0.0357 -0.9272
vn -0.3438 -0.1417 -0.9283
vn -0.2546 -0.2537 -0.9332
vn -0.1335 -0.3206 -0.9377
vn -0.1336 -0.3206 -0.9377
vn -0.8880 -0.0841 -0.4520
vn -0.8880 -0.0842 -0.4520
vn -0.8939 0.0054 -0.4481
vn -0.8940 0.0054 -0.4481
vn -0.3597 -0.8684 -0.3412
vn 1.0000 -0.0000 -0.0000
vn 0.5937 0.8047 -0.0000
vn -0.6398 -0.6989 -0.3195
vn -0.6398 -0.6990 -0.3195
vn -0.4427 -0.4733 -0.7616
vn -0.5829 -0.2484 -0.7737
vn 0.9954 -0.0961 -0.0000
vn 0.9243 -0.3818 -0.0000
vn 0.9242 -0.3818 -0.0000
vn -0.6673 0.0069 -0.7447
vn 0.7064 -0.7078 -0.0000
vn -0.6250 0.2589 -0.7365
vn -0.4783 0.4783 -0.7365
vn -0.2589 -0.6250 -0.7365
vn -0.2589 0.6250 -0.7365
vn -0.9909 0.1009 0.0895
vn 0.3832 -0.9237 -0.0000
vn -0.7429 -0.6000 -0.2969
vn 0.8880 -0.0841 -0.4520
vn 0.8880 -0.0842 -0.4520
vn 0.8940 0.0054 -0.4481
vn 0.8939 0.0054 -0.4481
vn 0.8210 -0.3418 -0.4573
vn 0.6275 -0.6299 -0.4578
vn 0.3385 -0.8172 -0.4665
vn 0.6058 -0.0000 -0.7956
vt 0.997258 0.752720
vt 0.979571 0.757168
vt 0.979571 0.753870
vt 0.997258 0.749422
vt 0.904604 0.725004
vt 0.904604 0.681723
vt 0.909310 0.681723
vt 0.909461 0.727639
vt 0.944335 0.727639
vt 0.979034 0.538437
vt 0.979034 0.519017
vt 0.988114 0.519017
vt 0.944605 0.616250
vt 0.890997 0.659722
vt 0.890997 0.560326
vt 0.943524 0.730694
vt 0.953250 0.778640
vt 0.943515 0.778640
vt 0.949051 0.620035
vt 0.949051 0.727639
vt 0.997258 0.727639
vt 0.997258 0.730693
vt 0.963269 0.763888
vt 0.942360 0.730415
vt 0.964577 0.767186
vt 0.988114 0.506947
vt 0.998623 0.506947
vt 0.998623 0.519017
vt 0.949051 0.509004
vt 0.949051 0.557210
vt 0.944603 0.554518
vt 0.944603 0.509004
vt 0.888531 0.681722
vt 0.888531 0.725004
vt 0.878366 0.725004
vt 0.878366 0.681722
vt 0.998623 0.538437
vt 0.988114 0.538437
vt 0.997258 0.620035
vt 0.866067 0.725004
vt 0.866067 0.681722
vt 0.998623 0.555723
vt 0.988114 0.555723
vt 0.944603 0.560326
vt 0.882455 0.528653
vt 0.882455 0.503303
vt 0.916895 0.503303
vt 0.916895 0.528653
vt 0.998623 0.574259
vt 0.988114 0.574259
vt 0.936862 0.549253
vt 0.936862 0.503303
vt 0.988114 0.490181
vt 0.998623 0.490181
vt 0.951552 0.613709
vt 0.961024 0.613709
vt 0.961024 0.592243
vt 0.951552 0.592243
vt 0.961024 0.574259
vt 0.951552 0.574259
vt 0.961024 0.555723
vt 0.951552 0.555723
vt 0.961024 0.538437
vt 0.951552 0.538437
vt 0.998623 0.592243
vt 0.988114 0.592243
vt 0.961024 0.519017
vt 0.951552 0.519017
vt 0.882455 0.549722
vt 0.853768 0.725004
vt 0.853768 0.681722
vt 0.888531 0.662762
vt 0.888531 0.554518
vt 0.954558 0.782182
vt 0.998623 0.613709
vt 0.988114 0.613709
vt 0.979034 0.592243
vt 0.979034 0.613709
vt 0.979034 0.574259
vt 0.979034 0.555723
vt 0.988114 0.472511
vt 0.998623 0.472511
vt 0.839260 0.725004
vt 0.839260 0.681722
vt 0.943515 0.783076
vt 0.942289 0.782182
vt 0.943515 0.782182
vt 0.942308 0.778640
s 1
usemtl defaultMaterial_0
f 917/624/581 918/625/582 919/626/582
f 917/624/581 919/626/582 920/627/581
s 0
f 921/628/583 923/629/583 924/630/583
f 921/628/583 924/630/583 925/631/583
f 927/632/584 928/631/584 929/630/584
f 930/633/585 931/634/585 932/635/585
f 933/636/584 929/630/584 934/637/584
f 933/636/584 934/637/584 935/638/584
f 936/639/585 937/640/585 938/641/585
f 939/632/586 940/636/586 941/642/586
f 939/632/586 941/642/586 942/643/586
s 1
f 943/644/587 944/645/587 945/639/588
f 943/644/587 945/639/588 946/643/588
s 0
f 937/640/585 936/639/585 947/646/585
f 948/645/585 949/626/585 936/639/585
s 1
f 950/647/589 951/639/590 952/643/590
s 0
f 949/626/585 948/645/585 953/627/585
s 1
f 918/625/582 954/648/591 955/646/592
f 918/625/582 955/646/592 919/626/582
s 0
f 947/646/585 936/639/585 949/626/585
f 927/632/584 929/630/584 933/636/584
s 1
f 956/649/593 957/650/593 958/651/594
f 956/649/593 958/651/594 959/635/594
f 960/652/595 961/653/595 962/654/596
f 960/652/595 962/654/596 963/655/595
f 964/656/597 965/657/597 966/658/598
f 964/656/597 966/658/598 967/659/599
f 959/635/594 958/651/594 968/660/600
f 959/635/594 968/660/600 969/661/600
s 0
f 970/643/601 971/642/601 972/662/601
f 970/643/601 972/662/601 973/644/601
s 1
f 967/659/599 966/658/598 974/663/602
f 967/659/599 974/663/602 975/664/602
f 969/661/600 968/660/600 976/665/603
f 969/661/600 976/665/603 977/666/603
f 978/667/604 962/654/596 961/653/595
s 0
f 979/668/605 980/669/605 981/670/605
f 979/668/605 981/670/605 982/671/605
s 1
f 977/666/603 976/665/603 983/672/606
f 977/666/603 983/672/606 984/673/606
s 0
f 985/674/607 986/671/607 987/670/607
f 985/674/607 987/670/607 988/675/607
s 1
f 989/676/608 990/677/608 957/650/593
f 989/676/608 957/650/593 956/649/593
f 991/678/609 992/679/610 993/680/611
f 991/678/609 993/680/611 994/681/612
f 994/681/612 993/680/611 995/682/613
f 994/681/612 995/682/613 996/683/613
f 996/683/613 995/682/613 997/684/614
f 996/683/613 997/684/614 998/685/614
f 998/685/614 997/684/614 999/686/615
f 998/685/614 999/686/615 1000/687/616
f 984/673/606 983/672/606 1001/688/617
f 984/673/606 1001/688/617 1002/689/617
f 1000/687/616 999/686/615 1003/690/618
f 1000/687/616 1003/690/618 1004/691/619
f 1005/692/620 1006/668/620 1007/671/620
f 1005/692/620 1007/671/620 1008/674/620
f 975/664/602 974/663/602 1009/693/621
f 975/664/602 1009/693/621 1010/694/621
s 0
f 1011/637/583 1012/695/583 1013/696/583
f 1011/637/583 1013/696/583 1014/638/583
f 1015/629/622 1016/695/622 1017/637/622
f 1015/629/622 1017/637/622 1018/630/622
f 1019/697/583 1020/641/583 1022/641/583
f 1019/697/583 1022/641/583 1023/640/583
s 1
f 1002/689/617 1001/688/617 1024/698/623
f 1002/689/617 1024/698/623 1025/699/623
f 954/648/591 1026/697/624 1027/640/624
f 954/648/591 1027/640/624 955/646/592
f 943/644/587 952/643/590 951/639/590
f 943/644/587 951/639/590 944/645/587
s 0
f 1028/700/585 1029/689/585 1030/699/585
f 1028/700/585 1030/699/585 1031/701/585
f 1032/702/585 1033/673/585 1029/689/585
f 1032/702/585 1029/689/585 1028/700/585
f 1034/703/585 1035/666/585 1033/673/585
f 1034/703/585 1033/673/585 1032/702/585
f 930/633/585 1036/661/585 1035/666/585
f 930/633/585 1035/666/585 1034/703/585
f 930/633/585 932/635/585 1036/661/585
s 1
f 1037/696/625 962/654/596 978/667/604
f 1037/696/625 978/667/604 1038/638/625
f 964/656/597 1039/629/584 1040/628/584
f 964/656/597 1040/628/584 965/657/597
f 1041/704/626 1042/705/626 990/677/608
f 1041/704/626 990/677/608 989/676/608
f 1010/694/621 1009/693/621 1043/706/583
f 1010/694/621 1043/706/583 1044/707/583
s 0
f 1045/708/583 922/709/583 1021/710/583
s 1
f 946/643/588 945/639/588 1046/647/627
f 1047/682/628 1048/684/629 1049/703/629
f 1047/682/628 1049/703/629 1050/702/628
f 1051/679/630 1052/680/631 1053/700/631
f 1051/679/630 1053/700/631 1054/701/632
f 1052/680/631 1047/682/628 1050/702/628
f 1052/680/631 1050/702/628 1053/700/631
s 0
f 1055/711/633 1056/647/633 1057/639/633
f 1055/711/633 1057/639/633 1058/641/633
f 926/711/583 1022/641/583 1021/710/583
f 926/711/583 1021/710/583 922/709/583
s 1
f 1059/687/634 1060/691/635 1061/690/636
f 1059/687/634 1061/690/636 1062/686/637
f 1063/685/638 1059/687/634 1062/686/637
f 1063/685/638 1062/686/637 1064/684/638
f 1065/683/639 1063/685/638 1064/684/638
f 1065/683/639 1064/684/638 1066/682/639
f 1067/681/640 1065/683/639 1066/682/639
f 1067/681/640 1066/682/639 1068/680/641
f 991/678/609 1067/681/640 1068/680/641
f 991/678/609 1068/680/641 992/679/610
f 1048/684/629 1069/686/642 1070/633/643
f 1048/684/629 1070/633/643 1049/703/629
f 1069/686/642 1071/690/644 1072/634/645
f 1069/686/642 1072/634/645 1070/633/643
s 0
f 1073/711/583 1075/709/583 1077/710/583
f 1073/711/583 1077/710/583 1079/641/583
s 1
f 917/624/581 920/627/581 1080/626/646
f 917/624/581 1080/626/646 1081/625/646
s 0
f 1076/628/583 1074/631/583 1082/630/583
f 1076/628/583 1082/630/583 1083/629/583
f 1084/630/647 1085/631/647 1086/632/647
f 1087/635/585 1088/634/585 1089/633/585
f 1090/637/647 1084/630/647 1091/636/647
f 1092/638/647 1090/637/647 1091/636/647
f 1093/641/585 1094/640/585 1095/639/585
f 1096/632/648 1097/643/648 1098/642/648
f 1096/632/648 1098/642/648 1099/636/648
f 1100/646/585 1095/639/585 1094/640/585
f 1095/639/585 1101/626/585 948/645/585
f 953/627/585 948/645/585 1101/626/585
s 1
f 1081/625/646 1080/626/646 1102/646/649
f 1081/625/646 1102/646/649 1103/648/650
s 0
f 1101/626/585 1095/639/585 1100/646/585
f 1091/636/647 1084/630/647 1086/632/647
s 1
f 1104/649/651 1105/635/652 1106/651/652
f 1104/649/651 1106/651/652 1107/650/651
f 960/652/595 963/655/595 1108/654/596
f 960/652/595 1108/654/596 1109/653/595
f 1110/656/653 1111/659/654 1112/658/655
f 1110/656/653 1112/658/655 1113/657/653
f 1105/635/652 1114/661/656 1115/660/656
f 1105/635/652 1115/660/656 1106/651/652
s 0
f 1116/643/601 973/644/601 972/662/601
f 1116/643/601 972/662/601 1117/642/601
s 1
f 1111/659/654 1118/664/657 1119/663/657
f 1111/659/654 1119/663/657 1112/658/655
f 1114/661/656 1120/666/658 1121/665/658
f 1114/661/656 1121/665/658 1115/660/656
f 1109/653/595 1108/654/596 1122/667/604
s 0
f 1123/668/605 1124/671/605 981/670/605
f 1123/668/605 981/670/605 980/669/605
s 1
f 1120/666/658 1125/673/659 1126/672/659
f 1120/666/658 1126/672/659 1121/665/658
s 0
f 1127/674/607 988/675/607 987/670/607
f 1127/674/607 987/670/607 1128/671/607
s 1
f 1129/676/660 1104/649/651 1107/650/651
f 1129/676/660 1107/650/651 1130/677/660
f 1125/673/659 1131/689/661 1132/688/661
f 1125/673/659 1132/688/661 1126/672/659
f 1133/692/662 1134/674/662 1135/671/662
f 1133/692/662 1135/671/662 1136/668/662
f 1118/664/657 1137/694/663 1138/693/663
f 1118/664/657 1138/693/663 1119/663/657
s 0
f 1139/637/583 1140/638/583 1141/696/583
f 1139/637/583 1141/696/583 1142/695/583
f 1143/629/622 1144/630/622 1145/637/622
f 1143/629/622 1145/637/622 1146/695/622
f 1147/697/583 1148/640/583 1079/641/583
f 1147/697/583 1079/641/583 1078/641/583
s 1
f 1131/689/661 1025/699/623 1024/698/623
f 1131/689/661 1024/698/623 1132/688/661
f 1103/648/650 1102/646/649 1149/640/664
f 1103/648/650 1149/640/664 1150/697/664
f 1151/686/665 1152/633/666 1153/634/667
f 1151/686/665 1153/634/667 1154/690/668
s 0
f 1155/700/585 1031/701/585 1030/699/585
f 1155/700/585 1030/699/585 1156/689/585
f 1157/702/585 1155/700/585 1156/689/585
f 1157/702/585 1156/689/585 1158/673/585
f 1159/703/585 1157/702/585 1158/673/585
f 1159/703/585 1158/673/585 1160/666/585
f 1089/633/585 1159/703/585 1160/666/585
f 1089/633/585 1160/666/585 1161/661/585
f 1161/661/585 1087/635/585 1089/633/585
s 1
f 1162/696/625 1163/638/625 1122/667/604
f 1162/696/625 1122/667/604 1108/654/596
f 1110/656/653 1113/657/653 1164/628/647
f 1110/656/653 1164/628/647 1165/629/647
f 1041/704/626 1129/676/660 1130/677/660
f 1041/704/626 1130/677/660 1042/705/626
f 1137/694/663 1044/707/583 1043/706/583
f 1137/694/663 1043/706/583 1138/693/663
s 0
f 1077/710/583 1075/709/583 1166/708/583
s 1
f 1167/684/669 1168/703/669 1152/633/666
f 1167/684/669 1152/633/666 1151/686/665
f 1169/682/670 1170/702/670 1168/703/669
f 1169/682/670 1168/703/669 1167/684/669
f 1051/679/630 1054/701/632 1171/700/671
f 1051/679/630 1171/700/671 1172/680/671
f 1172/680/671 1171/700/671 1170/702/670
f 1172/680/671 1170/702/670 1169/682/670
s 0
f 1173/711/672 1174/641/672 1175/639/672
f 1173/711/672 1175/639/672 1176/647/672
o defaultMaterial.006
v 0.000000 4.884012 -9.817622
v 0.000000 6.672464 -9.817622
v 0.342205 6.604395 -9.817622
v 0.342205 4.952081 -9.817622
v -0.894226 5.778238 -9.817622
v -0.826157 6.120443 -9.817622
v -0.826157 5.436032 -9.817622
v -0.632313 5.145926 -9.817622
v -0.632313 6.410552 -9.817622
v -0.342205 6.604395 -9.817622
v -0.342205 4.952081 -9.817622
v 0.632313 6.410552 -9.817622
v 0.632313 5.145926 -9.817622
v 0.826157 6.120443 -9.817622
v 0.826157 5.436032 -9.817622
v 0.894226 5.778238 -9.817622
vn -0.0000 -0.0000 -1.0000
vt 0.500000 1.000000
vt 0.500000 0.000000
vt 0.308658 0.038060
vt 0.308658 0.961940
vt 1.000000 0.500000
vt 0.961940 0.308658
vt 0.961940 0.691342
vt 0.853553 0.853553
vt 0.853553 0.146447
vt 0.691342 0.038060
vt 0.691342 0.961940
vt 0.146447 0.146447
vt 0.146447 0.853553
vt 0.038060 0.308658
vt 0.038060 0.691342
vt 0.000000 0.500000
s 0
usemtl defaultMaterial_1
f 1177/712/673 1178/713/673 1179/714/673
f 1177/712/673 1179/714/673 1180/715/673
f 1181/716/673 1182/717/673 1183/718/673
f 1184/719/673 1185/720/673 1186/721/673
f 1184/719/673 1186/721/673 1187/722/673
f 1183/718/673 1182/717/673 1185/720/673
f 1183/718/673 1185/720/673 1184/719/673
f 1188/723/673 1189/724/673 1180/715/673
f 1188/723/673 1180/715/673 1179/714/673
f 1190/725/673 1191/726/673 1189/724/673
f 1190/725/673 1189/724/673 1188/723/673
f 1187/722/673 1186/721/673 1178/713/673
f 1187/722/673 1178/713/673 1177/712/673
f 1191/726/673 1190/725/673 1192/727/673
o defaultMaterial.007
v -3.765443 1.093021 -3.933032
v -4.017128 0.970610 -3.818165
v -4.017128 0.970610 -7.499930
v -3.765443 1.093021 -6.856444
v 4.017128 0.970610 -3.818165
v 3.765443 1.093021 -3.933032
v 3.765443 1.093021 -6.856444
v 4.017128 0.970610 -7.499930
v -3.976321 4.725348 -7.738329
v -3.925515 4.693898 -7.859968
v -3.925563 3.115411 -7.859968
v -3.976133 3.082066 -7.739427
v -2.479280 4.730866 -8.699940
v -2.491228 4.694350 -8.777722
v -2.430869 4.769454 -8.504720
v -4.017128 4.758435 -7.499930
v -4.017128 3.036929 -7.499930
v -2.494087 3.093885 -8.689308
v -2.430869 3.030550 -8.504720
v -1.798184 3.351547 -8.700066
v -1.729739 3.330612 -8.504720
v -1.798078 4.206368 -8.699813
v -1.729739 4.226883 -8.504720
v -2.507156 3.131118 -8.777722
v -1.871419 4.194065 -8.777722
v -1.870828 3.368244 -8.777837
v 1.798078 4.206368 -8.699813
v 2.479280 4.730866 -8.699940
v 2.491228 4.694350 -8.777722
v 1.871419 4.194065 -8.777722
v 1.798184 3.351547 -8.700066
v 1.870828 3.368244 -8.777837
v 2.494087 3.093885 -8.689308
v 2.507156 3.131118 -8.777722
v 3.976133 3.082066 -7.739427
v 3.925563 3.115411 -7.859968
v 3.976321 4.725348 -7.738329
v 3.925515 4.693898 -7.859968
v 2.430869 4.769454 -8.504720
v 4.017128 4.758435 -7.499930
v 4.017128 3.036929 -7.499930
v 0.000000 1.615107 -7.685467
v 0.000000 2.164541 -8.185987
v 0.764342 2.164541 -8.185987
v 0.357326 1.615107 -7.685467
v 0.000000 1.505468 -7.650784
v 0.000000 1.505468 -7.125752
v -0.456094 1.505468 -7.125752
v -0.456094 1.505468 -7.650784
v 0.000000 2.190923 -8.243846
v 0.826176 2.190923 -8.243846
v 0.764342 2.164541 -8.185987
v 0.000000 2.164541 -8.185987
v 0.456094 1.505468 -7.650784
v 0.958096 2.275778 -8.288743
v 0.958096 2.275778 -7.994088
v 0.456094 1.505468 -7.125752
v 0.000000 1.590322 -7.695682
v 0.386234 1.590322 -7.695682
v 0.826176 2.190923 -8.243846
v 0.386234 1.590322 -7.695682
v 0.000000 1.590322 -7.695682
v 0.000000 1.615107 -7.685467
v 0.357326 1.615107 -7.685467
v 0.000000 2.275778 -8.288743
v 0.000000 2.190923 -8.243846
v 0.000000 1.505468 -7.125752
v 0.456094 1.505468 -7.125752
v 0.958096 2.275778 -7.994088
v 0.000000 2.275778 -7.994088
v -0.357326 1.615107 -7.685467
v -0.764342 2.164541 -8.185987
v -0.764342 2.164541 -8.185987
v -0.826176 2.190923 -8.243846
v -0.958096 2.275778 -7.994088
v -0.958096 2.275778 -8.288743
v -0.386234 1.590322 -7.695682
v -0.826176 2.190923 -8.243846
v -0.386234 1.590322 -7.695682
v -0.357326 1.615107 -7.685467
v -0.958096 2.275778 -7.994088
v -0.456094 1.505468 -7.125752
v 2.430869 2.511744 -8.504720
v 4.017128 4.758435 -7.499930
v 4.017128 1.697732 -7.499930
v 0.000000 2.511744 -8.504720
v 2.430869 4.769454 -8.504720
v 3.765443 1.093021 -6.856444
v 0.000000 1.093021 -6.856246
v 0.000000 1.632750 -7.253003
v 3.705778 1.632750 -7.252089
v 3.705778 1.632750 -7.252089
v 3.765443 1.641425 -7.490366
v 3.765443 1.093021 -7.490366
v 3.765443 1.093021 -6.856444
v 2.403640 2.275778 -8.371627
v 3.765443 1.641425 -7.490366
v 3.705778 1.632750 -7.252089
v 2.403640 2.275778 -8.015835
v 0.000000 2.275778 -8.371627
v 0.000000 2.275778 -8.015835
v 0.000000 1.093021 -3.933032
v 0.000000 1.093021 -6.856246
v 3.765443 1.093021 -3.933032
v 3.765443 1.093021 -6.856444
v 0.000000 2.275778 -8.015835
v 2.403640 2.275778 -8.015835
v 3.705778 1.632750 -7.252089
v 0.000000 1.632750 -7.253003
v 3.765443 1.641425 -7.490366
v 4.017128 1.697732 -7.499930
v 4.017128 0.970610 -7.499930
v 3.765443 1.093021 -7.490366
v 3.765443 1.093021 -7.490366
v 0.000000 2.511744 -8.504720
v 2.430869 2.511744 -8.504720
v 2.403640 2.275778 -8.371627
v 0.000000 2.275778 -8.371627
v 4.017128 1.697732 -7.499930
v 3.765443 1.641425 -7.490366
v 4.017128 1.093021 -3.933032
v 3.765443 1.093021 -3.933032
v 4.017128 0.970610 -3.818165
v 2.430869 3.030550 -8.504720
v 0.000000 5.778381 -8.504720
v 1.322884 5.778381 -8.504720
v -4.017128 1.697732 -7.499930
v -4.017128 4.758435 -7.499930
v -2.430869 2.511744 -8.504720
v -2.430869 4.769454 -8.504720
v -1.322884 5.778381 -8.504720
v -3.765443 1.093021 -6.856444
v -3.705778 1.632750 -7.252089
v -3.765443 1.093021 -6.856444
v -3.765443 1.093021 -7.490366
v -3.765443 1.641425 -7.490366
v -3.705778 1.632750 -7.252089
v -2.403640 2.275778 -8.371627
v -2.403640 2.275778 -8.015835
v -3.705778 1.632750 -7.252089
v -3.765443 1.641425 -7.490366
v -3.765443 1.093021 -3.933032
v -3.765443 1.093021 -6.856444
v -3.705778 1.632750 -7.252089
v -2.403640 2.275778 -8.015835
v -3.765443 1.641425 -7.490366
v -3.765443 1.093021 -7.490366
v -4.017128 0.970610 -7.499930
v -4.017128 1.697732 -7.499930
v -3.765443 1.093021 -7.490366
v -2.403640 2.275778 -8.371627
v -2.430869 2.511744 -8.504720
v -3.765443 1.641425 -7.490366
v -4.017128 1.697732 -7.499930
v 1.729739 3.330612 -8.504720
v 1.729739 4.226883 -8.504720
vn 0.4374 -0.8993 -0.0000
vn -0.4374 -0.8993 -0.0000
vn -0.7189 0.6049 -0.3424
vn -0.6810 0.3657 -0.6344
vn -0.6783 -0.3679 -0.6361
vn -0.7197 -0.5931 -0.3608
vn 0.2140 0.9089 -0.3579
vn -0.0750 0.5056 -0.8595
vn 0.2569 0.9356 -0.2421
vn -0.7262 0.6518 -0.2186
vn -0.7367 -0.6227 -0.2637
vn 0.0767 -0.9348 -0.3469
vn 0.1034 -0.9524 -0.2867
vn 0.6867 -0.5082 -0.5197
vn 0.7635 -0.5205 -0.3822
vn 0.7705 0.3962 -0.4993
vn 0.8421 0.4173 -0.3417
vn -0.1398 -0.5509 -0.8228
vn 0.4827 0.2592 -0.8365
vn 0.4148 -0.3371 -0.8451
vn -0.7705 0.3962 -0.4993
vn -0.2140 0.9089 -0.3579
vn 0.0750 0.5056 -0.8595
vn -0.4827 0.2592 -0.8365
vn -0.6867 -0.5082 -0.5197
vn -0.4148 -0.3371 -0.8451
vn -0.0767 -0.9348 -0.3469
vn 0.1398 -0.5509 -0.8228
vn 0.7197 -0.5931 -0.3608
vn 0.6783 -0.3679 -0.6361
vn 0.7189 0.6049 -0.3424
vn 0.6801 0.3657 -0.6354
vn -0.2569 0.9356 -0.2421
vn 0.7262 0.6518 -0.2186
vn 0.7367 -0.6227 -0.2636
vn -0.0000 -0.6734 -0.7392
vn -0.0000 -0.8567 -0.5159
vn -0.0000 -1.0000 -0.0000
vn -0.4764 -0.8792 -0.0000
vn -0.2585 -0.8230 -0.5059
vn -0.0000 -0.9099 -0.4149
vn -0.3228 -0.6708 -0.6678
vn -0.3228 -0.6707 -0.6678
vn 0.2585 -0.8230 -0.5059
vn 0.3372 -0.6713 -0.6601
vn 0.8378 -0.5460 -0.0000
vn 0.4764 -0.8792 -0.0000
vn -0.0000 -0.4677 -0.8839
vn -0.0000 -0.5646 -0.8254
vn -0.0000 -0.5646 -0.8253
vn -0.3197 0.0561 -0.9458
vn -0.0000 0.3810 -0.9246
vn -0.3197 0.0562 -0.9459
vn -0.0000 0.7481 0.6636
vn 0.3228 -0.6707 -0.6678
vn 0.3228 -0.6708 -0.6678
vn -0.8378 -0.5460 -0.0000
vn -0.3372 -0.6713 -0.6601
vn 0.3197 0.0561 -0.9458
vn 0.3197 0.0562 -0.9459
vn 0.3697 -0.0000 -0.9292
vn 0.5351 -0.0000 -0.8448
vn -0.0000 -0.0000 -1.0000
vn 0.1849 -0.0000 -0.9828
vn 0.0001 -0.5918 -0.8061
vn -0.0000 -0.5918 -0.8061
vn -0.0000 -0.5919 -0.8060
vn -0.9945 -0.0795 -0.0688
vn -0.9944 -0.0795 -0.0689
vn -0.9945 -0.0796 -0.0688
vn -0.2068 -0.9780 -0.0276
vn -0.4044 -0.9130 -0.0540
vn -0.0000 -0.7647 -0.6444
vn 0.0001 -0.7647 -0.6444
vn -0.0000 -0.7648 -0.6443
vn 0.0002 -0.7646 -0.6445
vn -0.0380 -0.0000 -0.9993
vn -0.0000 -0.4913 -0.8710
vn 0.1074 -0.5424 -0.8332
vn 0.1074 -0.5425 -0.8332
vn 0.2130 -0.5852 -0.7824
vn -0.0000 0.6843 0.7292
vn -0.1034 -0.9524 -0.2867
vn -0.5351 -0.0000 -0.8448
vn -0.3697 -0.0000 -0.9292
vn -0.1849 -0.0000 -0.9828
vn -0.0001 -0.5918 -0.8061
vn 0.9945 -0.0795 -0.0688
vn 0.9944 -0.0796 -0.0689
vn 0.2068 -0.9780 -0.0276
vn 0.4044 -0.9130 -0.0540
vn -0.0002 -0.7646 -0.6445
vn -0.0001 -0.7647 -0.6444
vn 0.0380 -0.0000 -0.9993
vn -0.1074 -0.5425 -0.8332
vn -0.1074 -0.5424 -0.8332
vn -0.2130 -0.5852 -0.7824
vn -0.7635 -0.5205 -0.3822
vn -0.8421 0.4173 -0.3417
vt 0.929263 0.769781
vt 0.928752 0.747006
vt 0.822112 0.747006
vt 0.822875 0.769781
vt 0.535931 0.686965
vt 0.529470 0.690097
vt 0.529464 0.796710
vt 0.535874 0.799691
vt 0.403099 0.686907
vt 0.404143 0.690331
vt 0.398869 0.680380
vt 0.548317 0.680380
vt 0.548317 0.806070
vt 0.404393 0.799618
vt 0.398869 0.806070
vt 0.339135 0.778013
vt 0.333154 0.784000
vt 0.339125 0.719873
vt 0.333154 0.715632
vt 0.405535 0.796635
vt 0.345533 0.721275
vt 0.345484 0.776372
vt 0.888528 0.939923
vt 0.888528 0.828282
vt 0.966995 0.828282
vt 0.919887 0.939923
vt 0.888528 0.960035
vt 0.888528 0.992257
vt 0.848589 0.992257
vt 0.848039 0.960035
vt 0.888528 0.822745
vt 0.975654 0.822745
vt 0.929016 0.960035
vt 0.985224 0.812313
vt 0.994442 0.842750
vt 0.928467 0.992257
vt 0.888528 0.948530
vt 0.922732 0.948530
vt 0.888528 0.812313
vt 0.963743 0.993413
vt 0.990488 0.993371
vt 0.990488 0.938487
vt 0.963607 0.938597
vt 0.857168 0.939923
vt 0.810060 0.828282
vt 0.801401 0.822745
vt 0.782613 0.842750
vt 0.791831 0.812313
vt 0.854323 0.948530
vt 0.088545 0.934688
vt 0.005218 0.816493
vt 0.005080 0.993991
vt 0.216453 0.934688
vt 0.088545 0.816493
vt 0.772274 0.861581
vt 0.561606 0.861581
vt 0.561606 0.839455
vt 0.760119 0.839455
vt 0.773396 0.829001
vt 0.772866 0.844389
vt 0.697925 0.769781
vt 0.696919 0.788701
vt 0.561606 0.769781
vt 0.561606 0.788701
vt 0.561606 0.982639
vt 0.772274 0.982639
vt 0.775788 0.769781
vt 0.780993 0.747006
vt 0.811535 0.769781
vt 0.561606 0.747006
vt 0.698447 0.747006
vt 0.947846 0.747006
vt 0.216453 0.762804
vt 0.146845 0.762804
vt 0.427826 0.993991
vt 0.427688 0.816493
vt 0.344360 0.934688
vt 0.344360 0.816493
vt 0.286060 0.762804
vt 0.772833 0.845336
s 0
usemtl defaultMaterial
f 1193/728/674 1194/729/674 1195/730/674
f 1193/728/674 1195/730/674 1196/731/674
f 1197/729/675 1198/728/675 1199/731/675
f 1197/729/675 1199/731/675 1200/730/675
s 1
f 1201/732/676 1202/733/677 1203/734/678
f 1201/732/676 1203/734/678 1204/735/679
f 1205/736/680 1206/737/681 1202/733/677
f 1205/736/680 1202/733/677 1201/732/676
f 1207/738/682 1205/736/680 1201/732/676
f 1207/738/682 1201/732/676 1208/739/683
f 1208/739/683 1201/732/676 1204/735/679
f 1208/739/683 1204/735/679 1209/740/684
f 1209/740/684 1204/735/679 1210/741/685
f 1209/740/684 1210/741/685 1211/742/686
f 1211/742/686 1210/741/685 1212/743/687
f 1211/742/686 1212/743/687 1213/744/688
f 1213/744/688 1212/743/687 1214/745/689
f 1213/744/688 1214/745/689 1215/746/690
f 1215/746/690 1214/745/689 1205/736/680
f 1215/746/690 1205/736/680 1207/738/682
f 1216/747/691 1206/737/681 1217/748/692
f 1216/747/691 1217/748/692 1218/749/693
f 1206/737/681 1216/747/691 1203/734/678
f 1206/737/681 1203/734/678 1202/733/677
f 1219/745/694 1220/736/695 1221/737/696
f 1219/745/694 1221/737/696 1222/748/697
f 1223/743/698 1219/745/694 1222/748/697
f 1223/743/698 1222/748/697 1224/749/699
f 1225/741/700 1223/743/698 1224/749/699
f 1225/741/700 1224/749/699 1226/747/701
f 1227/735/702 1225/741/700 1226/747/701
f 1227/735/702 1226/747/701 1228/734/703
f 1229/732/704 1227/735/702 1228/734/703
f 1229/732/704 1228/734/703 1230/733/705
f 1220/736/695 1229/732/704 1230/733/705
f 1220/736/695 1230/733/705 1221/737/696
f 1231/738/706 1232/739/707 1229/732/704
f 1231/738/706 1229/732/704 1220/736/695
f 1232/739/707 1233/740/708 1227/735/702
f 1232/739/707 1227/735/702 1229/732/704
s 0
f 1234/750/709 1235/751/709 1236/752/709
f 1234/750/709 1236/752/709 1237/753/709
s 1
f 1238/754/710 1239/755/711 1240/756/712
f 1238/754/710 1240/756/712 1241/757/713
f 1242/758/714 1243/759/715 1244/752/716
f 1242/758/714 1244/752/716 1245/751/714
f 1246/760/717 1247/761/718 1248/762/719
f 1246/760/717 1248/762/719 1249/763/720
f 1246/760/717 1238/754/710 1250/764/721
f 1246/760/717 1250/764/721 1251/765/722
f 1247/761/718 1246/760/717 1251/765/722
f 1247/761/718 1251/765/722 1252/759/723
f 1253/765/724 1254/764/725 1255/750/725
f 1253/765/724 1255/750/725 1256/753/726
f 1257/766/721 1247/761/718 1252/759/723
f 1257/766/721 1252/759/723 1258/758/721
f 1243/759/715 1253/765/724 1256/753/726
f 1243/759/715 1256/753/726 1244/752/716
s 0
f 1259/767/727 1260/768/727 1261/769/727
f 1259/767/727 1261/769/727 1262/770/727
f 1234/750/709 1263/771/709 1264/772/709
f 1234/750/709 1264/772/709 1235/751/709
s 1
f 1246/760/717 1249/763/720 1239/755/711
f 1246/760/717 1239/755/711 1238/754/710
f 1242/758/714 1245/751/714 1265/772/728
f 1242/758/714 1265/772/728 1266/773/729
f 1241/757/713 1240/756/712 1267/774/730
f 1241/757/713 1267/774/730 1268/775/731
f 1241/757/713 1269/776/722 1250/764/721
f 1241/757/713 1250/764/721 1238/754/710
f 1268/775/731 1270/773/723 1269/776/722
f 1268/775/731 1269/776/722 1241/757/713
f 1271/776/732 1272/771/733 1255/750/725
f 1271/776/732 1255/750/725 1254/764/725
f 1257/766/721 1258/758/721 1270/773/723
f 1257/766/721 1270/773/723 1268/775/731
f 1266/773/729 1265/772/728 1272/771/733
f 1266/773/729 1272/771/733 1271/776/732
s 0
f 1259/767/727 1262/770/727 1273/769/727
f 1259/767/727 1273/769/727 1274/768/727
s 1
f 1275/777/734 1276/778/735 1277/779/735
f 1275/777/734 1278/780/736 1279/781/737
f 1280/782/738 1281/783/739 1282/784/739
f 1280/782/738 1282/784/739 1283/785/740
f 1284/785/741 1285/786/742 1286/787/741
f 1284/785/741 1286/787/741 1287/782/743
f 1288/788/744 1289/786/745 1290/785/745
f 1288/788/744 1290/785/745 1291/789/744
f 1292/790/711 1288/788/744 1291/789/744
f 1292/790/711 1291/789/744 1293/791/711
s 0
f 1294/792/711 1295/783/711 1296/793/711
f 1296/793/711 1295/783/711 1297/782/711
s 1
f 1298/791/746 1299/789/747 1300/785/747
s 0
f 1298/791/748 1300/785/749 1301/784/748
f 1302/794/750 1303/795/750 1304/730/750
f 1302/794/750 1304/730/750 1305/796/750
s 1
f 1212/743/687 1218/749/693 1217/748/692
f 1212/743/687 1217/748/692 1214/745/689
s 0
f 1200/730/675 1199/731/675 1306/796/675
s 1
f 1307/797/751 1308/798/752 1309/788/753
f 1307/797/751 1309/788/753 1310/790/751
f 1308/798/752 1311/795/754 1312/794/754
f 1308/798/752 1312/794/754 1309/788/753
s 0
f 1313/799/755 1314/728/755 1315/729/755
s 1
f 1279/781/737 1276/778/735 1275/777/734
f 1233/740/708 1316/742/756 1225/741/700
f 1233/740/708 1225/741/700 1227/735/702
f 1210/741/685 1216/747/691 1218/749/693
f 1210/741/685 1218/749/693 1212/743/687
s 0
f 1317/800/736 1318/801/736 1278/780/736
s 1
f 1318/801/736 1279/781/737 1278/780/736
f 1319/802/757 1320/803/757 1321/804/758
f 1322/805/759 1278/780/736 1321/804/758
f 1321/804/758 1320/803/757 1322/805/759
s 0
f 1278/780/736 1323/806/736 1317/800/736
s 1
f 1278/780/736 1322/805/759 1323/806/736
f 1324/782/760 1325/785/740 1282/784/739
f 1324/782/760 1282/784/739 1281/783/739
f 1326/782/761 1327/807/761 1328/786/761
f 1326/782/761 1328/786/761 1329/785/762
f 1330/788/763 1331/789/763 1332/785/764
f 1330/788/763 1332/785/764 1333/786/764
f 1292/790/711 1293/791/711 1331/789/763
f 1292/790/711 1331/789/763 1330/788/763
s 0
f 1334/793/711 1295/783/711 1294/792/711
f 1335/782/711 1295/783/711 1334/793/711
f 1298/791/748 1301/784/748 1336/785/765
s 1
f 1298/791/746 1336/785/766 1337/789/766
s 0
f 1338/794/767 1339/796/767 1340/730/767
f 1338/794/767 1340/730/767 1341/795/767
s 1
f 1214/745/689 1217/748/692 1206/737/681
f 1214/745/689 1206/737/681 1205/736/680
s 0
f 1342/796/674 1196/731/674 1195/730/674
s 1
f 1307/797/751 1310/790/751 1343/788/768
f 1307/797/751 1343/788/768 1344/798/769
f 1344/798/769 1343/788/768 1345/794/770
f 1344/798/769 1345/794/770 1346/795/770
f 1316/742/756 1347/744/771 1223/743/698
f 1316/742/756 1223/743/698 1225/741/700
f 1204/735/679 1203/734/678 1216/747/691
f 1204/735/679 1216/747/691 1210/741/685
f 1221/737/696 1230/733/705 1228/734/703
f 1221/737/696 1228/734/703 1226/747/701
f 1226/747/701 1224/749/699 1222/748/697
f 1226/747/701 1222/748/697 1221/737/696
f 1348/746/772 1231/738/706 1220/736/695
f 1348/746/772 1220/736/695 1219/745/694
f 1347/744/771 1348/746/772 1219/745/694
f 1347/744/771 1219/745/694 1223/743/698
o defaultMaterial.008
v -1.503240 0.965757 -7.230336
v -1.503240 1.022367 -7.370351
v -1.265854 1.022367 -7.370351
v -1.265854 0.965757 -7.230336
v -1.503240 0.965757 -6.851508
v -1.503240 1.775090 -7.259211
v -1.503240 2.275778 -8.015835
v -1.503240 1.022367 -7.370351
v -1.503240 0.965757 -7.230336
v -1.265854 2.275778 -8.015835
v -1.265854 1.775090 -7.259211
v -1.265854 0.965757 -6.851508
v -1.265854 0.965757 -7.230336
v -1.265854 1.022367 -7.370351
v -1.265854 0.965757 -6.851508
v -1.503240 0.965757 -6.851508
v -1.503240 2.275778 -8.015835
v -1.265854 2.275778 -8.015835
v 1.503240 0.965757 -7.230336
v 1.265854 0.965757 -7.230336
v 1.265854 1.022367 -7.370351
v 1.503240 1.022367 -7.370351
v 1.503240 0.965757 -7.230336
v 1.503240 1.022367 -7.370351
v 1.503240 2.275778 -8.015835
v 1.503240 1.775090 -7.259211
v 1.503240 0.965757 -6.851508
v 1.265854 1.022367 -7.370351
v 1.265854 0.965757 -7.230336
v 1.265854 0.965757 -6.851508
v 1.265854 1.775090 -7.259211
v 1.265854 2.275778 -8.015835
v 1.503240 0.965757 -6.851508
v 1.265854 0.965757 -6.851508
v 1.265854 2.275778 -8.015835
v 1.503240 2.275778 -8.015835
v -2.403640 0.965757 -7.230336
v -2.403640 1.022367 -7.370351
v -2.166254 1.022367 -7.370351
v -2.166254 0.965757 -7.230336
v -2.403640 0.965757 -6.851508
v -2.403640 1.775090 -7.259211
v -2.403640 2.275778 -8.015835
v -2.403640 1.022367 -7.370351
v -2.403640 0.965757 -7.230336
v -2.166254 2.275778 -8.015835
v -2.166254 1.775090 -7.259211
v -2.166254 0.965757 -6.851508
v -2.166254 0.965757 -7.230336
v -2.166254 1.022367 -7.370351
v -2.166254 0.965757 -6.851508
v -2.403640 0.965757 -6.851508
v -2.403640 2.275778 -8.015835
v -2.166254 2.275778 -8.015835
v 2.403640 0.965757 -7.230336
v 2.166254 0.965757 -7.230336
v 2.166254 1.022367 -7.370351
v 2.403640 1.022367 -7.370351
v 2.403640 0.965757 -7.230336
v 2.403640 1.022367 -7.370351
v 2.403640 2.275778 -8.015835
v 2.403640 1.775090 -7.259211
v 2.403640 0.965757 -6.851508
v 2.166254 1.022367 -7.370351
v 2.166254 0.965757 -7.230336
v 2.166254 0.965757 -6.851508
v 2.166254 1.775090 -7.259211
v 2.166254 2.275778 -8.015835
v 2.403640 0.965757 -6.851508
v 2.166254 0.965757 -6.851508
v 2.166254 2.275778 -8.015835
v 2.403640 2.275778 -8.015835
v 2.403640 0.965757 -6.851508
v 2.403640 1.775090 -7.259211
v 2.166254 1.775090 -7.259211
v 2.166254 0.965757 -6.851508
v 1.503240 0.965757 -6.851508
v 1.503240 1.775090 -7.259211
v 1.265854 1.775090 -7.259211
v 1.265854 0.965757 -6.851508
v -1.265854 0.965757 -6.851508
v -1.265854 1.775090 -7.259211
v -1.503240 1.775090 -7.259211
v -1.503240 0.965757 -6.851508
v -2.166254 0.965757 -6.851508
v -2.166254 1.775090 -7.259211
v -2.403640 1.775090 -7.259211
v -2.403640 0.965757 -6.851508
vn -0.0000 -0.9816 -0.1909
vn -0.0000 -0.7387 -0.6741
vn -1.0000 -0.0000 -0.0000
vn 1.0000 -0.0000 -0.0000
vn -0.0000 -1.0000 -0.0000
vn -0.0000 -0.4578 -0.8890
vn -0.0000 0.4499 0.8931
vt 0.476535 0.947264
vt 0.476535 0.928957
vt 0.511525 0.928957
vt 0.511525 0.947264
vt 0.459090 0.935957
vt 0.467812 0.875195
vt 0.476535 0.814433
vt 0.475783 0.928957
vt 0.474967 0.947264
vt 0.511525 0.814433
vt 0.520247 0.875195
vt 0.528970 0.935957
vt 0.513093 0.947264
vt 0.512277 0.928957
vt 0.511525 0.996428
vt 0.476535 0.996428
s 1
usemtl defaultMaterial
f 1349/808/773 1350/809/774 1351/810/774
f 1349/808/773 1351/810/774 1352/811/773
s 0
f 1353/812/775 1354/813/775 1355/814/775
f 1353/812/775 1355/814/775 1356/815/775
f 1353/812/775 1356/815/775 1357/816/775
f 1358/817/776 1359/818/776 1360/819/776
f 1358/817/776 1360/819/776 1361/820/776
f 1358/817/776 1361/820/776 1362/821/776
s 1
f 1349/808/773 1352/811/773 1363/822/777
f 1349/808/773 1363/822/777 1364/823/777
f 1351/810/774 1350/809/774 1365/814/778
f 1351/810/774 1365/814/778 1366/817/778
f 1367/808/773 1368/811/773 1369/810/774
f 1367/808/773 1369/810/774 1370/809/774
s 0
f 1371/816/776 1372/815/776 1373/814/776
f 1371/816/776 1373/814/776 1374/813/776
f 1371/816/776 1374/813/776 1375/812/776
f 1376/821/775 1377/820/775 1378/819/775
f 1376/821/775 1378/819/775 1379/818/775
f 1376/821/775 1379/818/775 1380/817/775
s 1
f 1367/808/773 1381/823/777 1382/822/777
f 1367/808/773 1382/822/777 1368/811/773
f 1369/810/774 1383/817/778 1384/814/778
f 1369/810/774 1384/814/778 1370/809/774
f 1385/808/773 1386/809/774 1387/810/774
f 1385/808/773 1387/810/774 1388/811/773
s 0
f 1389/812/775 1390/813/775 1391/814/775
f 1389/812/775 1391/814/775 1392/815/775
f 1389/812/775 1392/815/775 1393/816/775
f 1394/817/776 1395/818/776 1396/819/776
f 1394/817/776 1396/819/776 1397/820/776
f 1394/817/776 1397/820/776 1398/821/776
s 1
f 1385/808/773 1388/811/773 1399/822/777
f 1385/808/773 1399/822/777 1400/823/777
f 1387/810/774 1386/809/774 1401/814/778
f 1387/810/774 1401/814/778 1402/817/778
f 1403/808/773 1404/811/773 1405/810/774
f 1403/808/773 1405/810/774 1406/809/774
s 0
f 1407/816/776 1408/815/776 1409/814/776
f 1407/816/776 1409/814/776 1410/813/776
f 1407/816/776 1410/813/776 1411/812/776
f 1412/821/775 1413/820/775 1414/819/775
f 1412/821/775 1414/819/775 1415/818/775
f 1412/821/775 1415/818/775 1416/817/775
s 1
f 1403/808/773 1417/823/777 1418/822/777
f 1403/808/773 1418/822/777 1404/811/773
f 1405/810/774 1419/817/778 1420/814/778
f 1405/810/774 1420/814/778 1406/809/774
s 0
f 1421/812/779 1422/813/779 1423/818/779
f 1421/812/779 1423/818/779 1424/819/779
f 1425/812/779 1426/813/779 1427/818/779
f 1425/812/779 1427/818/779 1428/819/779
f 1429/819/779 1430/818/779 1431/813/779
f 1429/819/779 1431/813/779 1432/812/779
f 1433/819/779 1434/818/779 1435/813/779
f 1433/819/779 1435/813/779 1436/812/779
o defaultMaterial.009
v 3.918259 1.383989 -2.048306
v 3.999614 1.215433 -3.865612
v 3.710061 4.757481 -3.709508
v 4.017128 1.092229 -3.933032
v 4.017128 4.758435 -7.499930
v 4.017128 0.970610 -3.818165
v 4.017128 0.970610 -7.499930
v 3.160233 4.757481 -3.709508
v 3.710061 4.757481 -3.709508
v 4.017128 4.758435 -7.499930
v 2.430869 4.769454 -8.504720
v 3.160233 4.757481 -3.709508
v 2.430869 4.769454 -8.504720
v 1.401484 5.778381 -5.271955
v 1.322884 5.778381 -8.504720
v -1.322884 5.778381 -8.504720
v -1.401484 5.778381 -5.271955
v -1.173177 5.778381 -5.271955
v -0.454291 5.778381 -6.344008
v 0.454291 5.778381 -6.344008
v 1.173177 5.778381 -5.271955
v 0.454291 5.778381 -6.344008
v 0.269281 6.869754 -6.344008
v 1.173177 5.778381 -5.271955
v 1.144342 6.869754 -3.709508
v 1.592261 5.853851 -3.709508
v 1.592261 5.853851 -3.709508
v 0.269281 6.869754 -6.344008
v 0.454291 5.778381 -6.344008
v -0.454291 5.778381 -6.344008
v -0.269281 6.869754 -6.344008
v 1.144342 6.869754 -3.709508
v 0.269281 6.869754 -6.344008
v 0.000000 6.869754 -3.701819
v 1.144342 6.869754 -3.709508
v 0.000000 6.869754 -3.701819
v 1.592261 5.853851 -3.709508
v -0.269281 6.869754 -6.344008
v -1.173177 5.778381 -5.271955
v -1.144342 6.869754 -3.709508
v -3.160233 4.757481 -3.709508
v -2.430869 4.769454 -8.504720
v -4.017128 4.758435 -7.499930
v -3.710061 4.757481 -3.709508
v -2.430869 4.769454 -8.504720
v -3.160233 4.757481 -3.709508
v -1.592261 5.853851 -3.709508
v -3.710061 4.757481 -3.709508
v -3.124068 2.838531 -3.709508
v -3.160233 4.757481 -3.709508
v 0.000000 2.838531 -3.701819
v -1.592261 5.853851 -3.709508
v 3.160233 4.757481 -3.709508
v 3.124068 2.838531 -3.709508
v 3.710061 4.757481 -3.709508
v -1.144342 6.869754 -3.709508
v -1.592261 5.853851 -3.709508
v -3.710061 4.757481 -3.709508
v -3.999614 1.215433 -3.865612
v -3.918259 1.383989 -2.048306
v -4.017128 4.758435 -7.499930
v -4.017128 1.092229 -3.933032
v -4.017128 0.970610 -3.818165
v -4.017128 0.970610 -7.499930
v -0.454291 5.778381 -6.344008
v -0.269281 6.869754 -6.344008
v -1.144342 6.869754 -3.709508
vn 0.9961 0.0798 0.0372
vn 0.9939 0.0778 0.0781
vn 0.9938 0.0780 0.0789
vn 0.9965 0.0514 0.0666
vn 0.9984 0.0393 0.0404
vn 1.0000 -0.0000 -0.0000
vn 0.0045 1.0000 0.0013
vn 0.0046 1.0000 0.0013
vn 0.5618 0.8217 -0.0955
vn 0.6156 0.7865 -0.0494
vn 0.3789 0.9239 -0.0539
vn 0.3609 0.9325 -0.0088
vn -0.3610 0.9325 -0.0088
vn -0.3789 0.9239 -0.0539
vn -0.0000 0.9997 -0.0241
vn -0.0000 1.0000 -0.0000
vn 0.8224 0.1394 -0.5515
vn 0.8566 0.2905 -0.4265
vn 0.8699 0.3256 -0.3706
vn 0.8710 0.4102 -0.2704
vn 0.8845 0.3900 -0.2561
vn 0.2987 0.9508 -0.0824
vn -0.0000 -0.0000 -1.0000
vn 0.0067 0.0030 1.0000
vn -0.0000 0.0011 1.0000
vn 0.0042 0.0015 1.0000
vn -0.8566 0.2905 -0.4265
vn -0.8699 0.3256 -0.3706
vn -0.8710 0.4102 -0.2704
vn -0.0045 1.0000 0.0013
vn -0.0046 1.0000 0.0013
vn -0.6156 0.7865 -0.0494
vn -0.5618 0.8217 -0.0955
vn -0.2987 0.9508 -0.0824
vn -0.0000 -0.0000 1.0000
vn -0.0012 -0.0000 1.0000
vn -0.0011 0.0006 1.0000
vn -0.0000 0.0006 1.0000
vn -0.0042 0.0015 1.0000
vn 0.0011 0.0006 1.0000
vn 0.0012 -0.0000 1.0000
vn -0.0067 0.0030 1.0000
vn -0.8845 0.3900 -0.2561
vn -0.9938 0.0780 0.0789
vn -0.9939 0.0778 0.0781
vn -0.9961 0.0798 0.0372
vn -0.9984 0.0393 0.0404
vn -0.9965 0.0514 0.0666
vn -1.0000 -0.0000 -0.0000
vn -0.8224 0.1394 -0.5515
vt 0.472362 0.184365
vt 0.476020 0.114319
vt 0.355978 0.129284
vt 0.476808 0.099240
vt 0.355978 0.022919
vt 0.485005 0.099240
vt 0.485005 0.022919
vt 0.340366 0.129155
vt 0.309701 0.001549
vt 0.282705 0.088243
vt 0.267311 0.001549
vt 0.192291 0.001549
vt 0.176897 0.088243
vt 0.183018 0.088593
vt 0.212219 0.045141
vt 0.247383 0.045141
vt 0.276584 0.088593
vt 0.202058 0.164561
vt 0.190944 0.141257
vt 0.169390 0.180927
vt 0.102349 0.168057
vt 0.102349 0.198848
vt 0.289422 0.129155
vt 0.102287 0.141000
vt 0.718956 0.403472
vt 0.687878 0.403472
vt 0.731120 0.428716
vt 0.119235 0.129155
vt 0.149901 0.001549
vt 0.103623 0.021603
vt 0.103623 0.129155
vt 0.170179 0.129155
vt 0.780071 0.455961
vt 0.780036 0.503884
vt 0.766408 0.455961
vt 0.687878 0.503884
s 1
usemtl defaultMaterial_0
f 1437/824/780 1438/825/781 1439/826/782
f 1439/826/782 1440/827/783 1441/828/784
f 1442/829/785 1443/830/785 1441/828/784
f 1442/829/785 1441/828/784 1440/827/783
f 1444/831/786 1445/826/786 1446/828/787
f 1444/831/786 1446/828/787 1447/832/787
f 1448/831/788 1449/832/789 1450/833/790
f 1450/833/790 1449/832/789 1451/834/791
f 1451/834/791 1452/835/792 1453/836/793
f 1451/834/791 1453/836/793 1454/837/794
f 1451/834/791 1454/837/794 1455/838/795
f 1451/834/791 1455/838/795 1456/839/795
f 1451/834/791 1456/839/795 1457/840/794
f 1451/834/791 1457/840/794 1450/833/790
f 1458/841/796 1459/842/797 1460/843/798
f 1461/844/799 1460/843/798 1459/842/797
f 1462/845/800 1460/843/798 1461/844/799
f 1463/846/801 1450/833/790 1457/840/794
f 1463/846/801 1448/831/788 1450/833/790
s 0
f 1464/842/802 1465/841/802 1466/841/802
f 1464/842/802 1466/841/802 1467/842/802
f 1468/844/795 1469/842/795 1470/847/795
s 1
f 1440/827/783 1439/826/782 1438/825/781
f 1471/848/803 1472/849/804 1473/850/805
f 1474/842/806 1475/843/807 1476/844/808
f 1477/851/809 1478/852/810 1479/853/810
f 1477/851/809 1479/853/810 1480/854/809
f 1453/836/793 1481/852/811 1482/851/812
f 1452/835/792 1481/852/811 1453/836/793
f 1453/836/793 1482/851/812 1483/855/813
f 1484/856/814 1485/857/815 1486/858/816
f 1486/858/816 1485/857/815 1487/859/817
f 1487/859/817 1488/850/818 1486/858/816
f 1472/849/804 1488/850/818 1487/859/817
f 1487/859/817 1473/850/805 1472/849/804
f 1489/858/819 1473/850/805 1487/859/817
f 1487/859/817 1490/857/820 1489/858/819
f 1489/858/819 1490/857/820 1491/856/814
f 1488/850/818 1472/849/804 1492/848/821
f 1476/844/808 1475/843/807 1493/845/822
f 1454/837/794 1453/836/793 1483/855/813
f 1494/826/823 1495/825/824 1496/824/825
f 1497/828/826 1498/827/827 1494/826/823
f 1499/829/828 1498/827/827 1497/828/826
f 1499/829/828 1497/828/826 1500/830/828
f 1495/825/824 1494/826/823 1498/827/827
f 1475/843/807 1474/842/806 1501/841/829
s 0
f 1502/842/795 1470/847/795 1469/842/795
f 1503/844/795 1470/847/795 1502/842/795
o defaultMaterial.010
v 0.348737 3.381742 -10.469252
v 0.306100 3.596093 -10.469252
v 0.866225 3.596093 -9.663180
v 0.116225 3.596093 -10.388652
v 0.173315 3.309080 -10.388652
v 0.173315 3.309080 -8.504720
v 0.116225 3.596093 -8.504720
v 0.335895 3.065763 -10.388652
v 0.173315 3.309080 -10.388652
v 0.348737 3.381742 -10.469252
v 0.470157 3.200025 -10.469252
v 0.470157 3.200025 -10.469252
v 0.335895 3.065763 -10.388652
v 0.335895 3.065763 -8.504720
v 0.579212 2.903183 -10.388652
v 0.651874 3.078605 -10.469252
v 0.651874 3.078605 -10.469252
v 0.579212 2.903183 -10.388652
v 0.579212 2.903183 -8.504720
v 0.866225 2.846093 -10.388652
v 0.866225 3.035968 -10.469252
v 0.866225 3.035968 -10.469252
v 0.866225 2.846093 -10.388652
v 0.866225 2.846093 -8.504720
v 1.153237 2.903183 -10.388652
v 1.080575 3.078605 -10.469252
v 1.080575 3.078605 -10.469252
v 1.153237 2.903183 -10.388652
v 1.153237 2.903183 -8.504720
v 1.396555 3.065763 -10.388652
v 1.262293 3.200025 -10.469252
v 1.262293 3.200025 -10.469252
v 1.396555 3.065763 -10.388652
v 1.396555 3.065763 -8.504720
v 1.559134 3.309080 -10.388652
v 1.383713 3.381742 -10.469252
v 1.383713 3.381742 -10.469252
v 1.559134 3.309080 -10.388652
v 1.559134 3.309080 -8.504720
v 1.616225 3.596093 -10.388652
v 1.426350 3.596093 -10.469252
v 1.426350 3.596093 -10.469252
v 1.616225 3.596093 -10.388652
v 1.616225 3.596093 -8.504720
v 1.559134 3.883105 -10.388652
v 1.383713 3.810443 -10.469252
v 1.383713 3.810443 -10.469252
v 1.559134 3.883105 -10.388652
v 1.559134 3.883105 -8.504720
v 1.396555 4.126423 -10.388652
v 1.262293 3.992161 -10.469252
v 1.262293 3.992161 -10.469252
v 1.396555 4.126423 -10.388652
v 1.396555 4.126423 -8.504720
v 1.153237 4.289002 -10.388652
v 1.080575 4.113581 -10.469252
v 1.080575 4.113581 -10.469252
v 1.153237 4.289002 -10.388652
v 1.153237 4.289002 -8.504720
v 0.866225 4.346093 -10.388652
v 0.866225 4.156218 -10.469252
v 0.866225 4.156218 -10.469252
v 0.866225 4.346093 -10.388652
v 0.866225 4.346093 -8.504720
v 0.579212 4.289002 -10.388652
v 0.651874 4.113581 -10.469252
v 0.651874 4.113581 -10.469252
v 0.579212 4.289002 -10.388652
v 0.579212 4.289002 -8.504720
v 0.335895 4.126423 -10.388652
v 0.470157 3.992161 -10.469252
v 0.470157 3.992161 -10.469252
v 0.335895 4.126423 -10.388652
v 0.335895 4.126423 -8.504720
v 0.173315 3.883105 -10.388652
v 0.348737 3.810443 -10.469252
v 0.348737 3.810443 -10.469252
v 0.173315 3.883105 -10.388652
v 0.173315 3.883105 -8.504720
v 0.116225 3.596093 -10.388652
v 0.306100 3.596093 -10.469252
vn 0.7587 0.3143 -0.5706
vn 0.8212 -0.0000 -0.5706
vn -0.0000 -0.0000 -1.0000
vn -1.0000 -0.0000 -0.0000
vn -0.9239 -0.3827 -0.0000
vn -0.2763 -0.2763 -0.9205
vn -0.3610 -0.1495 -0.9205
vn 0.5807 0.5807 -0.5706
vn -0.7071 -0.7071 -0.0000
vn -0.1495 -0.3610 -0.9205
vn 0.3143 0.7587 -0.5706
vn -0.3827 -0.9239 -0.0000
vn -0.0000 -0.3907 -0.9205
vn -0.0000 0.8212 -0.5706
vn -0.0000 -1.0000 -0.0000
vn 0.1495 -0.3610 -0.9205
vn -0.3143 0.7587 -0.5706
vn 0.3827 -0.9239 -0.0000
vn 0.2763 -0.2763 -0.9205
vn -0.5807 0.5807 -0.5706
vn 0.7071 -0.7071 -0.0000
vn 0.3610 -0.1495 -0.9205
vn -0.7587 0.3143 -0.5706
vn 0.9239 -0.3827 -0.0000
vn 0.3907 -0.0000 -0.9205
vn -0.8212 -0.0000 -0.5706
vn 1.0000 -0.0000 -0.0000
vn 0.3610 0.1495 -0.9205
vn -0.7587 -0.3143 -0.5706
vn 0.9239 0.3827 -0.0000
vn 0.2763 0.2763 -0.9205
vn -0.5807 -0.5807 -0.5706
vn 0.7071 0.7071 -0.0000
vn 0.1495 0.3610 -0.9205
vn -0.3143 -0.7587 -0.5706
vn 0.3827 0.9239 -0.0000
vn -0.0000 0.3907 -0.9205
vn -0.0000 -0.8212 -0.5706
vn -0.0000 1.0000 -0.0000
vn -0.1495 0.3610 -0.9205
vn 0.3143 -0.7587 -0.5706
vn -0.3827 0.9239 -0.0000
vn -0.2763 0.2763 -0.9205
vn 0.5807 -0.5807 -0.5706
vn -0.7071 0.7071 -0.0000
vn -0.3610 0.1495 -0.9205
vn 0.7587 -0.3143 -0.5706
vn -0.9239 0.3827 -0.0000
vn -0.3907 -0.0000 -0.9205
vt 0.659461 0.028127
vt 0.682725 0.023500
vt 0.682725 0.084292
vt 0.601325 0.084292
vt 0.601325 0.103463
vt 0.491015 0.103463
vt 0.491015 0.084292
vt 0.625166 0.026734
vt 0.651575 0.009088
vt 0.639738 0.041306
vt 0.601325 0.122634
vt 0.491015 0.122634
vt 0.607521 0.053142
vt 0.626560 0.061028
vt 0.601325 0.141805
vt 0.491015 0.141805
vt 0.621933 0.084292
vt 0.601325 0.160976
vt 0.491015 0.160976
vt 0.607521 0.115443
vt 0.626560 0.107557
vt 0.625166 0.141851
vt 0.639738 0.127279
vt 0.651575 0.159496
vt 0.659461 0.140457
vt 0.682725 0.165693
vt 0.682725 0.145085
vt 0.713875 0.159496
vt 0.705989 0.140457
vt 0.601325 0.065121
vt 0.491015 0.065121
vt 0.740283 0.141851
vt 0.725712 0.127279
vt 0.601325 0.045951
vt 0.491015 0.045951
vt 0.757929 0.115443
vt 0.738890 0.107557
vt 0.601325 0.026780
vt 0.491015 0.026780
vt 0.764125 0.084292
vt 0.743517 0.084292
vt 0.601325 0.007609
vt 0.491015 0.007609
vt 0.757929 0.053142
vt 0.738890 0.061028
vt 0.740283 0.026734
vt 0.725712 0.041306
vt 0.713875 0.009088
vt 0.705989 0.028127
vt 0.682725 0.002892
s 1
usemtl defaultMaterial_0
f 1504/860/830 1505/861/831 1506/862/832
f 1507/863/833 1508/864/834 1509/865/834
f 1507/863/833 1509/865/834 1510/866/833
f 1511/867/835 1512/868/836 1513/860/836
f 1511/867/835 1513/860/836 1514/869/835
f 1515/869/837 1504/860/830 1506/862/832
f 1508/864/834 1516/870/838 1517/871/838
f 1508/864/834 1517/871/838 1509/865/834
f 1518/872/839 1511/867/835 1514/869/835
f 1518/872/839 1514/869/835 1519/873/839
f 1520/873/840 1515/869/837 1506/862/832
f 1516/870/838 1521/874/841 1522/875/841
f 1516/870/838 1522/875/841 1517/871/838
f 1523/863/842 1518/872/839 1519/873/839
f 1523/863/842 1519/873/839 1524/876/842
f 1525/876/843 1520/873/840 1506/862/832
f 1521/874/841 1526/877/844 1527/878/844
f 1521/874/841 1527/878/844 1522/875/841
f 1528/879/845 1523/863/842 1524/876/842
f 1528/879/845 1524/876/842 1529/880/845
f 1530/880/846 1525/876/843 1506/862/832
f 1526/877/844 1531/874/847 1532/875/847
f 1526/877/844 1532/875/847 1527/878/844
f 1533/881/848 1528/879/845 1529/880/845
f 1533/881/848 1529/880/845 1534/882/848
f 1535/882/849 1530/880/846 1506/862/832
f 1531/874/847 1536/870/850 1537/871/850
f 1531/874/847 1537/871/850 1532/875/847
f 1538/883/851 1533/881/848 1534/882/848
f 1538/883/851 1534/882/848 1539/884/851
f 1540/884/852 1535/882/849 1506/862/832
f 1536/870/850 1541/864/853 1542/865/853
f 1536/870/850 1542/865/853 1537/871/850
f 1543/885/854 1538/883/851 1539/884/851
f 1543/885/854 1539/884/851 1544/886/854
f 1545/886/855 1540/884/852 1506/862/832
f 1541/864/853 1546/863/856 1547/866/856
f 1541/864/853 1547/866/856 1542/865/853
f 1548/887/857 1543/885/854 1544/886/854
f 1548/887/857 1544/886/854 1549/888/857
f 1550/888/858 1545/886/855 1506/862/832
f 1546/863/856 1551/889/859 1552/890/859
f 1546/863/856 1552/890/859 1547/866/856
f 1553/891/860 1548/887/857 1549/888/857
f 1553/891/860 1549/888/857 1554/892/860
f 1555/892/861 1550/888/858 1506/862/832
f 1551/889/859 1556/893/862 1557/894/862
f 1551/889/859 1557/894/862 1552/890/859
f 1558/895/863 1553/891/860 1554/892/860
f 1558/895/863 1554/892/860 1559/896/863
f 1560/896/864 1555/892/861 1506/862/832
f 1556/893/862 1561/897/865 1562/898/865
f 1556/893/862 1562/898/865 1557/894/862
f 1563/899/866 1558/895/863 1559/896/863
f 1563/899/866 1559/896/863 1564/900/866
f 1565/900/867 1560/896/864 1506/862/832
f 1561/897/865 1566/901/868 1567/902/868
f 1561/897/865 1567/902/868 1562/898/865
f 1568/903/869 1563/899/866 1564/900/866
f 1568/903/869 1564/900/866 1569/904/869
f 1570/904/870 1565/900/867 1506/862/832
f 1566/901/868 1571/897/871 1572/898/871
f 1566/901/868 1572/898/871 1567/902/868
f 1573/905/872 1568/903/869 1569/904/869
f 1573/905/872 1569/904/869 1574/906/872
f 1575/906/873 1570/904/870 1506/862/832
f 1571/897/871 1576/893/874 1577/894/874
f 1571/897/871 1577/894/874 1572/898/871
f 1578/907/875 1573/905/872 1574/906/872
f 1578/907/875 1574/906/872 1579/908/875
f 1580/908/876 1575/906/873 1506/862/832
f 1576/893/874 1581/889/877 1582/890/877
f 1576/893/874 1582/890/877 1577/894/874
f 1583/909/878 1578/907/875 1579/908/875
f 1583/909/878 1579/908/875 1584/861/878
f 1505/861/831 1580/908/876 1506/862/832
f 1581/889/877 1507/863/833 1510/866/833
f 1581/889/877 1510/866/833 1582/890/877
f 1512/868/836 1583/909/878 1584/861/878
f 1512/868/836 1584/861/878 1513/860/836
o defaultMaterial.011
v -2.411676 4.940819 -8.868064
v -2.422838 2.987846 -8.852944
v -3.956735 3.276701 -7.879387
v -3.956702 4.627147 -7.879326
v 2.411676 4.940819 -8.868064
v 3.956702 4.627147 -7.879326
v 3.956735 3.276701 -7.879387
v 2.422838 2.987846 -8.852944
vn -0.5374 -0.0020 -0.8433
vn -0.5374 -0.0021 -0.8433
vn 0.5374 -0.0020 -0.8433
vn 0.5374 -0.0021 -0.8433
vt 0.001821 0.008376
vt 0.001821 1.004037
vt 0.992886 0.856771
vt 0.992890 0.168295
s 1
usemtl defaultMaterial_2
f 1585/910/879 1586/911/879 1587/912/880
f 1585/910/879 1587/912/880 1588/913/879
f 1589/910/881 1590/913/881 1591/912/882
f 1589/910/881 1591/912/882 1592/911/881
o defaultMaterial.012
v -0.173315 3.309080 -10.388652
v -0.348737 3.381742 -10.469252
v -0.306100 3.596093 -10.469252
v -0.116225 3.596093 -10.388652
v -0.173315 3.883105 -10.388652
v -0.173315 3.883105 -8.504720
v -0.116225 3.596093 -8.504720
v -0.116225 3.596093 -10.388652
v -0.866225 3.596093 -9.663180
v -0.348737 3.810443 -10.469252
v -0.306100 3.596093 -10.469252
v -0.348737 3.810443 -10.469252
v -0.173315 3.883105 -10.388652
v -0.335895 4.126423 -10.388652
v -0.335895 4.126423 -8.504720
v -0.470157 3.992161 -10.469252
v -0.470157 3.992161 -10.469252
v -0.335895 4.126423 -10.388652
v -0.579212 4.289002 -10.388652
v -0.579212 4.289002 -8.504720
v -0.651874 4.113581 -10.469252
v -0.651874 4.113581 -10.469252
v -0.579212 4.289002 -10.388652
v -0.866225 4.346093 -10.388652
v -0.866225 4.346093 -8.504720
v -0.866225 4.156218 -10.469252
v -0.866225 4.156218 -10.469252
v -0.866225 4.346093 -10.388652
v -1.153237 4.289002 -10.388652
v -1.153237 4.289002 -8.504720
v -1.080575 4.113581 -10.469252
v -1.080575 4.113581 -10.469252
v -1.153237 4.289002 -10.388652
v -1.396555 4.126423 -10.388652
v -1.396555 4.126423 -8.504720
v -1.262293 3.992161 -10.469252
v -1.262293 3.992161 -10.469252
v -1.396555 4.126423 -10.388652
v -1.559134 3.883105 -10.388652
v -1.559134 3.883105 -8.504720
v -1.383713 3.810443 -10.469252
v -1.383713 3.810443 -10.469252
v -1.559134 3.883105 -10.388652
v -1.616225 3.596093 -10.388652
v -1.616225 3.596093 -8.504720
v -1.426350 3.596093 -10.469252
v -1.426350 3.596093 -10.469252
v -1.616225 3.596093 -10.388652
v -1.559134 3.309080 -10.388652
v -1.559134 3.309080 -8.504720
v -1.383713 3.381742 -10.469252
v -1.383713 3.381742 -10.469252
v -1.559134 3.309080 -10.388652
v -1.396555 3.065763 -10.388652
v -1.396555 3.065763 -8.504720
v -1.262293 3.200025 -10.469252
v -1.262293 3.200025 -10.469252
v -1.396555 3.065763 -10.388652
v -1.153237 2.903183 -10.388652
v -1.153237 2.903183 -8.504720
v -1.080575 3.078605 -10.469252
v -1.080575 3.078605 -10.469252
v -1.153237 2.903183 -10.388652
v -0.866225 2.846093 -10.388652
v -0.866225 2.846093 -8.504720
v -0.866225 3.035968 -10.469252
v -0.866225 3.035968 -10.469252
v -0.866225 2.846093 -10.388652
v -0.579212 2.903183 -10.388652
v -0.579212 2.903183 -8.504720
v -0.651874 3.078605 -10.469252
v -0.651874 3.078605 -10.469252
v -0.579212 2.903183 -10.388652
v -0.335895 3.065763 -10.388652
v -0.335895 3.065763 -8.504720
v -0.470157 3.200025 -10.469252
v -0.470157 3.200025 -10.469252
v -0.335895 3.065763 -10.388652
v -0.173315 3.309080 -10.388652
v -0.173315 3.309080 -8.504720
v -0.348737 3.381742 -10.469252
vn 0.3610 -0.1495 -0.9205
vn 0.3907 -0.0000 -0.9205
vn 0.9239 0.3827 -0.0000
vn 1.0000 -0.0000 -0.0000
vn -0.0000 -0.0000 -1.0000
vn -0.7587 -0.3143 -0.5706
vn -0.8212 -0.0000 -0.5706
vn 0.3610 0.1495 -0.9205
vn 0.7071 0.7071 -0.0000
vn -0.5807 -0.5807 -0.5706
vn 0.2763 0.2763 -0.9205
vn 0.3827 0.9239 -0.0000
vn -0.3143 -0.7587 -0.5706
vn 0.1495 0.3610 -0.9205
vn -0.0000 1.0000 -0.0000
vn -0.0000 -0.8212 -0.5706
vn -0.0000 0.3907 -0.9205
vn -0.3827 0.9239 -0.0000
vn 0.3143 -0.7587 -0.5706
vn -0.1495 0.3610 -0.9205
vn -0.7071 0.7071 -0.0000
vn 0.5807 -0.5807 -0.5706
vn -0.2763 0.2763 -0.9205
vn -0.9239 0.3827 -0.0000
vn 0.7587 -0.3143 -0.5706
vn -0.3610 0.1495 -0.9205
vn -1.0000 -0.0000 -0.0000
vn 0.8212 -0.0000 -0.5706
vn -0.3907 -0.0000 -0.9205
vn -0.9239 -0.3827 -0.0000
vn 0.7587 0.3143 -0.5706
vn -0.3610 -0.1495 -0.9205
vn -0.7071 -0.7071 -0.0000
vn 0.5807 0.5807 -0.5706
vn -0.2763 -0.2763 -0.9205
vn -0.3827 -0.9239 -0.0000
vn 0.3143 0.7587 -0.5706
vn -0.1495 -0.3610 -0.9205
vn -0.0000 -1.0000 -0.0000
vn -0.0000 0.8212 -0.5706
vn -0.0000 -0.3907 -0.9205
vn 0.3827 -0.9239 -0.0000
vn -0.3143 0.7587 -0.5706
vn 0.1495 -0.3610 -0.9205
vn 0.7071 -0.7071 -0.0000
vn -0.5807 0.5807 -0.5706
vn 0.2763 -0.2763 -0.9205
vn 0.9239 -0.3827 -0.0000
vn -0.7587 0.3143 -0.5706
vt 0.651575 0.009088
vt 0.659461 0.028127
vt 0.682725 0.023500
vt 0.682725 0.002892
vt 0.601325 0.065121
vt 0.491015 0.065121
vt 0.491015 0.084292
vt 0.601325 0.084292
vt 0.682725 0.084292
vt 0.705989 0.028127
vt 0.713875 0.009088
vt 0.601325 0.045951
vt 0.491015 0.045951
vt 0.725712 0.041306
vt 0.740283 0.026734
vt 0.601325 0.026780
vt 0.491015 0.026780
vt 0.738890 0.061028
vt 0.757929 0.053142
vt 0.601325 0.007609
vt 0.491015 0.007609
vt 0.743517 0.084292
vt 0.764125 0.084292
vt 0.738890 0.107557
vt 0.757929 0.115443
vt 0.725712 0.127279
vt 0.740283 0.141851
vt 0.705989 0.140457
vt 0.713875 0.159496
vt 0.682725 0.145085
vt 0.682725 0.165693
vt 0.601325 0.103463
vt 0.491015 0.103463
vt 0.659461 0.140457
vt 0.651575 0.159496
vt 0.601325 0.122634
vt 0.491015 0.122634
vt 0.639738 0.127279
vt 0.625166 0.141851
vt 0.601325 0.141805
vt 0.491015 0.141805
vt 0.626560 0.107557
vt 0.607521 0.115443
vt 0.601325 0.160976
vt 0.491015 0.160976
vt 0.621933 0.084292
vt 0.626560 0.061028
vt 0.607521 0.053142
vt 0.639738 0.041306
vt 0.625166 0.026734
s 1
usemtl defaultMaterial_0
f 1593/914/883 1594/915/883 1595/916/884
f 1593/914/883 1595/916/884 1596/917/884
f 1597/918/885 1598/919/885 1599/920/886
f 1597/918/885 1599/920/886 1600/921/886
f 1601/922/887 1602/923/888 1603/916/889
f 1596/917/884 1595/916/884 1604/923/890
f 1596/917/884 1604/923/890 1605/924/890
f 1606/925/891 1607/926/891 1598/919/885
f 1606/925/891 1598/919/885 1597/918/885
f 1601/922/887 1608/927/892 1602/923/888
f 1605/924/890 1604/923/890 1609/927/893
f 1605/924/890 1609/927/893 1610/928/893
f 1611/929/894 1612/930/894 1607/926/891
f 1611/929/894 1607/926/891 1606/925/891
f 1601/922/887 1613/931/895 1608/927/892
f 1610/928/893 1609/927/893 1614/931/896
f 1610/928/893 1614/931/896 1615/932/896
f 1616/933/897 1617/934/897 1612/930/894
f 1616/933/897 1612/930/894 1611/929/894
f 1601/922/887 1618/935/898 1613/931/895
f 1615/932/896 1614/931/896 1619/935/899
f 1615/932/896 1619/935/899 1620/936/899
f 1621/929/900 1622/930/900 1617/934/897
f 1621/929/900 1617/934/897 1616/933/897
f 1601/922/887 1623/937/901 1618/935/898
f 1620/936/899 1619/935/899 1624/937/902
f 1620/936/899 1624/937/902 1625/938/902
f 1626/925/903 1627/926/903 1622/930/900
f 1626/925/903 1622/930/900 1621/929/900
f 1601/922/887 1628/939/904 1623/937/901
f 1625/938/902 1624/937/902 1629/939/905
f 1625/938/902 1629/939/905 1630/940/905
f 1631/918/906 1632/919/906 1627/926/903
f 1631/918/906 1627/926/903 1626/925/903
f 1601/922/887 1633/941/907 1628/939/904
f 1630/940/905 1629/939/905 1634/941/908
f 1630/940/905 1634/941/908 1635/942/908
f 1636/921/909 1637/920/909 1632/919/906
f 1636/921/909 1632/919/906 1631/918/906
f 1601/922/887 1638/943/910 1633/941/907
f 1635/942/908 1634/941/908 1639/943/911
f 1635/942/908 1639/943/911 1640/944/911
f 1641/945/912 1642/946/912 1637/920/909
f 1641/945/912 1637/920/909 1636/921/909
f 1601/922/887 1643/947/913 1638/943/910
f 1640/944/911 1639/943/911 1644/947/914
f 1640/944/911 1644/947/914 1645/948/914
f 1646/949/915 1647/950/915 1642/946/912
f 1646/949/915 1642/946/912 1641/945/912
f 1601/922/887 1648/951/916 1643/947/913
f 1645/948/914 1644/947/914 1649/951/917
f 1645/948/914 1649/951/917 1650/952/917
f 1651/953/918 1652/954/918 1647/950/915
f 1651/953/918 1647/950/915 1646/949/915
f 1601/922/887 1653/955/919 1648/951/916
f 1650/952/917 1649/951/917 1654/955/920
f 1650/952/917 1654/955/920 1655/956/920
f 1656/957/921 1657/958/921 1652/954/918
f 1656/957/921 1652/954/918 1651/953/918
f 1601/922/887 1658/959/922 1653/955/919
f 1655/956/920 1654/955/920 1659/959/923
f 1655/956/920 1659/959/923 1660/921/923
f 1661/953/924 1662/954/924 1657/958/921
f 1661/953/924 1657/958/921 1656/957/921
f 1601/922/887 1663/960/925 1658/959/922
f 1660/921/923 1659/959/923 1664/960/926
f 1660/921/923 1664/960/926 1665/961/926
f 1666/949/927 1667/950/927 1662/954/924
f 1666/949/927 1662/954/924 1661/953/924
f 1601/922/887 1668/962/928 1663/960/925
f 1665/961/926 1664/960/926 1669/962/929
f 1665/961/926 1669/962/929 1670/963/929
f 1671/945/930 1672/946/930 1667/950/927
f 1671/945/930 1667/950/927 1666/949/927
f 1601/922/887 1673/915/931 1668/962/928
f 1670/963/929 1669/962/929 1594/915/883
f 1670/963/929 1594/915/883 1593/914/883
f 1600/921/886 1599/920/886 1672/946/930
f 1600/921/886 1672/946/930 1671/945/930
f 1601/922/887 1603/916/889 1673/915/931
o defaultMaterial.013
v 0.722110 1.691258 14.546136
v 0.922756 0.905997 12.988290
v 1.013002 1.949029 12.300104
v -1.089127 3.044956 4.174334
v -1.031499 3.365339 3.450955
v 0.000000 3.365339 3.450955
v 0.000000 3.044956 4.174334
v -1.089127 3.044956 4.174334
v -1.127273 2.838531 4.752817
v -1.629181 4.438158 4.775178
v 1.172642 0.271357 11.091784
v 1.661099 1.780677 8.772579
v 1.031499 3.365339 3.450955
v 0.000000 3.365339 3.450955
v 0.000000 4.454818 3.952745
v -0.985526 0.683710 12.509067
v -1.051978 0.507852 12.004343
v 0.000000 0.507852 12.004343
v 0.002577 0.683710 12.509067
v 1.650175 0.271357 8.220382
v 1.051978 0.507852 12.004343
v 1.051978 0.507852 12.004343
v 0.000000 0.271357 11.091784
v 1.172642 0.271357 11.091784
v 0.985526 0.683710 12.509067
v -1.013002 1.949029 12.300104
v -0.922756 0.905997 12.988290
v -0.722110 1.691258 14.546136
v 0.008187 0.905997 12.988290
v 0.030008 1.691258 14.546136
v 1.507993 1.375060 15.848366
v -1.507993 1.375060 15.848366
v -1.676762 1.691257 14.546133
v 0.000000 1.691257 14.546133
v 1.676762 1.691257 14.546133
v -1.661099 1.780677 8.772579
v -1.172642 0.271357 11.091784
v -1.650175 0.271357 8.220382
v -2.390061 0.271357 7.631799
v -3.038120 0.271357 6.567281
v -3.907008 0.271357 5.290878
v -4.708100 0.271357 4.667886
v -4.990775 0.271357 4.263819
v -5.117714 0.271357 2.929080
v -5.631357 0.271357 2.146682
v -6.053096 0.271357 1.255410
v -6.602713 0.271357 -2.740186
v -6.245517 0.271357 -3.213762
v 0.000000 0.271357 -3.212156
v 0.000000 0.271357 8.389280
v -1.650175 0.271357 8.220382
v -1.051978 0.507852 12.004343
v -1.172642 0.271357 11.091784
v 6.359298 1.231675 1.703155
v 5.406452 1.383991 2.482702
v 6.000378 1.228742 2.514323
v 5.069153 1.101016 4.929764
v 4.708100 0.271357 4.667886
v 4.990775 0.271357 4.263819
v 5.357580 1.096033 4.526806
v 7.153874 1.093021 -3.475955
v 6.495028 1.093993 1.526199
v 6.053096 0.271357 1.255410
v 6.602713 0.271357 -2.740186
v 6.245517 0.271357 -3.213762
v 0.000000 0.271357 -3.212156
v 0.000000 1.093021 -3.933032
v 6.788949 1.093021 -3.933032
v 3.373276 1.383991 6.473701
v 3.426679 1.274089 6.707201
v 4.227271 1.246160 5.520051
v 4.193233 1.367892 5.314775
v 2.846581 1.645095 7.660556
v 3.130091 1.428124 7.203427
v 2.390061 0.271357 7.631799
v 2.908275 1.488208 7.943801
v 1.661099 1.780677 8.772579
v 1.650175 0.271357 8.220382
v 5.304703 1.239732 4.504865
v 5.102886 1.383991 4.306618
v 5.088963 1.230622 4.854139
v 0.000000 1.215433 -3.865612
v -6.795590 1.215433 -3.865612
v -6.161947 1.383989 -2.056529
v 0.000000 1.383989 -2.048306
v 5.069153 1.101016 4.929764
v 4.247597 1.099360 5.568945
v 3.907008 0.271357 5.290878
v -1.650175 0.271357 8.220382
v 0.000000 0.271357 8.389280
v 6.795590 1.215433 -3.865612
v 6.161947 1.383989 -2.056529
v 7.119462 1.217647 -3.441892
v 3.038120 0.271357 6.567281
v 3.410713 1.157523 6.748683
v 5.117714 0.271357 2.929080
v 5.540526 1.102952 3.202936
v 6.062773 1.094781 2.476651
v 5.631357 0.271357 2.146682
v 2.876389 1.624894 7.810451
v 4.708100 0.271357 4.667886
v 3.907008 0.271357 5.290878
v 3.038120 0.271357 6.567281
v 2.390061 0.271357 7.631799
v 1.650175 0.271357 8.220382
v 6.245517 0.271357 -3.213762
v 6.602713 0.271357 -2.740186
v 6.053096 0.271357 1.255410
v 5.631357 0.271357 2.146682
v 5.117714 0.271357 2.929080
v 4.990775 0.271357 4.263819
v 1.650175 0.271357 8.220382
v -5.406452 1.383991 2.482702
v -5.102886 1.383991 4.306618
v -5.663718 3.951228 3.655290
v -5.950363 3.906746 1.778973
v -5.533709 4.132658 3.375909
v -3.918259 4.757481 3.922589
v -5.738184 4.138453 1.947465
v 5.467419 1.240206 3.464103
v 6.494067 1.226040 1.117082
v 5.548783 1.231794 3.110809
v -6.468040 4.144934 -3.686044
v -4.875896 4.589550 2.129313
v -4.171059 4.757481 2.557354
v -3.918259 4.757481 -2.306000
v -5.069153 1.101016 4.929764
v -5.357580 1.096033 4.526806
v -4.990775 0.271357 4.263819
v -4.708100 0.271357 4.667886
v -7.153874 1.093021 -3.475955
v -6.602713 0.271357 -2.740186
v -6.053096 0.271357 1.255410
v -6.495028 1.093993 1.526199
v -6.245517 0.271357 -3.213762
v -6.788949 1.093021 -3.933032
v -3.373276 1.383991 6.473701
v -4.193233 1.367892 5.314775
v -4.227271 1.246160 5.520051
v -3.426679 1.274089 6.707201
v -3.130091 1.428124 7.203427
v -2.846581 1.645095 7.660556
v -2.390061 0.271357 7.631799
v -1.650175 0.271357 8.220382
v -1.661099 1.780677 8.772579
v -2.908275 1.488208 7.943801
v -5.088963 1.230622 4.854139
v -5.102886 1.383991 4.306618
v -5.304703 1.239732 4.504865
v -5.467419 1.240206 3.464103
v -3.907008 0.271357 5.290878
v -4.247597 1.099360 5.568945
v -5.069153 1.101016 4.929764
v -5.481581 3.688701 3.832625
v -4.362911 3.999124 4.803657
v -4.379641 4.320421 4.752542
v -7.119462 1.217647 -3.441892
v -3.038120 0.271357 6.567281
v -3.410713 1.157523 6.748683
v -5.117714 0.271357 2.929080
v -5.540526 1.102952 3.202936
v -6.062773 1.094781 2.476651
v -5.631357 0.271357 2.146682
v -2.876389 1.624894 7.810451
v -4.244474 4.519089 4.504481
v -5.102886 1.383991 4.306618
v -5.002045 1.581761 4.341504
v -6.693904 3.879670 -3.633410
v -6.161947 1.383989 -2.056529
v -5.548783 1.231794 3.110809
v -5.406452 1.383991 2.482702
v -6.000378 1.228742 2.514323
v -1.225246 4.568391 7.201537
v -1.223806 5.235225 6.181575
v -1.597261 4.839820 6.697024
v -1.947251 4.683712 5.812535
v -1.720141 5.020434 6.035270
v 0.000000 5.264900 6.217735
v 0.000000 4.579680 7.335051
v -6.359298 1.231675 1.703155
v -6.494067 1.226040 1.117082
v 2.014791 3.896438 11.319978
v 1.721480 3.591087 13.105749
v 1.919813 1.854193 13.105749
v 2.219633 1.931073 11.319978
v 1.150711 2.458406 16.531126
v 1.507993 1.375060 15.848366
v 1.676762 1.691257 14.546133
v 1.434114 3.133774 14.782473
v 0.000000 2.657141 16.808620
v 0.856706 2.657141 16.808620
v 1.126626 3.475462 14.781944
v 0.000000 3.476697 14.779230
v 3.124068 2.838531 -3.709508
v 0.000000 2.838531 -3.701819
v 0.000000 2.839504 -2.305533
v 3.594450 2.838531 -2.306000
v -3.124068 2.838531 -3.709508
v -3.594450 2.838531 -2.306000
v 4.868032 1.871089 3.809287
v 5.221178 3.853436 3.204977
v 4.271623 4.078927 4.019678
v 4.104172 1.873367 4.400560
v 0.000000 2.501252 16.842361
v 0.917188 2.486357 16.842361
v 3.710061 4.757481 -3.709508
v 3.918259 4.757481 -2.306000
v 6.468040 4.144934 -3.686044
v -2.531843 4.801043 5.785555
v -3.387460 4.894491 6.648026
v -3.673134 4.925988 6.337212
v -3.614512 4.960556 5.780875
v -3.740141 4.953087 6.045362
v -2.915498 4.892739 6.845969
v -2.925378 5.181638 6.845969
v -3.443981 5.167452 6.683404
v -3.443981 4.952986 6.683404
v 6.693904 3.879670 -3.633410
v 5.738184 4.138453 1.947465
v 5.950363 3.906746 1.778973
v 0.000000 1.375060 15.848366
v 1.507993 1.375060 15.848366
v 0.917188 2.486357 16.842361
v 0.000000 2.501252 16.842361
v -2.293006 5.269551 6.832398
v -2.393859 5.392527 5.787615
v -2.888453 5.241965 6.801430
v -3.737146 4.984088 6.358523
v -3.737146 5.158942 6.358523
v -3.807671 5.156076 6.055639
v -3.807671 5.011337 6.055639
v 3.918259 1.383989 -2.048306
v 6.693904 3.879670 -3.633410
v 6.161947 1.383989 -2.056529
v -3.683318 5.147624 5.780875
v -3.683318 5.023937 5.780875
v 3.491977 4.513486 5.844381
v 3.258400 4.632743 5.661217
v 2.411156 4.563276 7.287870
v 2.627288 4.451595 7.473759
v -3.672106 5.218954 6.336869
v -3.387965 5.227595 6.648342
v -2.370516 4.784560 6.866427
v -2.226337 4.573329 5.789468
v -1.996392 4.481665 6.842859
v 5.406452 1.383991 2.482702
v 6.161947 1.383989 -2.056529
v 3.918259 4.757481 3.922589
v 3.712019 2.838531 4.752817
v 3.502823 4.757481 4.496946
v -3.807671 5.011337 6.055639
v -3.737146 4.984088 6.358523
v 5.663718 3.951228 3.655290
v 5.533709 4.132658 3.375909
v 4.244474 4.519089 4.504481
v 4.379641 4.320421 4.752542
v -1.676795 4.683712 5.812535
v -0.935940 4.568391 7.090112
v -1.516407 4.364388 5.755208
v 3.373276 1.383991 6.473701
v 3.425512 1.601030 6.380289
v 2.846581 1.645095 7.660556
v -3.443981 4.952986 6.683404
v 3.712019 2.838531 4.752817
v 0.000000 2.844439 4.752817
v 5.102886 1.383991 4.306618
v 5.002045 1.581761 4.341504
v 4.191550 1.569309 5.229057
v 4.193233 1.367892 5.314775
v 3.511381 1.937567 5.204181
v 3.515414 4.191090 5.826203
v 4.362911 3.999124 4.803657
v 1.676795 4.683712 5.812535
v 1.516407 4.364388 5.755208
v 0.935940 4.568391 7.090112
v 1.842139 4.423973 4.760971
v 1.629181 4.438158 4.775178
v 4.171059 4.757481 2.558861
v 5.002045 1.581761 4.341504
v 4.868032 1.871089 3.809287
v 4.104172 1.873367 4.400560
v 4.191550 1.569309 5.229057
v 2.207669 4.335306 9.624027
v 1.977362 4.445565 9.425157
v 1.665184 4.256590 11.319978
v 1.926768 4.162646 11.319978
v 0.000000 1.854193 13.105749
v 1.919813 1.854193 13.105749
v -1.831062 4.476566 6.858716
v -1.917784 4.577744 5.796692
v -2.014417 4.838336 6.889288
v 3.515414 4.191090 5.826203
v 3.701762 4.246292 4.876365
v 4.362911 3.999124 4.803657
v -1.917784 4.577744 5.796692
v -2.226337 4.573329 5.789468
v -2.531843 4.801043 5.785555
v 5.481581 3.688701 3.832625
v 0.000000 1.892362 9.624027
v 0.000000 1.928718 11.319978
v -2.219633 1.931073 11.319978
v -2.503103 1.898932 9.624027
v 2.692607 4.143331 7.477744
v 0.000000 2.844439 4.752817
v 3.710061 4.757481 -3.709508
v 6.468040 4.144934 -3.686044
v -3.683318 5.023937 5.780875
v -1.919813 1.854193 13.105749
v 5.002045 1.581761 4.341504
v 5.481581 3.688701 3.832625
v 5.221178 3.853436 3.204977
v 4.868032 1.871089 3.809287
v -3.710061 4.757481 -3.709508
v -2.874240 4.835065 6.799861
v -2.915498 4.892739 6.845969
v 2.503103 1.898932 9.624027
v 0.000000 1.645095 7.842977
v 2.846581 1.645095 7.660556
v -2.874240 4.835065 6.799861
v -2.370516 4.784560 6.866427
v 4.875896 4.589550 2.129313
v 2.282637 4.046095 9.624027
v 0.997055 2.589720 16.718750
v 1.628482 3.841309 13.105749
v 1.381579 3.940492 13.105749
v -1.996392 4.481665 6.842859
v 1.507993 1.375060 15.848366
v 2.503103 1.898932 9.624027
v 1.629181 4.438158 4.775178
v 1.516407 4.364388 5.755208
v 1.842139 4.423973 4.760971
v -3.807671 5.156076 6.055639
v -3.738442 5.215790 6.045105
v -3.612427 5.212481 5.780875
v -3.683318 5.147624 5.780875
v 0.000000 4.468691 9.624027
v 0.935940 4.568391 7.090112
v 0.000000 4.584025 7.223626
v 2.058015 4.757481 4.722312
v 1.842139 4.423973 4.760971
v -3.683318 5.147624 5.780875
v -3.612427 5.212481 5.780875
v -3.614512 4.960556 5.780875
v -3.683318 5.023937 5.780875
v 1.676795 4.683712 5.812535
v 3.710061 4.757481 -3.709508
v 3.124068 2.838531 -3.709508
v 3.594450 2.838531 -2.306000
v 3.918259 4.757481 -2.306000
v 3.918259 4.757481 3.922589
v -3.737146 5.158942 6.358523
v -2.925378 5.181638 6.845969
v -3.443981 5.167452 6.683404
v 3.673134 4.925988 6.337212
v 2.531843 4.801043 5.785555
v 3.740141 4.953087 6.045362
v 2.014417 4.838336 6.889288
v 1.831062 4.476566 6.858716
v 2.370516 4.784560 6.866427
v 2.222912 5.220294 6.877789
v 2.322885 5.344818 5.787677
v 2.293006 5.269551 6.832398
v 2.393859 5.392527 5.787615
v 2.322885 5.344818 5.787677
v 2.222912 5.220294 6.877789
v 2.874240 4.835065 6.799861
v 3.387460 4.894491 6.648026
v -2.222912 5.220294 6.877789
v 1.345750 3.377725 14.782473
v 0.000000 3.950228 13.105749
v 0.000000 4.283789 11.319978
v 2.058015 4.757481 4.722312
v 3.502823 4.757481 4.496946
v 5.221178 3.853436 3.204977
v 4.271623 4.078927 4.019678
v 5.481581 3.688701 3.832625
v 3.511381 1.937567 5.204181
v 3.425512 1.601030 6.380289
v 1.597261 4.839820 6.697024
v 1.223806 5.235225 6.181575
v 1.225246 4.568391 7.201537
v 3.807671 5.011337 6.055639
v 3.737146 4.984088 6.358523
v 3.701762 4.246292 4.876365
v 3.511381 1.937567 5.204181
v 4.171059 4.757481 2.555524
v 4.171059 4.757481 2.558861
v 2.058015 4.757481 4.722312
v 3.443981 4.952986 6.683404
v 3.683318 5.023937 5.780875
v 3.614512 4.960556 5.780875
v 3.701762 4.246292 4.876365
v 1.947251 4.683712 5.812535
v 1.031499 3.365339 3.450955
v 1.089127 3.044956 4.174334
v 1.720141 5.020434 6.035270
v 2.219633 1.931073 11.319978
v 2.915498 4.892739 6.845969
v 2.915498 4.892739 6.845969
v 2.874240 4.835065 6.799861
v -6.161947 1.383989 -2.056529
v -6.693904 3.879670 -3.633410
v -3.918259 1.383989 -2.048306
v 3.807671 5.156076 6.055639
v 3.683318 5.147624 5.780875
v 3.612427 5.212481 5.780875
v 3.738442 5.215790 6.045105
v 5.102886 1.383991 4.306618
v -3.502823 4.757481 4.496946
v -3.711995 2.838531 4.752817
v -3.918259 4.757481 3.922589
v -1.089127 3.044956 4.174334
v 0.000000 3.044956 4.174334
v 0.000000 2.844439 4.752817
v -1.127273 2.838531 4.752817
v -2.846581 1.645095 7.660556
v -3.425512 1.601030 6.380289
v -3.373276 1.383991 6.473701
v -3.711995 2.838531 4.752817
v 1.089127 3.044956 4.174334
v 1.127273 2.838531 4.752817
v -1.629181 4.438158 4.775178
v -1.842139 4.423973 4.760971
v 0.000000 2.844439 4.752817
v -6.468040 4.144934 -3.686044
v -3.710061 4.757481 -3.709508
v -2.393859 5.392527 5.787615
v -2.846581 1.645095 7.660556
v 0.000000 5.560875 5.210982
v 0.000000 5.502165 4.435879
v -0.941594 5.428625 4.401586
v -0.994500 5.483472 5.174889
v 3.737146 5.158942 6.358523
v 3.672106 5.218954 6.336869
v 2.925378 5.181638 6.845969
v 3.443981 5.167452 6.683404
v 3.387965 5.227595 6.648342
v 2.888453 5.241965 6.801430
v -1.842139 4.423973 4.760971
v -1.516407 4.364388 5.755208
v -1.629181 4.438158 4.775178
v -2.322885 5.344818 5.787677
v -1.842139 4.423973 4.760971
v -2.058015 4.757481 4.722312
v -3.710061 4.757481 -3.709508
v -3.918259 4.757481 -2.306000
v -3.594450 2.838531 -2.306000
v -3.124068 2.838531 -3.709508
v -1.031499 3.365339 3.450955
v -2.058015 4.757481 4.722312
v -2.222912 5.220294 6.877789
v -1.665184 4.256590 11.319978
v -1.381579 3.940492 13.105749
v -1.150711 2.458406 16.531126
v -1.434114 3.133774 14.782473
v -1.676762 1.691257 14.546133
v -1.507993 1.375060 15.848366
v -1.126626 3.475462 14.781944
v -0.856706 2.657141 16.808620
v -4.868032 1.871089 3.809287
v -4.104172 1.873367 4.400560
v -4.271623 4.078927 4.019678
v -5.221178 3.853436 3.204977
v -0.917188 2.486357 16.842361
v -0.917188 2.486357 16.842361
v -1.507993 1.375060 15.848366
v -3.491977 4.513486 5.844381
v -2.627288 4.451595 7.473759
v -2.411156 4.563276 7.287870
v -3.258400 4.632743 5.661217
v 4.171059 4.757481 2.555524
v -4.193233 1.367892 5.314775
v -4.191550 1.569309 5.229057
v -3.515414 4.191090 5.826203
v -3.511381 1.937567 5.204181
v -5.002045 1.581761 4.341504
v -4.191550 1.569309 5.229057
v -4.104172 1.873367 4.400560
v -4.868032 1.871089 3.809287
v -2.207669 4.335306 9.624027
v -1.926768 4.162646 11.319978
v -1.665184 4.256590 11.319978
v -1.977362 4.445565 9.425157
v -4.362911 3.999124 4.803657
v -3.701762 4.246292 4.876365
v -3.515414 4.191090 5.826203
v -2.322885 5.344818 5.787677
v -2.692607 4.143331 7.477744
v -5.002045 1.581761 4.341504
v -4.868032 1.871089 3.809287
v -5.221178 3.853436 3.204977
v -5.481581 3.688701 3.832625
v -2.282637 4.046095 9.624027
v -0.997055 2.589720 16.718750
v -1.926768 4.162646 11.319978
v -1.628482 3.841309 13.105749
v -1.721480 3.591087 13.105749
v -2.014791 3.896438 11.319978
v -2.219633 1.931073 11.319978
v -1.919813 1.854193 13.105749
v -1.507993 1.375060 15.848366
v -2.503103 1.898932 9.624027
v -0.935940 4.568391 7.090112
v -1.676795 4.683712 5.812535
v -4.171059 4.757481 2.557354
v -1.345750 3.377725 14.782473
v -3.502823 4.757481 4.496946
v -2.058015 4.757481 4.722312
v -4.271623 4.078927 4.019678
v -5.221178 3.853436 3.204977
v -5.481581 3.688701 3.832625
v -3.511381 1.937567 5.204181
v -3.425512 1.601030 6.380289
v -3.701762 4.246292 4.876365
v -3.511381 1.937567 5.204181
v -3.701762 4.246292 4.876365
v 3.612427 5.212481 5.780875
v 3.614512 4.960556 5.780875
v 2.531843 4.801043 5.785555
v 2.393859 5.392527 5.787615
v -2.014791 3.896438 11.319978
v -2.219633 1.931073 11.319978
v -1.544606 4.419813 4.014492
v -1.629181 4.438158 4.775178
v -1.031499 3.365339 3.450955
v -1.089127 3.044956 4.174334
v -0.941594 5.428625 4.401586
v 0.000000 5.502165 4.435879
v -0.994500 5.483472 5.174889
v -1.516407 4.364388 5.755208
v -0.935940 4.568391 7.090112
v -1.629181 4.438158 4.775178
v -1.544606 4.419813 4.014492
v 0.000000 4.584025 7.223626
v 0.000000 5.560875 5.210982
v 1.629181 4.438158 4.775178
v 1.127273 2.838531 4.752817
v 1.089127 3.044956 4.174334
v 0.994500 5.483472 5.174889
v 0.941594 5.428625 4.401586
v -2.322885 5.344818 5.787677
v 1.629181 4.438158 4.775178
v 1.544606 4.419813 4.014492
v 1.089127 3.044956 4.174334
v 1.031499 3.365339 3.450955
v 0.941594 5.428625 4.401586
v 0.935940 4.568391 7.090112
v 1.516407 4.364388 5.755208
v 0.994500 5.483472 5.174889
v 1.629181 4.438158 4.775178
v 1.544606 4.419813 4.014492
v 1.917784 4.577744 5.796692
v 1.917784 4.577744 5.796692
v 2.322885 5.344818 5.787677
v 2.370516 4.784560 6.866427
v 2.925378 5.181638 6.845969
v 3.443981 4.952986 6.683404
v 3.443981 5.167452 6.683404
v 3.737146 4.984088 6.358523
v 3.807671 5.011337 6.055639
v 3.807671 5.156076 6.055639
v 3.737146 5.158942 6.358523
v 3.683318 5.023937 5.780875
v 3.683318 5.147624 5.780875
v 1.996392 4.481665 6.842859
v 2.226337 4.573329 5.789468
v 2.226337 4.573329 5.789468
v 1.996392 4.481665 6.842859
v 3.683318 5.147624 5.780875
v 3.683318 5.023937 5.780875
vn 0.6815 -0.6145 0.3975
vn 0.6821 -0.6196 0.3884
vn 0.9901 -0.0078 0.1405
vn -0.0000 -0.9143 -0.4050
vn -0.9415 -0.2931 -0.1667
vn 0.9866 -0.0350 0.1592
vn 0.8320 0.3071 0.4621
vn 0.0229 0.4361 -0.8996
vn -0.0000 0.4183 -0.9083
vn -0.0000 0.4184 -0.9083
vn -0.6850 -0.6396 0.3490
vn -0.0000 -0.9570 0.2901
vn -0.0000 -0.9570 0.2902
vn -0.0000 -0.9269 0.3754
vn 0.8215 -0.2283 0.5225
vn 0.9914 -0.0001 0.1309
vn -0.0000 -0.9920 0.1265
vn 0.6850 -0.6396 0.3490
vn -0.9901 -0.0078 0.1405
vn -0.6821 -0.6196 0.3884
vn -0.6815 -0.6144 0.3975
vn -0.0000 -0.9002 0.4355
vn -0.0000 -0.8930 0.4501
vn -0.0000 -0.9718 -0.2360
vn -0.0000 -0.9847 -0.1745
vn -0.0000 -0.9881 -0.1539
vn -0.0000 -0.9846 -0.1746
vn -0.8320 0.3072 0.4620
vn -0.9866 -0.0350 0.1592
vn -0.0000 -1.0000 -0.0000
vn -0.8215 -0.2283 0.5225
vn -0.9914 -0.0001 0.1309
vn -0.0000 -0.9920 0.1264
vn 0.5831 0.7880 0.1977
vn 0.3029 0.9473 0.1038
vn 0.6031 0.7149 0.3536
vn 0.7245 -0.0861 0.6839
vn 0.6362 -0.4719 0.6104
vn 0.8207 -0.4776 0.3136
vn 0.9291 -0.0947 0.3576
vn 0.9552 -0.1800 -0.2349
vn 0.9635 0.0398 0.2648
vn 0.8222 -0.5171 0.2378
vn 0.7452 -0.6472 -0.1606
vn 0.2847 -0.7330 -0.6178
vn -0.0000 -0.6591 -0.7520
vn -0.0000 -0.1075 -0.9942
vn 0.4304 -0.1955 -0.8812
vn 0.6307 0.7265 0.2729
vn 0.7823 0.4544 0.4261
vn 0.5930 0.6086 0.5272
vn 0.4008 0.8565 0.3252
vn 0.5374 0.8371 0.1021
vn 0.8154 0.5250 0.2438
vn 0.6577 -0.4014 0.6374
vn 0.7927 0.1058 0.6004
vn 0.8320 0.3072 0.4620
vn 0.8215 -0.2284 0.5225
vn 0.7213 0.6350 0.2767
vn 0.4391 0.8781 0.1898
vn 0.5603 0.6561 0.5056
vn -0.0000 0.8365 -0.5480
vn -0.2470 0.8388 -0.4851
vn -0.1175 0.9927 -0.0253
vn 0.0001 0.9957 -0.0924
vn 0.7244 -0.0861 0.6839
vn 0.7237 -0.0988 0.6830
vn 0.6440 -0.4551 0.6149
vn 0.2470 0.8388 -0.4851
vn 0.1176 0.9927 -0.0253
vn 0.5963 0.7886 -0.1498
vn 0.7536 -0.4398 0.4886
vn 0.8734 -0.0293 0.4862
vn 0.8091 -0.5064 0.2982
vn 0.9405 -0.0686 0.3328
vn 0.8584 -0.1302 0.4963
vn 0.7325 -0.5365 0.4190
vn 0.5802 0.7823 0.2268
vn 0.0003 -1.0000 0.0002
vn -0.9759 -0.1560 0.1525
vn -0.8141 0.0592 0.5776
vn -0.8060 0.3274 0.4931
vn -0.9524 0.2706 0.1401
vn -0.5213 0.8382 0.1604
vn -0.3448 0.9297 0.1292
vn -0.5809 0.8074 0.1027
vn 0.8089 0.5697 0.1452
vn 0.5984 0.7947 0.1017
vn 0.7215 0.6225 0.3031
vn -0.4341 0.9003 0.0306
vn -0.3650 0.9284 0.0701
vn -0.2430 0.9699 0.0179
vn -0.2219 0.9748 -0.0221
vn -0.7245 -0.0861 0.6839
vn -0.9291 -0.0947 0.3576
vn -0.8207 -0.4776 0.3136
vn -0.6362 -0.4719 0.6104
vn -0.9552 -0.1800 -0.2349
vn -0.7452 -0.6472 -0.1606
vn -0.8222 -0.5171 0.2378
vn -0.9635 0.0398 0.2648
vn -0.2847 -0.7330 -0.6178
vn -0.4304 -0.1955 -0.8812
vn -0.6307 0.7265 0.2729
vn -0.4007 0.8565 0.3252
vn -0.5930 0.6086 0.5272
vn -0.7823 0.4544 0.4261
vn -0.8154 0.5250 0.2438
vn -0.5374 0.8371 0.1021
vn -0.6577 -0.4014 0.6374
vn -0.8215 -0.2284 0.5225
vn -0.7927 0.1058 0.6004
vn -0.5603 0.6561 0.5056
vn -0.4391 0.8781 0.1898
vn -0.7213 0.6350 0.2767
vn -0.8089 0.5697 0.1452
vn -0.6440 -0.4551 0.6149
vn -0.7237 -0.0988 0.6830
vn -0.7244 -0.0861 0.6839
vn -0.6258 0.0680 0.7770
vn -0.7213 0.0537 0.6905
vn -0.6731 0.4965 0.5482
vn -0.5963 0.7886 -0.1498
vn -0.7536 -0.4398 0.4886
vn -0.8734 -0.0293 0.4862
vn -0.8091 -0.5064 0.2982
vn -0.9405 -0.0686 0.3328
vn -0.8584 -0.1302 0.4963
vn -0.7325 -0.5365 0.4190
vn -0.5802 0.7823 0.2268
vn -0.4239 0.8763 0.2290
vn -0.8141 0.0592 0.5777
vn -0.6566 0.1690 0.7351
vn -0.9518 0.2752 0.1358
vn -0.9787 -0.1426 0.1478
vn -0.7215 0.6225 0.3031
vn -0.3029 0.9473 0.1038
vn -0.6031 0.7149 0.3536
vn -0.4594 0.5820 0.6710
vn -0.2161 0.8543 0.4727
vn -0.7097 0.5211 0.4741
vn -0.9302 0.0063 0.3670
vn -0.6944 0.6510 0.3066
vn -0.0000 0.8449 0.5350
vn -0.0000 0.8451 0.5346
vn -0.5831 0.7880 0.1977
vn -0.5984 0.7947 0.1017
vn 0.9620 0.2032 0.1824
vn 0.9528 0.2227 0.2063
vn 0.9767 0.1138 0.1819
vn 0.9802 0.1041 0.1685
vn 0.8871 0.1379 0.4405
vn 0.9103 0.0204 0.4134
vn 0.9713 0.1399 0.1925
vn 0.9371 0.2563 0.2369
vn -0.0000 0.6408 0.7677
vn 0.3082 0.6487 0.6958
vn 0.2149 0.9140 0.3441
vn -0.0000 0.9465 0.3228
vn -0.0000 1.0000 -0.0007
vn 0.0003 1.0000 -0.0001
vn 0.0005 1.0000 -0.0003
vn -0.0000 1.0000 -0.0000
vn -0.0006 1.0000 -0.0004
vn -0.0001 1.0000 -0.0004
vn -0.0006 1.0000 -0.0003
vn 0.6391 0.1000 0.7626
vn 0.7367 0.0629 0.6732
vn -0.0000 0.2026 0.9793
vn 0.6033 0.1448 0.7843
vn 0.2170 0.9756 -0.0322
vn 0.2219 0.9748 -0.0221
vn 0.4341 0.9003 0.0306
vn -0.2043 -0.9788 -0.0146
vn -0.2758 -0.9182 0.2843
vn -0.3760 -0.9197 0.1131
vn -0.4144 -0.8828 -0.2212
vn -0.4156 -0.9034 -0.1055
vn -0.1807 -0.3153 0.9316
vn -0.1748 0.3410 0.9237
vn -0.4997 0.3848 0.7761
vn -0.5171 -0.4054 0.7538
vn 0.9518 0.2752 0.1358
vn 0.5809 0.8074 0.1027
vn 0.9524 0.2706 0.1401
vn -0.0000 -0.6649 0.7469
vn -0.0041 -0.6648 0.7470
vn -0.0000 -0.6648 0.7470
vn 0.1637 0.9197 0.3568
vn 0.0109 0.9987 0.0495
vn -0.1145 0.8771 0.4665
vn -0.8170 -0.4236 0.3912
vn -0.8072 0.4176 0.4172
vn -0.9042 0.4146 -0.1027
vn -0.9030 -0.4120 -0.1217
vn -0.0997 -0.4469 -0.8890
vn -0.1041 -0.4482 -0.8879
vn -0.0031 -0.5337 -0.8457
vn -0.8393 0.3765 -0.3922
vn -0.8381 -0.3740 -0.3971
vn 0.6976 0.5612 0.4454
vn 0.2279 0.9597 0.1647
vn 0.1411 0.9841 0.1081
vn 0.7217 0.6325 0.2812
vn -0.3654 0.9138 0.1775
vn -0.2468 0.8999 0.3596
vn -0.3040 -0.6571 0.6898
vn -0.6109 -0.7884 0.0728
vn -0.4523 -0.6093 0.6513
vn 0.9759 -0.1560 0.1525
vn 0.9787 -0.1426 0.1478
vn -0.9175 -0.0707 -0.3914
vn -0.6235 -0.0276 -0.7814
vn -0.3878 -0.1162 -0.9144
vn -0.9030 -0.4120 -0.1218
vn -0.8170 -0.4237 0.3912
vn 0.8060 0.3274 0.4931
vn 0.5213 0.8382 0.1604
vn 0.4239 0.8763 0.2290
vn 0.6731 0.4965 0.5482
vn 0.8119 0.4795 -0.3330
vn 0.7826 0.4670 -0.4117
vn 0.8706 0.0499 0.4895
vn 0.9261 0.0389 0.3752
vn 0.9385 0.0398 0.3430
vn -0.5171 -0.4055 0.7538
vn 0.0012 1.0000 -0.0005
vn 0.0006 1.0000 -0.0005
vn 0.0001 1.0000 -0.0003
vn -0.0000 1.0000 -0.0004
vn 0.8141 0.0592 0.5777
vn 0.6566 0.1690 0.7351
vn 0.7682 0.2039 0.6069
vn 0.7682 0.2038 0.6069
vn 0.9910 -0.0372 0.1284
vn 0.9309 0.0315 0.3640
vn 0.7213 0.0537 0.6905
vn -0.8119 0.4795 -0.3330
vn -0.7826 0.4670 -0.4117
vn -0.1178 -0.0798 -0.9898
vn -0.0358 -0.0327 -0.9988
vn -0.9895 0.1229 -0.0767
vn 0.3108 0.8887 0.3370
vn 0.3819 0.8724 0.3052
vn 0.7256 0.6639 0.1810
vn 0.1452 0.9847 0.0963
vn 0.1789 0.9698 0.1655
vn 0.7044 0.6781 0.2096
vn 0.0002 -0.9970 -0.0776
vn 0.0003 -0.9970 -0.0774
vn 0.3572 0.0706 0.9314
vn 0.8873 0.4602 -0.0313
vn 0.6232 0.3026 0.7211
vn -0.3594 -0.9249 -0.1243
vn -0.3574 -0.9297 -0.0891
vn -0.3362 -0.9379 -0.0860
vn 0.0194 0.0059 -0.9998
vn 0.0232 0.0140 -0.9996
vn 0.0145 0.0045 -0.9999
vn 0.6258 0.0680 0.7770
vn -0.0000 -0.9970 0.0769
vn -0.0000 -0.9999 -0.0108
vn -0.0012 -0.9999 -0.0110
vn -0.0038 -0.9970 0.0769
vn 0.9395 0.1261 0.3184
vn -0.0000 0.0140 -0.9999
vn -0.0911 -0.4445 -0.8912
vn -0.1475 -0.4003 -0.9044
vn -0.8381 -0.3741 -0.3971
vn -0.0003 -0.9970 -0.0774
vn -0.8669 0.2874 0.4073
vn -0.2170 0.9756 -0.0322
vn -0.1773 -0.9122 0.3694
vn 0.0038 -0.9970 0.0769
vn -0.0000 -0.9911 0.1333
vn 0.0058 -0.9911 0.1332
vn -0.1773 -0.9122 0.3695
vn 0.3650 0.9284 0.0701
vn 0.9685 0.1731 0.1792
vn 0.7282 0.4361 0.5288
vn 0.6953 0.6674 0.2667
vn 0.1865 0.9508 0.2473
vn 0.9103 0.0203 0.4134
vn 0.9810 0.0937 0.1698
vn 0.5349 0.8357 0.1244
vn 0.6497 0.7380 0.1825
vn 0.0717 0.9940 0.0831
vn -0.9042 0.4146 -0.1028
vn -0.4122 0.9089 -0.0631
vn -0.4151 0.8856 -0.2082
vn -0.8393 0.3766 -0.3922
vn -0.0000 0.9978 0.0662
vn 0.0070 0.9983 0.0582
vn -0.0000 0.9988 0.0480
vn -0.8353 0.4886 -0.2520
vn -0.0000 -0.0000 -1.0000
vn 0.0025 0.0008 -1.0000
vn 0.0154 0.9969 0.0777
vn -0.9472 0.2245 0.2290
vn -0.9664 0.2216 0.1303
vn 0.3448 0.9297 0.1292
vn -0.8072 0.4177 0.4172
vn 0.3760 -0.9197 0.1131
vn 0.2043 -0.9788 -0.0146
vn 0.4156 -0.9034 -0.1055
vn -0.6232 0.3026 0.7211
vn -0.3572 0.0706 0.9314
vn 0.3040 -0.6571 0.6898
vn -0.4469 0.6546 0.6098
vn -0.7940 0.6079 -0.0052
vn -0.1637 0.9197 0.3568
vn -0.0109 0.9987 0.0495
vn -0.7940 0.6079 -0.0051
vn -0.4468 0.6546 0.6098
vn 0.1773 -0.9122 0.3694
vn 0.2758 -0.9182 0.2843
vn 0.4468 0.6546 0.6098
vn 0.6926 0.6402 0.3325
vn -0.0000 0.9743 0.2252
vn -0.0000 0.9898 0.1427
vn 0.0280 0.9955 0.0901
vn 0.1101 0.9855 0.1287
vn -0.3148 -0.9455 -0.0828
vn -0.3190 -0.9459 -0.0591
vn -0.3465 -0.9326 -0.1010
vn 0.4505 0.8505 0.2715
vn 0.7097 0.5211 0.4741
vn 0.2161 0.8543 0.4727
vn 0.4594 0.5819 0.6710
vn 0.9030 -0.4120 -0.1218
vn 0.8170 -0.4237 0.3912
vn 0.8205 0.0246 0.5711
vn 0.2431 0.9698 0.0179
vn 0.2590 0.9647 0.0479
vn -0.1541 -0.0148 -0.9879
vn 0.5171 -0.4055 0.7538
vn 0.8381 -0.3741 -0.3970
vn 0.4144 -0.8828 -0.2212
vn 0.9805 -0.0540 0.1892
vn 0.9302 0.0063 0.3670
vn 0.6944 0.6510 0.3066
vn 0.0012 -0.9999 -0.0110
vn 0.1807 -0.3153 0.9316
vn 0.0031 -0.5337 -0.8457
vn 0.1041 -0.4482 -0.8879
vn 0.0997 -0.4469 -0.8890
vn 0.9042 0.4146 -0.1027
vn 0.8393 0.3766 -0.3922
vn 0.4151 0.8856 -0.2083
vn 0.4122 0.9089 -0.0631
vn 0.8142 0.0592 0.5776
vn 0.3878 -0.1162 -0.9144
vn 0.6235 -0.0276 -0.7813
vn 0.9175 -0.0707 -0.3913
vn 0.0025 -0.9434 -0.3317
vn -0.0000 -0.9434 -0.3317
vn -0.9385 0.0398 0.3430
vn -0.9261 0.0389 0.3752
vn -0.8706 0.0499 0.4895
vn 0.0001 1.0000 -0.0004
vn -0.0005 1.0000 -0.0004
vn -0.0008 1.0000 -0.0004
vn -0.0025 -0.9434 -0.3318
vn -0.0025 -0.9434 -0.3317
vn 0.0358 -0.0327 -0.9988
vn 0.1178 -0.0798 -0.9898
vn 0.1475 -0.4003 -0.9044
vn 0.0911 -0.4445 -0.8912
vn 0.0102 -0.0002 -0.9999
vn -0.0058 -0.9911 0.1332
vn -0.0000 0.9971 -0.0757
vn -0.0000 0.9971 -0.0755
vn -0.5071 0.8563 -0.0982
vn 0.8072 0.4177 0.4172
vn 0.3654 0.9138 0.1775
vn 0.1748 0.3410 0.9237
vn 0.4996 0.3848 0.7761
vn 0.2468 0.8999 0.3596
vn 0.1145 0.8771 0.4665
vn -0.0717 0.9940 0.0831
vn -0.6497 0.7380 0.1825
vn -0.5349 0.8357 0.1244
vn 0.7940 0.6079 -0.0052
vn 0.8353 0.4886 -0.2520
vn 0.9472 0.2245 0.2290
vn 0.9664 0.2216 0.1303
vn -0.0229 0.4361 -0.8996
vn 0.1541 -0.0148 -0.9879
vn 0.4469 0.6546 0.6098
vn -0.1789 0.9698 0.1655
vn -0.1864 0.9509 0.2472
vn -0.8871 0.1379 0.4405
vn -0.9371 0.2563 0.2369
vn -0.9713 0.1399 0.1925
vn -0.9103 0.0204 0.4134
vn -0.2149 0.9140 0.3441
vn -0.3082 0.6487 0.6958
vn -0.6391 0.1000 0.7626
vn -0.7367 0.0629 0.6732
vn -0.6033 0.1448 0.7843
vn 0.0041 -0.6648 0.7470
vn -0.6976 0.5612 0.4454
vn -0.7217 0.6325 0.2812
vn -0.1411 0.9841 0.1081
vn -0.2279 0.9597 0.1647
vn -0.9758 0.2164 0.0303
vn -0.7682 0.2038 0.6069
vn -0.7682 0.2039 0.6069
vn -0.9309 0.0315 0.3640
vn -0.9910 -0.0376 0.1283
vn -0.3108 0.8887 0.3370
vn -0.3819 0.8724 0.3052
vn -0.7256 0.6639 0.1810
vn -0.7044 0.6781 0.2096
vn -0.1789 0.9699 0.1655
vn -0.1452 0.9847 0.0963
vn 0.3362 -0.9379 -0.0860
vn 0.3574 -0.9297 -0.0891
vn 0.3594 -0.9249 -0.1243
vn 0.7940 0.6079 -0.0051
vn -0.9395 0.1261 0.3184
vn 0.8669 0.2874 0.4073
vn -0.9685 0.1731 0.1792
vn -0.7282 0.4361 0.5288
vn -0.6953 0.6675 0.2666
vn -0.9528 0.2228 0.2063
vn -0.9620 0.2032 0.1824
vn -0.9802 0.1041 0.1685
vn -0.9767 0.1138 0.1820
vn -0.9103 0.0203 0.4134
vn -0.9810 0.0938 0.1697
vn -0.0070 0.9983 0.0582
vn -0.0154 0.9969 0.0777
vn 0.9895 0.1229 -0.0766
vn -0.6926 0.6402 0.3325
vn -0.1101 0.9855 0.1287
vn -0.0280 0.9955 0.0901
vn 0.3190 -0.9459 -0.0591
vn 0.3148 -0.9455 -0.0828
vn 0.3465 -0.9326 -0.1010
vn -0.4505 0.8505 0.2715
vn -0.8205 0.0246 0.5711
vn -0.9805 -0.0540 0.1892
vn -0.0025 0.0008 -1.0000
vn -0.0145 0.0045 -0.9999
vn -0.0102 -0.0002 -0.9999
vn -0.9826 0.1193 -0.1426
vn -0.9321 -0.3269 -0.1559
vn -0.0226 0.4003 -0.9161
vn -0.0000 0.4189 -0.9080
vn -0.6476 0.6962 0.3098
vn -0.4906 0.7798 0.3888
vn -0.5349 0.8357 0.1245
vn -0.0457 0.4178 -0.9074
vn -0.0000 0.9005 0.4348
vn -0.0000 0.9004 0.4350
vn 0.9415 -0.2931 -0.1667
vn 0.5071 0.8563 -0.0982
vn 0.0155 -0.0021 -0.9999
vn 0.9826 0.1193 -0.1426
vn 0.9321 -0.3269 -0.1559
vn 0.0226 0.4003 -0.9161
vn 0.4906 0.7798 0.3888
vn 0.6476 0.6962 0.3098
vn 0.5350 0.8357 0.1245
vn 0.0457 0.4178 -0.9074
vn -0.8873 0.4601 -0.0313
vn -0.0194 0.0059 -0.9998
vn -0.0155 -0.0021 -0.9999
vn 0.5171 -0.4054 0.7538
vn 0.4997 0.3848 0.7761
vn 0.8170 -0.4236 0.3912
vn 0.9030 -0.4120 -0.1217
vn 0.8072 0.4176 0.4172
vn 0.8381 -0.3740 -0.3971
vn 0.8393 0.3765 -0.3922
vn 0.4523 -0.6093 0.6513
vn 0.6109 -0.7884 0.0728
vn -0.0232 0.0140 -0.9996
vt 0.568315 0.576111
vt 0.568315 0.650874
vt 0.520414 0.666099
vt 0.688302 0.356951
vt 0.688222 0.352198
vt 0.732370 0.352472
vt 0.732370 0.356907
vt 0.682072 0.356696
vt 0.682999 0.397164
vt 0.632466 0.356696
vt 0.568315 0.721077
vt 0.520414 0.776954
vt 0.732167 0.300710
vt 0.568315 0.672919
vt 0.568315 0.690374
vt 0.608840 0.690374
vt 0.568315 0.812215
vt 0.608840 0.721077
vt 0.296917 0.955694
vt 0.307393 0.883306
vt 0.369030 0.906341
vt 0.053186 0.735528
vt 0.079143 0.718445
vt 0.097917 0.686246
vt 0.124105 0.649164
vt 0.147547 0.630624
vt 0.156547 0.618607
vt 0.160035 0.579223
vt 0.175521 0.556537
vt 0.187821 0.530995
vt 0.201489 0.417107
vt 0.189696 0.403082
vt 0.004529 0.404426
vt 0.004915 0.740619
vt 0.255820 0.303968
vt 0.280814 0.291729
vt 0.255494 0.323874
vt 0.247990 0.385358
vt 0.220270 0.384446
vt 0.220270 0.374195
vt 0.247942 0.374626
vt 0.247714 0.198105
vt 0.247648 0.306216
vt 0.220270 0.306458
vt 0.220270 0.201549
vt 0.220270 0.189868
vt 0.220270 0.107939
vt 0.247242 0.107939
vt 0.247278 0.188735
vt 0.280814 0.431612
vt 0.259255 0.437255
vt 0.259670 0.407030
vt 0.280814 0.401785
vt 0.280814 0.462233
vt 0.265253 0.450164
vt 0.220270 0.461433
vt 0.248944 0.467300
vt 0.251296 0.489959
vt 0.220270 0.482264
vt 0.257419 0.373652
vt 0.280814 0.369735
vt 0.256086 0.382914
vt 0.253845 0.117095
vt 0.254029 0.190919
vt 0.280814 0.213971
vt 0.280814 0.107939
vt 0.247989 0.385358
vt 0.248057 0.408627
vt 0.220270 0.404502
vt 0.608840 0.812215
vt 0.254007 0.199154
vt 0.220270 0.435853
vt 0.248323 0.439004
vt 0.220270 0.347457
vt 0.247892 0.348127
vt 0.247710 0.329008
vt 0.220270 0.327516
vt 0.265253 0.465158
vt 0.472581 0.399031
vt 0.472581 0.440415
vt 0.383478 0.443269
vt 0.381420 0.386331
vt 0.374703 0.435111
vt 0.316373 0.464184
vt 0.372917 0.391293
vt 0.257575 0.352789
vt 0.254933 0.294821
vt 0.256244 0.338741
vt 0.372027 0.214969
vt 0.327417 0.414726
vt 0.315706 0.415173
vt 0.313336 0.240882
vt 0.375090 0.462054
vt 0.342493 0.505016
vt 0.334614 0.495326
vt 0.329222 0.486121
vt 0.472464 0.468769
vt 0.445344 0.498180
vt 0.381885 0.214969
vt 0.472464 0.214502
vt 0.876193 0.542419
vt 0.838736 0.542419
vt 0.852213 0.528986
vt 0.838736 0.503983
vt 0.838736 0.519923
vt 0.838736 0.578237
vt 0.876193 0.578237
vt 0.258847 0.747261
vt 0.246243 0.804143
vt 0.318836 0.826539
vt 0.336323 0.771215
vt 0.215143 0.955694
vt 0.231253 0.871366
vt 0.165120 0.948336
vt 0.202333 0.948336
vt 0.210312 0.870069
vt 0.165120 0.870069
vt 0.780036 0.503884
vt 0.727838 0.503884
vt 0.727838 0.548287
vt 0.780036 0.548287
vt 0.421362 0.502114
vt 0.371932 0.486132
vt 0.352208 0.510499
vt 0.398368 0.536356
vt 0.165120 0.955694
vt 0.205198 0.955694
vt 0.307248 0.214969
vt 0.501840 0.609233
vt 0.474998 0.551698
vt 0.454765 0.561706
vt 0.446983 0.590588
vt 0.445806 0.574976
vt 0.521105 0.532296
vt 0.522267 0.513420
vt 0.496933 0.513420
vt 0.496257 0.528148
vt 0.165120 0.997365
vt 0.231220 0.997365
vt 0.564658 0.503294
vt 0.559238 0.450184
vt 0.532660 0.501630
vt 0.476258 0.525276
vt 0.476903 0.513420
vt 0.462704 0.513420
vt 0.462097 0.522759
vt 0.472362 0.184365
vt 0.448987 0.513420
vt 0.448448 0.520881
vt 0.302288 0.546009
vt 0.293622 0.537998
vt 0.263901 0.603078
vt 0.271233 0.610840
vt 0.490547 0.476665
vt 0.505817 0.493403
vt 0.529934 0.560372
vt 0.517787 0.613282
vt 0.548144 0.568747
vt 0.827959 0.664608
vt 0.780036 0.676697
vt 0.827959 0.680995
vt 0.439516 0.572556
vt 0.449562 0.557774
vt 0.231194 0.543154
vt 0.199970 0.592685
vt 0.217725 0.537764
vt 0.411832 0.604869
vt 0.400269 0.601697
vt 0.388085 0.650404
vt 0.472000 0.546418
vt 0.727838 0.676661
vt 0.418136 0.547774
vt 0.425740 0.551992
vt 0.383788 0.562397
vt 0.308004 0.550057
vt 0.820884 0.718109
vt 0.820884 0.723176
vt 0.827959 0.633339
vt 0.254290 0.694661
vt 0.244756 0.686249
vt 0.232025 0.750472
vt 0.242633 0.751078
vt 0.388461 0.855608
vt 0.561114 0.559753
vt 0.608442 0.558197
vt 0.559866 0.540896
vt 0.338488 0.527063
vt 0.628610 0.558350
vt 0.648762 0.543450
vt 0.446260 0.765016
vt 0.416433 0.804194
vt 0.359792 0.718443
vt 0.286784 0.617532
vt 0.780036 0.740133
vt 0.355978 0.129284
vt 0.371771 0.205111
vt 0.440500 0.589860
vt 0.503523 0.553999
vt 0.503700 0.548632
vt 0.481831 0.711266
vt 0.521384 0.536425
vt 0.544698 0.537668
vt 0.267993 0.692721
vt 0.210386 0.948336
vt 0.230448 0.808605
vt 0.220543 0.808612
vt 0.555250 0.556366
vt 0.215335 0.493774
vt 0.230369 0.493774
vt 0.476334 0.460428
vt 0.486983 0.460986
vt 0.493754 0.446787
vt 0.483804 0.443923
vt 0.165120 0.681859
vt 0.165120 0.602615
vt 0.245783 0.493775
vt 0.724113 0.520630
vt 0.719491 0.516395
vt 0.719627 0.532892
vt 0.724113 0.528729
vt 0.827959 0.503918
vt 0.827959 0.548287
vt 0.480571 0.478623
vt 0.529335 0.508853
vt 0.498182 0.498139
vt 0.556094 0.513420
vt 0.609727 0.513420
vt 0.565210 0.447855
vt 0.571533 0.509816
vt 0.219102 0.870069
vt 0.165120 0.808645
vt 0.165120 0.746490
vt 0.299339 0.492184
vt 0.852213 0.627488
vt 0.838736 0.614055
vt 0.876193 0.614055
vt 0.315708 0.415293
vt 0.830469 0.714112
vt 0.838736 0.652491
vt 0.838736 0.636551
vt 0.472581 0.451977
vt 0.732370 0.370169
vt 0.688302 0.370214
vt 0.639642 0.504708
vt 0.732167 0.245479
vt 0.732167 0.249780
vt 0.696100 0.252017
vt 0.690363 0.248945
vt 0.098214 0.750472
vt 0.109696 0.808612
vt 0.115096 0.955694
vt 0.098986 0.871366
vt 0.022846 0.883306
vt 0.033322 0.955694
vt 0.119927 0.870069
vt 0.127906 0.948336
vt 0.125042 0.955694
vt 0.099020 0.997365
vt 0.827959 0.633262
vt 0.119853 0.948336
vt 0.087606 0.751078
vt 0.099791 0.808605
vt 0.083996 0.804143
vt 0.071392 0.747261
vt 0.002708 0.771215
vt 0.011403 0.826539
vt 0.111137 0.870069
vt 0.668432 0.298666
vt 0.661274 0.297240
vt 0.531790 0.356696
vt 0.558841 0.387739
vt 0.531790 0.430359
vt 0.581566 0.356696
vt 0.490272 0.426324
vt 0.490272 0.356696
vt 0.635346 0.508022
s 1
usemtl defaultMaterial_0
f 1674/964/932 1675/965/933 1676/966/934
s 0
f 1677/967/935 1678/968/935 1679/969/935
f 1677/967/935 1679/969/935 1680/970/935
f 1681/971/936 1682/972/936 1683/973/936
s 1
f 1676/966/934 1684/974/937 1685/975/938
f 1686/968/939 1687/969/940 1688/976/941
f 1689/977/942 1690/978/943 1691/979/944
f 1689/977/942 1691/979/944 1692/977/945
f 1693/980/946 1685/975/938 1684/974/937
f 1694/978/947 1684/974/937 1676/966/934
f 1695/978/943 1691/979/944 1696/981/948
f 1695/978/943 1696/981/948 1697/974/948
f 1694/978/947 1676/966/934 1698/977/949
f 1698/977/949 1676/966/934 1675/965/933
f 1699/966/950 1700/965/951 1701/964/952
f 1701/964/952 1700/965/951 1702/965/953
f 1701/964/952 1702/965/953 1703/964/954
f 1704/982/955 1705/982/955 1706/983/956
f 1704/982/955 1706/983/956 1707/984/957
f 1704/982/955 1707/984/957 1708/983/958
f 1709/975/959 1710/974/960 1699/966/950
f 1700/965/951 1689/977/942 1692/977/945
f 1700/965/951 1692/977/945 1702/965/953
s 0
f 1711/985/961 1712/986/961 1713/987/961
f 1711/985/961 1713/987/961 1714/988/961
s 1
f 1711/985/961 1714/988/961 1715/989/961
s 0
f 1711/985/961 1715/989/961 1716/990/961
f 1711/985/961 1716/990/961 1717/991/961
s 1
f 1711/985/961 1717/991/961 1718/992/961
s 0
f 1711/985/961 1718/992/961 1719/993/961
f 1711/985/961 1719/993/961 1720/994/961
f 1711/985/961 1720/994/961 1721/995/961
f 1711/985/961 1721/995/961 1722/996/961
f 1711/985/961 1722/996/961 1723/997/961
s 1
f 1710/974/960 1709/975/959 1724/980/962
f 1699/966/950 1710/974/960 1725/978/963
f 1690/978/943 1726/974/964 1696/981/948
f 1690/978/943 1696/981/948 1691/979/944
f 1689/977/942 1699/966/950 1725/978/963
f 1700/965/951 1699/966/950 1689/977/942
f 1727/998/965 1728/999/966 1729/1000/967
f 1730/1001/968 1731/1002/969 1732/1003/970
f 1730/1001/968 1732/1003/970 1733/1004/971
f 1734/1005/972 1735/1006/973 1736/1007/974
f 1734/1005/972 1736/1007/974 1737/1008/975
f 1738/1009/976 1739/1010/977 1740/1011/978
f 1738/1009/976 1740/1011/978 1741/1012/979
f 1742/1013/980 1743/1014/981 1744/1015/982
f 1742/1013/980 1744/1015/982 1745/1016/983
f 1742/1013/980 1746/1017/984 1747/1018/985
f 1742/1013/980 1747/1018/985 1743/1014/981
f 1748/1019/986 1749/1020/987 1750/1021/988
f 1748/1019/986 1750/1021/988 1751/1022/989
f 1752/1023/990 1753/1024/991 1754/1025/992
f 1755/1026/993 1756/1027/994 1757/1028/995
f 1755/1026/993 1757/1028/995 1758/1029/996
f 1731/1002/969 1759/1030/997 1760/1031/998
f 1731/1002/969 1760/1031/998 1761/1032/999
f 1726/974/964 1762/980/961 1763/1033/961
f 1726/974/964 1763/1033/961 1696/981/948
f 1764/1027/1000 1765/1028/1001 1766/1034/1002
f 1767/1035/1003 1761/1032/999 1760/1031/998
f 1767/1035/1003 1760/1031/998 1768/1036/1004
f 1734/1005/972 1737/1008/975 1738/1009/976
f 1734/1005/972 1738/1009/976 1741/1012/979
f 1767/1035/1003 1768/1036/1004 1749/1020/987
f 1767/1035/1003 1749/1020/987 1748/1019/986
f 1769/1037/1005 1770/1038/1006 1733/1004/971
f 1769/1037/1005 1733/1004/971 1732/1003/970
f 1771/1039/1007 1772/1040/1008 1736/1007/974
f 1771/1039/1007 1736/1007/974 1735/1006/973
f 1773/1041/1009 1746/1017/984 1750/1021/988
f 1772/1040/1008 1771/1039/1007 1770/1038/1006
f 1772/1040/1008 1770/1038/1006 1769/1037/1005
f 1774/989/961 1775/988/1010 1776/987/961
f 1774/989/961 1776/987/961 1777/986/961
s 0
f 1774/989/961 1777/986/961 1778/985/961
f 1774/989/961 1778/985/961 1723/997/961
f 1774/989/961 1723/997/961 1722/996/961
f 1774/989/961 1722/996/961 1779/995/961
f 1774/989/961 1779/995/961 1780/994/961
f 1774/989/961 1780/994/961 1781/993/961
s 1
f 1774/989/961 1781/993/961 1782/992/961
f 1774/989/961 1782/992/961 1783/991/961
s 0
f 1774/989/961 1783/991/961 1784/990/961
s 1
f 1698/977/949 1692/977/945 1691/979/944
f 1698/977/949 1691/979/944 1695/978/943
f 1674/964/932 1703/964/954 1702/965/953
f 1674/964/932 1702/965/953 1675/965/933
f 1785/980/961 1697/974/948 1696/981/948
f 1785/980/961 1696/981/948 1763/1033/961
f 1698/977/949 1675/965/933 1702/965/953
f 1698/977/949 1702/965/953 1692/977/945
f 1786/1042/1011 1787/1043/1012 1788/1044/1013
f 1786/1042/1011 1788/1044/1013 1789/1045/1014
f 1790/1046/1015 1791/1047/1016 1792/1048/1017
f 1752/1023/990 1793/1049/1018 1753/1024/991
f 1747/1018/985 1746/1017/984 1773/1041/1009
f 1753/1024/991 1745/1016/983 1744/1015/982
f 1753/1024/991 1744/1015/982 1754/1025/992
f 1765/1028/1001 1728/999/966 1727/998/965
f 1765/1028/1001 1727/998/965 1794/1050/1019
f 1766/1034/1002 1765/1028/1001 1794/1050/1019
f 1753/1024/991 1793/1049/1018 1795/1051/1020
f 1753/1024/991 1795/1051/1020 1728/999/966
f 1729/1000/967 1728/999/966 1795/1051/1020
f 1758/1029/996 1765/1028/1001 1764/1027/1000
f 1758/1029/996 1764/1027/1000 1755/1026/993
f 1794/1050/1019 1727/998/965 1735/1006/973
f 1768/1036/1004 1743/1014/981 1747/1018/985
f 1773/1041/1009 1750/1021/988 1749/1020/987
f 1770/1038/1006 1795/1051/1020 1793/1049/1018
f 1789/1045/1014 1788/1044/1013 1790/1046/1015
f 1789/1045/1014 1790/1046/1015 1792/1048/1017
f 1734/1005/972 1741/1012/979 1764/1027/1000
f 1734/1005/972 1764/1027/1000 1766/1034/1002
f 1735/1006/973 1734/1005/972 1766/1034/1002
f 1735/1006/973 1766/1034/1002 1794/1050/1019
f 1747/1018/985 1773/1041/1009 1749/1020/987
f 1747/1018/985 1749/1020/987 1768/1036/1004
f 1752/1023/990 1754/1025/992 1730/1001/968
f 1752/1023/990 1730/1001/968 1733/1004/971
f 1733/1004/971 1770/1038/1006 1793/1049/1018
f 1733/1004/971 1793/1049/1018 1752/1023/990
f 1771/1039/1007 1735/1006/973 1727/998/965
f 1771/1039/1007 1727/998/965 1729/1000/967
f 1754/1025/992 1744/1015/982 1760/1031/998
f 1754/1025/992 1760/1031/998 1759/1030/997
f 1741/1012/979 1740/1011/978 1755/1026/993
f 1741/1012/979 1755/1026/993 1764/1027/1000
f 1770/1038/1006 1771/1039/1007 1729/1000/967
f 1770/1038/1006 1729/1000/967 1795/1051/1020
f 1744/1015/982 1743/1014/981 1768/1036/1004
f 1744/1015/982 1768/1036/1004 1760/1031/998
f 1796/1052/1021 1797/1053/1022 1798/1054/1023
f 1796/1052/1021 1798/1054/1023 1799/1055/1024
f 1800/1001/1025 1801/1004/1026 1802/1003/1027
f 1800/1001/1025 1802/1003/1027 1803/1002/1028
f 1804/1005/1029 1805/1008/1030 1806/1007/1031
f 1804/1005/1029 1806/1007/1031 1807/1006/1032
f 1808/1009/1033 1809/1012/1034 1740/1011/978
f 1808/1009/1033 1740/1011/978 1739/1010/977
f 1810/1013/1035 1811/1016/1036 1812/1015/1037
f 1810/1013/1035 1812/1015/1037 1813/1014/1038
f 1810/1013/1035 1813/1014/1038 1814/1018/1039
f 1810/1013/1035 1814/1018/1039 1815/1017/1040
f 1816/1019/1041 1817/1022/1042 1818/1021/959
f 1816/1019/1041 1818/1021/959 1819/1020/1043
f 1820/1025/1044 1821/1024/1045 1822/1023/1046
f 1821/1024/1045 1823/1049/1047 1822/1023/1046
f 1803/1002/1028 1824/1032/1048 1825/1031/1049
f 1803/1002/1028 1825/1031/1049 1826/1030/1050
f 1827/1056/1051 1828/1057/1052 1829/1058/1053
f 1827/1056/1051 1829/1058/1053 1788/1044/1013
f 1830/1034/1054 1757/1028/995 1756/1027/994
f 1831/1035/1055 1832/1036/1056 1825/1031/1049
f 1831/1035/1055 1825/1031/1049 1824/1032/1048
f 1804/1005/1029 1809/1012/1034 1808/1009/1033
f 1804/1005/1029 1808/1009/1033 1805/1008/1030
f 1831/1035/1055 1816/1019/1041 1819/1020/1043
f 1831/1035/1055 1819/1020/1043 1832/1036/1056
f 1833/1037/1057 1802/1003/1027 1801/1004/1026
f 1833/1037/1057 1801/1004/1026 1834/1038/1058
f 1835/1039/1059 1807/1006/1032 1806/1007/1031
f 1835/1039/1059 1806/1007/1031 1836/1040/1060
f 1818/1021/959 1815/1017/1040 1837/1041/1061
f 1836/1040/1060 1833/1037/1057 1834/1038/1058
f 1836/1040/1060 1834/1038/1058 1835/1039/1059
f 1790/1046/1015 1838/1059/1062 1791/1047/1016
f 1792/1048/1017 1797/1053/1022 1796/1052/1021
f 1839/1060/1063 1840/1061/1064 1827/1056/1051
f 1839/1060/1063 1827/1056/1051 1788/1044/1013
f 1788/1044/1013 1829/1058/1053 1838/1059/1062
f 1788/1044/1013 1838/1059/1062 1790/1046/1015
f 1789/1045/1014 1841/1062/1065 1842/1063/1066
f 1789/1045/1014 1842/1063/1066 1786/1042/1011
f 1841/1062/1065 1789/1045/1014 1792/1048/1017
f 1841/1062/1065 1792/1048/1017 1796/1052/1021
f 1843/1051/1067 1844/999/1068 1845/1000/1069
f 1846/1064/1070 1847/1065/1071 1848/1066/1072
f 1837/1041/1061 1815/1017/1040 1814/1018/1039
f 1821/1024/1045 1820/1025/1044 1812/1015/1037
f 1821/1024/1045 1812/1015/1037 1811/1016/1036
f 1846/1064/1070 1848/1066/1072 1849/1067/1073
f 1850/1068/1074 1849/1067/1073 1848/1066/1072
f 1851/1069/1075 1847/1065/1071 1846/1064/1070
f 1851/1069/1075 1846/1064/1070 1852/1070/1076
f 1850/1068/1074 1848/1066/1072 1847/1065/1071
f 1797/1053/1022 1792/1048/1017 1791/1047/1016
f 1807/1006/1032 1853/998/1077 1854/1050/1078
f 1814/1018/1039 1813/1014/1038 1832/1036/1056
f 1819/1020/1043 1818/1021/959 1837/1041/1061
f 1823/1049/1047 1843/1051/1067 1834/1038/1058
f 1854/1050/1078 1757/1028/995 1830/1034/1054
f 1804/1005/1029 1830/1034/1054 1756/1027/994
f 1804/1005/1029 1756/1027/994 1809/1012/1034
f 1807/1006/1032 1854/1050/1078 1830/1034/1054
f 1807/1006/1032 1830/1034/1054 1804/1005/1029
f 1814/1018/1039 1832/1036/1056 1819/1020/1043
f 1814/1018/1039 1819/1020/1043 1837/1041/1061
f 1822/1023/1046 1801/1004/1026 1800/1001/1025
f 1822/1023/1046 1800/1001/1025 1820/1025/1044
f 1801/1004/1026 1822/1023/1046 1823/1049/1047
f 1801/1004/1026 1823/1049/1047 1834/1038/1058
f 1835/1039/1059 1845/1000/1069 1853/998/1077
f 1835/1039/1059 1853/998/1077 1807/1006/1032
f 1820/1025/1044 1826/1030/1050 1825/1031/1049
f 1820/1025/1044 1825/1031/1049 1812/1015/1037
f 1809/1012/1034 1756/1027/994 1755/1026/993
f 1809/1012/1034 1755/1026/993 1740/1011/978
f 1834/1038/1058 1843/1051/1067 1845/1000/1069
f 1834/1038/1058 1845/1000/1069 1835/1039/1059
f 1812/1015/1037 1825/1031/1049 1832/1036/1056
f 1812/1015/1037 1832/1036/1056 1813/1014/1038
f 1855/1071/1079 1856/1072/1080 1857/1073/1081
f 1855/1071/1079 1857/1073/1081 1858/1074/1082
f 1859/1075/1083 1860/982/1084 1861/983/1085
f 1859/1075/1083 1861/983/1085 1862/1076/1086
f 1863/1077/1087 1864/1078/1088 1865/1079/1089
f 1863/1077/1087 1865/1079/1089 1866/1080/1090
s 0
f 1867/1081/1091 1868/1082/1091 1869/1083/1091
f 1867/1081/1092 1869/1083/1092 1870/1084/1093
s 1
f 1821/1024/1045 1844/999/1068 1843/1051/1067
f 1821/1024/1045 1843/1051/1067 1823/1049/1047
f 1757/1028/995 1854/1050/1078 1853/998/1077
f 1757/1028/995 1853/998/1077 1844/999/1068
f 1868/1082/1094 1871/1081/1094 1872/1084/1095
s 0
f 1868/1082/1096 1872/1084/1097 1869/1083/1096
s 1
f 1845/1000/1069 1844/999/1068 1853/998/1077
f 1873/1085/1098 1874/1086/1098 1875/1087/1099
f 1873/1085/1098 1875/1087/1099 1876/1088/1099
f 1863/1077/1087 1877/1089/1100 1878/1090/1101
f 1863/1077/1087 1878/1090/1101 1864/1078/1088
f 1879/1091/1102 1880/1055/1103 1881/1052/1104
f 1882/1092/1105 1883/1093/1106 1884/1094/1107
f 1885/1095/1108 1882/1092/1105 1886/1096/1109
f 1887/1097/1110 1888/1098/1111 1889/1099/1112
f 1887/1097/1110 1889/1099/1112 1890/1100/1113
f 1891/1062/1114 1881/1052/1104 1892/1048/1115
f 1891/1062/1114 1892/1048/1115 1893/1045/1116
f 1894/1101/1117 1895/1102/1118 1896/1090/1118
f 1894/1101/1117 1896/1090/1118 1897/1089/1119
f 1898/1103/1120 1899/1104/1121 1900/1105/1122
f 1901/1106/1123 1902/1107/1124 1903/1108/1125
f 1901/1106/1123 1903/1108/1125 1904/1109/1126
f 1905/1110/1127 1906/1062/1128 1907/1063/1129
f 1904/1109/1126 1903/1108/1125 1908/1111/1130
f 1904/1109/1126 1908/1111/1130 1909/1112/1131
f 1910/1113/1132 1911/1114/1133 1912/1115/1134
f 1910/1113/1132 1912/1115/1134 1913/1116/1135
f 1889/1099/1112 1902/1107/1124 1901/1106/1123
f 1889/1099/1112 1901/1106/1123 1890/1100/1113
f 1899/1104/1121 1914/1117/1136 1915/1118/1137
f 1916/1119/1138 1917/1120/1139 1918/1121/1140
f 1893/1045/1116 1919/1042/1141 1920/1063/1142
f 1893/1045/1116 1920/1063/1142 1891/1062/1114
f 1921/1122/1143 1922/1123/1144 1923/1124/1145
f 1924/1125/1146 1886/1096/1109 1884/1094/1107
f 1924/1125/1146 1884/1094/1107 1925/1126/1147
f 1926/1044/1148 1927/1046/1149 1928/1059/1150
f 1926/1044/1148 1928/1059/1150 1929/1058/1151
f 1930/1127/1152 1931/1128/1153 1932/1129/1152
f 1933/1130/1154 1934/1131/1155 1935/1132/1156
f 1883/1093/1106 1936/1133/1157 1925/1126/1147
f 1883/1093/1106 1925/1126/1147 1884/1094/1107
f 1937/1123/1158 1870/1084/1159 1869/1083/1160
f 1937/1123/1158 1869/1083/1160 1938/1134/1161
f 1939/1060/1162 1940/1061/1163 1941/1135/1164
f 1939/1060/1162 1941/1135/1164 1942/1136/1165
f 1943/1137/1166 1944/1138/1167 1934/1131/1155
f 1944/1138/1167 1945/1057/1168 1929/1058/1151
f 1944/1138/1167 1929/1058/1151 1910/1113/1132
f 1946/1127/1169 1947/1129/1169 1948/1128/1170
f 1949/1139/1171 1922/1123/1144 1950/1140/1172
f 1921/1122/1143 1951/1141/1173 1922/1123/1144
f 1952/1061/1174 1953/1085/1174 1954/1088/1175
f 1952/1061/1174 1954/1088/1175 1955/1135/1175
f 1956/1142/1176 1957/1143/1177 1958/1144/1178
f 1956/1142/1176 1958/1144/1178 1959/1145/1179
f 1707/984/957 1960/1146/1180 1961/1073/1181
f 1707/984/957 1961/1073/1181 1708/983/958
f 1962/1147/1182 1963/1148/1183 1964/1149/1184
f 1965/1138/1185 1966/1150/1186 1967/1057/1187
f 1968/1148/1188 1969/1151/1189 1970/1152/1190
f 1939/1060/1162 1926/1044/1148 1971/1056/1191
f 1939/1060/1162 1971/1056/1191 1940/1061/1163
f 1972/1153/1192 1973/1154/1193 1974/1074/1194
f 1972/1153/1192 1974/1074/1194 1975/1155/1195
f 1910/1113/1132 1913/1116/1135 1976/1156/1196
f 1910/1113/1132 1976/1156/1196 1944/1138/1167
f 1977/1157/1197 1950/1140/1172 1922/1123/1144
f 1978/1158/1198 1979/1159/1199 1905/1110/1127
f 1980/1160/1200 1885/1095/1108 1886/1096/1109
f 1980/1160/1200 1886/1096/1109 1924/1125/1146
f 1917/1120/1139 1916/1119/1138 1882/1092/1105
f 1960/1146/1180 1981/1073/1201 1974/1074/1194
f 1960/1146/1180 1974/1074/1194 1973/1154/1193
f 1982/1061/1202 1983/1056/1202 1984/1086/1202
f 1982/1061/1202 1984/1086/1202 1985/1085/1202
f 1796/1052/1021 1799/1055/1024 1986/1091/1203
f 1936/1133/1157 1883/1093/1106 1987/1161/1204
f 1936/1133/1157 1987/1161/1204 1988/1162/1110
f 1989/1155/1205 1972/1153/1192 1990/1163/1206
f 1989/1155/1205 1990/1163/1206 1991/1132/1207
f 1992/1164/1208 1993/1165/1138 1887/1097/1110
f 1881/1052/1104 1994/1053/1209 1892/1048/1115
f 1956/1142/1176 1995/1166/1210 1976/1156/1196
f 1956/1142/1176 1976/1156/1196 1913/1116/1135
f 1979/1159/1199 1906/1062/1128 1905/1110/1127
f 1864/1078/1088 1878/1090/1101 1996/1167/1211
f 1997/1168/1212 1856/1072/1080 1855/1071/1079
f 1997/1168/1212 1855/1071/1079 1959/1145/1179
f 1958/1144/1178 1998/1169/1213 1997/1168/1212
f 1958/1144/1178 1997/1168/1212 1959/1145/1179
f 1999/1170/1140 1962/1147/1182 1993/1165/1138
f 1859/1075/1083 1878/1090/1101 2000/1102/1214
f 1995/1166/1210 2001/1155/1215 1935/1132/1156
f 1995/1166/1210 1935/1132/1156 1976/1156/1196
f 1913/1116/1135 1912/1115/1134 1957/1143/1177
f 1913/1116/1135 1957/1143/1177 1956/1142/1176
f 2002/1171/1216 2003/1129/1217 2004/1172/1218
f 2005/1173/1219 2006/1174/1220 2007/1175/1221
f 2005/1173/1219 2007/1175/1221 2008/1176/1222
f 2009/1177/1223 2010/1128/1224 2011/1178/1225
f 1946/1127/1169 2012/1179/1226 2013/1172/1226
f 1946/1127/1169 2013/1172/1226 1947/1129/1169
f 2014/1180/1227 2015/1181/1228 2016/1182/1228
f 2014/1180/1227 2016/1182/1228 2017/1183/1227
f 2018/1127/1229 2010/1128/1224 1912/1115/1134
f 2019/1184/1230 2020/1081/1230 2021/1084/1231
f 2019/1184/1230 2021/1084/1231 2022/1185/1231
f 2023/1047/1232 1928/1059/1150 1927/1046/1149
f 2024/1186/1233 1914/1117/1136 2006/1174/1220
f 2024/1186/1233 2006/1174/1220 2005/1173/1219
f 2025/1187/1111 1900/1105/1122 1915/1118/1137
f 2025/1187/1111 1915/1118/1137 2026/1188/1112
f 2027/1094/1234 2028/1092/1235 2029/1096/1236
f 2030/1149/1237 2031/1147/1238 2032/1165/1239
f 2026/1188/1112 1915/1118/1137 1914/1117/1136
f 2026/1188/1112 1914/1117/1136 2024/1186/1233
f 2033/1189/1240 2034/1190/1241 2030/1149/1237
f 2035/1103/1242 2036/1104/1243 2037/1191/1244
f 2035/1103/1242 2037/1191/1244 2038/1192/1245
f 2039/1161/1246 2028/1092/1235 2040/1093/1247
f 2041/1192/1248 1898/1103/1120 1900/1105/1122
f 2041/1192/1248 1900/1105/1122 2025/1187/1111
f 1944/1138/1167 1976/1156/1196 1935/1132/1156
f 1944/1138/1167 1935/1132/1156 1934/1131/1155
f 1996/1167/1211 1859/1075/1083 1862/1076/1086
f 1996/1167/1211 1862/1076/1086 2042/1193/1249
f 2043/1194/1250 1998/1169/1213 1958/1144/1178
f 2043/1194/1250 1958/1144/1178 2044/1195/1251
f 1934/1131/1155 1933/1130/1154 1942/1136/1165
f 1934/1131/1155 1942/1136/1165 1941/1135/1164
f 1971/1056/1191 1926/1044/1148 1929/1058/1151
f 1971/1056/1191 1929/1058/1151 1945/1057/1168
f 2045/1179/1252 1911/1114/1133 2046/1196/1253
f 2047/1086/1254 1967/1057/1187 2048/1087/1255
f 2049/1056/1256 1967/1057/1187 2047/1086/1254
f 2050/1137/1257 2051/1131/1257 1955/1135/1175
f 2050/1137/1257 1955/1135/1175 1954/1088/1175
f 1966/1150/1186 2048/1087/1255 1967/1057/1187
f 2046/1196/1253 1911/1114/1133 2023/1047/1232
f 2052/1197/1258 2053/1198/1259 2054/1199/1260
f 1886/1096/1109 1882/1092/1105 1884/1094/1107
f 2027/1094/1234 2040/1093/1247 2028/1092/1235
f 2055/1125/1261 2056/1126/1262 2027/1094/1234
f 2055/1125/1261 2027/1094/1234 2029/1096/1236
f 2057/1150/1263 2058/1137/1263 1876/1088/1099
f 2057/1150/1263 1876/1088/1099 1875/1087/1099
f 2023/1047/1232 1994/1053/1209 2059/1054/1264
f 2023/1047/1232 2059/1054/1264 2060/1200/1265
f 1862/1076/1086 1856/1072/1080 1997/1168/1212
f 1862/1076/1086 1997/1168/1212 2042/1193/1249
f 2061/1201/1266 1923/1124/1145 1949/1139/1171
f 1923/1124/1145 1922/1123/1144 1949/1139/1171
f 2040/1093/1247 2027/1094/1234 2056/1126/1262
f 2040/1093/1247 2056/1126/1262 2062/1133/1267
f 2063/1160/1268 2055/1125/1261 2029/1096/1236
f 2063/1160/1268 2029/1096/1236 2064/1095/1269
f 2065/1150/1270 1944/1138/1167 1943/1137/1166
f 1892/1048/1115 2023/1047/1232 1927/1046/1149
f 2066/1202/1271 2052/1197/1258 2054/1199/1260
s 0
f 2067/968/935 2068/967/935 1680/970/935
f 2067/968/935 1680/970/935 1679/969/935
s 1
f 2052/1197/1258 2066/1202/1271 2069/1203/1272
f 1929/1058/1151 1928/1059/1150 1911/1114/1133
f 1929/1058/1151 1911/1114/1133 1910/1113/1132
f 1989/1155/1205 2070/1074/1273 1973/1154/1193
f 1989/1155/1205 1973/1154/1193 1972/1153/1192
f 2023/1047/1232 1911/1114/1133 1928/1059/1150
f 1915/1118/1137 1900/1105/1122 1899/1104/1121
f 1899/1104/1121 2006/1174/1220 1914/1117/1136
f 1887/1097/1110 1993/1165/1138 1964/1149/1184
f 2062/1133/1267 2071/1162/1274 2039/1161/1246
f 2062/1133/1267 2039/1161/1246 2040/1093/1247
f 2072/1097/1274 2032/1165/1239 2073/1164/1246
f 2074/1063/1275 2075/1062/1276 2076/1110/1277
f 2077/1173/1278 2078/1176/1279 2079/1175/1280
f 2077/1173/1278 2079/1175/1280 2080/1174/1281
f 1919/1042/1141 1893/1045/1116 1926/1044/1148
f 1919/1042/1141 1926/1044/1148 2081/1204/1282
f 1851/1069/1075 1852/1070/1076 2054/1199/1260
f 1851/1069/1075 2054/1199/1260 2053/1198/1259
f 2082/1124/1283 2083/1123/1284 2084/1122/1285
f 1893/1045/1116 1892/1048/1115 1927/1046/1149
f 1893/1045/1116 1927/1046/1149 1926/1044/1148
f 2085/967/1286 2086/970/1287 2087/1205/1287
f 2085/967/1286 2087/1205/1287 2088/1206/1286
f 2089/1132/1288 2090/1131/1289 2091/1130/1290
s 0
f 1938/1134/1096 1869/1083/1096 1872/1084/1097
s 1
f 1938/1134/1291 1872/1084/1292 2092/1123/1293
f 2045/1179/1252 2018/1127/1229 1912/1115/1134
f 2045/1179/1252 1912/1115/1134 1911/1114/1133
f 1859/1075/1083 1996/1167/1211 1878/1090/1101
f 2010/1128/1224 1957/1143/1177 1912/1115/1134
f 2086/970/1287 2093/967/1294 2094/1206/1295
f 2086/970/1287 2094/1206/1295 2087/1205/1287
f 2095/1140/1296 2083/1123/1284 2096/1139/1297
f 2053/1198/1259 2052/1197/1258 2069/1203/1272
f 2010/1128/1224 2009/1177/1223 1957/1143/1177
f 1706/983/956 1981/1073/1201 1960/1146/1180
f 1706/983/956 1960/1146/1180 1707/984/957
f 1865/1079/1089 1998/1169/1213 2043/1194/1250
f 1865/1079/1089 2043/1194/1250 1866/1080/1090
f 1996/1167/1211 2042/1193/1249 1865/1079/1089
f 1996/1167/1211 1865/1079/1089 1864/1078/1088
f 2042/1193/1249 1997/1168/1212 1998/1169/1213
f 2042/1193/1249 1998/1169/1213 1865/1079/1089
f 2083/1123/1284 2095/1140/1296 2097/1157/1197
f 2076/1110/1277 2098/1159/1298 2099/1158/1299
f 2015/1181/1228 2100/1207/1300 1970/1152/1190
f 2015/1181/1228 1970/1152/1190 2016/1182/1228
f 1798/1054/1023 1797/1053/1022 1791/1047/1016
f 1975/1155/1195 2101/1132/1301 1990/1163/1206
f 1975/1155/1195 1990/1163/1206 1972/1153/1192
f 2102/1208/1302 2103/1209/1303 2104/1210/1304
f 2102/1208/1302 2104/1210/1304 2105/1211/1304
f 1973/1154/1193 2070/1074/1273 1961/1073/1181
f 1973/1154/1193 1961/1073/1181 1960/1146/1180
f 2076/1110/1277 2075/1062/1276 2098/1159/1298
f 1956/1142/1176 1959/1145/1179 1855/1071/1079
f 1956/1142/1176 1855/1071/1079 1995/1166/1210
f 2001/1155/1215 1995/1166/1210 1855/1071/1079
f 2001/1155/1215 1855/1071/1079 1858/1074/1082
f 2044/1195/1251 1958/1144/1178 1957/1143/1177
f 2044/1195/1251 1957/1143/1177 2009/1177/1223
f 1861/983/1085 1857/1073/1081 1856/1072/1080
f 1861/983/1085 1856/1072/1080 1862/1076/1086
f 2106/1186/1305 2077/1173/1278 2080/1174/1281
f 2106/1186/1305 2080/1174/1281 2107/1117/1306
f 2108/1187/1307 2109/1188/1308 2110/1118/1309
f 2108/1187/1307 2110/1118/1309 2111/1105/1310
f 2112/1172/1311 2113/1129/1312 2114/1171/1313
f 1963/1148/1183 2115/1190/1314 1964/1149/1184
f 1930/1127/1152 1932/1129/1152 2116/1172/1315
f 1930/1127/1152 2116/1172/1315 2117/1179/1315
f 2109/1188/1308 2106/1186/1305 2107/1117/1306
f 2109/1188/1308 2107/1117/1306 2110/1118/1309
f 2118/1184/1316 2119/1185/1317 2120/1084/1317
f 2118/1184/1316 2120/1084/1317 2121/1081/1316
f 2122/968/1318 1688/976/941 1687/969/940
f 2096/1139/1297 2083/1123/1284 2082/1124/1283
f 1993/1165/1138 1962/1147/1182 1964/1149/1184
f 2096/1139/1297 2082/1124/1283 2123/1201/1319
f 1964/1149/1184 2115/1190/1314 2124/1189/1320
f 2044/1195/1251 2125/1212/1321 2126/1213/1322
f 2044/1195/1251 2126/1213/1322 2043/1194/1250
f 2127/1214/1323 2128/1215/1324 2129/1216/1325
f 2127/1214/1323 2129/1216/1325 2130/1217/1326
f 1863/1077/1087 1866/1080/1090 2131/1218/1327
f 1863/1077/1087 2131/1218/1327 2132/1219/1328
f 2133/1085/1329 2134/1088/1330 2135/1087/1330
f 2133/1085/1329 2135/1087/1330 2136/1086/1329
f 1863/1077/1087 2132/1219/1328 2137/1220/1331
f 1863/1077/1087 2137/1220/1331 1877/1089/1100
f 1894/1101/1117 1897/1089/1119 2138/1220/1332
f 1894/1101/1117 2138/1220/1332 2139/1221/1332
f 2140/1113/1333 2141/1116/1334 2142/1115/1335
f 2140/1113/1333 2142/1115/1335 2143/1114/1336
f 1922/1123/1144 1951/1141/1173 2144/1222/1337
f 1922/1123/1144 2144/1222/1337 2022/1185/1231
f 1922/1123/1144 2022/1185/1231 2021/1084/1231
f 2038/1192/1245 2108/1187/1307 2111/1105/1310
f 2038/1192/1245 2111/1105/1310 2035/1103/1242
f 1839/1060/1063 2145/1136/1338 2146/1135/1339
f 1839/1060/1063 2146/1135/1339 1840/1061/1064
f 2090/1131/1289 2147/1138/1340 2148/1137/1341
f 2147/1138/1340 2140/1113/1333 1829/1058/1053
f 2147/1138/1340 1829/1058/1053 1828/1057/1052
f 2149/1061/1342 2150/1135/1343 2151/1088/1343
f 2149/1061/1342 2151/1088/1343 2152/1085/1342
f 2153/1142/1344 2154/1145/1345 2155/1144/1346
f 2153/1142/1344 2155/1144/1346 2156/1143/1347
f 2157/1057/1348 2158/1150/1349 2159/1138/1350
f 1898/1103/1120 2041/1192/1248 2160/1191/1351
f 1898/1103/1120 2160/1191/1351 1899/1104/1121
f 2140/1113/1333 2147/1138/1340 2161/1156/1352
f 2140/1113/1333 2161/1156/1352 2141/1116/1334
f 2162/1061/1353 2163/1085/1353 2164/1086/1353
f 2162/1061/1353 2164/1086/1353 2165/1056/1353
f 2153/1142/1344 2141/1116/1334 2161/1156/1352
f 2153/1142/1344 2161/1156/1352 2166/1166/1354
f 2167/1223/1355 2137/1220/1331 2132/1219/1328
f 2168/1224/1345 2169/1225/1356 2126/1213/1322
f 2168/1224/1345 2126/1213/1322 2125/1212/1321
f 2170/1226/1357 2171/1227/1358 2172/1228/1359
f 2170/1226/1357 2172/1228/1359 2173/1229/1360
f 2174/1221/1361 2137/1220/1331 2127/1214/1323
f 2166/1166/1354 2161/1156/1352 2089/1132/1288
f 2166/1166/1354 2089/1132/1288 2175/1155/1362
f 2141/1116/1334 2153/1142/1344 2156/1143/1347
f 2141/1116/1334 2156/1143/1347 2142/1115/1335
f 2011/1178/1225 2176/1128/1363 2009/1177/1223
f 2142/1115/1335 2176/1128/1363 2177/1127/1364
f 2083/1123/1284 2178/1141/1365 2084/1122/1285
f 2147/1138/1340 2090/1131/1289 2089/1132/1288
f 2147/1138/1340 2089/1132/1288 2161/1156/1352
f 2167/1223/1355 2179/1230/1366 2128/1215/1324
f 2167/1223/1355 2128/1215/1324 2127/1214/1323
f 2169/1225/1356 2168/1224/1345 2171/1227/1358
f 2169/1225/1356 2171/1227/1358 2170/1226/1357
f 2090/1131/1289 2146/1135/1339 2145/1136/1338
f 2090/1131/1289 2145/1136/1338 2091/1130/1290
f 1883/1093/1106 1882/1092/1105 1987/1161/1204
f 2180/1196/1367 2143/1114/1336 2181/1179/1368
f 2182/1087/1369 2157/1057/1348 2183/1086/1370
f 2183/1086/1370 2157/1057/1348 2184/1056/1371
f 2185/1137/1372 2151/1088/1343 2150/1135/1343
f 2185/1137/1372 2150/1135/1343 2186/1131/1372
f 2157/1057/1348 2182/1087/1369 2158/1150/1349
f 1791/1047/1016 2143/1114/1336 2180/1196/1367
f 2187/1150/1373 2135/1087/1330 2134/1088/1330
f 2187/1150/1373 2134/1088/1330 2188/1137/1373
f 2128/1215/1324 2179/1230/1366 2169/1225/1356
f 2128/1215/1324 2169/1225/1356 2170/1226/1357
f 2148/1137/1341 2147/1138/1340 2189/1150/1374
f 2023/1047/1232 1892/1048/1115 1994/1053/1209
f 1881/1052/1104 1880/1055/1103 2059/1054/1264
f 1881/1052/1104 2059/1054/1264 1994/1053/1209
f 2120/1084/1317 2119/1185/1317 2178/1141/1365
f 2120/1084/1317 2178/1141/1365 2083/1123/1284
f 1829/1058/1053 2140/1113/1333 2143/1114/1336
f 1829/1058/1053 2143/1114/1336 1838/1059/1062
f 1838/1059/1062 2143/1114/1336 1791/1047/1016
f 2107/1117/1306 2080/1174/1281 2036/1104/1243
f 2190/1181/1375 2191/1182/1375 2192/1152/1376
f 2190/1181/1375 2192/1152/1376 2193/1207/1377
f 2181/1179/1368 2143/1114/1336 2142/1115/1335
f 2181/1179/1368 2142/1115/1335 2177/1127/1364
f 2137/1220/1331 2167/1223/1355 2127/1214/1323
f 2142/1115/1335 2156/1143/1347 2176/1128/1363
f 2156/1143/1347 2009/1177/1223 2176/1128/1363
f 2131/1218/1327 1866/1080/1090 2043/1194/1250
f 2131/1218/1327 2043/1194/1250 2126/1213/1322
f 2167/1223/1355 2132/1219/1328 2131/1218/1327
f 2167/1223/1355 2131/1218/1327 2179/1230/1366
f 2179/1230/1366 2131/1218/1327 2126/1213/1322
f 2179/1230/1366 2126/1213/1322 2169/1225/1356
f 2153/1142/1344 2166/1166/1354 2194/1071/1358
f 2153/1142/1344 2194/1071/1358 2154/1145/1345
f 2175/1155/1362 2195/1074/1359 2194/1071/1358
f 2175/1155/1362 2194/1071/1358 2166/1166/1354
f 2044/1195/1251 2009/1177/1223 2156/1143/1347
f 2044/1195/1251 2156/1143/1347 2155/1144/1346
f 2129/1216/1325 2128/1215/1324 2170/1226/1357
f 2129/1216/1325 2170/1226/1357 2173/1229/1360
f 2006/1174/1220 1899/1104/1121 2007/1175/1221
f 2105/1211/1304 2104/1210/1304 2196/1231/1378
f 2105/1211/1304 2196/1231/1378 2197/1232/1378
f 2197/1232/1378 2196/1231/1378 2198/968/1379
f 2197/1232/1378 2198/968/1379 2199/971/1379
f 1688/976/941 2200/1210/1380 2201/1209/1381
f 2202/1233/1382 2203/1234/1312 2204/1235/1383
f 2205/1236/1384 2203/1234/1312 2202/1233/1382
f 1688/976/941 2206/1231/1385 2200/1210/1380
f 2122/968/1318 2206/1231/1385 1688/976/941
f 2202/1233/1382 2204/1235/1383 2207/1237/1386
f 2202/1233/1382 2207/1237/1386 2208/1238/1387
f 1888/1098/1111 1887/1097/1110 1964/1149/1184
f 1888/1098/1111 1964/1149/1184 2124/1189/1320
f 1987/1161/1204 1882/1092/1105 1916/1119/1138
s 0
f 2209/973/1388 2210/972/1388 2211/971/1388
s 1
f 2102/1208/1302 2212/1211/1389 2213/1210/1389
f 2102/1208/1302 2213/1210/1389 2103/1209/1303
f 1968/1148/1188 1970/1152/1190 2100/1207/1300
f 1968/1148/1188 2100/1207/1300 2214/1239/1390
f 2212/1211/1389 2215/1232/1391 2216/1231/1391
f 2212/1211/1389 2216/1231/1391 2213/1210/1389
f 2215/1232/1391 2217/971/1392 2218/968/1392
f 2215/1232/1391 2218/968/1392 2216/1231/1391
f 2201/1209/1381 2219/1210/1393 1688/976/941
f 2220/1235/1394 2221/1234/1217 2222/1233/1395
f 2222/1233/1395 2221/1234/1217 2223/1236/1396
f 2219/1210/1393 2224/1231/1397 1688/976/941
f 1688/976/941 2224/1231/1397 1686/968/939
f 2222/1233/1395 2208/1238/1387 2207/1237/1386
f 2222/1233/1395 2207/1237/1386 2220/1235/1394
f 2030/1149/1237 2034/1190/1241 2225/1148/1398
f 2030/1149/1237 2032/1165/1239 2072/1097/1274
f 2036/1104/1243 2111/1105/1310 2110/1118/1309
f 2226/1148/1399 2227/1239/1400 2193/1207/1377
f 2226/1148/1399 2193/1207/1377 2192/1152/1376
f 2228/1119/1239 2028/1092/1235 2039/1161/1246
f 2229/1098/1307 2033/1189/1240 2030/1149/1237
f 2229/1098/1307 2030/1149/1237 2072/1097/1274
f 2079/1175/1280 2036/1104/1243 2080/1174/1281
f 2029/1096/1236 2028/1092/1235 2064/1095/1269
f 2072/1097/1274 2230/1100/1401 2231/1099/1402
f 2072/1097/1274 2231/1099/1402 2229/1098/1307
f 2111/1105/1310 2036/1104/1243 2035/1103/1242
f 2232/1106/1403 2233/1109/1404 2234/1108/1278
f 2232/1106/1403 2234/1108/1278 2235/1107/1405
f 2233/1109/1404 2236/1112/1406 2237/1111/1407
f 2233/1109/1404 2237/1111/1407 2234/1108/1278
f 2231/1099/1402 2230/1100/1401 2232/1106/1403
f 2231/1099/1402 2232/1106/1403 2235/1107/1405
f 2110/1118/1309 2107/1117/1306 2036/1104/1243
f 2238/1121/1408 2239/1120/1409 2228/1119/1239
f 2030/1149/1237 2225/1148/1398 2031/1147/1238
f 2192/1152/1376 2240/1151/1410 2226/1148/1399
f 2028/1092/1235 2228/1119/1239 2239/1120/1409
f 2032/1165/1239 2031/1147/1238 2241/1170/1408
f 2242/1180/1227 2243/1183/1227 2191/1182/1375
f 2242/1180/1227 2191/1182/1375 2190/1181/1375
o defaultMaterial.014
v 5.647637 4.213710 1.553876
v 5.608421 4.329663 1.563959
v 4.919555 4.667328 2.071085
v 4.875896 4.589550 2.129313
v 3.882409 4.855012 -3.055474
v 5.311561 5.043613 -4.233216
v 4.303637 5.721826 -5.111218
v 3.710061 4.757481 -3.022145
v 3.918259 4.757481 -2.306000
v 4.066317 4.846135 -2.407203
v 6.094093 4.348149 -2.808727
v 5.915036 4.339402 -0.849374
v 6.000328 4.201680 -0.842731
v 6.250596 4.227549 -3.044034
v 6.129202 4.455183 -3.651797
v 5.972699 4.575784 -3.416489
v 6.250596 4.227549 -3.044034
v 3.710061 4.757481 -3.022145
v 6.129202 4.455183 -3.651797
v 4.203402 5.704054 -5.542603
v 5.339695 4.974427 -4.566562
v 4.203402 5.704054 -5.542603
v 5.339695 4.974427 -4.566562
v 4.160355 4.765465 2.560982
v 4.270350 4.812152 2.434443
v 4.203402 5.704054 -5.542603
v 6.000328 4.201680 -0.842731
v 4.160355 4.765465 2.560982
v -5.647637 4.213710 1.553876
v -4.875896 4.589550 2.129313
v -4.919555 4.667328 2.071085
v -5.608421 4.329663 1.563959
v -4.303637 5.721826 -5.111218
v -5.311561 5.043613 -4.233216
v -3.882409 4.855012 -3.055474
v -3.710061 4.757481 -3.022145
v -4.066317 4.846135 -2.407203
v -3.918259 4.757481 -2.306000
v -5.915036 4.339402 -0.849374
v -6.094093 4.348149 -2.808727
v -6.000328 4.201680 -0.842731
v -5.972699 4.575784 -3.416489
v -6.129202 4.455183 -3.651797
v -6.250596 4.227549 -3.044034
v -6.129202 4.455183 -3.651797
v -3.710061 4.757481 -3.022145
v -6.250596 4.227549 -3.044034
v -4.203402 5.704054 -5.542603
v -5.339695 4.974427 -4.566562
v -4.203402 5.704054 -5.542603
v -5.339695 4.974427 -4.566562
v -4.160355 4.765465 2.560982
v -4.270350 4.812152 2.434443
v -4.203402 5.704054 -5.542603
v -6.000328 4.201680 -0.842731
v -4.160355 4.765465 2.560982
vn 0.8216 0.3260 0.4677
vn 0.7530 0.5566 0.3509
vn 0.4954 0.7931 0.3544
vn 0.5895 0.3057 0.7477
vn -0.0426 0.9677 0.2485
vn 0.4384 0.8856 0.1533
vn 0.1027 0.9773 0.1852
vn -0.5304 0.8320 0.1625
vn -0.4521 0.8884 0.0798
vn 0.0108 0.9997 0.0209
vn 0.4484 0.8878 0.1035
vn 0.5627 0.8244 0.0600
vn 0.8338 0.5422 0.1038
vn 0.7379 0.6673 0.1010
vn 0.6661 0.7454 0.0270
vn 0.4442 0.8746 0.1942
vn -0.2025 -0.9638 -0.1737
vn -0.2144 -0.9386 -0.2703
vn -0.2005 -0.9236 -0.3267
vn -0.6020 0.7763 0.1873
vn -0.2240 -0.9043 -0.3634
vn 0.6281 0.7642 -0.1461
vn 0.6209 0.7768 -0.1052
vn -0.4483 0.8936 0.0230
vn 0.1211 0.9437 0.3079
vn -0.2438 -0.8912 -0.3824
vn -0.2044 -0.9783 -0.0347
vn 0.5275 0.4335 0.7306
vn -0.8216 0.3260 0.4677
vn -0.5895 0.3057 0.7477
vn -0.4954 0.7931 0.3544
vn -0.7530 0.5566 0.3509
vn -0.1027 0.9773 0.1852
vn -0.4384 0.8856 0.1533
vn 0.0426 0.9677 0.2485
vn 0.5304 0.8320 0.1625
vn -0.0108 0.9997 0.0209
vn 0.4521 0.8884 0.0798
vn -0.5627 0.8244 0.0600
vn -0.4484 0.8878 0.1035
vn -0.8338 0.5422 0.1038
vn -0.4442 0.8746 0.1942
vn -0.6661 0.7454 0.0270
vn -0.7379 0.6673 0.1010
vn 0.2005 -0.9236 -0.3267
vn 0.2144 -0.9386 -0.2703
vn 0.2025 -0.9638 -0.1737
vn 0.6020 0.7763 0.1873
vn 0.2242 -0.9042 -0.3636
vn -0.6281 0.7642 -0.1461
vn -0.6209 0.7768 -0.1052
vn 0.4483 0.8936 0.0230
vn -0.1211 0.9437 0.3079
vn 0.2438 -0.8912 -0.3824
vn 0.2044 -0.9783 -0.0347
vn -0.5275 0.4335 0.7306
vt 0.691867 0.787299
vt 0.681637 0.780495
vt 0.662794 0.796439
vt 0.661977 0.810397
vt 0.629241 0.649812
vt 0.672438 0.610689
vt 0.633236 0.583209
vt 0.616972 0.652569
vt 0.624518 0.672332
vt 0.636423 0.668324
vt 0.703898 0.653871
vt 0.695539 0.712425
vt 0.706737 0.711541
vt 0.713315 0.645813
vt 0.706998 0.629878
vt 0.698044 0.636608
vt 0.443174 0.788467
vt 0.514574 0.793099
vt 0.448383 0.772087
vt 0.623872 0.567140
vt 0.474901 0.744902
vt 0.677419 0.600441
vt 0.633483 0.830645
vt 0.645347 0.809533
vt 0.513565 0.716875
vt 0.451175 0.851693
s 1
usemtl defaultMaterial_0
f 2244/1240/1411 2245/1241/1412 2246/1242/1413
f 2244/1240/1411 2246/1242/1413 2247/1243/1414
f 2248/1244/1415 2249/1245/1416 2250/1246/1417
f 2251/1247/1418 2252/1248/1419 2253/1249/1420
f 2251/1247/1418 2253/1249/1420 2248/1244/1415
f 2254/1250/1421 2253/1249/1420 2255/1251/1422
f 2245/1241/1412 2244/1240/1411 2256/1252/1423
f 2245/1241/1412 2256/1252/1423 2255/1251/1422
f 2254/1250/1421 2257/1253/1424 2258/1254/1425
f 2254/1250/1421 2258/1254/1425 2259/1255/1426
f 2260/1256/1427 2261/1257/1428 2262/1258/1429
f 2251/1247/1418 2248/1244/1415 2250/1246/1417
f 2251/1247/1418 2250/1246/1417 2263/1259/1430
f 2248/1244/1415 2254/1250/1421 2259/1255/1426
f 2262/1258/1429 2261/1257/1428 2264/1260/1431
f 2265/1259/1432 2250/1246/1417 2249/1245/1416
f 2265/1259/1432 2249/1245/1416 2266/1261/1433
f 2257/1253/1424 2254/1250/1421 2255/1251/1422
f 2257/1253/1424 2255/1251/1422 2256/1252/1423
f 2267/1262/1434 2268/1263/1435 2253/1249/1420
f 2267/1262/1434 2253/1249/1420 2252/1248/1419
f 2245/1241/1412 2255/1251/1422 2246/1242/1413
f 2248/1244/1415 2253/1249/1420 2254/1250/1421
f 2259/1255/1426 2258/1254/1425 2266/1261/1433
f 2259/1255/1426 2266/1261/1433 2249/1245/1416
f 2269/1264/1436 2264/1260/1431 2261/1257/1428
f 2259/1255/1426 2249/1245/1416 2248/1244/1415
f 2260/1256/1427 2270/1265/1437 2261/1257/1428
f 2268/1263/1435 2271/1262/1438 2247/1243/1414
f 2268/1263/1435 2247/1243/1414 2246/1242/1413
f 2253/1249/1420 2246/1242/1413 2255/1251/1422
f 2268/1263/1435 2246/1242/1413 2253/1249/1420
f 2272/1240/1439 2273/1243/1440 2274/1242/1441
f 2272/1240/1439 2274/1242/1441 2275/1241/1442
f 2276/1246/1443 2277/1245/1444 2278/1244/1445
f 2279/1247/1446 2278/1244/1445 2280/1249/1447
f 2279/1247/1446 2280/1249/1447 2281/1248/1448
f 2282/1251/1449 2280/1249/1447 2283/1250/1450
f 2275/1241/1442 2282/1251/1449 2284/1252/1451
f 2275/1241/1442 2284/1252/1451 2272/1240/1439
f 2283/1250/1450 2285/1255/1452 2286/1254/1453
f 2283/1250/1450 2286/1254/1453 2287/1253/1454
f 2288/1258/1455 2289/1257/1456 2290/1256/1457
f 2279/1247/1446 2291/1259/1458 2276/1246/1443
f 2279/1247/1446 2276/1246/1443 2278/1244/1445
f 2285/1255/1452 2283/1250/1450 2278/1244/1445
f 2292/1260/1459 2289/1257/1456 2288/1258/1455
f 2293/1259/1460 2294/1261/1461 2277/1245/1444
f 2293/1259/1460 2277/1245/1444 2276/1246/1443
f 2287/1253/1454 2284/1252/1451 2282/1251/1449
f 2287/1253/1454 2282/1251/1449 2283/1250/1450
f 2295/1262/1462 2281/1248/1448 2280/1249/1447
f 2295/1262/1462 2280/1249/1447 2296/1263/1463
f 2274/1242/1441 2282/1251/1449 2275/1241/1442
f 2283/1250/1450 2280/1249/1447 2278/1244/1445
f 2285/1255/1452 2277/1245/1444 2294/1261/1461
f 2285/1255/1452 2294/1261/1461 2286/1254/1453
f 2289/1257/1456 2292/1260/1459 2297/1264/1464
f 2278/1244/1445 2277/1245/1444 2285/1255/1452
f 2289/1257/1456 2298/1265/1465 2290/1256/1457
f 2296/1263/1463 2274/1242/1441 2273/1243/1440
f 2296/1263/1463 2273/1243/1440 2299/1262/1466
f 2282/1251/1449 2274/1242/1441 2280/1249/1447
f 2280/1249/1447 2274/1242/1441 2296/1263/1463
o defaultMaterial.015
v 6.089798 1.885193 15.619111
v 6.238711 1.949540 15.675145
v 6.238711 2.237225 14.303576
v 6.089798 2.158875 14.254333
v 6.238711 1.056459 16.732540
v 6.238711 1.515060 16.395348
v 6.089798 1.462177 16.325357
v 6.089798 1.058033 16.602966
v 6.089798 0.374700 16.449654
v 6.238711 0.374700 16.564640
v 6.238711 0.780747 16.762356
v 6.089798 0.779773 16.632101
v 6.387625 1.748758 13.459690
v 6.387625 1.885193 15.619111
v 6.387625 0.922218 13.331297
v 6.387625 0.779773 16.632101
v 6.387625 0.374700 16.449654
v 6.387625 0.374700 13.091845
v 6.387625 0.374700 13.091845
v 6.387625 0.374700 16.449654
v 6.238711 0.374700 12.956732
v 6.089798 0.374700 13.091845
v 6.089798 0.374700 16.449654
v 6.089798 0.779773 16.632101
v 6.089798 0.922218 13.362007
v 6.089798 1.885193 15.619111
v 6.089798 1.748758 13.459690
v 6.089798 2.158875 14.254333
v 6.089798 2.468626 13.269217
v 6.089798 2.468626 13.269217
v 6.238711 2.593235 13.129097
v 6.387625 2.438178 13.284407
v 6.387625 2.158875 14.254333
v 6.387625 2.438178 13.284407
v 6.387625 1.748758 13.459690
v 6.238711 1.814095 13.308364
v 6.387625 0.922218 13.331297
v 6.238711 0.950803 13.183658
v 6.387625 0.374700 13.091845
v 6.238711 0.374700 12.956732
v 6.387625 1.885193 15.619111
v 6.387625 1.462177 16.325357
v 6.387625 2.158875 14.254333
v 6.387625 1.058033 16.602966
v 6.387625 0.779773 16.632101
v 6.089798 0.374700 13.091845
v 6.089798 1.748758 13.459690
v 6.089798 0.922218 13.362007
v 6.089798 0.374700 13.091845
v 6.089798 1.058033 16.602966
v 6.387625 1.058033 16.602966
v 6.089798 1.462177 16.325357
v 6.387625 1.462177 16.325357
v -6.089798 1.885193 15.619111
v -6.089798 2.158875 14.254333
v -6.238711 2.237225 14.303576
v -6.238711 1.949540 15.675145
v -6.238711 1.056459 16.732540
v -6.089798 1.058033 16.602966
v -6.089798 1.462177 16.325357
v -6.238711 1.515060 16.395348
v -6.089798 0.374700 16.449654
v -6.089798 0.779773 16.632101
v -6.238711 0.780747 16.762356
v -6.238711 0.374700 16.564640
v -6.387625 0.922218 13.362007
v -6.387625 1.885193 15.619111
v -6.387625 1.748758 13.459690
v -6.387625 0.374700 13.091845
v -6.387625 0.374700 16.449654
v -6.387625 0.779773 16.632101
v -6.387625 0.374700 13.091845
v -6.238711 0.374700 12.956732
v -6.387625 0.374700 16.449654
v -6.089798 0.374700 13.091845
v -6.089798 0.922218 13.362007
v -6.089798 0.779773 16.632101
v -6.089798 0.374700 16.449654
v -6.089798 1.748758 13.459690
v -6.089798 1.885193 15.619111
v -6.089798 2.468626 13.269217
v -6.089798 2.158875 14.254333
v -6.089798 2.468626 13.269217
v -6.238711 2.593235 13.129097
v -6.387625 2.158875 14.254333
v -6.387625 2.468626 13.269217
v -6.387625 2.468626 13.269217
v -6.238711 1.814095 13.308364
v -6.387625 1.748758 13.459690
v -6.238711 0.950803 13.183658
v -6.387625 0.922218 13.362007
v -6.238711 0.374700 12.956732
v -6.387625 0.374700 13.091845
v -6.387625 1.885193 15.619111
v -6.387625 1.462177 16.325357
v -6.387625 2.158875 14.254333
v -6.387625 1.058033 16.602966
v -6.387625 0.779773 16.632101
v -6.089798 0.374700 13.091845
v -6.089798 1.748758 13.459690
v -6.089798 0.922218 13.362007
v -6.089798 0.374700 13.091845
v -6.089798 1.058033 16.602966
v -6.387625 1.058033 16.602966
v -6.089798 1.462177 16.325357
v -6.387625 1.462177 16.325357
v 0.885188 0.583361 14.646230
v 0.885188 1.639863 14.646230
v 1.083876 1.639863 14.719453
v 1.083876 0.583361 14.719453
v 0.885188 0.583361 16.455751
v 0.885188 0.583361 16.455751
v 1.083876 0.583361 16.508673
v 1.083876 1.397841 15.832741
v 0.885188 1.397841 15.779819
v 0.885188 1.397841 15.779819
v 0.885188 0.583361 14.646230
v 0.885188 1.639863 14.646230
v 1.083876 1.397841 15.832741
v 1.083876 0.583361 16.508673
v -0.885188 0.583361 14.646230
v -1.083876 0.583361 14.719453
v -1.083876 1.639863 14.719453
v -0.885188 1.639863 14.646230
v -0.885188 0.583361 16.455751
v -0.885188 0.583361 16.455751
v -0.885188 1.397841 15.779819
v -0.885188 1.397841 15.779819
v -1.083876 1.397841 15.832741
v -1.083876 0.583361 16.508673
v -0.885188 0.583361 14.646230
v -0.885188 1.639863 14.646230
v -1.083876 0.583361 16.508673
v -1.083876 1.397841 15.832741
v 6.243452 0.702116 13.501940
v 2.197492 0.702116 13.501940
v 2.197492 0.899305 13.478184
v 6.243452 0.899305 13.478184
v 2.197492 0.899305 15.268428
v 6.243452 0.899305 15.268428
v 6.243452 0.702116 15.377997
v 2.197492 0.702116 15.377997
v 2.197492 0.702116 15.377997
v 6.243452 0.702116 15.377997
v 0.000000 0.386172 16.618242
v 1.083876 0.386172 16.618242
v 1.083876 0.583361 16.508673
v 0.000000 0.583361 16.508673
v 0.000000 0.386172 14.186312
v 1.083876 0.386172 14.186312
v 1.083876 0.386172 16.618242
v 0.000000 0.386172 16.618242
v 1.083876 0.583361 14.162556
v 0.000000 0.583361 14.162556
v -6.243452 0.702116 13.501940
v -6.243452 0.899305 13.478184
v -2.197492 0.899305 13.478184
v -2.197492 0.702116 13.501940
v -6.243452 0.899305 15.268428
v -2.197492 0.899305 15.268428
v -6.243452 0.702116 15.377997
v -2.197492 0.702116 15.377997
v -6.243452 0.702116 15.377997
v -2.197492 0.702116 15.377997
v -1.083876 0.583361 16.508673
v -1.083876 0.386172 16.618242
v -1.083876 0.386172 16.618242
v -1.083876 0.386172 14.186312
v -1.083876 0.583361 14.162556
v 6.243452 1.839646 13.597014
v 2.869452 1.831703 13.626656
v 2.869452 2.042914 13.600286
v 6.243452 2.050858 13.570645
v 2.869452 2.042914 13.600286
v 2.869452 1.699095 14.707899
v 6.243452 2.050858 13.570645
v 6.243452 1.487884 14.714703
v 2.869452 1.487884 14.714703
v 2.869452 1.831703 13.626656
v 6.243452 1.839646 13.597014
v 6.243452 1.699095 14.707899
v 2.869452 1.487884 14.714703
v 6.243452 1.487884 14.714703
v 0.000000 1.152127 14.719256
v 2.073013 1.148206 14.721506
v 2.073013 1.358300 14.707899
v 0.000000 1.362221 14.705649
v 0.000000 1.439454 14.006459
v 2.073013 1.435533 14.008709
v 2.073013 1.148206 14.721506
v 0.000000 1.152127 14.719256
v 2.073013 1.645627 13.995101
v 0.000000 1.649548 13.992852
v 0.000000 1.649548 13.992852
v 2.073013 1.645627 13.995101
v 2.073013 1.435533 14.008709
v 0.000000 1.439454 14.006459
v -6.243452 1.839646 13.597014
v -6.243452 2.050858 13.570645
v -2.869452 2.042914 13.600286
v -2.869452 1.831703 13.626656
v -6.243452 2.050858 13.570645
v -2.869452 1.699095 14.707899
v -2.869452 2.042914 13.600286
v -6.243452 1.487884 14.714703
v -6.243452 1.839646 13.597014
v -2.869452 1.831703 13.626656
v -2.869452 1.487884 14.714703
v -6.243452 1.699095 14.707899
v -6.243452 1.487884 14.714703
v -2.869452 1.487884 14.714703
v -2.073013 1.358300 14.707899
v -2.073013 1.148206 14.721506
v -2.073013 1.148206 14.721506
v -2.073013 1.435533 14.008709
v -2.073013 1.645627 13.995101
v -2.073013 1.435533 14.008709
v -2.073013 1.645627 13.995101
vn -0.4858 0.8145 0.3171
vn -0.0000 0.9319 0.3628
vn 0.0160 0.9694 0.2448
vn -0.4829 0.8484 0.2171
vn -0.0000 0.3677 0.9300
vn -0.0000 0.7369 0.6760
vn -0.5223 0.6284 0.5765
vn -0.6130 0.2905 0.7347
vn -0.3646 -0.8187 0.4436
vn -0.0000 -0.8792 0.4765
vn -0.0000 -0.1736 0.9848
vn -0.6408 -0.1333 0.7561
vn 1.0000 -0.0000 -0.0000
vn -0.0000 -1.0000 -0.0000
vn 0.3646 -0.8187 0.4436
vn -1.0000 -0.0000 -0.0000
vn -0.8056 0.4677 -0.3636
vn 0.0428 0.7808 -0.6234
vn 0.8264 0.4354 -0.3570
vn 0.6869 -0.0395 -0.7257
vn -0.0059 -0.0629 -0.9980
vn 0.7006 0.1937 -0.6867
vn -0.0230 0.2731 -0.9617
vn 0.6745 0.2830 -0.6819
vn -0.0229 0.3937 -0.9190
vn 0.4858 0.8145 0.3171
vn 0.5223 0.6284 0.5765
vn 0.5110 0.8341 0.2078
vn 0.6130 0.2905 0.7347
vn 0.6408 -0.1333 0.7561
vn -0.6964 -0.0512 -0.7159
vn -0.7333 0.1870 -0.6537
vn -0.7076 0.2859 -0.6462
vn 0.4829 0.8484 0.2170
vn -0.0000 0.9688 0.2478
vn 0.8056 0.4677 -0.3636
vn -0.0000 0.7895 -0.6138
vn -0.0000 -0.0714 -0.9975
vn -0.6963 -0.0512 -0.7159
vn -0.0000 0.2750 -0.9614
vn -0.0000 0.4046 -0.9145
vn -0.7075 0.2859 -0.6462
vn -0.4829 0.8483 0.2170
vn 0.6964 -0.0512 -0.7159
vn 0.7333 0.1870 -0.6537
vn 0.7076 0.2859 -0.6462
vn 0.3458 -0.0000 -0.9383
vn 0.8203 -0.0000 -0.5719
vn -0.7749 0.4037 0.4864
vn -0.2008 0.6256 0.7538
vn -0.7748 0.4037 0.4865
vn -0.3458 -0.0000 -0.9383
vn -0.8203 -0.0000 -0.5719
vn 0.7749 0.4037 0.4864
vn 0.2008 0.6256 0.7538
vn 0.7748 0.4037 0.4865
vn 0.7748 0.4038 0.4865
vn -0.0000 -0.7482 -0.6635
vn -0.0788 -0.7603 -0.6448
vn -0.2907 0.6547 -0.6977
vn -0.0000 0.6635 -0.7482
vn 0.1138 0.8714 0.4773
vn -0.0000 0.8619 0.5071
vn 0.1378 -0.9905 -0.0000
vn 0.3411 0.4566 0.8217
vn -0.0000 0.4857 0.8741
vn -0.0787 -0.7604 -0.6447
vn -0.2908 0.6547 -0.6977
vn 0.2907 0.6547 -0.6977
vn 0.0788 -0.7603 -0.6448
vn -0.1138 0.8714 0.4773
vn -0.1378 -0.9905 -0.0000
vn -0.3411 0.4566 0.8217
vn 0.0787 -0.7604 -0.6447
vn 0.2908 0.6547 -0.6977
vn -0.0084 -0.1239 -0.9923
vn -0.2093 -0.1074 -0.9719
vn -0.1703 0.9363 0.3070
vn -0.0858 0.7023 0.7067
vn 0.0001 0.9553 0.2957
vn -0.0003 -0.9538 -0.3004
vn 0.1698 -0.9352 -0.3108
vn 0.1697 -0.9352 -0.3108
vn -0.0002 -0.9537 -0.3006
vn -0.0000 0.6064 0.7952
vn -0.0082 0.0403 0.9992
vn -0.0000 0.0322 0.9995
vn -0.0000 0.0646 0.9979
vn -0.0087 0.0565 0.9984
vn -0.1060 0.5813 0.8067
vn -0.0000 0.5862 0.8102
vn -0.0000 -0.9275 -0.3739
vn 0.1692 -0.9221 -0.3480
vn -0.1698 0.9226 0.3464
vn -0.0000 0.9275 0.3739
vn -0.0000 -0.0646 -0.9979
vn -0.2047 -0.0772 -0.9758
vn 0.0084 -0.1239 -0.9923
vn 0.2093 -0.1074 -0.9719
vn -0.0001 0.9553 0.2957
vn 0.0858 0.7023 0.7067
vn 0.1703 0.9363 0.3070
vn 0.0003 -0.9538 -0.3004
vn 0.0002 -0.9537 -0.3006
vn -0.1697 -0.9352 -0.3108
vn -0.1698 -0.9352 -0.3108
vn 0.0082 0.0403 0.9992
vn 0.1060 0.5813 0.8067
vn 0.0087 0.0565 0.9984
vn -0.1692 -0.9221 -0.3480
vn 0.1698 0.9226 0.3464
vn 0.2047 -0.0772 -0.9758
vt 0.440986 0.864079
vt 0.438217 0.860899
vt 0.505998 0.846682
vt 0.508432 0.850554
vt 0.385962 0.905034
vt 0.402625 0.882371
vt 0.406084 0.884984
vt 0.392365 0.904957
vt 0.399941 0.938726
vt 0.394259 0.938726
vt 0.384488 0.918660
vt 0.390925 0.918708
vt 0.547703 0.870822
vt 0.552530 0.911668
vt 0.565881 0.938726
vt 0.572558 0.938726
vt 0.557116 0.835247
vt 0.564040 0.829089
vt 0.555181 0.867593
vt 0.561344 0.910256
vt 0.486953 0.997743
vt 0.486308 0.940918
vt 0.467867 0.940918
vt 0.467238 0.997743
vt 0.367090 0.995825
vt 0.386363 0.995825
vt 0.384169 0.952742
vt 0.367090 0.952742
vt 0.567828 0.995825
vt 0.538642 0.954065
vt 0.416434 0.952742
vt 0.579439 0.888013
vt 0.735612 0.888013
vt 0.735612 0.901477
vt 0.579439 0.901477
vt 0.735612 0.971504
vt 0.579439 0.971504
vt 0.579439 0.837004
vt 0.735612 0.837004
vt 0.735612 0.995933
vt 0.579439 0.995933
vt 0.853111 0.995933
vt 0.811225 0.995933
vt 0.811225 0.971504
vt 0.853111 0.971504
vt 0.853111 0.888013
vt 0.811225 0.888013
vt 0.811225 0.837004
vt 0.853111 0.837004
vt 0.811225 0.901477
vt 0.853111 0.901477
vt 0.709485 0.767517
vt 0.831153 0.771219
vt 0.831153 0.778944
vt 0.709485 0.775243
vt 0.831153 0.818071
vt 0.709485 0.747599
vt 0.831153 0.751750
vt 0.709485 0.815273
vt 0.831153 0.830745
vt 0.709485 0.830745
vt 0.939246 0.830745
vt 0.865595 0.830745
vt 0.865595 0.819533
vt 0.939246 0.821236
vt 0.939246 0.781067
vt 0.865595 0.779364
vt 0.865595 0.763094
vt 0.939246 0.764797
vt 0.865595 0.786835
vt 0.939246 0.788538
s 1
usemtl defaultMaterial_0
f 2300/1266/1467 2301/1267/1468 2302/1268/1469
f 2300/1266/1467 2302/1268/1469 2303/1269/1470
f 2304/1270/1471 2305/1271/1472 2306/1272/1473
f 2304/1270/1471 2306/1272/1473 2307/1273/1474
f 2308/1274/1475 2309/1275/1476 2310/1276/1477
f 2308/1274/1475 2310/1276/1477 2311/1277/1478
s 0
f 2312/1278/1479 2313/1266/1479 2314/1279/1479
f 2314/1279/1479 2315/1277/1479 2316/1274/1479
f 2314/1279/1479 2316/1274/1479 2317/1280/1479
s 1
f 2318/1280/1480 2319/1274/1481 2309/1275/1476
f 2318/1280/1480 2309/1275/1476 2320/1281/1480
s 0
f 2321/1280/1482 2322/1274/1482 2323/1277/1482
f 2321/1280/1482 2323/1277/1482 2324/1279/1482
f 2324/1279/1482 2325/1266/1482 2326/1278/1482
f 2326/1278/1482 2327/1269/1482 2328/1282/1482
s 1
f 2329/1282/1483 2303/1269/1470 2302/1268/1469
f 2329/1282/1483 2302/1268/1469 2330/1283/1484
s 0
f 2331/1282/1479 2332/1269/1479 2312/1278/1479
s 1
f 2333/1282/1485 2334/1278/1486 2335/1284/1487
f 2333/1282/1485 2335/1284/1487 2330/1283/1484
f 2334/1278/1486 2336/1279/1488 2337/1285/1489
f 2334/1278/1486 2337/1285/1489 2335/1284/1487
f 2336/1279/1488 2338/1280/1490 2339/1281/1491
f 2336/1279/1488 2339/1281/1491 2337/1285/1489
f 2340/1266/1492 2301/1267/1468 2305/1271/1472
f 2340/1266/1492 2305/1271/1472 2341/1272/1493
s 0
f 2313/1266/1479 2312/1278/1479 2332/1269/1479
f 2325/1266/1482 2327/1269/1482 2326/1278/1482
s 1
f 2340/1266/1492 2342/1269/1494 2302/1268/1469
f 2340/1266/1492 2302/1268/1469 2301/1267/1468
f 2343/1273/1495 2341/1272/1493 2305/1271/1472
f 2343/1273/1495 2305/1271/1472 2304/1270/1471
f 2319/1274/1481 2344/1277/1496 2310/1276/1477
f 2319/1274/1481 2310/1276/1477 2309/1275/1476
f 2308/1274/1475 2345/1280/1480 2320/1281/1480
f 2308/1274/1475 2320/1281/1480 2309/1275/1476
f 2342/1269/1494 2333/1282/1485 2330/1283/1484
f 2342/1269/1494 2330/1283/1484 2302/1268/1469
f 2346/1278/1497 2329/1282/1483 2330/1283/1484
f 2346/1278/1497 2330/1283/1484 2335/1284/1487
f 2347/1279/1498 2346/1278/1497 2335/1284/1487
f 2347/1279/1498 2335/1284/1487 2337/1285/1489
f 2348/1280/1499 2347/1279/1498 2337/1285/1489
f 2348/1280/1499 2337/1285/1489 2339/1281/1491
f 2300/1266/1467 2306/1272/1473 2305/1271/1472
f 2300/1266/1467 2305/1271/1472 2301/1267/1468
s 0
f 2349/1273/1482 2324/1279/1482 2323/1277/1482
f 2315/1277/1479 2314/1279/1479 2350/1273/1479
s 1
f 2311/1277/1478 2310/1276/1477 2304/1270/1471
f 2311/1277/1478 2304/1270/1471 2307/1273/1474
f 2310/1276/1477 2344/1277/1496 2343/1273/1495
f 2310/1276/1477 2343/1273/1495 2304/1270/1471
s 0
f 2349/1273/1482 2351/1272/1482 2324/1279/1482
f 2350/1273/1479 2314/1279/1479 2352/1272/1479
f 2352/1272/1479 2314/1279/1479 2313/1266/1479
f 2351/1272/1482 2325/1266/1482 2324/1279/1482
s 1
f 2353/1266/1492 2354/1269/1500 2355/1268/1501
f 2353/1266/1492 2355/1268/1501 2356/1267/1468
f 2357/1270/1471 2358/1273/1495 2359/1272/1493
f 2357/1270/1471 2359/1272/1493 2360/1271/1472
f 2361/1274/1481 2362/1277/1496 2363/1276/1477
f 2361/1274/1481 2363/1276/1477 2364/1275/1476
s 0
f 2365/1279/1482 2366/1266/1482 2367/1278/1482
f 2365/1279/1482 2368/1280/1482 2369/1274/1482
f 2365/1279/1482 2369/1274/1482 2370/1277/1482
s 1
f 2371/1280/1480 2372/1281/1480 2364/1275/1476
f 2371/1280/1480 2364/1275/1476 2373/1274/1475
s 0
f 2374/1280/1479 2375/1279/1479 2376/1277/1479
f 2374/1280/1479 2376/1277/1479 2377/1274/1479
f 2378/1278/1479 2379/1266/1479 2375/1279/1479
f 2380/1282/1479 2381/1269/1479 2378/1278/1479
s 1
f 2382/1282/1502 2383/1283/1503 2355/1268/1501
f 2382/1282/1502 2355/1268/1501 2354/1269/1500
s 0
f 2367/1278/1482 2384/1269/1482 2385/1282/1482
s 1
f 2386/1282/1483 2383/1283/1503 2387/1284/1504
f 2386/1282/1483 2387/1284/1504 2388/1278/1505
f 2388/1278/1505 2387/1284/1504 2389/1285/1506
f 2388/1278/1505 2389/1285/1506 2390/1279/1498
f 2390/1279/1498 2389/1285/1506 2391/1281/1507
f 2390/1279/1498 2391/1281/1507 2392/1280/1508
f 2393/1266/1467 2394/1272/1473 2360/1271/1472
f 2393/1266/1467 2360/1271/1472 2356/1267/1468
s 0
f 2384/1269/1482 2367/1278/1482 2366/1266/1482
f 2378/1278/1479 2381/1269/1479 2379/1266/1479
s 1
f 2393/1266/1467 2356/1267/1468 2355/1268/1501
f 2393/1266/1467 2355/1268/1501 2395/1269/1509
f 2396/1273/1474 2357/1270/1471 2360/1271/1472
f 2396/1273/1474 2360/1271/1472 2394/1272/1473
f 2373/1274/1475 2364/1275/1476 2363/1276/1477
f 2373/1274/1475 2363/1276/1477 2397/1277/1478
f 2361/1274/1481 2364/1275/1476 2372/1281/1480
f 2361/1274/1481 2372/1281/1480 2398/1280/1480
f 2395/1269/1509 2355/1268/1501 2383/1283/1503
f 2395/1269/1509 2383/1283/1503 2386/1282/1483
f 2399/1278/1510 2387/1284/1504 2383/1283/1503
f 2399/1278/1510 2383/1283/1503 2382/1282/1502
f 2400/1279/1511 2389/1285/1506 2387/1284/1504
f 2400/1279/1511 2387/1284/1504 2399/1278/1510
f 2401/1280/1512 2391/1281/1507 2389/1285/1506
f 2401/1280/1512 2389/1285/1506 2400/1279/1511
f 2353/1266/1492 2356/1267/1468 2360/1271/1472
f 2353/1266/1492 2360/1271/1472 2359/1272/1493
s 0
f 2376/1277/1479 2375/1279/1479 2402/1273/1479
f 2403/1273/1482 2365/1279/1482 2370/1277/1482
s 1
f 2362/1277/1496 2358/1273/1495 2357/1270/1471
f 2362/1277/1496 2357/1270/1471 2363/1276/1477
f 2363/1276/1477 2357/1270/1471 2396/1273/1474
f 2363/1276/1477 2396/1273/1474 2397/1277/1478
s 0
f 2375/1279/1479 2404/1272/1479 2402/1273/1479
f 2405/1272/1482 2365/1279/1482 2403/1273/1482
f 2366/1266/1482 2365/1279/1482 2405/1272/1482
f 2375/1279/1479 2379/1266/1479 2404/1272/1479
s 1
f 2406/1286/1513 2407/1287/1513 2408/1288/1514
f 2406/1286/1513 2408/1288/1514 2409/1289/1514
f 2410/1290/1515 2412/1291/1516 2413/1292/1516
f 2410/1290/1515 2413/1292/1516 2414/1293/1515
f 2416/1286/1482 2411/1294/1517 2415/1295/1517
f 2416/1286/1482 2415/1295/1517 2417/1287/1482
f 2409/1289/1514 2408/1288/1514 2418/1296/1479
f 2409/1289/1514 2418/1296/1479 2419/1291/1479
f 2420/1286/1518 2421/1289/1519 2422/1288/1519
f 2420/1286/1518 2422/1288/1519 2423/1287/1518
f 2424/1290/1520 2426/1293/1520 2428/1292/1521
f 2424/1290/1520 2428/1292/1521 2429/1291/1521
f 2430/1286/1479 2431/1287/1479 2427/1295/1522
f 2430/1286/1479 2427/1295/1522 2425/1294/1523
f 2421/1289/1519 2432/1291/1482 2433/1296/1482
f 2421/1289/1519 2433/1296/1482 2422/1288/1519
f 2434/1297/1524 2435/1298/1525 2436/1299/1526
f 2434/1297/1524 2436/1299/1526 2437/1300/1527
f 2437/1300/1527 2436/1299/1526 2438/1301/1528
f 2437/1300/1527 2438/1301/1528 2439/1302/1529
f 2440/1303/1480 2441/1304/1530 2435/1298/1525
f 2440/1303/1480 2435/1298/1525 2434/1297/1524
f 2439/1302/1529 2438/1301/1528 2442/1305/1531
f 2439/1302/1529 2442/1305/1531 2443/1306/1532
f 2444/1307/1532 2445/1308/1531 2446/1309/1528
f 2444/1307/1532 2446/1309/1528 2447/1310/1529
f 2448/1311/1524 2449/1312/1533 2450/1313/1530
f 2448/1311/1524 2450/1313/1530 2451/1314/1480
f 2447/1310/1529 2446/1309/1528 2452/1315/1534
f 2447/1310/1529 2452/1315/1534 2453/1316/1527
f 2453/1316/1527 2452/1315/1534 2449/1312/1533
f 2453/1316/1527 2449/1312/1533 2448/1311/1524
f 2438/1301/1528 2446/1309/1528 2445/1308/1531
f 2438/1301/1528 2445/1308/1531 2442/1305/1531
f 2435/1298/1525 2441/1304/1530 2450/1313/1530
f 2435/1298/1525 2450/1313/1530 2449/1312/1533
f 2446/1309/1528 2438/1301/1528 2436/1299/1526
f 2446/1309/1528 2436/1299/1526 2452/1315/1534
f 2452/1315/1534 2436/1299/1526 2435/1298/1525
f 2452/1315/1534 2435/1298/1525 2449/1312/1533
f 2454/1297/1524 2455/1300/1527 2456/1299/1535
f 2454/1297/1524 2456/1299/1535 2457/1298/1536
f 2455/1300/1527 2458/1302/1529 2459/1301/1537
f 2455/1300/1527 2459/1301/1537 2456/1299/1535
f 2460/1303/1480 2454/1297/1524 2457/1298/1536
f 2460/1303/1480 2457/1298/1536 2461/1304/1538
f 2458/1302/1529 2462/1306/1532 2463/1305/1539
f 2458/1302/1529 2463/1305/1539 2459/1301/1537
f 2444/1307/1532 2447/1310/1529 2464/1309/1537
f 2444/1307/1532 2464/1309/1537 2465/1308/1539
f 2448/1311/1524 2451/1314/1480 2466/1313/1538
f 2448/1311/1524 2466/1313/1538 2467/1312/1540
f 2447/1310/1529 2453/1316/1527 2468/1315/1541
f 2447/1310/1529 2468/1315/1541 2464/1309/1537
f 2453/1316/1527 2448/1311/1524 2467/1312/1540
f 2453/1316/1527 2467/1312/1540 2468/1315/1541
f 2459/1301/1537 2463/1305/1539 2465/1308/1539
f 2459/1301/1537 2465/1308/1539 2464/1309/1537
f 2457/1298/1536 2467/1312/1540 2466/1313/1538
f 2457/1298/1536 2466/1313/1538 2461/1304/1538
f 2464/1309/1537 2468/1315/1541 2456/1299/1535
f 2464/1309/1537 2456/1299/1535 2459/1301/1537
f 2468/1315/1541 2467/1312/1540 2457/1298/1536
f 2468/1315/1541 2457/1298/1536 2456/1299/1535
f 2469/1317/1542 2470/1318/1543 2471/1319/1543
f 2469/1317/1542 2471/1319/1543 2472/1320/1542
f 2473/1319/1544 2474/1321/1545 2475/1320/1546
f 2476/1322/1547 2477/1323/1548 2478/1318/1549
f 2476/1322/1547 2478/1318/1549 2479/1317/1550
f 2480/1324/1551 2474/1321/1545 2481/1325/1552
f 2480/1324/1551 2481/1325/1552 2482/1326/1553
f 2483/1327/1554 2484/1328/1555 2485/1329/1556
f 2483/1327/1554 2485/1329/1556 2486/1330/1557
f 2487/1331/1558 2488/1332/1559 2489/1333/1559
f 2487/1331/1558 2489/1333/1559 2490/1334/1558
f 2486/1330/1557 2485/1329/1556 2491/1335/1560
f 2486/1330/1557 2491/1335/1560 2492/1336/1561
f 2493/1336/1562 2494/1335/1563 2495/1332/1563
f 2493/1336/1562 2495/1332/1563 2496/1331/1562
f 2470/1318/1543 2495/1332/1563 2494/1335/1563
f 2470/1318/1543 2494/1335/1563 2471/1319/1543
f 2473/1319/1544 2491/1335/1560 2485/1329/1556
f 2473/1319/1544 2485/1329/1556 2474/1321/1545
f 2477/1323/1548 2489/1333/1559 2488/1332/1559
f 2477/1323/1548 2488/1332/1559 2478/1318/1549
f 2474/1321/1545 2485/1329/1556 2484/1328/1555
f 2474/1321/1545 2484/1328/1555 2481/1325/1552
f 2475/1320/1546 2474/1321/1545 2480/1324/1551
f 2497/1317/1564 2498/1320/1564 2499/1319/1565
f 2497/1317/1564 2499/1319/1565 2500/1318/1565
f 2501/1320/1566 2502/1321/1567 2503/1319/1568
f 2504/1322/1569 2505/1317/1570 2506/1318/1571
f 2504/1322/1569 2506/1318/1571 2507/1323/1572
f 2508/1324/1551 2509/1326/1553 2510/1325/1573
f 2508/1324/1551 2510/1325/1573 2502/1321/1567
f 2483/1327/1554 2486/1330/1557 2511/1329/1574
f 2483/1327/1554 2511/1329/1574 2512/1328/1575
f 2487/1331/1558 2490/1334/1558 2513/1333/1576
f 2487/1331/1558 2513/1333/1576 2514/1332/1576
f 2486/1330/1557 2492/1336/1561 2515/1335/1577
f 2486/1330/1557 2515/1335/1577 2511/1329/1574
f 2493/1336/1562 2496/1331/1562 2516/1332/1578
f 2493/1336/1562 2516/1332/1578 2517/1335/1578
f 2500/1318/1565 2499/1319/1565 2517/1335/1578
f 2500/1318/1565 2517/1335/1578 2516/1332/1578
f 2503/1319/1568 2502/1321/1567 2511/1329/1574
f 2503/1319/1568 2511/1329/1574 2515/1335/1577
f 2507/1323/1572 2506/1318/1571 2514/1332/1576
f 2507/1323/1572 2514/1332/1576 2513/1333/1576
f 2502/1321/1567 2510/1325/1573 2512/1328/1575
f 2502/1321/1567 2512/1328/1575 2511/1329/1574
f 2508/1324/1551 2502/1321/1567 2501/1320/1566
o defaultMaterial.016
v 0.000000 3.324637 -2.815298
v 0.000000 3.290891 1.108160
v 1.922333 3.315682 -2.813163
v 2.711914 3.321614 -2.645000
v 2.618831 4.061002 -2.821334
v 1.862185 4.014710 -2.979872
v 1.922333 3.315682 -2.813163
v 2.711914 3.321614 -2.645000
v 2.577660 3.295004 0.605765
v 3.117433 2.844439 1.030196
v 3.124068 2.844439 -3.701819
v 1.968405 3.290891 1.108160
v 0.000000 2.844439 1.540855
v 2.528210 2.844439 1.540855
v 1.064050 6.562480 -3.245651
v 0.000000 6.562480 -3.245651
v 0.000000 5.749407 -3.245651
v 1.316402 5.749407 -3.245651
v 2.555956 4.888986 -3.701819
v 2.320884 4.744439 -2.984325
v 2.949403 4.037782 -3.701819
v 1.144342 6.869754 -3.701819
v 1.144342 6.869754 -3.701819
v 0.000000 6.869754 -3.701819
v 0.000000 5.882156 -3.701819
v 2.555956 4.888986 -3.701819
v 0.000000 2.844439 -3.701819
v 1.452903 5.853851 -3.701819
v 3.124068 2.844439 -3.701819
v 0.000000 6.869754 -3.701819
v 1.144342 6.869754 -3.701819
v 1.452903 5.853851 -3.701819
v 1.452903 5.853851 -3.701819
v 1.316402 5.749407 -3.245651
v 1.903859 5.281037 -3.112297
v 2.054464 5.442842 -3.701819
v 0.951418 5.432660 -3.339558
v 1.370577 5.047764 -3.226242
v 1.649078 4.608782 -3.121551
v 1.649078 4.608782 -3.121551
v 0.000000 3.324637 -2.815298
v 1.862185 4.014710 -2.979872
v 2.054464 5.442842 -3.701819
v 2.949403 4.037782 -3.701819
v 3.124068 2.844439 -3.701819
v 0.000000 5.439218 -3.341122
v 0.951418 5.432660 -3.339558
v 0.000000 5.439218 -3.341122
v 0.951418 5.432660 -3.339558
v 1.370577 5.047764 -3.226242
v 1.922333 3.315682 -2.813163
v 2.469742 3.294296 0.569505
v -1.922333 3.315682 -2.813163
v -2.711914 3.321614 -2.645000
v -1.922333 3.315682 -2.813163
v -1.862185 4.014710 -2.979872
v -2.618831 4.061002 -2.821334
v -2.711914 3.321614 -2.645000
v -3.124068 2.844439 -3.701819
v -3.117433 2.844439 1.030196
v -2.577660 3.295004 0.605765
v -1.968405 3.290891 1.108160
v -2.528210 2.844439 1.540855
v -1.064050 6.562480 -3.245651
v -1.316402 5.749407 -3.245651
v -2.555956 4.888986 -3.701819
v -2.949403 4.037782 -3.701819
v -2.320884 4.744439 -2.984325
v -1.144342 6.869754 -3.701819
v -1.144342 6.869754 -3.701819
v -2.555956 4.888986 -3.701819
v -1.452903 5.853851 -3.701819
v -3.124068 2.844439 -3.701819
v -1.452903 5.853851 -3.701819
v -1.144342 6.869754 -3.701819
v -1.452903 5.853851 -3.701819
v -2.054464 5.442842 -3.701819
v -1.903859 5.281037 -3.112297
v -1.316402 5.749407 -3.245651
v -1.370577 5.047764 -3.226242
v -0.951418 5.432660 -3.339558
v -1.649078 4.608782 -3.121551
v -1.862185 4.014710 -2.979872
v -1.649078 4.608782 -3.121551
v -2.054464 5.442842 -3.701819
v -2.949403 4.037782 -3.701819
v -3.124068 2.844439 -3.701819
v -0.951418 5.432660 -3.339558
v -0.951418 5.432660 -3.339558
v -1.370577 5.047764 -3.226242
v -1.922333 3.315682 -2.813163
v -2.469742 3.294296 0.569505
vn -0.0000 1.0000 0.0086
vn -0.0000 0.9650 0.2624
vn -0.0014 1.0000 0.0075
vn 0.4807 0.2411 0.8431
vn 0.4443 0.3030 0.8431
vn -0.2136 0.1745 0.9612
vn -0.2089 0.2058 0.9560
vn 0.3757 0.9266 0.0122
vn 0.2795 0.9527 0.1193
vn 0.5492 0.8043 0.2267
vn 0.7029 0.7111 0.0148
vn 0.0929 0.9471 0.3073
vn -0.0000 0.6960 0.7181
vn 0.1819 0.7889 0.5869
vn 0.3792 0.4658 0.7995
vn -0.0000 0.4697 0.8828
vn -0.0000 -0.1458 0.9893
vn 0.3643 -0.0050 0.9313
vn 0.7774 0.5262 0.3446
vn 0.3537 0.4048 0.8432
vn 0.8992 0.2902 0.3275
vn 0.5343 0.6564 0.5327
vn -0.0000 0.8294 0.5587
vn -0.0000 -0.0000 -1.0000
vn 0.8997 0.2759 0.3383
vn 0.9349 0.1585 0.3175
vn 0.5334 0.7731 0.3432
vn 0.1939 0.5012 0.8433
vn 0.2475 0.4740 0.8450
vn 0.6179 0.7042 0.3498
vn -0.2307 0.0091 0.9730
vn -0.2277 0.0404 0.9729
vn -0.2214 0.1074 0.9692
vn -0.0000 0.2320 0.9727
vn -0.0000 0.2378 0.9713
vn -0.0000 -0.2884 0.9575
vn -0.0015 -0.2884 0.9575
vn -0.0000 0.2413 0.9704
vn -0.0143 0.2474 0.9688
vn -0.0143 0.2427 0.9700
vn -0.0051 1.0000 0.0049
vn 0.0014 1.0000 0.0075
vn -0.4807 0.2411 0.8431
vn 0.2089 0.2058 0.9560
vn 0.2136 0.1745 0.9612
vn -0.4443 0.3030 0.8431
vn -0.3757 0.9266 0.0122
vn -0.7029 0.7111 0.0148
vn -0.5492 0.8043 0.2267
vn -0.2795 0.9527 0.1193
vn -0.0930 0.9471 0.3073
vn -0.1819 0.7889 0.5869
vn -0.3792 0.4658 0.7995
vn -0.3643 -0.0050 0.9312
vn -0.7774 0.5262 0.3446
vn -0.8992 0.2902 0.3275
vn -0.3537 0.4048 0.8432
vn -0.5343 0.6563 0.5327
vn -0.5343 0.6564 0.5327
vn -0.8997 0.2759 0.3383
vn -0.9349 0.1585 0.3175
vn -0.5334 0.7731 0.3432
vn -0.6179 0.7042 0.3498
vn -0.2475 0.4740 0.8450
vn -0.1939 0.5012 0.8433
vn 0.2277 0.0404 0.9729
vn 0.2307 0.0091 0.9730
vn 0.2214 0.1074 0.9692
vn 0.0015 -0.2884 0.9575
vn 0.0143 0.2474 0.9688
vn 0.0143 0.2427 0.9700
vn 0.0051 1.0000 0.0049
vt 0.003918 0.110441
vt 0.004150 0.171137
vt 0.043408 0.110441
vt 0.052144 0.110422
vt 0.055605 0.089276
vt 0.047599 0.089682
vt 0.052287 0.163010
vt 0.091328 0.182566
vt 0.091549 0.115018
vt 0.041225 0.171137
vt 0.004150 0.189856
vt 0.074847 0.189856
vt 0.047655 0.030483
vt 0.004150 0.030483
vt 0.004150 0.045216
vt 0.047655 0.045216
vt 0.091549 0.075497
vt 0.052560 0.076203
vt 0.091549 0.092300
vt 0.047655 0.006266
vt 0.004140 0.006266
vt 0.099601 0.045216
vt 0.099601 0.115018
vt 0.091549 0.030483
vt 0.091549 0.044474
vt 0.099601 0.030483
vt 0.047655 0.063052
vt 0.091549 0.062570
vt 0.034832 0.056878
vt 0.040877 0.064511
vt 0.045319 0.073031
vt 0.003918 0.058445
vt 0.051087 0.162799
s 1
usemtl defaultMaterial_0
f 2518/1337/1579 2519/1338/1580 2520/1339/1581
f 2521/1340/1582 2522/1341/1583 2523/1342/1584
f 2521/1340/1582 2523/1342/1584 2524/1339/1585
f 2525/1340/1586 2526/1343/1587 2527/1344/1588
f 2525/1340/1586 2527/1344/1588 2528/1345/1589
f 2529/1346/1590 2519/1338/1580 2530/1347/1591
f 2529/1346/1590 2530/1347/1591 2531/1348/1592
f 2532/1349/1593 2533/1350/1594 2534/1351/1595
f 2532/1349/1593 2534/1351/1595 2535/1352/1596
f 2536/1353/1597 2537/1354/1598 2522/1341/1583
f 2536/1353/1597 2522/1341/1583 2538/1355/1599
f 2532/1349/1593 2539/1356/1600 2541/1357/1601
f 2532/1349/1593 2541/1357/1601 2533/1350/1594
s 0
f 2542/1358/1602 2543/1353/1602 2544/1359/1602
s 1
f 2540/1360/1600 2532/1349/1593 2535/1352/1596
f 2540/1360/1600 2535/1352/1596 2545/1361/1603
f 2521/1340/1582 2546/1345/1604 2538/1355/1599
f 2521/1340/1582 2538/1355/1599 2522/1341/1583
s 0
f 2547/1362/1602 2548/1360/1602 2549/1361/1602
f 2547/1362/1602 2549/1361/1602 2542/1358/1602
s 1
f 2550/1361/1605 2551/1352/1606 2552/1363/1607
f 2550/1361/1605 2552/1363/1607 2553/1364/1608
f 2537/1354/1598 2536/1353/1597 2553/1364/1608
f 2537/1354/1598 2553/1364/1608 2552/1363/1607
f 2552/1363/1607 2551/1352/1606 2554/1365/1609
f 2552/1363/1607 2554/1365/1609 2555/1366/1610
f 2537/1354/1598 2552/1363/1607 2555/1366/1610
f 2537/1354/1598 2555/1366/1610 2556/1367/1611
f 2522/1341/1583 2537/1354/1598 2556/1367/1611
f 2522/1341/1583 2556/1367/1611 2523/1342/1584
f 2557/1367/1612 2558/1337/1613 2559/1342/1612
s 0
f 2549/1361/1602 2560/1364/1602 2542/1358/1602
f 2560/1364/1602 2543/1353/1602 2542/1358/1602
f 2561/1355/1602 2544/1359/1602 2543/1353/1602
f 2562/1345/1602 2544/1359/1602 2561/1355/1602
s 1
f 2535/1352/1596 2534/1351/1595 2563/1368/1614
f 2535/1352/1596 2563/1368/1614 2564/1365/1615
f 2565/1368/1616 2558/1337/1613 2566/1365/1617
f 2566/1365/1617 2558/1337/1613 2567/1366/1618
f 2567/1366/1618 2558/1337/1613 2557/1367/1612
f 2568/1339/1612 2559/1342/1612 2558/1337/1613
f 2529/1346/1590 2569/1369/1619 2520/1339/1581
f 2529/1346/1590 2520/1339/1581 2519/1338/1580
f 2525/1340/1586 2520/1339/1581 2569/1369/1619
f 2525/1340/1586 2569/1369/1619 2526/1343/1587
f 2526/1343/1587 2569/1369/1619 2529/1346/1590
f 2527/1344/1588 2526/1343/1587 2529/1346/1590
f 2527/1344/1588 2529/1346/1590 2531/1348/1592
f 2570/1339/1620 2519/1338/1580 2518/1337/1579
f 2571/1340/1621 2572/1339/1622 2573/1342/1623
f 2571/1340/1621 2573/1342/1623 2574/1341/1624
f 2575/1340/1625 2576/1345/1626 2577/1344/1627
f 2575/1340/1625 2577/1344/1627 2578/1343/1628
f 2579/1346/1629 2580/1348/1630 2530/1347/1591
f 2579/1346/1629 2530/1347/1591 2519/1338/1580
f 2581/1349/1631 2582/1352/1632 2534/1351/1595
f 2581/1349/1631 2534/1351/1595 2533/1350/1594
f 2583/1353/1633 2584/1355/1634 2574/1341/1624
f 2583/1353/1633 2574/1341/1624 2585/1354/1635
f 2581/1349/1631 2533/1350/1594 2541/1357/1601
f 2581/1349/1631 2541/1357/1601 2586/1356/1636
s 0
f 2544/1359/1602 2588/1353/1602 2542/1358/1602
s 1
f 2587/1360/1637 2589/1361/1638 2582/1352/1632
f 2587/1360/1637 2582/1352/1632 2581/1349/1631
f 2571/1340/1621 2574/1341/1624 2584/1355/1634
f 2571/1340/1621 2584/1355/1634 2590/1345/1639
s 0
f 2547/1362/1602 2542/1358/1602 2591/1361/1602
f 2547/1362/1602 2591/1361/1602 2592/1360/1602
s 1
f 2593/1361/1640 2594/1364/1641 2595/1363/1642
f 2593/1361/1640 2595/1363/1642 2596/1352/1643
f 2585/1354/1635 2595/1363/1642 2594/1364/1641
f 2585/1354/1635 2594/1364/1641 2583/1353/1633
f 2595/1363/1642 2597/1366/1644 2598/1365/1645
f 2595/1363/1642 2598/1365/1645 2596/1352/1643
f 2585/1354/1635 2599/1367/1646 2597/1366/1644
f 2585/1354/1635 2597/1366/1644 2595/1363/1642
f 2574/1341/1624 2573/1342/1623 2599/1367/1646
f 2574/1341/1624 2599/1367/1646 2585/1354/1635
f 2600/1342/1612 2558/1337/1613 2601/1367/1612
s 0
f 2542/1358/1602 2602/1364/1602 2591/1361/1602
f 2542/1358/1602 2588/1353/1602 2602/1364/1602
f 2588/1353/1602 2544/1359/1602 2603/1355/1602
f 2603/1355/1602 2544/1359/1602 2604/1345/1602
s 1
f 2582/1352/1632 2605/1365/1647 2563/1368/1614
f 2582/1352/1632 2563/1368/1614 2534/1351/1595
f 2606/1365/1648 2558/1337/1613 2565/1368/1616
f 2607/1366/1649 2558/1337/1613 2606/1365/1648
f 2601/1367/1612 2558/1337/1613 2607/1366/1649
f 2558/1337/1613 2600/1342/1612 2608/1339/1612
f 2579/1346/1629 2519/1338/1580 2570/1339/1620
f 2579/1346/1629 2570/1339/1620 2609/1369/1650
f 2575/1340/1625 2578/1343/1628 2609/1369/1650
f 2575/1340/1625 2609/1369/1650 2570/1339/1620
f 2579/1346/1629 2609/1369/1650 2578/1343/1628
f 2577/1344/1627 2580/1348/1630 2579/1346/1629
f 2577/1344/1627 2579/1346/1629 2578/1343/1628
o defaultMaterial.017
v 1.178500 3.926661 1.102571
v 1.263812 3.717525 1.264844
v 0.000000 3.717525 1.264844
v 0.000000 3.926661 1.102571
v -1.178500 3.926661 1.102571
v -0.957391 4.066036 1.266796
v 0.000000 4.066036 1.266796
v -0.957391 3.943039 1.530565
v -0.957391 3.943039 1.530565
v 0.000000 3.943039 1.530565
v 0.000000 3.943039 1.530565
v -1.178500 3.727647 1.529358
v 0.000000 3.727647 1.529358
v -1.263812 3.717525 1.264844
v 0.929521 6.378117 2.765292
v 1.015054 6.611892 2.614510
v 0.000000 6.611892 2.614510
v 0.000000 6.378117 2.765292
v -0.929521 6.378117 2.765292
v -0.791125 6.198874 2.582478
v -0.791125 6.198874 2.582478
v 0.000000 6.198874 2.582478
v 0.000000 6.198874 2.582478
v -0.791125 6.321872 2.318709
v 0.000000 6.321872 2.318709
v -0.929521 6.577130 2.338505
v 0.000000 6.577130 2.338505
v 0.929521 6.577130 2.338505
v -1.795682 5.355073 2.288239
v -1.960920 5.494708 2.093558
v -2.030093 5.018513 1.871505
v -1.859026 4.919006 2.084898
v -1.528321 5.328155 2.176454
v -1.528321 5.328155 2.176454
v -1.582234 4.957014 2.003389
v -1.582234 4.957014 2.003389
v -1.528321 5.451151 1.912686
v -1.582234 5.080011 1.739621
v -1.795682 5.554087 1.861452
v -1.859026 5.118020 1.658111
v 1.609966 4.076588 1.692072
v 1.406395 3.836145 1.579952
v 1.530839 3.830134 1.317355
v 1.758114 4.098575 1.442531
v 1.370257 4.240026 1.669052
v 1.370257 4.240026 1.669052
v 1.212411 4.053590 1.582115
v 1.212411 4.053590 1.582115
v 1.370257 4.363023 1.405283
v 1.212411 4.176587 1.318347
v 1.609966 4.275602 1.265285
v 1.406395 4.035159 1.153165
v 1.795682 4.482938 1.881556
v 1.960920 4.542317 1.649451
v 1.528321 4.585874 1.830323
v 1.528321 4.585874 1.830323
v 1.528321 4.708871 1.566555
v 1.795682 4.681952 1.454769
v 1.859026 4.919006 2.084898
v 2.030093 5.018513 1.871505
v 1.582234 4.957014 2.003389
v 1.582234 4.957014 2.003389
v 1.582234 5.080011 1.739621
v 1.859026 5.118020 1.658111
v -1.795682 4.681952 1.454769
v -1.960920 4.542317 1.649451
v -1.528321 4.708871 1.566555
v -1.528321 4.585874 1.830323
v -1.528321 4.585874 1.830323
v -1.795682 4.482938 1.881556
v -1.609966 4.275602 1.265285
v -1.758114 4.098575 1.442531
v -1.370257 4.363023 1.405283
v -1.370257 4.240026 1.669052
v -1.370257 4.240026 1.669052
v -1.609966 4.076588 1.692072
v 1.435497 6.319501 2.478166
v 1.314535 6.309379 2.213651
v 1.118813 6.093986 2.212445
v 0.791125 6.321872 2.318709
v 1.118813 5.970989 2.476213
v 1.118813 5.970989 2.476213
v 0.791125 6.198874 2.582478
v 0.791125 6.198874 2.582478
v 1.314535 6.110365 2.640437
v 1.758114 5.938451 2.300479
v 1.609966 5.960438 2.050937
v 1.370257 5.796999 2.073958
v 1.370257 5.674003 2.337726
v 1.370257 5.674003 2.337726
v 1.609966 5.761424 2.477724
v 1.960920 5.494708 2.093558
v 1.795682 5.554087 1.861452
v 1.528321 5.451151 1.912686
v 1.528321 5.328155 2.176454
v 1.528321 5.328155 2.176454
v 1.795682 5.355073 2.288239
v -1.609966 5.761424 2.477724
v -1.758114 5.938451 2.300479
v -1.370257 5.674003 2.337726
v -1.370257 5.674003 2.337726
v -1.370257 5.796999 2.073958
v -1.609966 5.960438 2.050937
v -1.314535 6.110365 2.640437
v -1.435497 6.319501 2.478166
v -1.118813 5.970989 2.476213
v -1.118813 5.970989 2.476213
v -1.118813 6.093986 2.212445
v -1.314535 6.309379 2.213651
v -1.015054 6.611892 2.614510
v -1.530839 3.830134 1.317355
v -1.406395 3.836145 1.579952
v -1.212411 4.053590 1.582115
v -1.212411 4.053590 1.582115
v -1.212411 4.176587 1.318347
v -1.406395 4.035159 1.153165
v 0.957391 4.066036 1.266796
v 0.957391 3.943039 1.530565
v 0.957391 3.943039 1.530565
v 1.178500 3.727647 1.529358
vn 0.0758 0.1178 -0.9901
vn 0.2203 -0.8840 -0.4122
vn -0.0000 -0.9063 -0.4226
vn -0.0000 0.1034 -0.9946
vn -0.0758 0.1178 -0.9901
vn 0.1765 0.9678 -0.1794
vn -0.0000 0.9911 -0.1333
vn 0.1765 0.4846 0.8567
vn -0.0000 0.5349 0.8449
vn 0.1765 0.4847 0.8567
vn -0.0758 -0.6828 0.7267
vn -0.0000 -0.6955 0.7186
vn -0.2203 -0.8840 -0.4122
vn 0.0967 -0.1465 0.9845
vn 0.3146 0.8603 0.4012
vn -0.0000 0.9063 0.4226
vn -0.0000 -0.1110 0.9938
vn -0.0967 -0.1465 0.9845
vn 0.2536 -0.9415 0.2220
vn -0.0000 -0.9857 0.1688
vn 0.2535 -0.9415 0.2220
vn 0.2535 -0.4351 -0.8639
vn -0.0000 -0.5043 -0.8635
vn -0.0967 0.6600 -0.7450
vn -0.0000 0.6900 -0.7238
vn 0.0967 0.6600 -0.7450
vn -0.2969 -0.3300 0.8961
vn -0.9659 0.2346 0.1094
vn -1.0000 -0.0000 -0.0000
vn -0.3074 -0.4022 0.8624
vn 0.7799 -0.4388 0.4464
vn 0.8074 -0.2494 0.5347
vn 0.7798 0.0600 -0.6231
vn 0.7798 -0.4387 0.4465
vn 0.8073 -0.2494 0.5348
vn 0.8074 0.2494 -0.5348
vn -0.2969 0.4743 -0.8288
vn -0.3074 0.4022 -0.8624
vn 0.2662 -0.5414 0.7975
vn 0.1963 -0.6214 0.7585
vn 0.6314 -0.7028 -0.3277
vn 0.8660 -0.4532 -0.2113
vn -0.6992 0.1165 0.7054
vn -0.5067 0.3126 0.8034
vn -0.6992 0.6152 -0.3642
vn -0.5067 0.8164 -0.2770
vn -0.5067 0.3126 0.8035
vn 0.2662 0.2629 -0.9274
vn 0.1963 0.1816 -0.9636
vn 0.2969 -0.4743 0.8288
vn 0.9659 -0.2346 -0.1094
vn -0.7799 -0.0599 0.6231
vn -0.7798 0.4388 -0.4465
vn -0.7798 -0.0600 0.6231
vn 0.2969 0.3301 -0.8961
vn 0.3074 -0.4022 0.8624
vn 1.0000 -0.0000 -0.0000
vn -0.8074 -0.2493 0.5348
vn -0.8074 0.2494 -0.5348
vn -0.8073 -0.2494 0.5348
vn 0.3074 0.4022 -0.8624
vn -0.2969 0.3300 -0.8961
vn -0.9659 -0.2346 -0.1094
vn 0.7798 0.4388 -0.4465
vn 0.7798 -0.0600 0.6231
vn -0.2969 -0.4743 0.8288
vn 0.7799 -0.0600 0.6230
vn -0.2662 0.2629 -0.9274
vn -0.8660 -0.4532 -0.2113
vn 0.6992 0.6152 -0.3642
vn 0.6992 0.1165 0.7054
vn -0.2662 -0.5414 0.7975
vn 0.6992 0.1165 0.7053
vn 0.7071 0.6409 0.2988
vn 0.2174 0.5992 -0.7706
vn -0.5709 -0.2680 -0.7761
vn -0.2535 -0.4352 -0.8639
vn -0.5709 -0.7668 0.2935
vn -0.2535 -0.9415 0.2220
vn -0.2535 -0.9415 0.2219
vn -0.5709 -0.7667 0.2935
vn 0.2174 -0.2052 0.9543
vn 0.8660 0.4532 0.2113
vn 0.2662 0.5415 -0.7975
vn -0.6992 -0.1165 -0.7054
vn -0.6992 -0.6152 0.3642
vn 0.2662 -0.2629 0.9274
vn 0.9659 0.2346 0.1094
vn 0.2969 0.4743 -0.8288
vn -0.7798 0.0600 -0.6231
vn -0.7798 -0.4387 0.4465
vn -0.7799 -0.4387 0.4465
vn 0.2969 -0.3300 0.8961
vn -0.2662 -0.2629 0.9274
vn -0.8660 0.4532 0.2113
vn 0.6992 -0.6153 0.3641
vn 0.6992 -0.1165 -0.7054
vn 0.6992 -0.6152 0.3642
vn -0.2662 0.5415 -0.7975
vn -0.2174 -0.2052 0.9543
vn -0.7071 0.6409 0.2988
vn 0.5709 -0.7668 0.2935
vn 0.5709 -0.2680 -0.7761
vn 0.5709 -0.7668 0.2936
vn -0.2174 0.5991 -0.7706
vn -0.3146 0.8603 0.4012
vn -0.6313 -0.7029 -0.3278
vn -0.1963 -0.6214 0.7585
vn 0.5067 0.3126 0.8034
vn 0.5066 0.3126 0.8035
vn 0.5066 0.8164 -0.2770
vn -0.1963 0.1816 -0.9636
vn -0.1765 0.9678 -0.1794
vn -0.1765 0.4847 0.8567
vn 0.0758 -0.6828 0.7267
vt 0.630904 0.294344
vt 0.630904 0.318923
vt 0.656711 0.318923
vt 0.656711 0.294344
vt 0.630904 0.269765
vt 0.656711 0.269765
vt 0.630904 0.245186
vt 0.656711 0.245186
vt 0.506800 0.294344
vt 0.506800 0.318923
vt 0.478562 0.318923
vt 0.478562 0.294344
vt 0.506800 0.269765
vt 0.478562 0.269765
vt 0.506800 0.245186
vt 0.478562 0.245186
vt 0.557937 0.294344
vt 0.557937 0.318923
vt 0.574983 0.318923
vt 0.574983 0.294344
vt 0.557937 0.269765
vt 0.574983 0.269765
vt 0.557937 0.245186
vt 0.574983 0.245186
vt 0.609074 0.294344
vt 0.620454 0.294344
vt 0.620454 0.318923
vt 0.609074 0.318923
vt 0.609074 0.269765
vt 0.620454 0.269765
vt 0.620454 0.245186
vt 0.609074 0.245186
vt 0.592028 0.294344
vt 0.592028 0.318923
vt 0.592028 0.269765
vt 0.592028 0.245186
vt 0.523846 0.318923
vt 0.523846 0.294344
vt 0.523846 0.269765
vt 0.523846 0.245186
vt 0.540891 0.318923
vt 0.540891 0.294344
vt 0.540891 0.269765
vt 0.540891 0.245186
s 1
usemtl defaultMaterial_0
f 2610/1370/1651 2611/1371/1652 2612/1372/1653
f 2610/1370/1651 2612/1372/1653 2613/1373/1654
f 2614/1370/1655 2615/1374/1656 2616/1375/1657
f 2614/1370/1655 2616/1375/1657 2613/1373/1654
f 2615/1374/1656 2617/1376/1658 2619/1377/1659
f 2615/1374/1656 2619/1377/1659 2616/1375/1657
f 2618/1374/1660 2621/1370/1661 2622/1373/1662
f 2618/1374/1660 2622/1373/1662 2620/1375/1659
f 2621/1370/1661 2623/1371/1663 2612/1372/1653
f 2621/1370/1661 2612/1372/1653 2622/1373/1662
f 2624/1378/1664 2625/1379/1665 2626/1380/1666
f 2624/1378/1664 2626/1380/1666 2627/1381/1667
f 2628/1378/1668 2629/1382/1669 2631/1383/1670
f 2628/1378/1668 2631/1383/1670 2627/1381/1667
f 2630/1384/1671 2633/1382/1672 2634/1383/1673
f 2630/1384/1671 2634/1383/1673 2632/1385/1670
f 2633/1382/1672 2635/1378/1674 2636/1381/1675
f 2633/1382/1672 2636/1381/1675 2634/1383/1673
f 2625/1379/1665 2637/1378/1676 2636/1381/1675
f 2625/1379/1665 2636/1381/1675 2626/1380/1666
f 2638/1386/1677 2639/1387/1678 2640/1388/1679
f 2638/1386/1677 2640/1388/1679 2641/1389/1680
f 2642/1390/1681 2638/1386/1677 2641/1389/1680
f 2642/1390/1681 2641/1389/1680 2644/1391/1682
f 2646/1390/1683 2643/1392/1684 2645/1393/1685
f 2646/1390/1683 2645/1393/1685 2647/1391/1686
f 2648/1386/1687 2646/1390/1683 2647/1391/1686
f 2648/1386/1687 2647/1391/1686 2649/1389/1688
f 2639/1387/1678 2648/1386/1687 2649/1389/1688
f 2639/1387/1678 2649/1389/1688 2640/1388/1679
f 2650/1394/1689 2651/1395/1690 2652/1396/1691
f 2650/1394/1689 2652/1396/1691 2653/1397/1692
f 2654/1398/1693 2656/1399/1694 2651/1395/1690
f 2654/1398/1693 2651/1395/1690 2650/1394/1689
f 2658/1398/1695 2659/1399/1696 2657/1400/1697
f 2658/1398/1695 2657/1400/1697 2655/1401/1693
f 2660/1394/1698 2661/1395/1699 2659/1399/1696
f 2660/1394/1698 2659/1399/1696 2658/1398/1695
f 2653/1397/1692 2652/1396/1691 2661/1395/1699
f 2653/1397/1692 2661/1395/1699 2660/1394/1698
f 2662/1402/1700 2650/1394/1689 2653/1397/1692
f 2662/1402/1700 2653/1397/1692 2663/1403/1701
f 2664/1404/1702 2654/1398/1693 2650/1394/1689
f 2664/1404/1702 2650/1394/1689 2662/1402/1700
f 2666/1404/1703 2658/1398/1695 2655/1401/1693
f 2666/1404/1703 2655/1401/1693 2665/1405/1704
f 2667/1402/1705 2660/1394/1698 2658/1398/1695
f 2667/1402/1705 2658/1398/1695 2666/1404/1703
f 2663/1403/1701 2653/1397/1692 2660/1394/1698
f 2663/1403/1701 2660/1394/1698 2667/1402/1705
f 2668/1389/1706 2662/1402/1700 2663/1403/1701
f 2668/1389/1706 2663/1403/1701 2669/1388/1707
f 2670/1391/1708 2664/1404/1702 2662/1402/1700
f 2670/1391/1708 2662/1402/1700 2668/1389/1706
f 2672/1391/1709 2666/1404/1703 2665/1405/1704
f 2672/1391/1709 2665/1405/1704 2671/1393/1710
f 2673/1389/1711 2667/1402/1705 2666/1404/1703
f 2673/1389/1711 2666/1404/1703 2672/1391/1709
f 2669/1388/1707 2663/1403/1701 2667/1402/1705
f 2669/1388/1707 2667/1402/1705 2673/1389/1711
f 2640/1388/1679 2649/1389/1688 2674/1402/1712
f 2640/1388/1679 2674/1402/1712 2675/1403/1713
f 2649/1389/1688 2647/1391/1686 2676/1404/1714
f 2649/1389/1688 2676/1404/1714 2674/1402/1712
f 2647/1391/1686 2645/1393/1685 2677/1405/1715
f 2647/1391/1686 2677/1405/1715 2676/1404/1714
f 2644/1391/1682 2641/1389/1680 2679/1402/1716
f 2644/1391/1682 2679/1402/1716 2678/1404/1717
f 2641/1389/1680 2640/1388/1679 2675/1403/1713
f 2641/1389/1680 2675/1403/1713 2679/1402/1716
f 2675/1403/1713 2674/1402/1712 2680/1394/1718
f 2675/1403/1713 2680/1394/1718 2681/1397/1719
f 2674/1402/1712 2676/1404/1714 2682/1398/1720
f 2674/1402/1712 2682/1398/1720 2680/1394/1718
f 2676/1404/1714 2677/1405/1715 2683/1401/1721
f 2676/1404/1714 2683/1401/1721 2682/1398/1720
f 2678/1404/1717 2679/1402/1716 2685/1394/1722
f 2678/1404/1717 2685/1394/1722 2684/1398/1723
f 2679/1402/1716 2675/1403/1713 2681/1397/1719
f 2679/1402/1716 2681/1397/1719 2685/1394/1722
f 2625/1379/1665 2686/1406/1724 2687/1407/1725
f 2625/1379/1665 2687/1407/1725 2637/1378/1676
f 2637/1378/1676 2687/1407/1725 2688/1408/1726
f 2637/1378/1676 2688/1408/1726 2689/1382/1727
f 2689/1382/1727 2688/1408/1726 2690/1409/1728
f 2689/1382/1727 2690/1409/1728 2692/1384/1729
f 2693/1382/1730 2691/1408/1731 2694/1407/1732
f 2693/1382/1730 2694/1407/1732 2624/1378/1664
f 2624/1378/1664 2694/1407/1732 2686/1406/1724
f 2624/1378/1664 2686/1406/1724 2625/1379/1665
f 2686/1406/1724 2695/1410/1733 2696/1411/1734
f 2686/1406/1724 2696/1411/1734 2687/1407/1725
f 2687/1407/1725 2696/1411/1734 2697/1412/1735
f 2687/1407/1725 2697/1412/1735 2688/1408/1726
f 2688/1408/1726 2697/1412/1735 2698/1413/1736
f 2688/1408/1726 2698/1413/1736 2690/1409/1728
f 2691/1408/1731 2699/1412/1736 2700/1411/1737
f 2691/1408/1731 2700/1411/1737 2694/1407/1732
f 2694/1407/1732 2700/1411/1737 2695/1410/1733
f 2694/1407/1732 2695/1410/1733 2686/1406/1724
f 2695/1410/1733 2701/1387/1738 2702/1386/1739
f 2695/1410/1733 2702/1386/1739 2696/1411/1734
f 2696/1411/1734 2702/1386/1739 2703/1390/1740
f 2696/1411/1734 2703/1390/1740 2697/1412/1735
f 2697/1412/1735 2703/1390/1740 2704/1392/1741
f 2697/1412/1735 2704/1392/1741 2698/1413/1736
f 2699/1412/1736 2705/1390/1742 2706/1386/1743
f 2699/1412/1736 2706/1386/1743 2700/1411/1737
f 2700/1411/1737 2706/1386/1743 2701/1387/1738
f 2700/1411/1737 2701/1387/1738 2695/1410/1733
f 2701/1387/1738 2669/1388/1707 2673/1389/1711
f 2701/1387/1738 2673/1389/1711 2702/1386/1739
f 2702/1386/1739 2673/1389/1711 2672/1391/1709
f 2702/1386/1739 2672/1391/1709 2703/1390/1740
f 2703/1390/1740 2672/1391/1709 2671/1393/1710
f 2703/1390/1740 2671/1393/1710 2704/1392/1741
f 2705/1390/1742 2670/1391/1708 2668/1389/1706
f 2705/1390/1742 2668/1389/1706 2706/1386/1743
f 2706/1386/1743 2668/1389/1706 2669/1388/1707
f 2706/1386/1743 2669/1388/1707 2701/1387/1738
f 2707/1411/1744 2708/1410/1745 2639/1387/1678
f 2707/1411/1744 2639/1387/1678 2638/1386/1677
f 2709/1412/1746 2707/1411/1744 2638/1386/1677
f 2709/1412/1746 2638/1386/1677 2642/1390/1681
f 2711/1412/1747 2710/1413/1748 2643/1392/1684
f 2711/1412/1747 2643/1392/1684 2646/1390/1683
f 2712/1411/1749 2711/1412/1747 2646/1390/1683
f 2712/1411/1749 2646/1390/1683 2648/1386/1687
f 2708/1410/1745 2712/1411/1749 2648/1386/1687
f 2708/1410/1745 2648/1386/1687 2639/1387/1678
f 2713/1407/1750 2714/1406/1751 2708/1410/1745
f 2713/1407/1750 2708/1410/1745 2707/1411/1744
f 2715/1408/1752 2713/1407/1750 2707/1411/1744
f 2715/1408/1752 2707/1411/1744 2709/1412/1746
f 2717/1408/1753 2716/1409/1754 2710/1413/1748
f 2717/1408/1753 2710/1413/1748 2711/1412/1747
f 2718/1407/1755 2717/1408/1753 2711/1412/1747
f 2718/1407/1755 2711/1412/1747 2712/1411/1749
f 2714/1406/1751 2718/1407/1755 2712/1411/1749
f 2714/1406/1751 2712/1411/1749 2708/1410/1745
f 2628/1378/1668 2719/1379/1756 2714/1406/1751
f 2628/1378/1668 2714/1406/1751 2713/1407/1750
f 2629/1382/1669 2628/1378/1668 2713/1407/1750
f 2629/1382/1669 2713/1407/1750 2715/1408/1752
f 2633/1382/1672 2630/1384/1671 2716/1409/1754
f 2633/1382/1672 2716/1409/1754 2717/1408/1753
f 2635/1378/1674 2633/1382/1672 2717/1408/1753
f 2635/1378/1674 2717/1408/1753 2718/1407/1755
f 2719/1379/1756 2635/1378/1674 2718/1407/1755
f 2719/1379/1756 2718/1407/1755 2714/1406/1751
f 2685/1394/1722 2681/1397/1719 2720/1396/1757
f 2685/1394/1722 2720/1396/1757 2721/1395/1758
f 2684/1398/1723 2685/1394/1722 2721/1395/1758
f 2684/1398/1723 2721/1395/1758 2722/1399/1759
f 2682/1398/1720 2683/1401/1721 2723/1400/1760
f 2682/1398/1720 2723/1400/1760 2724/1399/1761
f 2680/1394/1718 2682/1398/1720 2724/1399/1761
f 2680/1394/1718 2724/1399/1761 2725/1395/1762
f 2681/1397/1719 2680/1394/1718 2725/1395/1762
f 2681/1397/1719 2725/1395/1762 2720/1396/1757
f 2719/1379/1756 2628/1378/1668 2627/1381/1667
f 2719/1379/1756 2627/1381/1667 2626/1380/1666
f 2693/1382/1730 2624/1378/1664 2627/1381/1667
f 2693/1382/1730 2627/1381/1667 2631/1383/1670
f 2689/1382/1727 2692/1384/1729 2632/1385/1670
f 2689/1382/1727 2632/1385/1670 2634/1383/1673
f 2637/1378/1676 2689/1382/1727 2634/1383/1673
f 2637/1378/1676 2634/1383/1673 2636/1381/1675
f 2635/1378/1674 2719/1379/1756 2626/1380/1666
f 2635/1378/1674 2626/1380/1666 2636/1381/1675
f 2623/1371/1663 2614/1370/1655 2613/1373/1654
f 2623/1371/1663 2613/1373/1654 2612/1372/1653
f 2726/1374/1763 2610/1370/1651 2613/1373/1654
f 2726/1374/1763 2613/1373/1654 2616/1375/1657
f 2727/1376/1764 2726/1374/1763 2616/1375/1657
f 2727/1376/1764 2616/1375/1657 2619/1377/1659
f 2729/1370/1765 2728/1374/1764 2620/1375/1659
f 2729/1370/1765 2620/1375/1659 2622/1373/1662
f 2611/1371/1652 2729/1370/1765 2622/1373/1662
f 2611/1371/1652 2622/1373/1662 2612/1372/1653
f 2729/1370/1765 2611/1371/1652 2652/1396/1691
f 2729/1370/1765 2652/1396/1691 2651/1395/1690
f 2728/1374/1764 2729/1370/1765 2651/1395/1690
f 2728/1374/1764 2651/1395/1690 2656/1399/1694
f 2726/1374/1763 2727/1376/1764 2657/1400/1697
f 2726/1374/1763 2657/1400/1697 2659/1399/1696
f 2610/1370/1651 2726/1374/1763 2659/1399/1696
f 2610/1370/1651 2659/1399/1696 2661/1395/1699
f 2611/1371/1652 2610/1370/1651 2661/1395/1699
f 2611/1371/1652 2661/1395/1699 2652/1396/1691
f 2614/1370/1655 2623/1371/1663 2720/1396/1757
f 2614/1370/1655 2720/1396/1757 2725/1395/1762
f 2615/1374/1656 2614/1370/1655 2725/1395/1762
f 2615/1374/1656 2725/1395/1762 2724/1399/1761
f 2623/1371/1663 2621/1370/1661 2721/1395/1758
f 2623/1371/1663 2721/1395/1758 2720/1396/1757
f 2621/1370/1661 2618/1374/1660 2722/1399/1759
f 2621/1370/1661 2722/1399/1759 2721/1395/1758
f 2617/1376/1658 2615/1374/1656 2724/1399/1761
f 2617/1376/1658 2724/1399/1761 2723/1400/1760
o defaultMaterial.018
v -1.627635 4.624597 1.596142
v -1.792297 5.434027 1.973586
v -1.218296 5.279093 1.901339
v -1.217410 4.837484 1.695413
v -0.766433 6.386190 2.559777
v -0.700265 6.347115 2.374996
v -0.617947 5.861463 2.148533
v -0.676337 5.854649 2.311915
v 0.849924 4.792053 1.649859
v -0.849892 4.792053 1.649859
v -0.794481 5.083931 1.785964
v 0.794513 5.083931 1.785964
v 0.542347 4.010362 1.285351
v -0.542315 4.010362 1.285351
v -0.930199 4.684193 1.766123
v -0.869552 5.003651 1.915088
v 0.700296 6.347115 2.374996
v 0.617978 5.861463 2.148533
v -0.808905 5.323109 2.064054
v 0.808937 5.323109 2.064054
v 0.676368 5.854649 2.311915
v -0.676337 5.854649 2.311915
v 0.766465 6.386190 2.559777
v 0.676368 5.854649 2.311915
v -0.739070 5.375811 1.922070
v 0.739102 5.375811 1.922070
v -0.808905 5.323109 2.064054
v -1.792297 5.388910 2.070339
v -1.218296 5.233975 1.998093
v -0.930199 4.684193 1.766123
v 0.930230 4.684193 1.766123
v 0.869584 5.003651 1.915088
v -0.869552 5.003651 1.915088
v -0.308550 5.269072 2.014458
v -1.217410 4.792367 1.792167
v 0.000000 4.763897 1.778891
v 0.930230 4.684193 1.766123
v 0.593590 3.828640 1.367172
v -1.627635 4.579480 1.692896
v 0.766465 6.386190 2.559777
v -0.766433 6.386190 2.559777
v 0.808937 5.323109 2.064054
v 0.000000 4.809014 1.682138
v -0.308550 5.314188 1.917704
v -0.593559 3.828640 1.367172
v 0.869584 5.003651 1.915088
v -0.593559 3.828640 1.367172
v 0.593590 3.828640 1.367172
v 1.627635 4.624597 1.596142
v 1.217410 4.837484 1.695413
v 1.218296 5.279093 1.901339
v 1.792297 5.434027 1.973586
v 1.218296 5.233975 1.998093
v 1.792297 5.388910 2.070339
v 0.308550 5.269072 2.014458
v 1.217410 4.792367 1.792167
v 1.627635 4.579480 1.692896
v 0.308550 5.314188 1.917704
vn 0.3514 -0.2573 -0.9002
vn 0.2018 0.9130 -0.3544
vn 0.0865 0.9324 -0.3508
vn 0.1697 -0.3051 -0.9371
vn -0.9416 -0.0026 -0.3366
vn -0.5831 0.2601 -0.7697
vn -0.5558 0.3664 -0.7462
vn -0.9283 0.1820 -0.3242
vn 0.4987 0.3304 -0.8013
vn -0.4987 0.3304 -0.8013
vn -0.5284 0.4391 -0.7266
vn 0.5284 0.4391 -0.7266
vn 0.4613 0.2194 -0.8597
vn -0.4613 0.2194 -0.8597
vn -0.8714 0.1432 -0.4691
vn -0.8920 0.3188 -0.3204
vn 0.5831 0.2601 -0.7696
vn 0.5558 0.3664 -0.7462
vn -0.0000 -0.4226 0.9063
vn 0.9416 -0.0026 -0.3366
vn 0.9283 0.1820 -0.3242
vn -0.5258 0.4515 -0.7208
vn 0.5258 0.4515 -0.7208
vn -0.8878 0.3395 -0.3106
vn 0.2018 0.3154 0.9272
vn 0.0865 0.3307 0.9398
vn -0.0301 0.3414 0.9394
vn 0.1697 -0.9140 0.3686
vn -0.0000 -0.9396 0.3421
vn 0.8715 0.1432 -0.4691
vn 0.8044 -0.0401 -0.5928
vn 0.3514 -0.8550 0.3815
vn 0.8878 0.3395 -0.3106
vn -0.0000 -0.3419 -0.9397
vn -0.0301 0.9391 -0.3423
vn -0.8044 -0.0401 -0.5928
vn 0.8920 0.3188 -0.3204
vn -0.3514 -0.2573 -0.9002
vn -0.1697 -0.3051 -0.9371
vn -0.0865 0.9324 -0.3508
vn -0.2018 0.9130 -0.3544
vn -0.0865 0.3307 0.9398
vn -0.2019 0.3154 0.9272
vn 0.0301 0.3414 0.9394
vn -0.1697 -0.9140 0.3686
vn -0.3514 -0.8550 0.3815
vn 0.0301 0.9391 -0.3423
vt 0.637844 0.501871
vt 0.644342 0.466627
vt 0.621690 0.473373
vt 0.621655 0.492602
vt 0.816862 0.329036
vt 0.814239 0.333746
vt 0.810976 0.354976
vt 0.813290 0.352271
vt 0.752784 0.401724
vt 0.820171 0.401724
vt 0.817974 0.388965
vt 0.754981 0.388965
vt 0.764977 0.435895
vt 0.807977 0.435895
vt 0.823354 0.403437
vt 0.820950 0.389472
vt 0.758716 0.333746
vt 0.761979 0.354976
vt 0.818546 0.375507
vt 0.754409 0.375507
vt 0.759664 0.352271
vt 0.756093 0.329036
vt 0.815777 0.376206
vt 0.757177 0.376206
vt 0.749600 0.403437
vt 0.752005 0.389472
vt 0.585790 0.471845
vt 0.573090 0.493841
vt 0.762946 0.440836
vt 0.810009 0.440836
s 1
usemtl defaultMaterial_0
f 2730/1414/1766 2731/1415/1767 2732/1416/1768
f 2730/1414/1766 2732/1416/1768 2733/1417/1769
f 2734/1418/1770 2735/1419/1771 2736/1420/1772
f 2734/1418/1770 2736/1420/1772 2737/1421/1773
f 2738/1422/1774 2739/1423/1775 2740/1424/1776
f 2738/1422/1774 2740/1424/1776 2741/1425/1777
f 2742/1426/1778 2743/1427/1779 2739/1423/1775
f 2742/1426/1778 2739/1423/1775 2738/1422/1774
f 2739/1423/1775 2744/1428/1780 2745/1429/1781
f 2739/1423/1775 2745/1429/1781 2740/1424/1776
f 2735/1419/1771 2746/1430/1782 2747/1431/1783
f 2735/1419/1771 2747/1431/1783 2736/1420/1772
s 0
f 2748/1432/1784 2749/1433/1784 2750/1434/1784
f 2748/1432/1784 2750/1434/1784 2751/1421/1784
s 1
f 2752/1435/1785 2753/1434/1786 2747/1431/1783
f 2752/1435/1785 2747/1431/1783 2746/1430/1782
f 2754/1436/1787 2755/1437/1788 2741/1425/1777
f 2754/1436/1787 2741/1425/1777 2740/1424/1776
f 2756/1432/1789 2737/1421/1773 2736/1420/1772
f 2756/1432/1789 2736/1420/1772 2754/1436/1787
f 2731/1415/1767 2757/1415/1790 2758/1416/1791
f 2731/1415/1767 2758/1416/1791 2732/1416/1768
s 0
f 2759/1428/1784 2760/1438/1784 2761/1439/1784
f 2759/1428/1784 2761/1439/1784 2762/1429/1784
s 1
f 2763/1440/1792 2758/1416/1791 2764/1417/1793
f 2763/1440/1792 2764/1417/1793 2765/1441/1794
f 2766/1438/1795 2767/1442/1796 2742/1426/1778
f 2766/1438/1795 2742/1426/1778 2738/1422/1774
f 2768/1414/1797 2730/1414/1766 2733/1417/1769
f 2768/1414/1797 2733/1417/1769 2764/1417/1793
f 2756/1432/1789 2754/1436/1787 2740/1424/1776
f 2756/1432/1789 2740/1424/1776 2745/1429/1781
s 0
f 2769/1435/1784 2770/1418/1784 2751/1421/1784
f 2769/1435/1784 2751/1421/1784 2750/1434/1784
s 1
f 2771/1433/1798 2755/1437/1788 2747/1431/1783
f 2771/1433/1798 2747/1431/1783 2753/1434/1786
f 2765/1441/1794 2764/1417/1793 2733/1417/1769
f 2765/1441/1794 2733/1417/1769 2772/1441/1799
f 2755/1437/1788 2754/1436/1787 2736/1420/1772
f 2755/1437/1788 2736/1420/1772 2747/1431/1783
f 2773/1440/1800 2732/1416/1768 2758/1416/1791
f 2773/1440/1800 2758/1416/1791 2763/1440/1792
f 2774/1443/1801 2744/1428/1780 2739/1423/1775
f 2774/1443/1801 2739/1423/1775 2743/1427/1779
f 2755/1437/1788 2771/1433/1798 2775/1439/1802
f 2755/1437/1788 2775/1439/1802 2741/1425/1777
f 2733/1417/1769 2732/1416/1768 2773/1440/1800
f 2733/1417/1769 2773/1440/1800 2772/1441/1799
s 0
f 2749/1433/1784 2748/1432/1784 2762/1429/1784
f 2749/1433/1784 2762/1429/1784 2761/1439/1784
f 2776/1443/1784 2777/1442/1784 2760/1438/1784
f 2776/1443/1784 2760/1438/1784 2759/1428/1784
s 1
f 2766/1438/1795 2738/1422/1774 2741/1425/1777
f 2766/1438/1795 2741/1425/1777 2775/1439/1802
f 2757/1415/1790 2768/1414/1797 2764/1417/1793
f 2757/1415/1790 2764/1417/1793 2758/1416/1791
f 2778/1414/1803 2779/1417/1804 2780/1416/1805
f 2778/1414/1803 2780/1416/1805 2781/1415/1806
f 2781/1415/1806 2780/1416/1805 2782/1416/1807
f 2781/1415/1806 2782/1416/1807 2783/1415/1808
f 2784/1440/1809 2765/1441/1794 2785/1417/1810
f 2784/1440/1809 2785/1417/1810 2782/1416/1807
f 2786/1414/1811 2785/1417/1810 2779/1417/1804
f 2786/1414/1811 2779/1417/1804 2778/1414/1803
f 2765/1441/1794 2772/1441/1799 2779/1417/1804
f 2765/1441/1794 2779/1417/1804 2785/1417/1810
f 2787/1440/1812 2784/1440/1809 2782/1416/1807
f 2787/1440/1812 2782/1416/1807 2780/1416/1805
f 2779/1417/1804 2772/1441/1799 2787/1440/1812
f 2779/1417/1804 2787/1440/1812 2780/1416/1805
f 2783/1415/1808 2782/1416/1807 2785/1417/1810
f 2783/1415/1808 2785/1417/1810 2786/1414/1811
o defaultMaterial.019
v -1.013098 5.554974 1.807818
v 1.013130 5.554974 1.807818
v 1.169859 5.150211 1.624148
v -1.169827 5.150211 1.624148
v -1.341585 5.060894 1.850305
v -1.161844 5.525084 2.060941
v -1.341585 5.060894 1.850305
v 1.341617 5.060894 1.850305
v 1.161877 5.525084 2.060941
v -1.161844 5.525084 2.060941
v -1.161844 4.596703 1.639668
v -1.013098 4.745448 1.440478
v -0.670784 5.864896 2.215138
v -0.584905 5.851281 1.942273
v -0.670784 4.256892 1.485471
v -0.584905 4.449141 1.306022
v 0.000016 4.132512 1.429031
v 0.000016 4.340685 1.256808
v 0.000016 5.989275 2.271578
v 0.000016 5.959737 1.991488
v 0.670817 4.256892 1.485471
v 0.584938 4.449141 1.306022
v 1.161877 4.596703 1.639668
v 1.013130 4.745448 1.440478
v 0.670817 5.864896 2.215138
v 0.584938 5.851281 1.942273
v 1.341617 5.060894 1.850305
v 1.161877 5.525084 2.060941
v 0.000016 5.989275 2.271578
v -0.670784 5.864896 2.215138
v 0.670817 5.864896 2.215138
v -1.161844 4.596703 1.639668
v 1.161877 4.596703 1.639668
v -0.670784 4.256892 1.485471
v 0.670817 4.256892 1.485471
v 0.000016 4.132512 1.429031
vn -0.3707 0.6151 -0.6959
vn 0.3707 0.6151 -0.6958
vn 0.4505 0.3678 -0.8135
vn -0.4505 0.3678 -0.8135
vn -0.8165 0.2366 -0.5267
vn -0.6655 0.6785 -0.3110
vn -0.0000 -0.4132 0.9106
vn -0.6825 -0.2414 -0.6899
vn -0.3841 0.1042 -0.9174
vn -0.3496 0.9238 -0.1561
vn -0.1984 0.7631 -0.6151
vn -0.3630 -0.5440 -0.7565
vn -0.2100 -0.0708 -0.9751
vn -0.0000 -0.6374 -0.7705
vn -0.0000 -0.3274 -0.9449
vn -0.0000 0.9945 -0.1049
vn -0.0000 0.9047 -0.4261
vn 0.3630 -0.5440 -0.7565
vn 0.2100 -0.0708 -0.9751
vn 0.6825 -0.2414 -0.6899
vn 0.3841 0.1042 -0.9174
vn 0.3496 0.9238 -0.1561
vn 0.1984 0.7631 -0.6151
vn 0.8165 0.2366 -0.5267
vn 0.6655 0.6785 -0.3110
vt 0.667090 0.397444
vt 0.571925 0.397444
vt 0.564564 0.418316
vt 0.674452 0.418316
vt 0.682518 0.417982
vt 0.674077 0.394046
vt 0.835822 0.477021
vt 0.794022 0.477021
vt 0.796822 0.469081
vt 0.833022 0.469081
vt 0.674077 0.441918
vt 0.667090 0.439188
vt 0.651013 0.376524
vt 0.646980 0.382165
vt 0.651013 0.459441
vt 0.646980 0.454467
vt 0.619508 0.465854
vt 0.619508 0.460059
vt 0.619508 0.370110
vt 0.619508 0.376573
vt 0.588002 0.459441
vt 0.592036 0.454467
vt 0.564939 0.441918
vt 0.571925 0.439188
vt 0.588002 0.376524
vt 0.592036 0.382165
vt 0.556497 0.417982
vt 0.564939 0.394046
vt 0.814922 0.461142
vt 0.825372 0.463269
vt 0.804472 0.463269
vt 0.833022 0.484960
vt 0.796822 0.484960
vt 0.825372 0.490772
vt 0.804472 0.490772
vt 0.814922 0.492899
s 1
usemtl defaultMaterial_0
f 2788/1444/1813 2789/1445/1814 2790/1446/1815
f 2788/1444/1813 2790/1446/1815 2791/1447/1816
f 2792/1448/1817 2793/1449/1818 2788/1444/1813
f 2792/1448/1817 2788/1444/1813 2791/1447/1816
s 0
f 2794/1450/1819 2795/1451/1819 2796/1452/1819
f 2794/1450/1819 2796/1452/1819 2797/1453/1819
s 1
f 2798/1454/1820 2792/1448/1817 2791/1447/1816
f 2798/1454/1820 2791/1447/1816 2799/1455/1821
f 2793/1449/1818 2800/1456/1822 2801/1457/1823
f 2793/1449/1818 2801/1457/1823 2788/1444/1813
f 2802/1458/1824 2798/1454/1820 2799/1455/1821
f 2802/1458/1824 2799/1455/1821 2803/1459/1825
f 2804/1460/1826 2802/1458/1824 2803/1459/1825
f 2804/1460/1826 2803/1459/1825 2805/1461/1827
f 2800/1456/1822 2806/1462/1828 2807/1463/1829
f 2800/1456/1822 2807/1463/1829 2801/1457/1823
f 2808/1464/1830 2804/1460/1826 2805/1461/1827
f 2808/1464/1830 2805/1461/1827 2809/1465/1831
f 2810/1466/1832 2808/1464/1830 2809/1465/1831
f 2810/1466/1832 2809/1465/1831 2811/1467/1833
f 2806/1462/1828 2812/1468/1834 2813/1469/1835
f 2806/1462/1828 2813/1469/1835 2807/1463/1829
f 2814/1470/1836 2810/1466/1832 2811/1467/1833
f 2814/1470/1836 2811/1467/1833 2790/1446/1815
f 2815/1471/1837 2814/1470/1836 2790/1446/1815
f 2815/1471/1837 2790/1446/1815 2789/1445/1814
f 2812/1468/1834 2815/1471/1837 2789/1445/1814
f 2812/1468/1834 2789/1445/1814 2813/1469/1835
f 2807/1463/1829 2813/1469/1835 2801/1457/1823
f 2801/1457/1823 2813/1469/1835 2789/1445/1814
f 2801/1457/1823 2789/1445/1814 2788/1444/1813
f 2811/1467/1833 2799/1455/1821 2791/1447/1816
f 2811/1467/1833 2791/1447/1816 2790/1446/1815
f 2809/1465/1831 2803/1459/1825 2799/1455/1821
f 2809/1465/1831 2799/1455/1821 2811/1467/1833
f 2805/1461/1827 2803/1459/1825 2809/1465/1831
s 0
f 2816/1472/1819 2817/1473/1819 2818/1474/1819
f 2818/1474/1819 2817/1473/1819 2797/1453/1819
f 2818/1474/1819 2797/1453/1819 2796/1452/1819
f 2819/1475/1819 2820/1476/1819 2795/1451/1819
f 2819/1475/1819 2795/1451/1819 2794/1450/1819
f 2821/1477/1819 2822/1478/1819 2820/1476/1819
f 2821/1477/1819 2820/1476/1819 2819/1475/1819
f 2823/1479/1819 2822/1478/1819 2821/1477/1819
o defaultMaterial.020
v -0.115503 3.660878 4.098075
v -0.231005 3.842643 4.183454
v -0.231005 4.957855 1.859717
v -0.115503 4.776600 1.775047
v -0.115503 4.024564 4.267468
v -0.115503 5.139112 1.944386
v 0.115503 3.660878 4.098075
v 0.115503 4.776600 1.775047
v 0.231005 3.842643 4.183454
v 0.231005 4.957855 1.859717
v 0.115503 4.024564 4.267468
v 0.115503 5.139112 1.944386
vn -0.5004 -0.7805 -0.3748
vn -1.0000 0.0002 -0.0000
vn -0.5003 -0.7805 -0.3748
vn -0.5002 0.7807 0.3746
vn -0.5001 0.7808 0.3746
vn 0.5003 -0.7805 -0.3748
vn 1.0000 0.0002 -0.0000
vn 1.0000 0.0003 0.0001
vn 0.5001 0.7807 0.3746
vn 0.5001 0.7808 0.3746
vt 0.637692 0.339100
vt 0.637692 0.330760
vt 0.488036 0.330760
vt 0.488036 0.339100
vt 0.637692 0.322260
vt 0.488036 0.322260
vt 0.637692 0.348052
vt 0.488036 0.348052
s 1
usemtl defaultMaterial_0
f 2824/1480/1838 2825/1481/1839 2826/1482/1839
f 2824/1480/1838 2826/1482/1839 2827/1483/1840
f 2825/1481/1839 2828/1484/1841 2829/1485/1842
f 2825/1481/1839 2829/1485/1842 2826/1482/1839
f 2830/1486/1843 2824/1480/1838 2827/1483/1840
f 2830/1486/1843 2827/1483/1840 2831/1487/1843
f 2832/1480/1844 2830/1486/1843 2831/1487/1843
f 2832/1480/1844 2831/1487/1843 2833/1483/1845
f 2828/1484/1841 2834/1481/1846 2835/1482/1847
f 2828/1484/1841 2835/1482/1847 2829/1485/1842
f 2834/1481/1846 2832/1480/1844 2833/1483/1845
f 2834/1481/1846 2833/1483/1845 2835/1482/1847
o defaultMaterial.021
v 5.978978 2.645716 -6.604967
v 5.978978 2.755248 -6.415252
v -6.026687 2.755248 -6.415252
v -6.026687 2.645716 -6.604967
v 5.978978 2.755248 -6.415252
v 5.978978 2.974311 -6.415252
v -6.026687 2.974311 -6.415252
v -6.026687 2.755248 -6.415252
v 5.978978 2.755248 -6.794682
v 5.978978 2.645716 -6.604967
v -6.026687 2.645716 -6.604967
v -6.026687 2.755248 -6.794682
v 5.978978 2.974311 -6.794682
v 5.978978 2.755248 -6.794682
v -6.026687 2.755248 -6.794682
v -6.026687 2.974311 -6.794682
v 5.978978 2.974311 -6.415252
v 5.978978 3.083843 -6.604967
v -6.026687 3.083843 -6.604967
v -6.026687 2.974311 -6.415252
v 5.978978 3.083843 -6.604967
v 5.978978 2.974311 -6.794682
v -6.026687 2.974311 -6.794682
v -6.026687 3.083843 -6.604967
vn -0.0000 -0.8660 0.5000
vn -0.0000 -0.0000 1.0000
vn -0.0000 -0.8660 -0.5000
vn -0.0000 -0.0000 -1.0000
vn -0.0000 0.8660 0.5000
vn -0.0000 0.8660 -0.5000
vt 0.912911 0.834602
vt 0.903565 0.834602
vt 0.903565 0.998689
vt 0.912911 0.998689
vt 0.894218 0.834602
vt 0.894218 0.998689
vt 0.866180 0.834602
vt 0.856833 0.834602
vt 0.856833 0.998689
vt 0.866180 0.998689
vt 0.875526 0.834602
vt 0.875526 0.998689
vt 0.884872 0.834602
vt 0.884872 0.998689
s 0
usemtl defaultMaterial_0
f 2836/1488/1848 2837/1489/1848 2838/1490/1848
f 2836/1488/1848 2838/1490/1848 2839/1491/1848
f 2840/1489/1849 2841/1492/1849 2842/1493/1849
f 2840/1489/1849 2842/1493/1849 2843/1490/1849
f 2844/1494/1850 2845/1495/1850 2846/1496/1850
f 2844/1494/1850 2846/1496/1850 2847/1497/1850
f 2848/1498/1851 2849/1494/1851 2850/1497/1851
f 2848/1498/1851 2850/1497/1851 2851/1499/1851
f 2852/1492/1852 2853/1500/1852 2854/1501/1852
f 2852/1492/1852 2854/1501/1852 2855/1493/1852
f 2856/1500/1853 2857/1498/1853 2858/1499/1853
f 2856/1500/1853 2858/1499/1853 2859/1501/1853
o defaultMaterial.022
v 5.435607 3.842812 10.398144
v 5.435607 3.723794 10.036833
v 5.435607 3.723794 10.036833
v 0.000000 3.723794 11.736964
v 0.000000 3.723794 11.736964
v 0.000000 3.842812 12.098275
v 5.435607 1.586316 10.759455
v 5.435607 1.824353 10.759455
v 0.000000 1.824353 12.459587
v 0.000000 1.586316 12.459587
v 5.435607 3.723794 10.759455
v 0.000000 3.723794 12.459587
v 5.435607 1.943370 10.398144
v 5.435607 1.943370 10.398144
v 5.435607 1.824353 10.036833
v 5.435607 1.824353 10.036833
v 0.000000 1.824353 11.736964
v 0.000000 1.824353 11.736964
v 0.000000 1.943370 12.098275
v 5.435607 3.485758 10.036833
v 0.000000 3.485758 11.736964
v 5.435607 3.485758 10.759455
v 0.000000 3.485758 12.459587
v 5.435607 1.586316 10.036833
v 5.435607 1.467298 10.398144
v 5.435607 1.467298 10.398144
v 0.000000 1.467298 12.098275
v 0.000000 1.586316 11.736964
v 5.435607 3.366740 10.398144
v 5.435607 3.366740 10.398144
v 0.000000 3.366740 12.098275
v -5.435607 3.842812 10.398144
v -5.435607 3.842812 10.398144
v -5.435607 3.723794 10.036833
v -5.435607 3.723794 10.036833
v -5.435607 1.586316 10.759455
v -5.435607 1.824353 10.759455
v -5.435607 3.723794 10.759455
v -5.435607 1.943370 10.398144
v -5.435607 1.943370 10.398144
v -5.435607 1.824353 10.036833
v -5.435607 1.824353 10.036833
v -5.435607 3.485758 10.036833
v -5.435607 3.485758 10.759455
v -5.435607 1.586316 10.036833
v -5.435607 1.467298 10.398144
v -5.435607 1.467298 10.398144
v -5.435607 3.366740 10.398144
v -5.435607 3.366740 10.398144
v 5.435607 3.723785 10.759455
v 5.435607 3.842804 10.398144
v 0.000000 3.842804 8.604012
v 0.000000 3.723785 8.965323
v 5.435607 3.485749 10.759455
v 0.000000 3.485749 8.965323
v 0.000000 3.366731 8.604012
v 5.435607 3.485749 10.036833
v 0.000000 3.485749 8.242702
v 5.435607 3.723785 10.036833
v 5.435607 3.723785 10.036833
v 0.000000 3.723785 8.242702
v 0.000000 3.723785 8.242702
v 5.435607 1.824343 10.759455
v 0.000000 1.943362 8.604012
v 0.000000 1.824343 8.965323
v 5.435607 1.586307 10.036833
v 0.000000 1.467289 8.604012
v 0.000000 1.586307 8.242702
v 5.435607 1.586307 10.759455
v 0.000000 1.586307 8.965323
v 5.435607 1.824343 10.036833
v 5.435607 1.824343 10.036833
v 0.000000 1.824343 8.242702
v 0.000000 1.824343 8.242702
v -5.435607 3.723785 10.759455
v -5.435607 3.485749 10.759455
v -5.435607 3.485749 10.036833
v -5.435607 3.723785 10.036833
v -5.435607 3.723785 10.036833
v -5.435607 1.824343 10.759455
v -5.435607 1.586307 10.036833
v -5.435607 1.586307 10.759455
v -5.435607 1.824343 10.036833
v -5.435607 1.824343 10.036833
v 4.892254 1.867079 10.351145
v 4.892254 1.786440 10.212735
v 4.892254 1.786440 10.212735
v 2.121056 3.785946 10.212735
v 2.121056 3.785946 10.212735
v 2.121056 3.866585 10.351145
v 4.892254 1.625161 10.212735
v 2.121056 3.624668 10.212735
v 4.892254 1.786440 10.489554
v 2.121056 3.785946 10.489554
v 4.892254 1.544522 10.351145
v 2.121056 3.544029 10.351145
v 4.892254 1.625161 10.489554
v 2.121056 3.624668 10.489554
v -4.892254 1.867079 10.351145
v -2.121056 3.866585 10.351145
v -2.121056 3.785946 10.212735
v -2.121056 3.785946 10.212735
v -4.892254 1.786440 10.212735
v -4.892254 1.786440 10.212735
v -2.121056 3.624668 10.212735
v -4.892254 1.625161 10.212735
v -4.892254 1.786440 10.489554
v -2.121056 3.785946 10.489554
v -2.121056 3.544029 10.351145
v -4.892254 1.544522 10.351145
v -2.121056 3.624668 10.489554
v -4.892254 1.625161 10.489554
vn -0.0000 1.0000 -0.0000
vn -0.2431 0.5804 -0.7772
vn -0.0000 0.5983 -0.8012
vn 0.2431 -0.5804 0.7772
vn 0.2431 0.5804 0.7772
vn -0.0000 0.5983 0.8012
vn -0.0000 -0.5983 0.8012
vn -0.2431 -0.5804 -0.7772
vn -0.0000 -0.5984 -0.8012
vn -0.0000 0.5984 -0.8012
vn -0.0000 -1.0000 -0.0000
vn 0.2431 0.5804 -0.7772
vn -0.2431 -0.5804 0.7772
vn -0.2431 0.5804 0.7772
vn 0.2431 -0.5804 -0.7772
vn -0.2554 0.5797 0.7737
vn -0.0000 0.5997 0.8003
vn -0.2554 -0.5797 0.7737
vn -0.0000 -0.5997 0.8003
vn 0.2554 -0.5798 -0.7737
vn -0.0000 -0.5996 -0.8003
vn 0.2554 0.5798 -0.7737
vn -0.0000 0.5997 -0.8002
vn -0.2554 0.5798 0.7737
vn -0.0000 0.5996 -0.8003
vn 0.2554 0.5797 -0.7737
vn 0.2554 0.5798 0.7737
vn 0.2554 -0.5797 0.7737
vn -0.2554 -0.5798 -0.7737
vn -0.2554 0.5798 -0.7737
vn 0.2554 0.5797 0.7738
vn -0.2553 0.5797 -0.7738
vn 0.5851 0.8109 -0.0000
vn 0.3132 0.4340 -0.8447
vn 0.3131 0.4340 -0.8447
vn -0.3132 -0.4340 -0.8447
vn -0.3131 -0.4340 -0.8448
vn 0.3131 0.4340 0.8448
vn 0.3132 0.4340 0.8447
vn -0.5851 -0.8109 -0.0000
vn -0.3132 -0.4340 0.8447
vn -0.3131 -0.4340 0.8448
vn -0.5851 0.8109 -0.0000
vn -0.3132 0.4340 -0.8447
vn -0.3131 0.4340 -0.8447
vn 0.3131 -0.4340 -0.8448
vn 0.3132 -0.4340 -0.8447
vn -0.3131 0.4340 0.8448
vn -0.3132 0.4340 0.8447
vn 0.5851 -0.8109 -0.0000
vn 0.3131 -0.4340 0.8448
vn 0.3132 -0.4340 0.8447
vt 0.894524 1.001367
vt 0.903364 1.001367
vt 0.903287 0.843816
vt 0.894165 0.843816
vt 0.932838 1.000399
vt 0.937697 1.000399
vt 0.937621 0.843998
vt 0.932914 0.843998
vt 0.885402 1.001367
vt 0.885326 0.843816
vt 0.946753 1.000399
vt 0.955528 1.000399
vt 0.955452 0.843998
vt 0.946397 0.843998
vt 0.857804 1.001367
vt 0.862546 1.001367
vt 0.862622 0.843816
vt 0.857728 0.843816
vt 0.880508 1.001367
vt 0.880584 0.843816
vt 0.915008 1.000399
vt 0.923783 1.000399
vt 0.924139 0.843998
vt 0.915083 0.843998
vt 0.871385 1.001367
vt 0.871744 0.843816
vt 0.910300 1.000399
vt 0.910225 0.843998
vt 0.885857 0.843816
vt 0.894585 0.843816
vt 0.894635 1.001367
vt 0.885867 1.001367
vt 0.881144 0.843816
vt 0.881134 1.001367
vt 0.872415 0.843816
vt 0.872366 1.001367
vt 0.863647 0.843816
vt 0.863637 1.001367
vt 0.858914 0.843816
vt 0.858924 1.001367
vt 0.938083 0.843998
vt 0.946748 0.843998
vt 0.946797 1.000399
vt 0.938093 1.000399
vt 0.916036 0.843998
vt 0.924739 0.843998
vt 0.924691 1.000399
vt 0.916025 1.000399
vt 0.903353 0.843816
vt 0.933405 0.843998
vt 0.933395 1.000399
vt 0.911337 0.843998
vt 0.911347 1.000399
vt 0.955463 1.000399
vt 0.991657 0.999919
vt 0.997560 0.999919
vt 0.997448 0.843967
vt 0.991657 0.843967
vt 0.965023 0.999919
vt 0.969597 0.999919
vt 0.969485 0.843967
vt 0.964911 0.843967
vt 0.985753 0.999919
vt 0.985866 0.843967
vt 0.975388 0.999919
vt 0.975388 0.843967
vt 0.981179 0.999919
vt 0.981292 0.843967
s 1
usemtl defaultMaterial_0
f 2860/1502/1854 2861/1503/1855 2863/1504/1856
f 2860/1502/1854 2863/1504/1856 2865/1505/1854
f 2866/1506/1857 2867/1507/1858 2868/1508/1859
f 2866/1506/1857 2868/1508/1859 2869/1509/1860
f 2870/1510/1858 2860/1502/1854 2865/1505/1854
f 2870/1510/1858 2865/1505/1854 2871/1511/1859
f 2872/1512/1854 2874/1513/1855 2876/1514/1856
f 2872/1512/1854 2876/1514/1856 2878/1515/1854
f 2862/1516/1855 2879/1517/1861 2880/1518/1862
f 2862/1516/1855 2880/1518/1862 2864/1519/1863
f 2881/1520/1857 2870/1510/1858 2871/1511/1859
f 2881/1520/1857 2871/1511/1859 2882/1521/1860
f 2883/1522/1861 2884/1523/1864 2886/1524/1864
f 2883/1522/1861 2886/1524/1864 2887/1525/1862
f 2867/1507/1858 2872/1512/1854 2878/1515/1854
f 2867/1507/1858 2878/1515/1854 2868/1508/1859
f 2888/1526/1864 2881/1520/1857 2882/1521/1860
f 2888/1526/1864 2882/1521/1860 2890/1527/1864
f 2875/1528/1855 2883/1522/1861 2887/1525/1862
f 2875/1528/1855 2887/1525/1862 2877/1529/1863
f 2884/1523/1864 2866/1506/1857 2869/1509/1860
f 2884/1523/1864 2869/1509/1860 2886/1524/1864
f 2879/1517/1861 2888/1526/1864 2890/1527/1864
f 2879/1517/1861 2890/1527/1864 2880/1518/1862
f 2891/1502/1854 2865/1505/1854 2863/1504/1856
f 2891/1502/1854 2863/1504/1856 2893/1503/1865
f 2895/1506/1866 2869/1509/1860 2868/1508/1859
f 2895/1506/1866 2868/1508/1859 2896/1507/1867
f 2897/1510/1867 2871/1511/1859 2865/1505/1854
f 2897/1510/1867 2865/1505/1854 2891/1502/1854
f 2898/1512/1854 2878/1515/1854 2876/1514/1856
f 2898/1512/1854 2876/1514/1856 2900/1513/1865
f 2894/1516/1865 2864/1519/1863 2880/1518/1862
f 2894/1516/1865 2880/1518/1862 2902/1517/1868
f 2903/1520/1866 2882/1521/1860 2871/1511/1859
f 2903/1520/1866 2871/1511/1859 2897/1510/1867
f 2904/1522/1868 2887/1525/1862 2886/1524/1864
f 2904/1522/1868 2886/1524/1864 2905/1523/1864
f 2896/1507/1867 2868/1508/1859 2878/1515/1854
f 2896/1507/1867 2878/1515/1854 2898/1512/1854
f 2907/1526/1864 2890/1527/1864 2882/1521/1860
f 2907/1526/1864 2882/1521/1860 2903/1520/1866
f 2901/1528/1865 2877/1529/1863 2887/1525/1862
f 2901/1528/1865 2887/1525/1862 2904/1522/1868
f 2905/1523/1864 2886/1524/1864 2869/1509/1860
f 2905/1523/1864 2869/1509/1860 2895/1506/1866
f 2902/1517/1868 2880/1518/1862 2890/1527/1864
f 2902/1517/1868 2890/1527/1864 2907/1526/1864
f 2909/1530/1869 2910/1531/1854 2911/1532/1854
f 2909/1530/1869 2911/1532/1854 2912/1533/1870
f 2913/1534/1871 2909/1530/1869 2912/1533/1870
f 2913/1534/1871 2912/1533/1870 2914/1535/1872
f 2889/1536/1864 2913/1534/1871 2914/1535/1872
f 2889/1536/1864 2914/1535/1872 2915/1537/1864
f 2916/1538/1873 2889/1536/1864 2915/1537/1864
f 2916/1538/1873 2915/1537/1864 2917/1539/1874
f 2918/1540/1875 2916/1538/1873 2917/1539/1874
f 2918/1540/1875 2917/1539/1874 2920/1541/1876
f 2922/1542/1877 2873/1543/1854 2923/1544/1854
f 2922/1542/1877 2923/1544/1854 2924/1545/1870
f 2925/1546/1873 2885/1547/1864 2926/1548/1864
f 2925/1546/1873 2926/1548/1864 2927/1549/1874
f 2910/1531/1854 2919/1550/1875 2921/1503/1878
f 2910/1531/1854 2921/1503/1878 2911/1532/1854
f 2928/1551/1871 2922/1542/1877 2924/1545/1870
f 2928/1551/1871 2924/1545/1870 2929/1552/1872
f 2930/1553/1875 2925/1546/1873 2927/1549/1874
f 2930/1553/1875 2927/1549/1874 2932/1554/1876
f 2873/1543/1854 2931/1514/1879 2933/1555/1878
f 2873/1543/1854 2933/1555/1878 2923/1544/1854
f 2885/1547/1864 2928/1551/1871 2929/1552/1872
f 2885/1547/1864 2929/1552/1872 2926/1548/1864
f 2934/1530/1880 2912/1533/1870 2911/1532/1854
f 2934/1530/1880 2911/1532/1854 2892/1531/1854
f 2935/1534/1881 2914/1535/1872 2912/1533/1870
f 2935/1534/1881 2912/1533/1870 2934/1530/1880
f 2908/1536/1864 2915/1537/1864 2914/1535/1872
f 2908/1536/1864 2914/1535/1872 2935/1534/1881
f 2936/1538/1882 2917/1539/1874 2915/1537/1864
f 2936/1538/1882 2915/1537/1864 2908/1536/1864
f 2937/1540/1883 2920/1541/1876 2917/1539/1874
f 2937/1540/1883 2917/1539/1874 2936/1538/1882
f 2939/1542/1884 2924/1545/1870 2923/1544/1854
f 2939/1542/1884 2923/1544/1854 2899/1543/1854
f 2940/1546/1882 2927/1549/1874 2926/1548/1864
f 2940/1546/1882 2926/1548/1864 2906/1547/1864
f 2892/1531/1854 2911/1532/1854 2921/1503/1878
f 2892/1531/1854 2921/1503/1878 2938/1550/1885
f 2941/1551/1881 2929/1552/1872 2924/1545/1870
f 2941/1551/1881 2924/1545/1870 2939/1542/1884
f 2942/1553/1883 2932/1554/1876 2927/1549/1874
f 2942/1553/1883 2927/1549/1874 2940/1546/1882
f 2899/1543/1854 2923/1544/1854 2933/1555/1878
f 2899/1543/1854 2933/1555/1878 2943/1514/1885
f 2906/1547/1864 2926/1548/1864 2929/1552/1872
f 2906/1547/1864 2929/1552/1872 2941/1551/1881
f 2944/1556/1886 2945/1557/1887 2947/1558/1888
f 2944/1556/1886 2947/1558/1888 2949/1559/1886
f 2946/1560/1887 2950/1561/1889 2951/1562/1890
f 2946/1560/1887 2951/1562/1890 2948/1563/1887
f 2952/1564/1891 2944/1556/1886 2949/1559/1886
f 2952/1564/1891 2949/1559/1886 2953/1565/1892
f 2950/1561/1889 2954/1566/1893 2955/1567/1893
f 2950/1561/1889 2955/1567/1893 2951/1562/1890
f 2954/1566/1893 2956/1568/1894 2957/1569/1895
f 2954/1566/1893 2957/1569/1895 2955/1567/1893
f 2956/1568/1894 2952/1564/1891 2953/1565/1892
f 2956/1568/1894 2953/1565/1892 2957/1569/1895
f 2958/1556/1896 2959/1559/1896 2960/1558/1897
f 2958/1556/1896 2960/1558/1897 2962/1557/1898
f 2963/1560/1897 2961/1563/1897 2964/1562/1899
f 2963/1560/1897 2964/1562/1899 2965/1561/1900
f 2966/1564/1901 2967/1565/1902 2959/1559/1896
f 2966/1564/1901 2959/1559/1896 2958/1556/1896
f 2965/1561/1900 2964/1562/1899 2968/1567/1903
f 2965/1561/1900 2968/1567/1903 2969/1566/1903
f 2969/1566/1903 2968/1567/1903 2970/1569/1904
f 2969/1566/1903 2970/1569/1904 2971/1568/1905
f 2971/1568/1905 2970/1569/1904 2967/1565/1902
f 2971/1568/1905 2967/1565/1902 2966/1564/1901
