# Blender 5.1.2
# www.blender.org
mtllib Untitled.mtl
o defaultMaterial
v 0.460167 7.880261 2.878659
v -0.009070 7.824898 2.852062
v -0.009070 7.638156 2.499640
v 0.531510 7.702335 2.529893
v 0.369778 8.217074 2.944993
v 0.369778 8.217074 2.944993
v -0.009070 8.172620 2.924037
v -0.009070 8.172620 2.924037
v 0.369778 8.305849 2.641919
v -0.009070 8.261395 2.620963
v 0.460167 8.024173 2.388364
v -0.009070 7.968810 2.361767
v 0.877664 8.042579 2.956639
v 1.014322 7.890497 2.618589
v 0.704208 8.347408 3.006429
v 0.704208 8.347408 3.006429
v 0.704208 8.436184 2.703356
v 0.877664 8.186491 2.466343
v 1.236177 8.300789 3.080687
v 1.428922 8.189818 2.759684
v 0.991389 8.554740 3.104162
v 0.991389 8.554740 3.104162
v 0.991389 8.643515 2.801088
v 1.236177 8.444701 2.590390
v 1.511274 8.637296 3.242348
v 1.747055 8.579902 2.943563
v 1.211751 8.824940 3.231530
v 1.211751 8.824940 3.231530
v 1.211751 8.913715 2.928456
v 1.511274 8.781206 2.752052
v 1.684207 9.029163 3.430607
v 1.947043 9.034164 3.157694
v 1.350277 9.139595 3.379853
v 1.350277 9.139595 3.379853
v 1.350277 9.228369 3.076778
v 1.684207 9.173077 2.940311
v 1.743191 9.449692 3.632634
v 2.015254 9.521647 3.387485
v 1.397525 9.477261 3.539022
v 1.397525 9.477261 3.539022
v 1.397525 9.566035 3.235948
v 1.743191 9.593603 3.142338
v -0.009070 11.405139 4.275331
v 0.531510 11.340961 4.245079
v 0.460167 11.163033 3.896312
v -0.009070 11.218398 3.922909
v 0.369778 10.826221 3.829978
v -0.009070 10.870676 3.850934
v 0.369778 10.737447 4.133053
v 0.369778 10.737447 4.133053
v -0.009070 10.781900 4.154007
v -0.009070 10.781900 4.154007
v 0.460167 11.019123 4.386607
v -0.009070 11.074486 4.413205
v 1.014322 11.152799 4.156382
v 0.877664 11.000716 3.818332
v 0.704208 10.695887 3.768541
v 0.704208 10.607112 4.071615
v 0.704208 10.607112 4.071615
v 0.877664 10.856804 4.308628
v 1.428922 10.853477 4.015286
v 1.236177 10.742506 3.694285
v 0.991389 10.488555 3.670809
v 0.991389 10.399780 3.973883
v 0.991389 10.399780 3.973883
v 1.236177 10.598595 4.184580
v 1.747055 10.463393 3.831408
v 1.511274 10.406000 3.532623
v 1.211751 10.218355 3.543441
v 1.211751 10.129581 3.846515
v 1.211751 10.129581 3.846515
v 1.511274 10.262089 4.022919
v 1.947043 10.009131 3.617277
v 1.684207 10.014132 3.344365
v 1.350277 9.903700 3.395119
v 1.350277 9.814926 3.698193
v 1.350277 9.814926 3.698193
v 1.684207 9.870219 3.834660
v -0.478306 7.880261 2.878659
v -0.549649 7.702335 2.529893
v -0.387917 8.217074 2.944993
v -0.387917 8.217074 2.944993
v -0.387917 8.305849 2.641919
v -0.478306 8.024173 2.388364
v -0.895804 8.042579 2.956639
v -1.032461 7.890497 2.618589
v -0.722347 8.347408 3.006429
v -0.722347 8.347408 3.006429
v -0.722347 8.436184 2.703356
v -0.895804 8.186491 2.466343
v -1.254317 8.300789 3.080687
v -1.447061 8.189818 2.759684
v -1.009528 8.554740 3.104162
v -1.009528 8.554740 3.104162
v -1.009528 8.643515 2.801088
v -1.254317 8.444701 2.590390
v -1.529413 8.637296 3.242348
v -1.765195 8.579902 2.943563
v -1.229890 8.824940 3.231530
v -1.229890 8.824940 3.231530
v -1.229890 8.913715 2.928456
v -1.529413 8.781206 2.752052
v -1.702346 9.029163 3.430607
v -1.965182 9.034164 3.157694
v -1.368416 9.139595 3.379853
v -1.368416 9.139595 3.379853
v -1.368416 9.228369 3.076778
v -1.702346 9.173077 2.940311
v -1.761331 9.449692 3.632634
v -2.033394 9.521647 3.387485
v -1.415664 9.477261 3.539022
v -1.415664 9.477261 3.539022
v -1.415664 9.566035 3.235948
v -1.761331 9.593603 3.142338
v -0.478306 11.163033 3.896312
v -0.549649 11.340961 4.245079
v -0.387917 10.826221 3.829978
v -0.387917 10.737447 4.133053
v -0.387917 10.737447 4.133053
v -0.478306 11.019123 4.386607
v -0.895804 11.000716 3.818332
v -1.032461 11.152799 4.156382
v -0.722347 10.695887 3.768541
v -0.722347 10.607112 4.071615
v -0.722347 10.607112 4.071615
v -0.895804 10.856804 4.308628
v -1.254317 10.742506 3.694285
v -1.447061 10.853477 4.015286
v -1.009528 10.488555 3.670809
v -1.009528 10.399780 3.973883
v -1.009528 10.399780 3.973883
v -1.254317 10.598595 4.184580
v -1.529413 10.406000 3.532623
v -1.765195 10.463393 3.831408
v -1.229890 10.218355 3.543441
v -1.229890 10.129581 3.846515
v -1.229890 10.129581 3.846515
v -1.529413 10.262089 4.022919
v -1.702346 10.014132 3.344365
v -1.965182 10.009131 3.617277
v -1.368416 9.903700 3.395119
v -1.368416 9.814926 3.698193
v -1.368416 9.814926 3.698193
v -1.702346 9.870219 3.834660
v 0.238426 10.389195 3.775582
v 0.309781 10.022982 3.620883
v -0.008865 10.022982 3.620883
v -0.008865 10.389195 3.775582
v 0.453239 9.844012 3.545286
v -0.008865 9.844015 3.545283
v 0.833929 9.651376 3.599576
v 0.833929 9.651376 3.599576
v 0.795131 9.751817 3.506343
v 0.495514 9.750766 3.642634
v 0.495514 9.750766 3.642634
v 0.767188 9.049722 3.386323
v 0.291275 8.960858 3.374752
v 0.253296 9.139872 3.247834
v 0.728390 9.211091 3.277925
v 0.795131 9.751817 3.506343
v 1.442144 9.723078 3.494207
v 1.455476 9.361554 3.341506
v -0.008865 9.211095 3.277921
v -0.008865 9.751821 3.506337
v 1.495688 9.240149 3.380002
v 0.272593 10.833325 4.126398
v -0.008865 10.833325 4.126398
v -0.008865 10.368210 3.918568
v 0.294655 10.368210 3.918568
v 0.357769 9.980424 3.741373
v 0.357769 9.980424 3.741373
v 0.291275 8.960858 3.374752
v -0.746119 9.211091 3.277925
v -0.271025 9.139872 3.247834
v -0.008865 10.853000 3.971501
v 0.220449 10.853000 3.971501
v 1.482355 9.619180 3.571276
v 1.482355 9.619180 3.571276
v 1.442144 9.723078 3.494207
v -0.008865 9.980424 3.741373
v -0.008865 8.927593 3.362431
v 0.767188 9.049722 3.386323
v 0.272593 10.833325 4.126398
v 0.294655 10.368210 3.918568
v -0.008865 8.927593 3.362431
v -0.008865 9.109123 3.234846
v 1.495688 9.240149 3.380002
v -0.256155 10.389195 3.775582
v -0.327510 10.022982 3.620883
v -0.470968 9.844012 3.545286
v -0.851658 9.651376 3.599576
v -0.851658 9.651376 3.599576
v -0.513243 9.750766 3.642634
v -0.513243 9.750766 3.642634
v -0.812860 9.751817 3.506343
v -0.784917 9.049722 3.386323
v -0.309004 8.960858 3.374752
v -0.812860 9.751817 3.506343
v -1.473206 9.361554 3.341506
v -1.459873 9.723078 3.494207
v -1.513417 9.240149 3.380002
v -0.290322 10.833325 4.126398
v -0.312384 10.368210 3.918568
v -0.309004 8.960858 3.374752
v -0.375499 9.980424 3.741373
v -0.375499 9.980424 3.741373
v -0.008865 9.139872 3.247834
v -0.238178 10.853000 3.971501
v -1.500084 9.619180 3.571276
v -1.500084 9.619180 3.571276
v -1.459873 9.723078 3.494207
v -0.784917 9.049722 3.386323
v -0.290322 10.833325 4.126398
v -0.312384 10.368210 3.918568
v -1.513417 9.240149 3.380002
vn 0.0529 -0.5941 0.8026
vn -0.0000 -0.5997 0.8002
vn -0.0000 -0.9415 -0.3370
vn 0.2643 -0.9081 -0.3249
vn -0.2201 0.4829 0.8476
vn -0.0000 0.5122 0.8589
vn -0.1983 0.9367 -0.2886
vn -0.0000 0.9602 -0.2792
vn -0.0000 0.5121 0.8589
vn -0.2201 0.4828 0.8476
vn 0.0723 0.1760 -0.9817
vn -0.0000 0.1654 -0.9862
vn 0.1044 -0.5775 0.8097
vn 0.5128 -0.8085 -0.2888
vn -0.4257 0.3980 0.8126
vn -0.3881 0.8661 -0.3149
vn -0.4257 0.3979 0.8127
vn 0.1380 0.2059 -0.9688
vn 0.1504 -0.5506 0.8211
vn 0.7190 -0.6547 -0.2333
vn -0.5921 0.2684 0.7599
vn -0.5496 0.7554 -0.3568
vn -0.5921 0.2683 0.7599
vn 0.1887 0.2503 -0.9496
vn 0.1891 -0.5141 0.8366
vn 0.8732 -0.4592 -0.1633
vn -0.7116 0.1065 0.6945
vn -0.6756 0.6117 -0.4117
vn -0.7116 0.1064 0.6945
vn 0.2219 0.3039 -0.9265
vn 0.2181 -0.4691 0.8558
vn 0.9680 -0.2363 -0.0838
vn -0.7794 -0.0741 0.6221
vn -0.7589 0.4438 -0.4765
vn -0.7794 -0.0742 0.6221
vn 0.2369 0.3611 -0.9019
vn 0.2349 -0.4173 0.8779
vn 1.0000 -0.0000 -0.0000
vn -0.7947 -0.2612 0.5480
vn -0.7946 0.2613 -0.5480
vn -0.7946 -0.2613 0.5480
vn 0.2349 0.4173 -0.8779
vn -0.0000 0.9415 0.3370
vn 0.2643 0.9081 0.3249
vn 0.0529 0.5941 -0.8026
vn -0.0000 0.5997 -0.8002
vn -0.2201 -0.4829 -0.8476
vn -0.0000 -0.5122 -0.8589
vn -0.1983 -0.9367 0.2886
vn -0.0000 -0.9602 0.2793
vn -0.0000 -0.9602 0.2792
vn -0.1983 -0.9367 0.2885
vn 0.0723 -0.1760 0.9817
vn -0.0000 -0.1654 0.9862
vn 0.5128 0.8085 0.2888
vn 0.1044 0.5775 -0.8097
vn -0.4257 -0.3979 -0.8127
vn -0.3881 -0.8661 0.3150
vn -0.3881 -0.8661 0.3149
vn 0.1380 -0.2059 0.9688
vn 0.7190 0.6547 0.2333
vn 0.1504 0.5506 -0.8211
vn -0.5921 -0.2683 -0.7599
vn -0.5496 -0.7554 0.3568
vn 0.1887 -0.2503 0.9496
vn 0.8732 0.4592 0.1634
vn 0.1891 0.5141 -0.8366
vn -0.7116 -0.1065 -0.6945
vn -0.6756 -0.6117 0.4117
vn 0.2219 -0.3039 0.9265
vn 0.9680 0.2363 0.0838
vn 0.2181 0.4691 -0.8558
vn -0.7794 0.0742 -0.6221
vn -0.7589 -0.4438 0.4765
vn -0.7590 -0.4437 0.4765
vn 0.2369 -0.3611 0.9019
vn -0.0529 -0.5941 0.8026
vn -0.2643 -0.9081 -0.3249
vn 0.2201 0.4829 0.8476
vn 0.1983 0.9367 -0.2886
vn 0.2201 0.4828 0.8476
vn -0.0723 0.1760 -0.9817
vn -0.1044 -0.5775 0.8097
vn -0.5128 -0.8085 -0.2888
vn 0.4257 0.3980 0.8126
vn 0.3881 0.8661 -0.3149
vn 0.4257 0.3979 0.8127
vn -0.1380 0.2059 -0.9688
vn -0.1504 -0.5506 0.8211
vn -0.7190 -0.6547 -0.2333
vn 0.5921 0.2683 0.7599
vn 0.5495 0.7554 -0.3568
vn -0.1887 0.2503 -0.9496
vn -0.1891 -0.5141 0.8366
vn -0.8732 -0.4592 -0.1633
vn 0.7116 0.1065 0.6944
vn 0.6755 0.6117 -0.4117
vn 0.7116 0.1064 0.6945
vn -0.2219 0.3039 -0.9265
vn -0.2181 -0.4691 0.8558
vn -0.9680 -0.2363 -0.0838
vn 0.7795 -0.0742 0.6221
vn 0.7589 0.4438 -0.4765
vn 0.7794 -0.0742 0.6221
vn -0.2369 0.3611 -0.9019
vn -0.2349 -0.4173 0.8779
vn -1.0000 -0.0000 -0.0000
vn 0.7947 -0.2613 0.5479
vn 0.7946 0.2613 -0.5480
vn 0.7946 -0.2613 0.5480
vn -0.2349 0.4176 -0.8777
vn -0.0529 0.5941 -0.8026
vn -0.2643 0.9081 0.3249
vn 0.2201 -0.4829 -0.8476
vn 0.1983 -0.9367 0.2886
vn -0.0723 -0.1760 0.9817
vn 0.1983 -0.9367 0.2885
vn -0.1044 0.5775 -0.8097
vn -0.5128 0.8085 0.2888
vn 0.4257 -0.3979 -0.8127
vn 0.3881 -0.8661 0.3150
vn -0.1380 -0.2059 0.9688
vn 0.3881 -0.8662 0.3149
vn -0.1504 0.5506 -0.8211
vn -0.7190 0.6547 0.2333
vn 0.5921 -0.2683 -0.7599
vn 0.5496 -0.7554 0.3568
vn -0.1887 -0.2503 0.9496
vn 0.5495 -0.7555 0.3568
vn -0.1891 0.5141 -0.8366
vn -0.8732 0.4592 0.1633
vn 0.7116 -0.1065 -0.6945
vn 0.6755 -0.6117 0.4117
vn -0.2219 -0.3039 0.9265
vn 0.6755 -0.6117 0.4116
vn -0.2181 0.4691 -0.8558
vn -0.9680 0.2363 0.0838
vn 0.7794 0.0742 -0.6221
vn 0.7589 -0.4438 0.4765
vn -0.2369 -0.3611 0.9019
vn 0.5574 0.3766 -0.7399
vn 0.5441 0.5114 -0.6651
vn -0.0000 0.3891 -0.9212
vn 0.3218 0.7159 -0.6197
vn 0.1301 0.1995 0.9712
vn 0.1691 0.6976 0.6963
vn 0.4318 0.2162 0.8757
vn 0.1318 -0.4866 -0.8636
vn 0.1146 -0.5555 -0.8236
vn 0.0519 0.0128 -0.9986
vn 0.0585 0.0436 -0.9973
vn 0.0742 -0.0206 -0.9970
vn 0.1351 -0.4268 -0.8942
vn -0.0000 -0.4080 0.9130
vn -0.0000 -0.4118 0.9113
vn -0.0000 -0.4120 0.9112
vn 0.5895 -0.0777 0.8040
vn 0.0436 -0.3380 0.9401
vn 0.4318 0.2163 0.8757
vn -0.0585 0.0436 -0.9973
vn -0.0519 0.0128 -0.9986
vn 0.5655 0.3434 -0.7498
vn 0.0714 0.1573 0.9850
vn 0.0543 0.6516 0.7566
vn -0.0000 -0.3773 0.9261
vn -0.0000 -0.3387 0.9409
vn 0.0497 -0.3581 0.9324
vn 0.9324 0.1771 -0.3150
vn 0.9237 0.2342 -0.3033
vn -0.0000 -0.5695 -0.8220
vn -0.0000 -0.1015 -0.9948
vn 0.0672 -0.3836 0.9211
vn 0.0713 0.1574 0.9850
vn -0.5574 0.3766 -0.7399
vn -0.5441 0.5114 -0.6651
vn -0.3217 0.7159 -0.6197
vn -0.1301 0.1995 0.9712
vn -0.4318 0.2163 0.8757
vn -0.1691 0.6976 0.6963
vn -0.1318 -0.4866 -0.8636
vn -0.1146 -0.5556 -0.8235
vn -0.0742 -0.0206 -0.9970
vn -0.1351 -0.4268 -0.8942
vn -0.4318 0.2163 0.8756
vn -0.0436 -0.3380 0.9401
vn -0.5895 -0.0777 0.8040
vn -0.5655 0.3434 -0.7498
vn -0.0713 0.1573 0.9850
vn -0.0543 0.6516 0.7566
vn -0.0497 -0.3581 0.9324
vn -0.9324 0.1771 -0.3150
vn -0.9237 0.2342 -0.3033
vn -0.0713 0.1574 0.9850
vn -0.0672 -0.3836 0.9211
vt 0.024670 0.272862
vt 0.024670 0.296440
vt 0.005806 0.296440
vt 0.005806 0.272862
vt 0.043534 0.272862
vt 0.043534 0.296440
vt 0.062397 0.296440
vt 0.062397 0.272862
vt 0.024670 0.248986
vt 0.005806 0.248986
vt 0.043534 0.248986
vt 0.062397 0.248986
vt 0.024670 0.225110
vt 0.005806 0.225110
vt 0.043534 0.225110
vt 0.062397 0.225110
vt 0.024670 0.201233
vt 0.005806 0.201233
vt 0.043534 0.201233
vt 0.062397 0.201233
vt 0.024670 0.177357
vt 0.005806 0.177357
vt 0.043534 0.177357
vt 0.062397 0.177357
vt 0.024670 0.153480
vt 0.005806 0.153480
vt 0.043534 0.153480
vt 0.062397 0.153480
vt 0.005806 0.010222
vt 0.005806 0.034098
vt 0.024670 0.034098
vt 0.024670 0.010222
vt 0.043534 0.034098
vt 0.043534 0.010222
vt 0.062397 0.034098
vt 0.062397 0.010222
vt 0.005806 0.057975
vt 0.024670 0.057975
vt 0.043534 0.057975
vt 0.062397 0.057975
vt 0.005806 0.081851
vt 0.024670 0.081851
vt 0.043534 0.081851
vt 0.062397 0.081851
vt 0.005806 0.105727
vt 0.024670 0.105727
vt 0.043534 0.105727
vt 0.062397 0.105727
vt 0.005806 0.129604
vt 0.024670 0.129604
vt 0.043534 0.129604
vt 0.062397 0.129604
vt 0.901974 0.449181
vt 0.906347 0.476742
vt 0.884808 0.476742
vt 0.884808 0.449181
vt 0.916002 0.489367
vt 0.884808 0.489015
vt 0.942668 0.485448
vt 0.939979 0.495159
vt 0.920075 0.481129
vt 0.937343 0.547656
vt 0.902459 0.551257
vt 0.902433 0.537513
vt 0.934783 0.532662
vt 0.986134 0.497412
vt 0.986134 0.522755
vt 0.884808 0.532420
vt 0.884808 0.495338
vt 0.986134 0.538986
vt 0.900729 0.413311
vt 0.884808 0.413311
vt 0.986134 0.489329
vt 0.884808 0.539413
vt 0.909202 0.413480
vt 0.910159 0.446149
vt 0.914247 0.474618
vt 0.884808 0.551056
vt 0.884808 0.537304
s 1
usemtl defaultMaterial.003
f 1/1/1 2/2/2 3/3/3
f 1/1/1 3/3/3 4/4/4
f 5/5/5 7/6/6 2/2/2
f 5/5/5 2/2/2 1/1/1
f 9/5/7 10/6/8 8/7/9
f 9/5/7 8/7/9 6/8/10
f 11/1/11 12/2/12 10/6/8
f 11/1/11 10/6/8 9/5/7
f 4/4/4 3/3/3 12/2/12
f 4/4/4 12/2/12 11/1/11
f 13/9/13 1/1/1 4/4/4
f 13/9/13 4/4/4 14/10/14
f 15/11/15 5/5/5 1/1/1
f 15/11/15 1/1/1 13/9/13
f 17/11/16 9/5/7 6/8/10
f 17/11/16 6/8/10 16/12/17
f 18/9/18 11/1/11 9/5/7
f 18/9/18 9/5/7 17/11/16
f 14/10/14 4/4/4 11/1/11
f 14/10/14 11/1/11 18/9/18
f 19/13/19 13/9/13 14/10/14
f 19/13/19 14/10/14 20/14/20
f 21/15/21 15/11/15 13/9/13
f 21/15/21 13/9/13 19/13/19
f 23/15/22 17/11/16 16/12/17
f 23/15/22 16/12/17 22/16/23
f 24/13/24 18/9/18 17/11/16
f 24/13/24 17/11/16 23/15/22
f 20/14/20 14/10/14 18/9/18
f 20/14/20 18/9/18 24/13/24
f 25/17/25 19/13/19 20/14/20
f 25/17/25 20/14/20 26/18/26
f 27/19/27 21/15/21 19/13/19
f 27/19/27 19/13/19 25/17/25
f 29/19/28 23/15/22 22/16/23
f 29/19/28 22/16/23 28/20/29
f 30/17/30 24/13/24 23/15/22
f 30/17/30 23/15/22 29/19/28
f 26/18/26 20/14/20 24/13/24
f 26/18/26 24/13/24 30/17/30
f 31/21/31 25/17/25 26/18/26
f 31/21/31 26/18/26 32/22/32
f 33/23/33 27/19/27 25/17/25
f 33/23/33 25/17/25 31/21/31
f 35/23/34 29/19/28 28/20/29
f 35/23/34 28/20/29 34/24/35
f 36/21/36 30/17/30 29/19/28
f 36/21/36 29/19/28 35/23/34
f 32/22/32 26/18/26 30/17/30
f 32/22/32 30/17/30 36/21/36
f 37/25/37 31/21/31 32/22/32
f 37/25/37 32/22/32 38/26/38
f 39/27/39 33/23/33 31/21/31
f 39/27/39 31/21/31 37/25/37
f 41/27/40 35/23/34 34/24/35
f 41/27/40 34/24/35 40/28/41
f 42/25/42 36/21/36 35/23/34
f 42/25/42 35/23/34 41/27/40
f 38/26/38 32/22/32 36/21/36
f 38/26/38 36/21/36 42/25/42
f 43/29/43 44/30/44 45/31/45
f 43/29/43 45/31/45 46/32/46
f 46/32/46 45/31/45 47/33/47
f 46/32/46 47/33/47 48/34/48
f 48/34/48 47/33/47 49/35/49
f 48/34/48 49/35/49 51/36/50
f 52/34/51 50/33/52 53/31/53
f 52/34/51 53/31/53 54/32/54
f 54/32/54 53/31/53 44/30/44
f 54/32/54 44/30/44 43/29/43
f 44/30/44 55/37/55 56/38/56
f 44/30/44 56/38/56 45/31/45
f 45/31/45 56/38/56 57/39/57
f 45/31/45 57/39/57 47/33/47
f 47/33/47 57/39/57 58/40/58
f 47/33/47 58/40/58 49/35/49
f 50/33/52 59/39/59 60/38/60
f 50/33/52 60/38/60 53/31/53
f 53/31/53 60/38/60 55/37/55
f 53/31/53 55/37/55 44/30/44
f 55/37/55 61/41/61 62/42/62
f 55/37/55 62/42/62 56/38/56
f 56/38/56 62/42/62 63/43/63
f 56/38/56 63/43/63 57/39/57
f 57/39/57 63/43/63 64/44/64
f 57/39/57 64/44/64 58/40/58
f 59/39/59 65/43/64 66/42/65
f 59/39/59 66/42/65 60/38/60
f 60/38/60 66/42/65 61/41/61
f 60/38/60 61/41/61 55/37/55
f 61/41/61 67/45/66 68/46/67
f 61/41/61 68/46/67 62/42/62
f 62/42/62 68/46/67 69/47/68
f 62/42/62 69/47/68 63/43/63
f 63/43/63 69/47/68 70/48/69
f 63/43/63 70/48/69 64/44/64
f 65/43/64 71/47/69 72/46/70
f 65/43/64 72/46/70 66/42/65
f 66/42/65 72/46/70 67/45/66
f 66/42/65 67/45/66 61/41/61
f 67/45/66 73/49/71 74/50/72
f 67/45/66 74/50/72 68/46/67
f 68/46/67 74/50/72 75/51/73
f 68/46/67 75/51/73 69/47/68
f 69/47/68 75/51/73 76/52/74
f 69/47/68 76/52/74 70/48/69
f 71/47/69 77/51/75 78/50/76
f 71/47/69 78/50/76 72/46/70
f 72/46/70 78/50/76 73/49/71
f 72/46/70 73/49/71 67/45/66
f 73/49/71 38/26/38 42/25/42
f 73/49/71 42/25/42 74/50/72
f 74/50/72 42/25/42 41/27/40
f 74/50/72 41/27/40 75/51/73
f 75/51/73 41/27/40 40/28/41
f 75/51/73 40/28/41 76/52/74
f 77/51/75 39/27/39 37/25/37
f 77/51/75 37/25/37 78/50/76
f 78/50/76 37/25/37 38/26/38
f 78/50/76 38/26/38 73/49/71
f 79/1/77 80/4/78 3/3/3
f 79/1/77 3/3/3 2/2/2
f 81/5/79 79/1/77 2/2/2
f 81/5/79 2/2/2 7/6/6
f 83/5/80 82/8/81 8/7/9
f 83/5/80 8/7/9 10/6/8
f 84/1/82 83/5/80 10/6/8
f 84/1/82 10/6/8 12/2/12
f 80/4/78 84/1/82 12/2/12
f 80/4/78 12/2/12 3/3/3
f 85/9/83 86/10/84 80/4/78
f 85/9/83 80/4/78 79/1/77
f 87/11/85 85/9/83 79/1/77
f 87/11/85 79/1/77 81/5/79
f 89/11/86 88/12/87 82/8/81
f 89/11/86 82/8/81 83/5/80
f 90/9/88 89/11/86 83/5/80
f 90/9/88 83/5/80 84/1/82
f 86/10/84 90/9/88 84/1/82
f 86/10/84 84/1/82 80/4/78
f 91/13/89 92/14/90 86/10/84
f 91/13/89 86/10/84 85/9/83
f 93/15/91 91/13/89 85/9/83
f 93/15/91 85/9/83 87/11/85
f 95/15/92 94/16/91 88/12/87
f 95/15/92 88/12/87 89/11/86
f 96/13/93 95/15/92 89/11/86
f 96/13/93 89/11/86 90/9/88
f 92/14/90 96/13/93 90/9/88
f 92/14/90 90/9/88 86/10/84
f 97/17/94 98/18/95 92/14/90
f 97/17/94 92/14/90 91/13/89
f 99/19/96 97/17/94 91/13/89
f 99/19/96 91/13/89 93/15/91
f 101/19/97 100/20/98 94/16/91
f 101/19/97 94/16/91 95/15/92
f 102/17/99 101/19/97 95/15/92
f 102/17/99 95/15/92 96/13/93
f 98/18/95 102/17/99 96/13/93
f 98/18/95 96/13/93 92/14/90
f 103/21/100 104/22/101 98/18/95
f 103/21/100 98/18/95 97/17/94
f 105/23/102 103/21/100 97/17/94
f 105/23/102 97/17/94 99/19/96
f 107/23/103 106/24/104 100/20/98
f 107/23/103 100/20/98 101/19/97
f 108/21/105 107/23/103 101/19/97
f 108/21/105 101/19/97 102/17/99
f 104/22/101 108/21/105 102/17/99
f 104/22/101 102/17/99 98/18/95
f 109/25/106 110/26/107 104/22/101
f 109/25/106 104/22/101 103/21/100
f 111/27/108 109/25/106 103/21/100
f 111/27/108 103/21/100 105/23/102
f 113/27/109 112/28/110 106/24/104
f 113/27/109 106/24/104 107/23/103
f 114/25/111 113/27/109 107/23/103
f 114/25/111 107/23/103 108/21/105
f 110/26/107 114/25/111 108/21/105
f 110/26/107 108/21/105 104/22/101
f 43/29/43 46/32/46 115/31/112
f 43/29/43 115/31/112 116/30/113
f 46/32/46 48/34/48 117/33/114
f 46/32/46 117/33/114 115/31/112
f 48/34/48 51/36/50 118/35/115
f 48/34/48 118/35/115 117/33/114
f 52/34/51 54/32/54 120/31/116
f 52/34/51 120/31/116 119/33/117
f 54/32/54 43/29/43 116/30/113
f 54/32/54 116/30/113 120/31/116
f 116/30/113 115/31/112 121/38/118
f 116/30/113 121/38/118 122/37/119
f 115/31/112 117/33/114 123/39/120
f 115/31/112 123/39/120 121/38/118
f 117/33/114 118/35/115 124/40/121
f 117/33/114 124/40/121 123/39/120
f 119/33/117 120/31/116 126/38/122
f 119/33/117 126/38/122 125/39/123
f 120/31/116 116/30/113 122/37/119
f 120/31/116 122/37/119 126/38/122
f 122/37/119 121/38/118 127/42/124
f 122/37/119 127/42/124 128/41/125
f 121/38/118 123/39/120 129/43/126
f 121/38/118 129/43/126 127/42/124
f 123/39/120 124/40/121 130/44/127
f 123/39/120 130/44/127 129/43/126
f 125/39/123 126/38/122 132/42/128
f 125/39/123 132/42/128 131/43/129
f 126/38/122 122/37/119 128/41/125
f 126/38/122 128/41/125 132/42/128
f 128/41/125 127/42/124 133/46/130
f 128/41/125 133/46/130 134/45/131
f 127/42/124 129/43/126 135/47/132
f 127/42/124 135/47/132 133/46/130
f 129/43/126 130/44/127 136/48/133
f 129/43/126 136/48/133 135/47/132
f 131/43/129 132/42/128 138/46/134
f 131/43/129 138/46/134 137/47/135
f 132/42/128 128/41/125 134/45/131
f 132/42/128 134/45/131 138/46/134
f 134/45/131 133/46/130 139/50/136
f 134/45/131 139/50/136 140/49/137
f 133/46/130 135/47/132 141/51/138
f 133/46/130 141/51/138 139/50/136
f 135/47/132 136/48/133 142/52/139
f 135/47/132 142/52/139 141/51/138
f 137/47/135 138/46/134 144/50/140
f 137/47/135 144/50/140 143/51/139
f 138/46/134 134/45/131 140/49/137
f 138/46/134 140/49/137 144/50/140
f 140/49/137 139/50/136 114/25/111
f 140/49/137 114/25/111 110/26/107
f 139/50/136 141/51/138 113/27/109
f 139/50/136 113/27/109 114/25/111
f 141/51/138 142/52/139 112/28/110
f 141/51/138 112/28/110 113/27/109
f 143/51/139 144/50/140 109/25/106
f 143/51/139 109/25/106 111/27/108
f 144/50/140 140/49/137 110/26/107
f 144/50/140 110/26/107 109/25/106
f 145/53/141 146/54/142 147/55/143
f 145/53/141 147/55/143 148/56/143
f 146/54/142 149/57/144 150/58/143
f 146/54/142 150/58/143 147/55/143
f 151/59/145 153/60/146 149/57/144
f 151/59/145 149/57/144 154/61/147
f 156/62/148 157/63/149 158/64/150
f 156/62/148 158/64/150 159/65/151
f 160/60/143 161/66/143 162/67/152
f 160/60/143 162/67/152 159/65/151
s 0
f 163/68/143 164/69/143 160/60/143
s 1
f 163/68/143 160/60/143 159/65/151
f 165/70/153 156/62/148 159/65/151
f 165/70/153 159/65/151 162/67/152
f 166/71/154 167/72/154 168/56/155
f 166/71/154 168/56/155 169/53/156
f 170/54/157 172/64/158 155/57/159
f 173/65/160 163/68/143 174/64/161
f 145/53/141 148/56/143 175/72/143
f 145/53/141 175/72/143 176/71/162
f 177/73/163 179/66/164 153/60/146
f 177/73/163 153/60/146 151/59/145
f 170/54/157 169/53/156 168/56/155
f 170/54/157 168/56/155 180/55/165
f 172/64/158 170/54/157 180/55/165
f 172/64/158 180/55/165 181/74/166
f 172/64/158 182/65/167 152/60/145
f 172/64/158 152/60/145 155/57/159
f 183/75/168 184/76/169 145/53/141
f 183/75/168 145/53/141 176/71/162
f 184/76/169 171/77/157 146/54/142
f 184/76/169 146/54/142 145/53/141
f 157/63/149 185/78/170 186/74/171
f 157/63/149 186/74/171 158/64/150
f 152/60/145 182/65/167 187/67/172
f 152/60/145 187/67/172 178/66/173
f 171/77/157 154/61/147 149/57/144
f 171/77/157 149/57/144 146/54/142
f 188/53/174 148/56/143 147/55/143
f 188/53/174 147/55/143 189/54/175
f 147/55/143 150/58/143 190/57/176
f 147/55/143 190/57/176 189/54/175
f 191/59/177 193/61/178 190/57/176
f 191/59/177 190/57/176 195/60/179
f 196/62/180 173/65/160 174/64/161
f 196/62/180 174/64/161 197/63/181
f 198/60/143 173/65/160 199/67/182
f 198/60/143 199/67/182 200/66/143
f 190/57/176 164/69/143 198/60/143
f 201/70/183 199/67/182 173/65/160
f 201/70/183 173/65/160 196/62/180
f 202/71/154 203/53/156 168/56/155
f 202/71/154 168/56/155 167/72/154
f 194/57/184 204/64/185 205/54/186
f 186/74/171 207/79/143 158/64/150
f 188/53/174 208/71/187 175/72/143
f 188/53/174 175/72/143 148/56/143
f 209/73/188 191/59/177 195/60/179
f 209/73/188 195/60/179 211/66/189
f 205/54/186 180/55/165 168/56/155
f 205/54/186 168/56/155 203/53/156
f 204/64/185 181/74/166 180/55/165
f 204/64/185 180/55/165 205/54/186
f 204/64/185 194/57/184 192/60/177
f 204/64/185 192/60/177 212/65/190
f 213/75/191 208/71/187 188/53/174
f 213/75/191 188/53/174 214/76/192
f 214/76/192 188/53/174 189/54/175
f 214/76/192 189/54/175 206/77/186
f 197/63/181 174/64/161 186/74/171
f 197/63/181 186/74/171 185/78/170
f 192/60/177 210/66/193 215/67/194
f 192/60/177 215/67/194 212/65/190
f 206/77/186 189/54/175 190/57/176
f 206/77/186 190/57/176 193/61/178
f 160/60/143 164/69/143 149/57/144
s 0
f 198/60/143 164/69/143 163/68/143
s 1
f 198/60/143 163/68/143 173/65/160
f 159/65/151 158/64/150 163/68/143
f 186/74/171 174/64/161 207/79/143
f 207/79/143 163/68/143 158/64/150
f 207/79/143 174/64/161 163/68/143
f 150/58/143 149/57/144 164/69/143
f 150/58/143 164/69/143 190/57/176
o defaultMaterial.001
v 5.862785 4.555563 5.968722
v 5.862785 4.729944 5.054161
v 5.862785 4.729944 5.054161
v 5.862785 4.729944 5.054161
v 5.862785 4.729944 5.054161
v 5.755742 4.559894 5.054183
v 5.755742 4.398458 5.900848
v 5.862785 4.058967 6.744049
v 5.862785 4.058967 6.744049
v 5.755742 3.938730 6.618615
v 5.862785 3.315759 7.262107
v 5.862785 3.315759 7.262107
v 5.755742 3.250697 7.098212
v 5.862785 2.439085 7.444024
v 5.862785 2.439085 7.444024
v 5.755742 2.439106 7.266624
v 5.755742 2.439106 7.266624
v 5.862785 1.562411 7.262107
v 5.862785 1.562411 7.262107
v 5.755742 1.627516 7.098212
v 5.862785 0.819203 6.744049
v 5.862785 0.819203 6.744049
v 5.755742 0.939484 6.618615
v 5.862785 0.322608 5.968722
v 5.862785 0.322608 5.968722
v 5.755742 0.479755 5.900848
v 5.862785 0.148226 5.054161
v 5.862785 0.148226 5.054161
v 5.862785 0.148226 5.054161
v 5.862785 0.148226 5.054161
v 5.755742 0.318320 5.054183
v 5.862785 0.322608 4.139599
v 5.862785 0.322608 4.139599
v 5.755742 0.479755 4.207519
v 5.862785 0.819203 3.364272
v 5.755742 0.939484 3.489750
v 5.862785 1.562411 2.846215
v 5.862785 1.562411 2.846215
v 5.755742 1.627516 3.010153
v 5.862785 2.439085 2.664297
v 5.862785 2.439085 2.664297
v 5.755742 2.439106 2.841741
v 5.755742 2.439106 2.841741
v 5.862785 3.315759 2.846215
v 5.862785 3.315759 2.846215
v 5.755742 3.250697 3.010153
v 5.862785 4.058967 3.364272
v 5.862785 4.058967 3.364272
v 5.755742 3.938730 3.489750
v 5.862785 4.555563 4.139599
v 5.862785 4.555563 4.139599
v 5.755742 4.398458 4.207519
v 6.144631 4.883042 5.054161
v 6.144631 4.883042 5.054161
v 6.144631 4.697007 4.078479
v 6.144631 4.167224 3.251336
v 6.144631 3.374347 2.698657
v 6.144631 2.439085 2.504583
v 6.144631 1.503823 2.698657
v 6.144631 0.710946 3.251336
v 6.144631 0.181163 4.078479
v 6.144631 -0.004872 5.054161
v 6.144631 -0.004872 5.054161
v 6.144631 0.181163 6.029842
v 6.144631 0.710946 6.856985
v 6.144631 1.503823 7.409664
v 6.144631 2.439085 7.603739
v 6.144631 3.374347 7.409664
v 6.144631 4.167224 6.856985
v 6.144631 4.697007 6.029842
v 5.862785 4.555563 5.968722
v 7.861605 3.303155 4.680784
v 7.861605 3.374347 5.054161
v 8.003070 2.439085 5.054161
v 7.458746 4.035677 4.364249
v 7.458746 4.167224 5.054161
v 6.855825 4.525133 4.152749
v 6.855825 4.697007 5.054161
v 5.834528 3.728779 4.496865
v 5.834528 3.835039 5.054161
v 5.834528 3.835039 5.054161
v 5.698271 4.049826 5.054171
v 5.698271 4.049826 5.054171
v 5.698271 3.927217 4.411131
v 5.389194 3.426174 4.627625
v 5.389194 3.507503 5.054161
v 5.834528 3.835039 5.054161
v 5.834528 3.728779 4.496865
v 5.389194 1.683600 4.266026
v 5.389194 1.451996 4.627625
v 5.091631 2.030220 4.627625
v 5.389194 1.370668 5.054161
v 5.389194 1.451996 5.480697
v 5.091631 1.860862 5.054161
v 7.861605 3.100416 4.364249
v 7.458746 3.661064 3.779371
v 6.855825 4.035677 3.388568
v 5.834528 3.426174 4.024412
v 5.698271 3.578054 3.865989
v 5.389194 3.194570 4.266026
v 5.834528 3.426174 4.024412
v 5.091631 2.847951 4.627625
v 5.389194 1.683600 5.842296
v 5.389194 2.030220 6.083909
v 5.091631 2.030220 5.480697
v 7.861605 2.796995 4.152749
v 7.458746 3.100416 3.388568
v 6.855825 3.303155 2.877959
v 5.834528 2.973294 3.708730
v 5.698271 3.055495 3.501737
v 5.389194 2.847951 4.024412
v 5.834528 2.973294 3.708730
v 5.389194 2.439085 6.168752
v 5.389194 2.847951 6.083909
v 5.091631 2.439085 5.657373
v 5.389194 3.194570 5.842296
v 5.389194 3.426174 5.480697
v 5.091631 2.847951 5.480697
v 7.861605 2.439085 4.078479
v 7.458746 2.439085 3.251336
v 6.855825 2.439085 2.698657
v 5.834528 2.439085 3.597878
v 5.698271 2.439095 3.373828
v 5.698271 2.439095 3.373828
v 5.389194 2.439085 3.939569
v 5.834528 2.439085 3.597878
v 5.091631 2.439085 4.450949
v 5.091631 3.017309 5.054161
v 7.861605 2.081177 4.152749
v 7.458746 1.777755 3.388568
v 6.855825 1.575016 2.877959
v 5.834528 1.904876 3.708730
v 5.698271 1.822695 3.501737
v 5.389194 2.030220 4.024412
v 5.834528 1.904876 3.708730
v 7.861605 1.777755 4.364249
v 7.458746 1.217106 3.779371
v 6.855825 0.842493 3.388568
v 5.834528 1.451996 4.024412
v 5.698271 1.300136 3.865989
v 5.834528 1.451996 4.024412
v 4.987141 2.439085 5.054161
v 7.861605 1.575016 4.680784
v 7.458746 0.842493 4.364249
v 6.855825 0.353037 4.152749
v 5.834528 1.149392 4.496865
v 5.698271 0.950974 4.411131
v 5.834528 1.149392 4.496865
v 7.861605 1.503823 5.054161
v 7.458746 0.710946 5.054161
v 6.855825 0.181163 5.054161
v 5.834528 1.043131 5.054161
v 5.834528 1.043131 5.054161
v 5.698271 0.828364 5.054171
v 5.698271 0.828364 5.054171
v 5.834528 1.043131 5.054161
v 7.861605 1.575016 5.427538
v 7.458746 0.842493 5.744072
v 6.855825 0.353037 5.955573
v 5.834528 1.149392 5.611457
v 5.698271 0.950974 5.697210
v 5.834528 1.149392 5.611457
v 7.861605 1.777755 5.744072
v 7.458746 1.217106 6.328950
v 6.855825 0.842493 6.719753
v 5.834528 1.451996 6.083909
v 5.698271 1.300136 6.242353
v 5.834528 1.451996 6.083909
v 7.861605 2.081177 5.955573
v 7.458746 1.777755 6.719753
v 6.855825 1.575016 7.230362
v 5.834528 1.904876 6.399591
v 5.698271 1.822695 6.606605
v 5.834528 1.904876 6.399591
v 7.861605 2.439085 6.029842
v 7.458746 2.439085 6.856985
v 6.855825 2.439085 7.409664
v 5.834528 2.439085 6.510444
v 5.698271 2.439095 6.734513
v 5.698271 2.439095 6.734513
v 5.834528 2.439085 6.510444
v 7.861605 2.796995 5.955573
v 7.458746 3.100416 6.719753
v 6.855825 3.303155 7.230362
v 5.834528 2.973294 6.399591
v 5.698271 3.055495 6.606605
v 5.834528 2.973294 6.399591
v 7.861605 3.100416 5.744072
v 7.458746 3.661064 6.328950
v 6.855825 4.035677 6.719753
v 5.834528 3.426174 6.083909
v 5.698271 3.578054 6.242353
v 5.834528 3.426174 6.083909
v 7.861605 3.303155 5.427538
v 7.458746 4.035677 5.744072
v 6.855825 4.525133 5.955573
v 5.834528 3.728779 5.611457
v 5.698271 3.927217 5.697210
v 5.834528 3.728779 5.611457
vn -0.6868 0.6754 0.2686
vn -0.6849 0.7286 -0.0000
vn -0.9439 0.3301 -0.0000
vn -0.9445 0.3054 0.1213
vn -0.6915 0.5210 0.5004
vn -0.9458 0.2343 0.2248
vn -0.6963 0.2843 0.6590
vn -0.9472 0.1271 0.2944
vn -0.6984 -0.0000 0.7157
vn -0.9478 -0.0000 0.3190
vn -0.6964 -0.2842 0.6590
vn -0.9472 -0.1271 0.2944
vn -0.6916 -0.5210 0.5003
vn -0.9458 -0.2343 0.2247
vn -0.6869 -0.6753 0.2686
vn -0.9445 -0.3053 0.1213
vn -0.6849 -0.7286 -0.0000
vn -0.9439 -0.3301 -0.0000
vn -0.6869 -0.6753 -0.2686
vn -0.6850 -0.7286 -0.0000
vn -0.9440 -0.3301 -0.0000
vn -0.9445 -0.3053 -0.1213
vn -0.6916 -0.5210 -0.5003
vn -0.9459 -0.2342 -0.2247
vn -0.6964 -0.2842 -0.6590
vn -0.9472 -0.1271 -0.2943
vn -0.6984 -0.0000 -0.7157
vn -0.9478 -0.0000 -0.3189
vn -0.6964 0.2842 -0.6590
vn -0.9472 0.1271 -0.2944
vn -0.6916 0.5210 -0.5003
vn -0.9458 0.2343 -0.2247
vn -0.6868 0.6753 -0.2686
vn -0.9445 0.3053 -0.1213
vn -0.1211 0.9926 -0.0000
vn -0.1217 0.9222 -0.3671
vn -0.6868 0.6754 -0.2687
vn -0.6848 0.7287 -0.0000
vn -0.1230 0.7155 -0.6877
vn -0.6915 0.5210 -0.5004
vn -0.1244 0.3926 -0.9112
vn -0.6963 0.2842 -0.6591
vn -0.1250 -0.0000 -0.9922
vn -0.6983 -0.0000 -0.7158
vn -0.1244 -0.3926 -0.9112
vn -0.6963 -0.2842 -0.6591
vn -0.1230 -0.7155 -0.6877
vn -0.6915 -0.5210 -0.5004
vn -0.1217 -0.9222 -0.3671
vn -0.6868 -0.6754 -0.2686
vn -0.1212 -0.9926 -0.0000
vn -0.6849 -0.7287 -0.0000
vn -0.1211 -0.9926 -0.0000
vn -0.1217 -0.9222 0.3671
vn -0.6868 -0.6754 0.2687
vn -0.1230 -0.7155 0.6877
vn -0.6915 -0.5210 0.5004
vn -0.1244 -0.3926 0.9112
vn -0.6963 -0.2842 0.6591
vn -0.1250 -0.0000 0.9922
vn -0.6983 -0.0000 0.7158
vn -0.1244 0.3926 0.9112
vn -0.6963 0.2843 0.6591
vn -0.1230 0.7155 0.6877
vn -0.6914 0.5211 0.5004
vn -0.1217 0.9222 0.3671
vn -0.6868 0.6754 0.2687
vn -0.1212 0.9926 -0.0000
vn 0.9529 0.2819 -0.1120
vn 0.9524 0.3049 -0.0000
vn 1.0000 -0.0000 -0.0000
vn 0.7920 0.5673 -0.2255
vn 0.7904 0.6126 -0.0000
vn 0.4719 0.8192 -0.3260
vn 0.4699 0.8827 -0.0000
vn -0.8459 -0.4957 0.1969
vn -0.8444 -0.5357 -0.0000
vn -0.9746 -0.2238 -0.0000
vn -0.9749 -0.2070 0.0823
vn -0.7709 0.5918 -0.2353
vn -0.7382 0.6746 -0.0000
vn -0.5925 0.8056 -0.0000
vn -0.5948 0.7469 -0.2972
vn -0.7446 -0.4815 -0.4623
vn -0.7710 -0.5918 -0.2353
vn -0.9239 -0.2759 -0.2653
vn -0.7382 -0.6746 -0.0000
vn -0.7710 -0.5918 0.2353
vn -0.9211 -0.3892 -0.0000
vn 0.9541 0.2162 -0.2073
vn 0.7961 0.4366 -0.4191
vn 0.4768 0.6338 -0.6091
vn -0.8494 -0.3809 0.3654
vn -0.9754 -0.1589 0.1525
vn -0.7446 0.4815 -0.4623
vn -0.6005 0.5767 -0.5540
vn -0.9239 0.2761 -0.2651
vn -0.7446 -0.4815 0.4623
vn -0.7795 -0.2482 0.5751
vn -0.9239 -0.2759 0.2653
vn 0.9553 0.1172 -0.2713
vn 0.8002 0.2376 -0.5507
vn 0.4818 0.3468 -0.8047
vn -0.8529 -0.2070 0.4793
vn -0.9760 -0.0863 0.1999
vn -0.7795 0.2482 -0.5751
vn -0.6063 0.3149 -0.7303
vn -0.7512 -0.0000 0.6600
vn -0.7796 0.2481 0.5751
vn -0.9266 -0.0000 0.3760
vn -0.7446 0.4815 0.4623
vn -0.7710 0.5918 0.2353
vn -0.9239 0.2759 0.2653
vn 0.9558 -0.0000 -0.2940
vn 0.8019 -0.0000 -0.5974
vn 0.4839 -0.0000 -0.8751
vn -0.8544 -0.0000 0.5196
vn -0.9762 -0.0000 0.2167
vn -0.7512 -0.0000 -0.6600
vn -0.6087 -0.0000 -0.7934
vn -0.9266 -0.0000 -0.3760
vn -0.9211 0.3892 -0.0000
vn 0.9553 -0.1172 -0.2713
vn 0.8002 -0.2376 -0.5507
vn 0.4818 -0.3468 -0.8047
vn -0.8529 0.2070 0.4793
vn -0.9760 0.0863 0.2000
vn -0.7796 -0.2482 -0.5751
vn -0.6063 -0.3148 -0.7303
vn 0.9541 -0.2162 -0.2073
vn 0.7961 -0.4366 -0.4191
vn 0.4768 -0.6338 -0.6091
vn -0.8494 0.3809 0.3654
vn -0.9754 0.1590 0.1526
vn -0.6005 -0.5767 -0.5539
vn -1.0000 -0.0000 -0.0000
vn 0.9529 -0.2819 -0.1120
vn 0.7920 -0.5673 -0.2255
vn 0.4719 -0.8192 -0.3260
vn -0.8458 0.4958 0.1969
vn -0.9749 0.2070 0.0823
vn -0.5948 -0.7469 -0.2972
vn 0.9524 -0.3049 -0.0000
vn 0.7904 -0.6126 -0.0000
vn 0.4699 -0.8827 -0.0000
vn -0.8444 0.5357 -0.0000
vn -0.9746 0.2238 -0.0000
vn -0.5925 -0.8056 -0.0000
vn 0.9529 -0.2819 0.1120
vn 0.7920 -0.5673 0.2255
vn 0.4719 -0.8192 0.3260
vn -0.8458 0.4957 -0.1970
vn -0.9749 0.2070 -0.0823
vn -0.5948 -0.7469 0.2972
vn 0.9541 -0.2162 0.2073
vn 0.7961 -0.4366 0.4191
vn 0.4768 -0.6338 0.6091
vn -0.8494 0.3809 -0.3654
vn -0.9754 0.1589 -0.1525
vn -0.6005 -0.5767 0.5539
vn 0.9553 -0.1172 0.2713
vn 0.8002 -0.2376 0.5507
vn 0.4818 -0.3468 0.8047
vn -0.8529 0.2070 -0.4792
vn -0.9760 0.0863 -0.1999
vn -0.6063 -0.3149 0.7303
vn 0.9558 -0.0000 0.2940
vn 0.8019 -0.0000 0.5974
vn 0.4839 -0.0000 0.8751
vn -0.8544 -0.0000 -0.5196
vn -0.9762 -0.0000 -0.2167
vn -0.6087 -0.0000 0.7934
vn 0.9553 0.1172 0.2713
vn 0.8002 0.2376 0.5507
vn 0.4818 0.3468 0.8047
vn -0.8529 -0.2068 -0.4793
vn -0.9760 -0.0863 -0.1999
vn -0.6063 0.3148 0.7303
vn 0.9541 0.2162 0.2073
vn 0.7961 0.4366 0.4191
vn 0.4768 0.6338 0.6091
vn -0.8494 -0.3809 -0.3654
vn -0.9754 -0.1590 -0.1525
vn -0.6005 0.5767 0.5539
vn 0.9529 0.2819 0.1120
vn 0.7920 0.5673 0.2256
vn 0.4719 0.8192 0.3260
vn -0.8459 -0.4957 -0.1969
vn -0.9749 -0.2070 -0.0823
vn -0.5948 0.7469 0.2972
vt 0.854649 0.060843
vt 0.842892 0.004220
vt 0.821928 0.004247
vt 0.835270 0.068549
vt 0.888082 0.108846
vt 0.873269 0.123060
vt 0.938179 0.140920
vt 0.930133 0.159481
vt 0.997203 0.152180
vt 0.997208 0.172272
vt 0.997208 0.172275
vt 0.930133 0.159485
vt 0.873269 0.123063
vt 0.835270 0.068552
vt 0.821928 0.004250
vt 0.854653 0.060843
vt 0.842895 0.004220
vt 0.888085 0.108846
vt 0.938182 0.140920
vt 0.997206 0.152180
vt 0.997256 0.137992
vt 0.943817 0.127810
vt 0.938178 0.140920
vt 0.997202 0.152179
vt 0.898549 0.098811
vt 0.888085 0.108845
vt 0.868297 0.055412
vt 0.857659 0.004219
vt 0.854649 0.060844
vt 0.997202 0.152180
vt 0.997260 0.137992
vt 0.943820 0.127810
vt 0.898553 0.098811
vt 0.888089 0.108846
vt 0.868301 0.055412
vt 0.854653 0.060844
vt 0.857663 0.004219
vt 0.842899 0.004220
vt 0.888089 0.108845
vt 0.997206 0.152179
vt 0.981614 0.040406
vt 0.997276 0.043392
vt 0.997276 0.004161
vt 0.967673 0.072659
vt 0.997268 0.078302
vt 0.955719 0.100300
vt 0.997242 0.108217
vt 0.800744 0.082254
vt 0.784512 0.004227
vt 0.797972 0.004209
vt 0.813141 0.077308
vt 0.750485 0.155568
vt 0.776166 0.150612
vt 0.776166 0.130653
vt 0.742613 0.137128
vt 0.728714 0.261751
vt 0.750485 0.275864
vt 0.750485 0.240630
vt 0.776166 0.280820
vt 0.801847 0.275864
vt 0.776166 0.250950
vt 0.968336 0.031902
vt 0.942585 0.056590
vt 0.920517 0.077753
vt 0.846842 0.148403
vt 0.856337 0.139280
vt 0.728714 0.169681
vt 0.714168 0.155568
vt 0.750485 0.190802
vt 0.823617 0.261751
vt 0.838164 0.240630
vt 0.801846 0.240630
vt 0.959465 0.019174
vt 0.925820 0.032540
vt 0.896996 0.044009
vt 0.915824 0.192602
vt 0.920982 0.180687
vt 0.714167 0.190802
vt 0.695161 0.183164
vt 0.843273 0.215716
vt 0.838164 0.190802
vt 0.812484 0.215716
vt 0.823617 0.169681
vt 0.801847 0.155568
vt 0.801846 0.190802
vt 0.956349 0.004161
vt 0.919934 0.004172
vt 0.888736 0.004206
vt 0.997228 0.208123
vt 0.997238 0.195266
vt 0.709059 0.215716
vt 0.688487 0.215716
vt 0.739848 0.215716
vt 0.776166 0.180482
vt 0.997238 0.195267
vt 0.920982 0.180688
vt 0.714167 0.240630
vt 0.695161 0.248267
vt 0.968336 0.031901
vt 0.856337 0.139281
vt 0.714168 0.275864
vt 0.776166 0.215716
vt 0.813141 0.077309
vt 0.742613 0.294303
vt 0.784512 0.004226
vt 0.797972 0.004210
vt 0.776166 0.300778
vt 0.800740 0.082254
vt 0.784508 0.004226
vt 0.797969 0.004210
vt 0.813138 0.077309
vt 0.809720 0.294303
vt 0.846839 0.148403
vt 0.856335 0.139281
vt 0.838165 0.275864
vt 0.959464 0.019174
vt 0.915820 0.192602
vt 0.920979 0.180688
vt 0.857171 0.248267
vt 0.997224 0.208123
vt 0.997235 0.195267
vt 0.863845 0.215716
vt 0.997235 0.195266
vt 0.920979 0.180687
vt 0.857171 0.183164
vt 0.856335 0.139280
vt 0.838165 0.155568
vt 0.813138 0.077308
vt 0.809720 0.137128
vt 0.784508 0.004227
vt 0.797969 0.004209
s 1
usemtl defaultMaterial.003
f 216/80/195 217/81/196 221/82/197
f 216/80/195 221/82/197 222/83/198
f 223/84/199 216/80/195 222/83/198
f 223/84/199 222/83/198 225/85/200
f 226/86/201 223/84/199 225/85/200
f 226/86/201 225/85/200 228/87/202
f 229/88/203 226/86/201 228/87/202
f 229/88/203 228/87/202 231/89/204
f 233/86/205 229/88/203 232/90/204
f 233/86/205 232/90/204 235/91/206
f 236/84/207 233/86/205 235/91/206
f 236/84/207 235/91/206 238/92/208
f 239/80/209 236/84/207 238/92/208
f 239/80/209 238/92/208 241/93/210
f 242/81/211 239/80/209 241/93/210
f 242/81/211 241/93/210 246/94/212
f 247/95/213 243/96/214 246/94/215
f 247/95/213 246/94/215 249/93/216
f 250/97/217 247/95/213 249/93/216
f 250/97/217 249/93/216 251/92/218
f 252/98/219 250/97/217 251/92/218
f 252/98/219 251/92/218 254/91/220
f 255/99/221 252/98/219 254/91/220
f 255/99/221 254/91/220 257/90/222
f 259/98/223 255/99/221 258/89/222
f 259/98/223 258/89/222 261/87/224
f 262/97/225 259/98/223 261/87/224
f 262/97/225 261/87/224 264/85/226
f 265/95/227 262/97/225 264/85/226
f 265/95/227 264/85/226 267/83/228
f 218/96/196 265/95/227 267/83/228
f 218/96/196 267/83/228 221/82/197
f 268/100/229 270/101/230 266/102/231
f 268/100/229 266/102/231 219/103/232
f 270/101/230 271/104/233 263/105/234
f 270/101/230 263/105/234 266/102/231
f 271/104/233 272/106/235 260/80/236
f 271/104/233 260/80/236 263/105/234
f 272/106/235 273/107/237 256/96/238
f 272/106/235 256/96/238 260/80/236
f 273/107/237 274/106/239 253/108/240
f 273/107/237 253/108/240 256/96/238
f 274/106/239 275/104/241 250/97/242
f 274/106/239 250/97/242 253/108/240
f 275/104/241 276/101/243 248/102/244
f 275/104/241 248/102/244 250/97/242
f 276/101/243 277/100/245 244/109/246
f 276/101/243 244/109/246 248/102/244
f 278/110/247 279/111/248 240/98/249
f 278/110/247 240/98/249 245/99/246
f 279/111/248 280/112/250 237/113/251
f 279/111/248 237/113/251 240/98/249
f 280/112/250 281/114/252 234/115/253
f 280/112/250 234/115/253 237/113/251
f 281/114/252 282/116/254 230/117/255
f 281/114/252 230/117/255 234/115/253
f 282/116/254 283/114/256 227/95/257
f 282/116/254 227/95/257 230/117/255
f 283/114/256 284/112/258 224/118/259
f 283/114/256 224/118/259 227/95/257
f 284/112/258 285/111/260 286/98/261
f 284/112/258 286/98/261 224/118/259
f 285/111/260 269/110/262 220/119/232
f 285/111/260 220/119/232 286/98/261
f 287/120/263 288/121/264 289/122/265
f 290/123/266 291/124/267 288/121/264
f 290/123/266 288/121/264 287/120/263
f 292/125/268 293/126/269 291/124/267
f 292/125/268 291/124/267 290/123/266
f 270/101/230 268/100/229 293/126/269
f 270/101/230 293/126/269 292/125/268
f 294/127/270 295/128/271 297/129/272
f 294/127/270 297/129/272 299/130/273
f 300/131/274 301/132/275 302/133/276
f 300/131/274 302/133/276 303/134/277
f 304/135/278 305/136/279 306/137/280
f 307/138/281 308/139/282 309/140/283
f 310/141/284 287/120/263 289/122/265
f 311/142/285 290/123/266 287/120/263
f 311/142/285 287/120/263 310/141/284
f 312/143/286 292/125/268 290/123/266
f 312/143/286 290/123/266 311/142/285
f 271/104/233 270/101/230 292/125/268
f 271/104/233 292/125/268 312/143/286
f 313/144/287 294/127/270 299/130/273
f 313/144/287 299/130/273 314/145/288
f 315/146/289 300/131/274 303/134/277
f 315/146/289 303/134/277 316/147/290
f 317/148/291 300/131/274 315/146/289
f 318/149/292 319/150/293 320/151/294
f 321/152/295 310/141/284 289/122/265
f 322/153/296 311/142/285 310/141/284
f 322/153/296 310/141/284 321/152/295
f 323/154/297 312/143/286 311/142/285
f 323/154/297 311/142/285 322/153/296
f 272/106/235 271/104/233 312/143/286
f 272/106/235 312/143/286 323/154/297
f 324/155/298 313/144/287 314/145/288
f 324/155/298 314/145/288 325/156/299
f 326/157/300 315/146/289 316/147/290
f 326/157/300 316/147/290 327/158/301
f 328/159/302 329/160/303 330/161/304
f 331/162/305 332/163/306 333/164/307
f 334/165/308 321/152/295 289/122/265
f 335/166/309 322/153/296 321/152/295
f 335/166/309 321/152/295 334/165/308
f 336/167/310 323/154/297 322/153/296
f 336/167/310 322/153/296 335/166/309
f 273/107/237 272/106/235 323/154/297
f 273/107/237 323/154/297 336/167/310
f 337/168/311 324/155/298 325/156/299
f 337/168/311 325/156/299 338/169/312
f 340/170/313 326/157/300 327/158/301
f 340/170/313 327/158/301 341/171/314
f 342/172/315 326/157/300 340/170/313
f 301/132/275 300/131/274 343/173/316
f 344/152/317 334/165/308 289/122/265
f 345/153/318 335/166/309 334/165/308
f 345/153/318 334/165/308 344/152/317
f 346/154/319 336/167/310 335/166/309
f 346/154/319 335/166/309 345/153/318
f 274/106/239 273/107/237 336/167/310
f 274/106/239 336/167/310 346/154/319
f 347/155/320 337/168/311 339/174/312
f 347/155/320 339/174/312 348/175/321
f 349/176/322 340/170/313 341/171/314
f 349/176/322 341/171/314 350/177/323
f 315/146/289 326/157/300 317/148/291
f 340/170/313 349/176/322 342/172/315
f 351/178/324 344/152/317 289/122/265
f 352/142/325 345/153/318 344/152/317
f 352/142/325 344/152/317 351/178/324
f 353/143/326 346/154/319 345/153/318
f 353/143/326 345/153/318 352/142/325
f 275/104/241 274/106/239 346/154/319
f 275/104/241 346/154/319 353/143/326
f 354/144/327 347/155/320 348/175/321
f 354/144/327 348/175/321 355/179/328
f 304/135/278 349/176/322 350/177/323
f 304/135/278 350/177/323 356/180/329
f 306/137/280 349/176/322 304/135/278
f 343/173/316 357/181/330 333/164/307
f 358/120/331 351/178/324 289/122/265
f 359/123/332 352/142/325 351/178/324
f 359/123/332 351/178/324 358/120/331
f 360/125/333 353/143/326 352/142/325
f 360/125/333 352/142/325 359/123/332
f 276/101/243 275/104/241 353/143/326
f 276/101/243 353/143/326 360/125/333
f 361/127/334 354/144/327 355/179/328
f 361/127/334 355/179/328 362/182/335
f 305/136/279 304/135/278 356/180/329
f 305/136/279 356/180/329 363/183/336
f 333/164/307 332/163/306 343/173/316
f 357/181/330 330/161/304 333/164/307
f 364/121/337 358/120/331 289/122/265
f 365/124/338 359/123/332 358/120/331
f 365/124/338 358/120/331 364/121/337
f 366/126/339 360/125/333 359/123/332
f 366/126/339 359/123/332 365/124/338
f 277/100/245 276/101/243 360/125/333
f 277/100/245 360/125/333 366/126/339
f 367/184/340 361/127/334 362/182/335
f 367/184/340 362/182/335 369/185/341
f 307/138/281 305/136/279 363/183/336
f 307/138/281 363/183/336 371/186/342
f 309/140/283 305/136/279 307/138/281
f 330/161/304 329/160/303 333/164/307
f 372/120/343 364/121/337 289/122/265
f 373/123/344 365/124/338 364/121/337
f 373/123/344 364/121/337 372/120/343
f 374/125/345 366/126/339 365/124/338
f 374/125/345 365/124/338 373/123/344
f 279/111/248 278/110/247 366/126/339
f 279/111/248 366/126/339 374/125/345
f 375/187/346 368/188/340 370/189/341
f 375/187/346 370/189/341 376/190/347
f 308/139/282 307/138/281 371/186/342
f 308/139/282 371/186/342 377/191/348
f 357/181/330 320/151/294 330/161/304
f 320/151/294 319/150/293 330/161/304
f 378/178/349 372/120/343 289/122/265
f 379/142/350 373/123/344 372/120/343
f 379/142/350 372/120/343 378/178/349
f 380/143/351 374/125/345 373/123/344
f 380/143/351 373/123/344 379/142/350
f 280/112/250 279/111/248 374/125/345
f 280/112/250 374/125/345 380/143/351
f 381/192/352 375/187/346 376/190/347
f 381/192/352 376/190/347 382/193/353
f 318/149/292 308/139/282 377/191/348
f 318/149/292 377/191/348 383/194/354
f 320/151/294 308/139/282 318/149/292
f 357/181/330 309/140/283 320/151/294
f 384/195/355 378/178/349 289/122/265
f 385/153/356 379/142/350 378/178/349
f 385/153/356 378/178/349 384/195/355
f 386/154/357 380/143/351 379/142/350
f 386/154/357 379/142/350 385/153/356
f 281/114/252 280/112/250 380/143/351
f 281/114/252 380/143/351 386/154/357
f 387/196/358 381/192/352 382/193/353
f 387/196/358 382/193/353 388/197/359
f 319/150/293 318/149/292 383/194/354
f 319/150/293 383/194/354 389/198/360
f 309/140/283 308/139/282 320/151/294
f 357/181/330 306/137/280 309/140/283
f 390/165/361 384/195/355 289/122/265
f 391/166/362 385/153/356 384/195/355
f 391/166/362 384/195/355 390/165/361
f 392/167/363 386/154/357 385/153/356
f 392/167/363 385/153/356 391/166/362
f 282/116/254 281/114/252 386/154/357
f 282/116/254 386/154/357 392/167/363
f 393/199/364 387/196/358 388/197/359
f 393/199/364 388/197/359 394/200/365
f 328/159/302 319/150/293 389/198/360
f 328/159/302 389/198/360 396/201/366
f 330/161/304 319/150/293 328/159/302
f 306/137/280 305/136/279 309/140/283
f 397/195/367 390/165/361 289/122/265
f 398/153/368 391/166/362 390/165/361
f 398/153/368 390/165/361 397/195/367
f 399/154/369 392/167/363 391/166/362
f 399/154/369 391/166/362 398/153/368
f 283/114/256 282/116/254 392/167/363
f 283/114/256 392/167/363 399/154/369
f 400/196/370 393/199/364 395/202/365
f 400/196/370 395/202/365 401/203/371
f 329/160/303 328/159/302 396/201/366
f 329/160/303 396/201/366 402/204/372
f 357/181/330 342/172/315 306/137/280
f 342/172/315 349/176/322 306/137/280
f 403/141/373 397/195/367 289/122/265
f 404/142/374 398/153/368 397/195/367
f 404/142/374 397/195/367 403/141/373
f 405/143/375 399/154/369 398/153/368
f 405/143/375 398/153/368 404/142/374
f 284/112/258 283/114/256 399/154/369
f 284/112/258 399/154/369 405/143/375
f 406/192/376 400/196/370 401/203/371
f 406/192/376 401/203/371 407/205/377
f 331/162/305 329/160/303 402/204/372
f 331/162/305 402/204/372 408/206/378
f 333/164/307 329/160/303 331/162/305
f 357/181/330 317/148/291 342/172/315
f 409/120/379 403/141/373 289/122/265
f 410/123/380 404/142/374 403/141/373
f 410/123/380 403/141/373 409/120/379
f 411/125/381 405/143/375 404/142/374
f 411/125/381 404/142/374 410/123/380
f 285/111/260 284/112/258 405/143/375
f 285/111/260 405/143/375 411/125/381
f 412/187/382 406/192/376 407/205/377
f 412/187/382 407/205/377 413/207/383
f 332/163/306 331/162/305 408/206/378
f 332/163/306 408/206/378 414/208/384
f 317/148/291 326/157/300 342/172/315
f 343/173/316 317/148/291 357/181/330
f 288/121/264 409/120/379 289/122/265
f 291/124/267 410/123/380 409/120/379
f 291/124/267 409/120/379 288/121/264
f 293/126/269 411/125/381 410/123/380
f 293/126/269 410/123/380 291/124/267
f 269/110/262 285/111/260 411/125/381
f 269/110/262 411/125/381 293/126/269
f 296/209/271 412/187/382 413/207/383
f 296/209/271 413/207/383 298/210/272
f 301/132/275 332/163/306 414/208/384
f 301/132/275 414/208/384 302/133/276
f 343/173/316 332/163/306 301/132/275
f 343/173/316 300/131/274 317/148/291
f 221/82/197 267/83/228 299/130/273
f 221/82/197 299/130/273 297/129/272
f 267/83/228 264/85/226 314/145/288
f 267/83/228 314/145/288 299/130/273
f 264/85/226 261/87/224 325/156/299
f 264/85/226 325/156/299 314/145/288
f 261/87/224 258/89/222 338/169/312
f 261/87/224 338/169/312 325/156/299
f 257/90/222 254/91/220 348/175/321
f 257/90/222 348/175/321 339/174/312
f 254/91/220 251/92/218 355/179/328
f 254/91/220 355/179/328 348/175/321
f 251/92/218 249/93/216 362/182/335
f 251/92/218 362/182/335 355/179/328
f 249/93/216 246/94/215 369/185/341
f 249/93/216 369/185/341 362/182/335
f 246/94/212 241/93/210 376/190/347
f 246/94/212 376/190/347 370/189/341
f 241/93/210 238/92/208 382/193/353
f 241/93/210 382/193/353 376/190/347
f 238/92/208 235/91/206 388/197/359
f 238/92/208 388/197/359 382/193/353
f 235/91/206 232/90/204 394/200/365
f 235/91/206 394/200/365 388/197/359
f 231/89/204 228/87/202 401/203/371
f 231/89/204 401/203/371 395/202/365
f 228/87/202 225/85/200 407/205/377
f 228/87/202 407/205/377 401/203/371
f 225/85/200 222/83/198 413/207/383
f 225/85/200 413/207/383 407/205/377
f 222/83/198 221/82/197 298/210/272
f 222/83/198 298/210/272 413/207/383
o defaultMaterial.002
v 5.862785 4.560435 -2.459749
v 5.862785 4.734817 -3.374311
v 5.862785 4.734817 -3.374311
v 5.862785 4.734817 -3.374311
v 5.862785 4.734817 -3.374311
v 5.755742 4.564766 -3.374289
v 5.755742 4.403331 -2.527624
v 5.862785 4.063840 -1.684422
v 5.862785 4.063840 -1.684422
v 5.755742 3.943602 -1.809856
v 5.862785 3.320632 -1.166365
v 5.862785 3.320632 -1.166365
v 5.755742 3.255570 -1.330259
v 5.862785 2.443958 -0.984447
v 5.862785 2.443958 -0.984447
v 5.755742 2.443980 -1.161847
v 5.755742 2.443980 -1.161847
v 5.862785 1.567284 -1.166365
v 5.862785 1.567284 -1.166365
v 5.755742 1.632389 -1.330259
v 5.862785 0.824076 -1.684422
v 5.862785 0.824076 -1.684422
v 5.755742 0.944357 -1.809856
v 5.862785 0.327480 -2.459749
v 5.862785 0.327480 -2.459749
v 5.755742 0.484628 -2.527624
v 5.862785 0.153099 -3.374311
v 5.862785 0.153099 -3.374311
v 5.862785 0.153099 -3.374311
v 5.862785 0.153099 -3.374311
v 5.755742 0.323193 -3.374289
v 5.862785 0.327480 -4.288872
v 5.862785 0.327480 -4.288872
v 5.755742 0.484628 -4.220953
v 5.862785 0.824076 -5.064199
v 5.755742 0.944357 -4.938721
v 5.862785 1.567284 -5.582256
v 5.862785 1.567284 -5.582256
v 5.755742 1.632389 -5.418318
v 5.862785 2.443958 -5.764174
v 5.862785 2.443958 -5.764174
v 5.755742 2.443980 -5.586730
v 5.755742 2.443980 -5.586730
v 5.862785 3.320632 -5.582256
v 5.862785 3.320632 -5.582256
v 5.755742 3.255570 -5.418318
v 5.862785 4.063840 -5.064199
v 5.862785 4.063840 -5.064199
v 5.755742 3.943602 -4.938721
v 5.862785 4.560435 -4.288872
v 5.862785 4.560435 -4.288872
v 5.755742 4.403331 -4.220953
v 6.144631 4.887915 -3.374311
v 6.144631 4.887915 -3.374311
v 6.144631 4.701880 -4.349992
v 6.144631 4.172097 -5.177135
v 6.144631 3.379220 -5.729815
v 6.144631 2.443958 -5.923889
v 6.144631 1.508696 -5.729815
v 6.144631 0.715819 -5.177135
v 6.144631 0.186036 -4.349992
v 6.144631 0.000001 -3.374311
v 6.144631 0.000001 -3.374311
v 6.144631 0.186036 -2.398629
v 6.144631 0.715819 -1.571486
v 6.144631 1.508696 -1.018807
v 6.144631 2.443958 -0.824732
v 6.144631 3.379220 -1.018807
v 6.144631 4.172097 -1.571486
v 6.144631 4.701880 -2.398629
v 5.862785 4.560435 -2.459749
v 7.861605 3.308027 -3.747688
v 7.861605 3.379220 -3.374311
v 8.003070 2.443958 -3.374311
v 7.458746 4.040550 -4.064222
v 7.458746 4.172097 -3.374311
v 6.855825 4.530006 -4.275723
v 6.855825 4.701880 -3.374311
v 5.834528 3.733652 -3.931606
v 5.834528 3.839912 -3.374311
v 5.834528 3.839912 -3.374311
v 5.698271 4.054699 -3.374301
v 5.698271 4.054699 -3.374301
v 5.698271 3.932089 -4.017340
v 5.389194 3.431047 -3.800846
v 5.389194 3.512375 -3.374311
v 5.834528 3.839912 -3.374311
v 5.834528 3.733652 -3.931606
v 5.389194 1.688473 -4.162446
v 5.389194 1.456869 -3.800846
v 5.091631 2.035092 -3.800846
v 5.389194 1.375541 -3.374311
v 5.389194 1.456869 -2.947776
v 5.091631 1.865734 -3.374311
v 7.861605 3.105288 -4.064222
v 7.458746 3.665937 -4.649100
v 6.855825 4.040550 -5.039903
v 5.834528 3.431047 -4.404059
v 5.698271 3.582927 -4.562482
v 5.389194 3.199443 -4.162446
v 5.834528 3.431047 -4.404059
v 5.091631 2.852824 -3.800846
v 5.389194 1.688473 -2.586175
v 5.389194 2.035092 -2.344563
v 5.091631 2.035092 -2.947776
v 7.861605 2.801867 -4.275723
v 7.458746 3.105288 -5.039903
v 6.855825 3.308027 -5.550512
v 5.834528 2.978167 -4.719741
v 5.698271 3.060368 -4.926734
v 5.389194 2.852824 -4.404059
v 5.834528 2.978167 -4.719741
v 5.389194 2.443958 -2.259719
v 5.389194 2.852824 -2.344563
v 5.091631 2.443958 -2.771099
v 5.389194 3.199443 -2.586175
v 5.389194 3.431047 -2.947776
v 5.091631 2.852824 -2.947776
v 7.861605 2.443958 -4.349992
v 7.458746 2.443958 -5.177135
v 6.855825 2.443958 -5.729815
v 5.834528 2.443958 -4.830594
v 5.698271 2.443968 -5.054643
v 5.698271 2.443968 -5.054643
v 5.389194 2.443958 -4.488902
v 5.834528 2.443958 -4.830594
v 5.091631 2.443958 -3.977523
v 5.091631 3.022181 -3.374311
v 7.861605 2.086048 -4.275723
v 7.458746 1.782627 -5.039903
v 6.855825 1.579888 -5.550512
v 5.834528 1.909749 -4.719741
v 5.698271 1.827567 -4.926734
v 5.389194 2.035092 -4.404059
v 5.834528 1.909749 -4.719741
v 7.861605 1.782627 -4.064222
v 7.458746 1.221979 -4.649100
v 6.855825 0.847366 -5.039903
v 5.834528 1.456869 -4.404059
v 5.698271 1.305009 -4.562482
v 5.834528 1.456869 -4.404059
v 4.987141 2.443958 -3.374311
v 7.861605 1.579888 -3.747688
v 7.458746 0.847366 -4.064222
v 6.855825 0.357910 -4.275723
v 5.834528 1.154264 -3.931606
v 5.698271 0.955846 -4.017340
v 5.834528 1.154264 -3.931606
v 7.861605 1.508696 -3.374311
v 7.458746 0.715819 -3.374311
v 6.855825 0.186036 -3.374311
v 5.834528 1.048004 -3.374311
v 5.834528 1.048004 -3.374311
v 5.698271 0.833237 -3.374301
v 5.698271 0.833237 -3.374301
v 5.834528 1.048004 -3.374311
v 7.861605 1.579888 -3.000934
v 7.458746 0.847366 -2.684400
v 6.855825 0.357910 -2.472898
v 5.834528 1.154264 -2.817016
v 5.698271 0.955846 -2.731261
v 5.834528 1.154264 -2.817016
v 7.861605 1.782627 -2.684400
v 7.458746 1.221979 -2.099521
v 6.855825 0.847366 -1.708718
v 5.834528 1.456869 -2.344563
v 5.698271 1.305009 -2.186120
v 5.834528 1.456869 -2.344563
v 7.861605 2.086048 -2.472898
v 7.458746 1.782627 -1.708718
v 6.855825 1.579888 -1.198109
v 5.834528 1.909749 -2.028880
v 5.698271 1.827567 -1.821866
v 5.834528 1.909749 -2.028880
v 7.861605 2.443958 -2.398629
v 7.458746 2.443958 -1.571486
v 6.855825 2.443958 -1.018807
v 5.834528 2.443958 -1.918027
v 5.698271 2.443968 -1.693958
v 5.698271 2.443968 -1.693958
v 5.834528 2.443958 -1.918027
v 7.861605 2.801867 -2.472898
v 7.458746 3.105288 -1.708718
v 6.855825 3.308027 -1.198109
v 5.834528 2.978167 -2.028880
v 5.698271 3.060368 -1.821866
v 5.834528 2.978167 -2.028880
v 7.861605 3.105288 -2.684400
v 7.458746 3.665937 -2.099521
v 6.855825 4.040550 -1.708718
v 5.834528 3.431047 -2.344563
v 5.698271 3.582927 -2.186120
v 5.834528 3.431047 -2.344563
v 7.861605 3.308027 -3.000934
v 7.458746 4.040550 -2.684400
v 6.855825 4.530006 -2.472898
v 5.834528 3.733652 -2.817016
v 5.698271 3.932089 -2.731261
v 5.834528 3.733652 -2.817016
vn -0.6868 0.6754 0.2686
vn -0.6849 0.7286 -0.0000
vn -0.9439 0.3301 -0.0000
vn -0.9445 0.3054 0.1213
vn -0.6915 0.5210 0.5004
vn -0.9458 0.2343 0.2248
vn -0.6964 0.2842 0.6590
vn -0.9472 0.1271 0.2944
vn -0.6984 -0.0000 0.7157
vn -0.9478 -0.0000 0.3190
vn -0.6964 -0.2842 0.6590
vn -0.9472 -0.1271 0.2944
vn -0.6916 -0.5210 0.5003
vn -0.9458 -0.2343 0.2247
vn -0.6869 -0.6753 0.2686
vn -0.9445 -0.3053 0.1213
vn -0.6849 -0.7286 -0.0000
vn -0.9439 -0.3301 -0.0000
vn -0.6869 -0.6753 -0.2686
vn -0.6850 -0.7286 -0.0000
vn -0.9440 -0.3301 -0.0000
vn -0.9445 -0.3053 -0.1213
vn -0.6916 -0.5210 -0.5003
vn -0.9459 -0.2342 -0.2247
vn -0.6964 -0.2842 -0.6590
vn -0.9472 -0.1271 -0.2943
vn -0.6984 -0.0000 -0.7157
vn -0.9478 -0.0000 -0.3189
vn -0.6964 0.2842 -0.6590
vn -0.9472 0.1271 -0.2944
vn -0.6916 0.5210 -0.5003
vn -0.9458 0.2343 -0.2247
vn -0.6868 0.6753 -0.2686
vn -0.9445 0.3053 -0.1213
vn -0.1211 0.9926 -0.0000
vn -0.1217 0.9222 -0.3671
vn -0.6868 0.6754 -0.2687
vn -0.6849 0.7287 -0.0000
vn -0.1230 0.7155 -0.6877
vn -0.6915 0.5210 -0.5004
vn -0.1244 0.3926 -0.9112
vn -0.6963 0.2842 -0.6591
vn -0.1250 -0.0000 -0.9922
vn -0.6983 -0.0000 -0.7158
vn -0.1244 -0.3926 -0.9112
vn -0.6963 -0.2842 -0.6591
vn -0.1230 -0.7155 -0.6877
vn -0.6915 -0.5210 -0.5004
vn -0.1217 -0.9222 -0.3671
vn -0.6868 -0.6754 -0.2686
vn -0.1212 -0.9926 -0.0000
vn -0.6849 -0.7287 -0.0000
vn -0.1211 -0.9926 -0.0000
vn -0.1217 -0.9222 0.3671
vn -0.6868 -0.6754 0.2687
vn -0.1230 -0.7155 0.6877
vn -0.6915 -0.5210 0.5004
vn -0.1244 -0.3926 0.9112
vn -0.6963 -0.2842 0.6591
vn -0.1250 -0.0000 0.9922
vn -0.6983 -0.0000 0.7158
vn -0.1244 0.3926 0.9112
vn -0.6963 0.2843 0.6591
vn -0.1230 0.7155 0.6877
vn -0.6914 0.5211 0.5004
vn -0.1217 0.9222 0.3671
vn -0.6868 0.6754 0.2687
vn -0.1212 0.9926 -0.0000
vn -0.6848 0.7287 -0.0000
vn 0.9529 0.2819 -0.1120
vn 0.9524 0.3049 -0.0000
vn 1.0000 -0.0000 -0.0000
vn 0.7920 0.5673 -0.2255
vn 0.7904 0.6126 -0.0000
vn 0.4719 0.8192 -0.3260
vn 0.4699 0.8827 -0.0000
vn -0.8459 -0.4957 0.1970
vn -0.8444 -0.5357 -0.0000
vn -0.9746 -0.2238 -0.0000
vn -0.9749 -0.2070 0.0823
vn -0.7709 0.5918 -0.2353
vn -0.7382 0.6746 -0.0000
vn -0.5925 0.8056 -0.0000
vn -0.5948 0.7469 -0.2972
vn -0.7446 -0.4815 -0.4623
vn -0.7710 -0.5918 -0.2353
vn -0.9239 -0.2759 -0.2652
vn -0.7382 -0.6746 -0.0000
vn -0.7709 -0.5918 0.2353
vn -0.9211 -0.3892 -0.0000
vn 0.9541 0.2162 -0.2073
vn 0.7961 0.4366 -0.4191
vn 0.4768 0.6338 -0.6091
vn -0.8494 -0.3809 0.3654
vn -0.9754 -0.1589 0.1525
vn -0.7446 0.4815 -0.4623
vn -0.6005 0.5767 -0.5540
vn -0.9239 0.2761 -0.2651
vn -0.7446 -0.4815 0.4623
vn -0.7795 -0.2482 0.5751
vn -0.9239 -0.2759 0.2653
vn 0.9553 0.1172 -0.2713
vn 0.8002 0.2376 -0.5507
vn 0.4818 0.3468 -0.8047
vn -0.8529 -0.2069 0.4793
vn -0.9760 -0.0863 0.1999
vn -0.7795 0.2482 -0.5751
vn -0.6063 0.3149 -0.7303
vn -0.7512 -0.0000 0.6600
vn -0.7796 0.2481 0.5751
vn -0.9266 -0.0000 0.3760
vn -0.7446 0.4815 0.4623
vn -0.7710 0.5918 0.2353
vn -0.9239 0.2759 0.2653
vn 0.9558 -0.0000 -0.2940
vn 0.8019 -0.0000 -0.5975
vn 0.4839 -0.0000 -0.8751
vn -0.8544 -0.0000 0.5196
vn -0.9762 -0.0000 0.2167
vn -0.7512 -0.0000 -0.6600
vn -0.6087 -0.0000 -0.7934
vn -0.9266 -0.0000 -0.3760
vn -0.9211 0.3892 -0.0000
vn 0.9553 -0.1172 -0.2713
vn 0.8002 -0.2376 -0.5507
vn 0.4818 -0.3468 -0.8047
vn -0.8529 0.2070 0.4793
vn -0.9760 0.0863 0.2000
vn -0.7796 -0.2482 -0.5751
vn -0.6063 -0.3149 -0.7303
vn 0.9541 -0.2162 -0.2073
vn 0.7961 -0.4366 -0.4191
vn 0.4768 -0.6338 -0.6091
vn -0.8494 0.3809 0.3654
vn -0.9754 0.1590 0.1526
vn -0.6005 -0.5767 -0.5540
vn -1.0000 -0.0000 -0.0000
vn 0.9529 -0.2819 -0.1120
vn 0.7920 -0.5673 -0.2255
vn 0.4719 -0.8192 -0.3260
vn -0.8458 0.4957 0.1970
vn -0.9749 0.2070 0.0823
vn -0.5948 -0.7469 -0.2972
vn 0.9524 -0.3049 -0.0000
vn 0.7904 -0.6126 -0.0000
vn 0.4699 -0.8827 -0.0000
vn -0.8444 0.5357 -0.0000
vn -0.9746 0.2238 -0.0000
vn -0.5925 -0.8056 -0.0000
vn 0.9529 -0.2819 0.1120
vn 0.7920 -0.5673 0.2255
vn 0.4719 -0.8192 0.3260
vn -0.8458 0.4957 -0.1970
vn -0.9749 0.2070 -0.0823
vn -0.5948 -0.7469 0.2972
vn 0.9541 -0.2162 0.2073
vn 0.7961 -0.4366 0.4191
vn 0.4768 -0.6338 0.6091
vn -0.8494 0.3809 -0.3654
vn -0.9754 0.1589 -0.1525
vn -0.6005 -0.5767 0.5539
vn 0.9553 -0.1172 0.2713
vn 0.8002 -0.2376 0.5507
vn 0.4818 -0.3468 0.8047
vn -0.8529 0.2070 -0.4792
vn -0.9760 0.0863 -0.1999
vn -0.6063 -0.3148 0.7303
vn 0.9558 -0.0000 0.2940
vn 0.8019 -0.0000 0.5974
vn 0.4839 -0.0000 0.8751
vn -0.8544 -0.0000 -0.5196
vn -0.9762 -0.0000 -0.2167
vn -0.6087 -0.0000 0.7934
vn 0.9553 0.1172 0.2713
vn 0.8002 0.2376 0.5507
vn 0.4818 0.3468 0.8047
vn -0.8529 -0.2069 -0.4792
vn -0.9760 -0.0863 -0.1999
vn -0.6063 0.3149 0.7303
vn 0.9541 0.2162 0.2073
vn 0.7961 0.4366 0.4191
vn 0.4768 0.6338 0.6091
vn -0.8494 -0.3809 -0.3654
vn -0.9754 -0.1590 -0.1525
vn -0.6005 0.5767 0.5539
vn 0.9529 0.2819 0.1120
vn 0.7920 0.5673 0.2255
vn 0.4719 0.8192 0.3260
vn -0.8459 -0.4957 -0.1969
vn -0.9749 -0.2070 -0.0823
vn -0.5948 0.7469 0.2973
vt 0.854649 0.060843
vt 0.842892 0.004220
vt 0.821928 0.004247
vt 0.835270 0.068549
vt 0.888082 0.108846
vt 0.873269 0.123060
vt 0.938179 0.140920
vt 0.930133 0.159481
vt 0.997203 0.152180
vt 0.997208 0.172272
vt 0.997208 0.172275
vt 0.930133 0.159485
vt 0.873269 0.123063
vt 0.835270 0.068552
vt 0.821928 0.004250
vt 0.854653 0.060843
vt 0.842895 0.004220
vt 0.888085 0.108846
vt 0.938182 0.140920
vt 0.997206 0.152180
vt 0.997256 0.137992
vt 0.943817 0.127810
vt 0.938178 0.140920
vt 0.997202 0.152179
vt 0.898549 0.098811
vt 0.888085 0.108845
vt 0.868297 0.055412
vt 0.857659 0.004219
vt 0.854649 0.060844
vt 0.997202 0.152180
vt 0.997260 0.137992
vt 0.943820 0.127810
vt 0.898553 0.098811
vt 0.888089 0.108846
vt 0.868301 0.055412
vt 0.854653 0.060844
vt 0.857663 0.004219
vt 0.842899 0.004220
vt 0.888089 0.108845
vt 0.997206 0.152179
vt 0.981614 0.040406
vt 0.997276 0.043392
vt 0.997276 0.004161
vt 0.967673 0.072659
vt 0.997268 0.078302
vt 0.955719 0.100300
vt 0.997242 0.108217
vt 0.800744 0.082254
vt 0.784512 0.004227
vt 0.797972 0.004209
vt 0.813141 0.077308
vt 0.750485 0.155568
vt 0.776166 0.150612
vt 0.776166 0.130653
vt 0.742613 0.137128
vt 0.728714 0.261751
vt 0.750485 0.275864
vt 0.750485 0.240630
vt 0.776166 0.280820
vt 0.801847 0.275864
vt 0.776166 0.250950
vt 0.968336 0.031902
vt 0.942585 0.056590
vt 0.920517 0.077753
vt 0.846842 0.148403
vt 0.856337 0.139280
vt 0.728714 0.169681
vt 0.714168 0.155568
vt 0.750485 0.190802
vt 0.823617 0.261751
vt 0.838164 0.240630
vt 0.801846 0.240630
vt 0.959465 0.019174
vt 0.925820 0.032540
vt 0.896996 0.044009
vt 0.915824 0.192602
vt 0.920982 0.180687
vt 0.714167 0.190802
vt 0.695161 0.183164
vt 0.843273 0.215716
vt 0.838164 0.190802
vt 0.812484 0.215716
vt 0.823617 0.169681
vt 0.801847 0.155568
vt 0.801846 0.190802
vt 0.956349 0.004161
vt 0.919934 0.004172
vt 0.888736 0.004206
vt 0.997228 0.208123
vt 0.997238 0.195266
vt 0.709059 0.215716
vt 0.688487 0.215716
vt 0.739848 0.215716
vt 0.776166 0.180482
vt 0.997238 0.195267
vt 0.920982 0.180688
vt 0.714167 0.240630
vt 0.695161 0.248267
vt 0.968336 0.031901
vt 0.856337 0.139281
vt 0.714168 0.275864
vt 0.776166 0.215716
vt 0.813141 0.077309
vt 0.742613 0.294303
vt 0.784512 0.004226
vt 0.797972 0.004210
vt 0.776166 0.300778
vt 0.800740 0.082254
vt 0.784508 0.004226
vt 0.797969 0.004210
vt 0.813138 0.077309
vt 0.809720 0.294303
vt 0.846839 0.148403
vt 0.856335 0.139281
vt 0.838165 0.275864
vt 0.959464 0.019174
vt 0.915820 0.192602
vt 0.920979 0.180688
vt 0.857171 0.248267
vt 0.997224 0.208123
vt 0.997235 0.195267
vt 0.863845 0.215716
vt 0.997235 0.195266
vt 0.920979 0.180687
vt 0.857171 0.183164
vt 0.856335 0.139280
vt 0.838165 0.155568
vt 0.813138 0.077308
vt 0.809720 0.137128
vt 0.784508 0.004227
vt 0.797969 0.004209
s 1
usemtl defaultMaterial.003
f 415/211/385 416/212/386 420/213/387
f 415/211/385 420/213/387 421/214/388
f 422/215/389 415/211/385 421/214/388
f 422/215/389 421/214/388 424/216/390
f 425/217/391 422/215/389 424/216/390
f 425/217/391 424/216/390 427/218/392
f 428/219/393 425/217/391 427/218/392
f 428/219/393 427/218/392 430/220/394
f 432/217/395 428/219/393 431/221/394
f 432/217/395 431/221/394 434/222/396
f 435/215/397 432/217/395 434/222/396
f 435/215/397 434/222/396 437/223/398
f 438/211/399 435/215/397 437/223/398
f 438/211/399 437/223/398 440/224/400
f 441/212/401 438/211/399 440/224/400
f 441/212/401 440/224/400 445/225/402
f 446/226/403 442/227/404 445/225/405
f 446/226/403 445/225/405 448/224/406
f 449/228/407 446/226/403 448/224/406
f 449/228/407 448/224/406 450/223/408
f 451/229/409 449/228/407 450/223/408
f 451/229/409 450/223/408 453/222/410
f 454/230/411 451/229/409 453/222/410
f 454/230/411 453/222/410 456/221/412
f 458/229/413 454/230/411 457/220/412
f 458/229/413 457/220/412 460/218/414
f 461/228/415 458/229/413 460/218/414
f 461/228/415 460/218/414 463/216/416
f 464/226/417 461/228/415 463/216/416
f 464/226/417 463/216/416 466/214/418
f 417/227/386 464/226/417 466/214/418
f 417/227/386 466/214/418 420/213/387
f 467/231/419 469/232/420 465/233/421
f 467/231/419 465/233/421 418/234/422
f 469/232/420 470/235/423 462/236/424
f 469/232/420 462/236/424 465/233/421
f 470/235/423 471/237/425 459/211/426
f 470/235/423 459/211/426 462/236/424
f 471/237/425 472/238/427 455/227/428
f 471/237/425 455/227/428 459/211/426
f 472/238/427 473/237/429 452/239/430
f 472/238/427 452/239/430 455/227/428
f 473/237/429 474/235/431 449/228/432
f 473/237/429 449/228/432 452/239/430
f 474/235/431 475/232/433 447/233/434
f 474/235/431 447/233/434 449/228/432
f 475/232/433 476/231/435 443/240/436
f 475/232/433 443/240/436 447/233/434
f 477/241/437 478/242/438 439/229/439
f 477/241/437 439/229/439 444/230/436
f 478/242/438 479/243/440 436/244/441
f 478/242/438 436/244/441 439/229/439
f 479/243/440 480/245/442 433/246/443
f 479/243/440 433/246/443 436/244/441
f 480/245/442 481/247/444 429/248/445
f 480/245/442 429/248/445 433/246/443
f 481/247/444 482/245/446 426/226/447
f 481/247/444 426/226/447 429/248/445
f 482/245/446 483/243/448 423/249/449
f 482/245/446 423/249/449 426/226/447
f 483/243/448 484/242/450 485/229/451
f 483/243/448 485/229/451 423/249/449
f 484/242/450 468/241/452 419/250/453
f 484/242/450 419/250/453 485/229/451
f 486/251/454 487/252/455 488/253/456
f 489/254/457 490/255/458 487/252/455
f 489/254/457 487/252/455 486/251/454
f 491/256/459 492/257/460 490/255/458
f 491/256/459 490/255/458 489/254/457
f 469/232/420 467/231/419 492/257/460
f 469/232/420 492/257/460 491/256/459
f 493/258/461 494/259/462 496/260/463
f 493/258/461 496/260/463 498/261/464
f 499/262/465 500/263/466 501/264/467
f 499/262/465 501/264/467 502/265/468
f 503/266/469 504/267/470 505/268/471
f 506/269/472 507/270/473 508/271/474
f 509/272/475 486/251/454 488/253/456
f 510/273/476 489/254/457 486/251/454
f 510/273/476 486/251/454 509/272/475
f 511/274/477 491/256/459 489/254/457
f 511/274/477 489/254/457 510/273/476
f 470/235/423 469/232/420 491/256/459
f 470/235/423 491/256/459 511/274/477
f 512/275/478 493/258/461 498/261/464
f 512/275/478 498/261/464 513/276/479
f 514/277/480 499/262/465 502/265/468
f 514/277/480 502/265/468 515/278/481
f 516/279/482 499/262/465 514/277/480
f 517/280/483 518/281/484 519/282/485
f 520/283/486 509/272/475 488/253/456
f 521/284/487 510/273/476 509/272/475
f 521/284/487 509/272/475 520/283/486
f 522/285/488 511/274/477 510/273/476
f 522/285/488 510/273/476 521/284/487
f 471/237/425 470/235/423 511/274/477
f 471/237/425 511/274/477 522/285/488
f 523/286/489 512/275/478 513/276/479
f 523/286/489 513/276/479 524/287/490
f 525/288/491 514/277/480 515/278/481
f 525/288/491 515/278/481 526/289/492
f 527/290/493 528/291/494 529/292/495
f 530/293/496 531/294/497 532/295/498
f 533/296/499 520/283/486 488/253/456
f 534/297/500 521/284/487 520/283/486
f 534/297/500 520/283/486 533/296/499
f 535/298/501 522/285/488 521/284/487
f 535/298/501 521/284/487 534/297/500
f 472/238/427 471/237/425 522/285/488
f 472/238/427 522/285/488 535/298/501
f 536/299/502 523/286/489 524/287/490
f 536/299/502 524/287/490 537/300/503
f 539/301/504 525/288/491 526/289/492
f 539/301/504 526/289/492 540/302/505
f 541/303/506 525/288/491 539/301/504
f 500/263/466 499/262/465 542/304/507
f 543/283/508 533/296/499 488/253/456
f 544/284/509 534/297/500 533/296/499
f 544/284/509 533/296/499 543/283/508
f 545/285/510 535/298/501 534/297/500
f 545/285/510 534/297/500 544/284/509
f 473/237/429 472/238/427 535/298/501
f 473/237/429 535/298/501 545/285/510
f 546/286/511 536/299/502 538/305/503
f 546/286/511 538/305/503 547/306/512
f 548/307/513 539/301/504 540/302/505
f 548/307/513 540/302/505 549/308/514
f 514/277/480 525/288/491 516/279/482
f 539/301/504 548/307/513 541/303/506
f 550/309/515 543/283/508 488/253/456
f 551/273/516 544/284/509 543/283/508
f 551/273/516 543/283/508 550/309/515
f 552/274/517 545/285/510 544/284/509
f 552/274/517 544/284/509 551/273/516
f 474/235/431 473/237/429 545/285/510
f 474/235/431 545/285/510 552/274/517
f 553/275/518 546/286/511 547/306/512
f 553/275/518 547/306/512 554/310/519
f 503/266/469 548/307/513 549/308/514
f 503/266/469 549/308/514 555/311/520
f 505/268/471 548/307/513 503/266/469
f 542/304/507 556/312/521 532/295/498
f 557/251/522 550/309/515 488/253/456
f 558/254/523 551/273/516 550/309/515
f 558/254/523 550/309/515 557/251/522
f 559/256/524 552/274/517 551/273/516
f 559/256/524 551/273/516 558/254/523
f 475/232/433 474/235/431 552/274/517
f 475/232/433 552/274/517 559/256/524
f 560/258/525 553/275/518 554/310/519
f 560/258/525 554/310/519 561/313/526
f 504/267/470 503/266/469 555/311/520
f 504/267/470 555/311/520 562/314/527
f 532/295/498 531/294/497 542/304/507
f 556/312/521 529/292/495 532/295/498
f 563/252/528 557/251/522 488/253/456
f 564/255/529 558/254/523 557/251/522
f 564/255/529 557/251/522 563/252/528
f 565/257/530 559/256/524 558/254/523
f 565/257/530 558/254/523 564/255/529
f 476/231/435 475/232/433 559/256/524
f 476/231/435 559/256/524 565/257/530
f 566/315/531 560/258/525 561/313/526
f 566/315/531 561/313/526 568/316/532
f 506/269/472 504/267/470 562/314/527
f 506/269/472 562/314/527 570/317/533
f 508/271/474 504/267/470 506/269/472
f 529/292/495 528/291/494 532/295/498
f 571/251/534 563/252/528 488/253/456
f 572/254/535 564/255/529 563/252/528
f 572/254/535 563/252/528 571/251/534
f 573/256/536 565/257/530 564/255/529
f 573/256/536 564/255/529 572/254/535
f 478/242/438 477/241/437 565/257/530
f 478/242/438 565/257/530 573/256/536
f 574/318/537 567/319/531 569/320/532
f 574/318/537 569/320/532 575/321/538
f 507/270/473 506/269/472 570/317/533
f 507/270/473 570/317/533 576/322/539
f 556/312/521 519/282/485 529/292/495
f 519/282/485 518/281/484 529/292/495
f 577/309/540 571/251/534 488/253/456
f 578/273/541 572/254/535 571/251/534
f 578/273/541 571/251/534 577/309/540
f 579/274/542 573/256/536 572/254/535
f 579/274/542 572/254/535 578/273/541
f 479/243/440 478/242/438 573/256/536
f 479/243/440 573/256/536 579/274/542
f 580/323/543 574/318/537 575/321/538
f 580/323/543 575/321/538 581/324/544
f 517/280/483 507/270/473 576/322/539
f 517/280/483 576/322/539 582/325/545
f 519/282/485 507/270/473 517/280/483
f 556/312/521 508/271/474 519/282/485
f 583/326/546 577/309/540 488/253/456
f 584/284/547 578/273/541 577/309/540
f 584/284/547 577/309/540 583/326/546
f 585/285/548 579/274/542 578/273/541
f 585/285/548 578/273/541 584/284/547
f 480/245/442 479/243/440 579/274/542
f 480/245/442 579/274/542 585/285/548
f 586/327/549 580/323/543 581/324/544
f 586/327/549 581/324/544 587/328/550
f 518/281/484 517/280/483 582/325/545
f 518/281/484 582/325/545 588/329/551
f 508/271/474 507/270/473 519/282/485
f 556/312/521 505/268/471 508/271/474
f 589/296/552 583/326/546 488/253/456
f 590/297/553 584/284/547 583/326/546
f 590/297/553 583/326/546 589/296/552
f 591/298/554 585/285/548 584/284/547
f 591/298/554 584/284/547 590/297/553
f 481/247/444 480/245/442 585/285/548
f 481/247/444 585/285/548 591/298/554
f 592/330/555 586/327/549 587/328/550
f 592/330/555 587/328/550 593/331/556
f 527/290/493 518/281/484 588/329/551
f 527/290/493 588/329/551 595/332/557
f 529/292/495 518/281/484 527/290/493
f 505/268/471 504/267/470 508/271/474
f 596/326/558 589/296/552 488/253/456
f 597/284/559 590/297/553 589/296/552
f 597/284/559 589/296/552 596/326/558
f 598/285/560 591/298/554 590/297/553
f 598/285/560 590/297/553 597/284/559
f 482/245/446 481/247/444 591/298/554
f 482/245/446 591/298/554 598/285/560
f 599/327/561 592/330/555 594/333/556
f 599/327/561 594/333/556 600/334/562
f 528/291/494 527/290/493 595/332/557
f 528/291/494 595/332/557 601/335/563
f 556/312/521 541/303/506 505/268/471
f 541/303/506 548/307/513 505/268/471
f 602/272/564 596/326/558 488/253/456
f 603/273/565 597/284/559 596/326/558
f 603/273/565 596/326/558 602/272/564
f 604/274/566 598/285/560 597/284/559
f 604/274/566 597/284/559 603/273/565
f 483/243/448 482/245/446 598/285/560
f 483/243/448 598/285/560 604/274/566
f 605/323/567 599/327/561 600/334/562
f 605/323/567 600/334/562 606/336/568
f 530/293/496 528/291/494 601/335/563
f 530/293/496 601/335/563 607/337/569
f 532/295/498 528/291/494 530/293/496
f 556/312/521 516/279/482 541/303/506
f 608/251/570 602/272/564 488/253/456
f 609/254/571 603/273/565 602/272/564
f 609/254/571 602/272/564 608/251/570
f 610/256/572 604/274/566 603/273/565
f 610/256/572 603/273/565 609/254/571
f 484/242/450 483/243/448 604/274/566
f 484/242/450 604/274/566 610/256/572
f 611/318/573 605/323/567 606/336/568
f 611/318/573 606/336/568 612/338/574
f 531/294/497 530/293/496 607/337/569
f 531/294/497 607/337/569 613/339/575
f 516/279/482 525/288/491 541/303/506
f 542/304/507 516/279/482 556/312/521
f 487/252/455 608/251/570 488/253/456
f 490/255/458 609/254/571 608/251/570
f 490/255/458 608/251/570 487/252/455
f 492/257/460 610/256/572 609/254/571
f 492/257/460 609/254/571 490/255/458
f 468/241/452 484/242/450 610/256/572
f 468/241/452 610/256/572 492/257/460
f 495/340/462 611/318/573 612/338/574
f 495/340/462 612/338/574 497/341/463
f 500/263/466 531/294/497 613/339/575
f 500/263/466 613/339/575 501/264/467
f 542/304/507 531/294/497 500/263/466
f 542/304/507 499/262/465 516/279/482
f 420/213/387 466/214/418 498/261/464
f 420/213/387 498/261/464 496/260/463
f 466/214/418 463/216/416 513/276/479
f 466/214/418 513/276/479 498/261/464
f 463/216/416 460/218/414 524/287/490
f 463/216/416 524/287/490 513/276/479
f 460/218/414 457/220/412 537/300/503
f 460/218/414 537/300/503 524/287/490
f 456/221/412 453/222/410 547/306/512
f 456/221/412 547/306/512 538/305/503
f 453/222/410 450/223/408 554/310/519
f 453/222/410 554/310/519 547/306/512
f 450/223/408 448/224/406 561/313/526
f 450/223/408 561/313/526 554/310/519
f 448/224/406 445/225/405 568/316/532
f 448/224/406 568/316/532 561/313/526
f 445/225/402 440/224/400 575/321/538
f 445/225/402 575/321/538 569/320/532
f 440/224/400 437/223/398 581/324/544
f 440/224/400 581/324/544 575/321/538
f 437/223/398 434/222/396 587/328/550
f 437/223/398 587/328/550 581/324/544
f 434/222/396 431/221/394 593/331/556
f 434/222/396 593/331/556 587/328/550
f 430/220/394 427/218/392 600/334/562
f 430/220/394 600/334/562 594/333/556
f 427/218/392 424/216/390 606/336/568
f 427/218/392 606/336/568 600/334/562
f 424/216/390 421/214/388 612/338/574
f 424/216/390 612/338/574 606/336/568
f 421/214/388 420/213/387 497/341/463
f 421/214/388 497/341/463 612/338/574
o defaultMaterial.003
v -5.755742 4.398458 5.900848
v -5.698271 3.927217 5.697210
v -5.698271 4.049826 5.054171
v -5.698271 4.049826 5.054171
v -5.755742 4.559894 5.054183
v -5.755742 3.938730 6.618615
v -5.698271 3.578054 6.242353
v -5.755742 3.250697 7.098212
v -5.698271 3.055495 6.606605
v -5.755742 2.439106 7.266624
v -5.755742 2.439106 7.266624
v -5.698271 2.439095 6.734513
v -5.698271 2.439095 6.734513
v -5.755742 1.627516 7.098212
v -5.698271 1.822695 6.606605
v -5.755742 0.939484 6.618615
v -5.698271 1.300136 6.242353
v -5.755742 0.479755 5.900848
v -5.698271 0.950974 5.697210
v -5.755742 0.318320 5.054183
v -5.698271 0.828364 5.054171
v -5.698271 0.828364 5.054171
v -5.755742 0.479755 4.207519
v -5.698271 0.950974 4.411131
v -5.755742 0.939484 3.489750
v -5.698271 1.300136 3.865989
v -5.755742 1.627516 3.010153
v -5.698271 1.822695 3.501737
v -5.755742 2.439106 2.841741
v -5.755742 2.439106 2.841741
v -5.698271 2.439095 3.373828
v -5.698271 2.439095 3.373828
v -5.755742 3.250697 3.010153
v -5.698271 3.055495 3.501737
v -5.755742 3.938730 3.489750
v -5.698271 3.578054 3.865989
v -5.755742 4.398458 4.207519
v -5.698271 3.927217 4.411131
v -5.091631 2.847951 4.627625
v -5.389194 3.426174 4.627625
v -5.091631 3.017309 5.054161
v -5.389194 3.507503 5.054161
v -5.389194 3.426174 5.480697
v -5.834528 3.835039 5.054161
v -5.834528 3.728779 5.611457
v -5.834528 3.835039 5.054161
v -5.834528 3.835039 5.054161
v -5.834528 3.728779 5.611457
v -6.144631 4.883042 5.054161
v -6.144631 4.883042 5.054161
v -6.855825 4.697007 5.054161
v -6.855825 4.525133 5.955573
v -6.144631 4.697007 6.029842
v -7.458746 4.167224 5.054161
v -7.458746 4.035677 5.744072
v -7.861605 3.374347 5.054161
v -7.861605 3.303155 5.427538
v -8.003070 2.439085 5.054161
v -4.987141 2.439085 5.054161
v -5.091631 2.439085 4.450949
v -5.389194 2.847951 4.024412
v -5.834528 3.426174 6.083909
v -5.389194 3.194570 5.842296
v -5.834528 3.426174 6.083909
v -6.855825 4.035677 6.719753
v -6.144631 4.167224 6.856985
v -7.458746 3.661064 6.328950
v -7.861605 3.100416 5.744072
v -5.389194 2.847951 6.083909
v -5.091631 2.847951 5.480697
v -5.834528 2.973294 6.399591
v -5.834528 2.973294 6.399591
v -6.855825 3.303155 7.230362
v -6.144631 3.374347 7.409664
v -7.458746 3.100416 6.719753
v -7.861605 2.796995 5.955573
v -5.091631 2.030220 4.627625
v -5.389194 2.030220 4.024412
v -5.834528 2.439085 6.510444
v -5.389194 2.439085 6.168752
v -5.834528 2.439085 6.510444
v -6.855825 2.439085 7.409664
v -6.144631 2.439085 7.603739
v -7.458746 2.439085 6.856985
v -7.861605 2.439085 6.029842
v -5.091631 1.860862 5.054161
v -5.389194 1.451996 4.627625
v -5.389194 2.030220 6.083909
v -5.091631 2.439085 5.657373
v -5.834528 1.904876 6.399591
v -5.834528 1.904876 6.399591
v -6.855825 1.575016 7.230362
v -6.144631 1.503823 7.409664
v -7.458746 1.777755 6.719753
v -7.861605 2.081177 5.955573
v -5.091631 2.030220 5.480697
v -5.389194 1.451996 5.480697
v -5.834528 1.451996 6.083909
v -5.389194 1.683600 5.842296
v -5.834528 1.451996 6.083909
v -6.855825 0.842493 6.719753
v -6.144631 0.710946 6.856985
v -7.458746 1.217106 6.328950
v -7.861605 1.777755 5.744072
v -5.834528 1.149392 5.611457
v -5.834528 1.149392 5.611457
v -6.855825 0.353037 5.955573
v -6.144631 0.181163 6.029842
v -7.458746 0.842493 5.744072
v -7.861605 1.575016 5.427538
v -5.834528 1.043131 5.054161
v -5.389194 1.370668 5.054161
v -5.834528 1.043131 5.054161
v -5.834528 1.043131 5.054161
v -6.855825 0.181163 5.054161
v -6.144631 -0.004872 5.054161
v -6.144631 -0.004872 5.054161
v -7.458746 0.710946 5.054161
v -7.861605 1.503823 5.054161
v -5.834528 1.149392 4.496865
v -5.834528 1.149392 4.496865
v -6.855825 0.353037 4.152749
v -6.144631 0.181163 4.078479
v -7.458746 0.842493 4.364249
v -7.861605 1.575016 4.680784
v -5.834528 1.451996 4.024412
v -5.389194 1.683600 4.266026
v -5.834528 1.451996 4.024412
v -6.855825 0.842493 3.388568
v -6.144631 0.710946 3.251336
v -7.458746 1.217106 3.779371
v -7.861605 1.777755 4.364249
v -5.834528 1.904876 3.708730
v -5.834528 1.904876 3.708730
v -6.855825 1.575016 2.877959
v -6.144631 1.503823 2.698657
v -7.458746 1.777755 3.388568
v -7.861605 2.081177 4.152749
v -5.389194 2.439085 3.939569
v -5.389194 3.194570 4.266026
v -5.834528 2.439085 3.597878
v -5.834528 2.439085 3.597878
v -6.855825 2.439085 2.698657
v -6.144631 2.439085 2.504583
v -7.458746 2.439085 3.251336
v -7.861605 2.439085 4.078479
v -5.834528 2.973294 3.708730
v -5.834528 2.973294 3.708730
v -6.855825 3.303155 2.877959
v -6.144631 3.374347 2.698657
v -7.458746 3.100416 3.388568
v -7.861605 2.796995 4.152749
v -5.834528 3.426174 4.024412
v -5.834528 3.426174 4.024412
v -6.855825 4.035677 3.388568
v -6.144631 4.167224 3.251336
v -7.458746 3.661064 3.779371
v -7.861605 3.100416 4.364249
v -5.834528 3.728779 4.496865
v -5.834528 3.728779 4.496865
v -6.855825 4.525133 4.152749
v -6.144631 4.697007 4.078479
v -7.458746 4.035677 4.364249
v -7.861605 3.303155 4.680784
v -5.862785 4.555563 5.968722
v -5.862785 4.555563 5.968722
v -5.862785 4.729944 5.054161
v -5.862785 4.729944 5.054161
v -5.862785 4.729944 5.054161
v -5.862785 4.729944 5.054161
v -5.862785 4.058967 6.744049
v -5.862785 4.058967 6.744049
v -5.862785 3.315759 7.262107
v -5.862785 3.315759 7.262107
v -5.862785 2.439085 7.444024
v -5.862785 2.439085 7.444024
v -5.862785 1.562411 7.262107
v -5.862785 1.562411 7.262107
v -5.862785 0.819203 6.744049
v -5.862785 0.819203 6.744049
v -5.862785 0.322608 5.968722
v -5.862785 0.322608 5.968722
v -5.862785 0.148226 5.054161
v -5.862785 0.148226 5.054161
v -5.862785 0.148226 5.054161
v -5.862785 0.148226 5.054161
v -5.862785 0.322608 4.139599
v -5.862785 0.322608 4.139599
v -5.862785 0.819203 3.364272
v -5.862785 1.562411 2.846215
v -5.862785 1.562411 2.846215
v -5.862785 2.439085 2.664297
v -5.862785 2.439085 2.664297
v -5.862785 3.315759 2.846215
v -5.862785 3.315759 2.846215
v -5.862785 4.058967 3.364272
v -5.862785 4.058967 3.364272
v -5.862785 4.555563 4.139599
v -5.862785 4.555563 4.139599
vn 0.9445 0.3054 0.1213
vn 0.9749 -0.2070 -0.0823
vn 0.9746 -0.2238 -0.0000
vn 0.9439 0.3301 -0.0000
vn 0.9458 0.2343 0.2248
vn 0.9754 -0.1590 -0.1525
vn 0.9472 0.1271 0.2944
vn 0.9760 -0.0863 -0.1999
vn 0.9478 -0.0000 0.3190
vn 0.9762 -0.0000 -0.2167
vn 0.9472 -0.1271 0.2944
vn 0.9760 0.0863 -0.1999
vn 0.9458 -0.2343 0.2247
vn 0.9754 0.1589 -0.1525
vn 0.9445 -0.3053 0.1213
vn 0.9749 0.2070 -0.0823
vn 0.9439 -0.3301 -0.0000
vn 0.9746 0.2238 -0.0000
vn 0.9445 -0.3053 -0.1213
vn 0.9749 0.2070 0.0823
vn 0.9459 -0.2342 -0.2247
vn 0.9754 0.1590 0.1526
vn 0.9472 -0.1271 -0.2943
vn 0.9760 0.0863 0.2000
vn 0.9478 -0.0000 -0.3189
vn 0.9762 -0.0000 0.2167
vn 0.9472 0.1271 -0.2944
vn 0.9760 -0.0863 0.1999
vn 0.9458 0.2343 -0.2247
vn 0.9754 -0.1589 0.1525
vn 0.9445 0.3053 -0.1213
vn 0.9749 -0.2070 0.0823
vn 0.9239 0.2761 -0.2651
vn 0.7710 0.5918 -0.2353
vn 0.9211 0.3892 -0.0000
vn 0.7382 0.6746 -0.0000
vn 0.7710 0.5918 0.2353
vn 0.5925 0.8056 -0.0000
vn 0.5948 0.7469 0.2972
vn 0.8444 -0.5357 -0.0000
vn 0.8459 -0.4957 -0.1970
vn 0.1212 0.9926 -0.0000
vn -0.4699 0.8827 -0.0000
vn -0.4719 0.8192 0.3260
vn 0.1217 0.9222 0.3671
vn -0.7904 0.6126 -0.0000
vn -0.7920 0.5673 0.2256
vn -0.9524 0.3049 -0.0000
vn -0.9529 0.2819 0.1120
vn -1.0000 -0.0000 -0.0000
vn 1.0000 -0.0000 -0.0000
vn 0.9266 -0.0000 -0.3760
vn 0.7795 0.2482 -0.5751
vn 0.6005 0.5767 0.5539
vn 0.7446 0.4815 0.4623
vn 0.8494 -0.3808 -0.3654
vn -0.4768 0.6338 0.6091
vn 0.1230 0.7155 0.6877
vn -0.7961 0.4366 0.4191
vn -0.9541 0.2162 0.2073
vn 0.7796 0.2482 0.5751
vn 0.9239 0.2759 0.2653
vn 0.6063 0.3148 0.7303
vn 0.8529 -0.2068 -0.4793
vn -0.4818 0.3468 0.8047
vn 0.1244 0.3926 0.9112
vn -0.8002 0.2376 0.5507
vn -0.9553 0.1172 0.2713
vn 0.9239 -0.2761 -0.2651
vn 0.7796 -0.2481 -0.5751
vn 0.6087 -0.0000 0.7934
vn 0.7512 -0.0000 0.6600
vn 0.8544 -0.0000 -0.5196
vn -0.4839 -0.0000 0.8751
vn 0.1250 -0.0000 0.9922
vn -0.8019 -0.0000 0.5974
vn -0.9558 -0.0000 0.2940
vn 0.9211 -0.3893 -0.0000
vn 0.7710 -0.5918 -0.2353
vn 0.7795 -0.2482 0.5751
vn 0.9266 -0.0000 0.3760
vn 0.6063 -0.3149 0.7303
vn 0.8529 0.2070 -0.4792
vn -0.4818 -0.3468 0.8047
vn 0.1244 -0.3926 0.9112
vn -0.8002 -0.2376 0.5507
vn -0.9553 -0.1172 0.2713
vn 0.9239 -0.2761 0.2651
vn 0.7709 -0.5918 0.2353
vn 0.6005 -0.5767 0.5539
vn 0.7446 -0.4815 0.4623
vn 0.8494 0.3809 -0.3654
vn -0.4768 -0.6338 0.6091
vn 0.1230 -0.7155 0.6877
vn -0.7961 -0.4366 0.4191
vn -0.9541 -0.2162 0.2073
vn 0.5948 -0.7469 0.2972
vn 0.8458 0.4957 -0.1969
vn -0.4719 -0.8192 0.3260
vn 0.1217 -0.9222 0.3671
vn -0.7920 -0.5673 0.2255
vn -0.9529 -0.2819 0.1120
vn 0.5925 -0.8056 -0.0000
vn 0.7382 -0.6746 -0.0000
vn 0.8444 0.5357 -0.0000
vn -0.4699 -0.8827 -0.0000
vn 0.1212 -0.9926 -0.0000
vn -0.7904 -0.6126 -0.0000
vn -0.9524 -0.3049 -0.0000
vn 0.5948 -0.7469 -0.2972
vn 0.8458 0.4958 0.1969
vn -0.4719 -0.8192 -0.3260
vn 0.1216 -0.9222 -0.3672
vn -0.7920 -0.5673 -0.2255
vn -0.9529 -0.2819 -0.1120
vn 0.6005 -0.5767 -0.5539
vn 0.7446 -0.4815 -0.4623
vn 0.8494 0.3809 0.3654
vn -0.4768 -0.6338 -0.6091
vn 0.1230 -0.7155 -0.6877
vn -0.7961 -0.4366 -0.4191
vn -0.9541 -0.2162 -0.2073
vn 0.6063 -0.3148 -0.7303
vn 0.8529 0.2070 0.4793
vn -0.4818 -0.3468 -0.8047
vn 0.1244 -0.3926 -0.9112
vn -0.8002 -0.2376 -0.5507
vn -0.9553 -0.1172 -0.2713
vn 0.7512 -0.0000 -0.6600
vn 0.7446 0.4815 -0.4623
vn 0.6087 -0.0000 -0.7934
vn 0.8544 -0.0000 0.5196
vn -0.4839 -0.0000 -0.8751
vn 0.1250 -0.0000 -0.9922
vn -0.8019 -0.0000 -0.5974
vn -0.9558 -0.0000 -0.2940
vn 0.6063 0.3149 -0.7303
vn 0.8529 -0.2070 0.4793
vn -0.4818 0.3468 -0.8047
vn 0.1244 0.3926 -0.9112
vn -0.8002 0.2376 -0.5507
vn -0.9553 0.1172 -0.2713
vn 0.6005 0.5767 -0.5540
vn 0.8494 -0.3809 0.3654
vn -0.4768 0.6338 -0.6091
vn 0.1230 0.7155 -0.6877
vn -0.7961 0.4366 -0.4191
vn -0.9541 0.2162 -0.2073
vn 0.5948 0.7469 -0.2972
vn 0.8459 -0.4957 0.1969
vn -0.4719 0.8192 -0.3260
vn 0.1217 0.9222 -0.3671
vn -0.7920 0.5673 -0.2255
vn -0.9529 0.2819 -0.1120
vn 0.6868 0.6754 0.2687
vn 0.6848 0.7287 -0.0000
vn 0.6914 0.5210 0.5004
vn 0.6963 0.2843 0.6591
vn 0.6983 -0.0000 0.7158
vn 0.6963 -0.2843 0.6591
vn 0.6915 -0.5210 0.5004
vn 0.6868 -0.6754 0.2686
vn 0.6849 -0.7287 -0.0000
vn 0.6868 -0.6754 -0.2687
vn 0.6915 -0.5210 -0.5004
vn 0.6963 -0.2842 -0.6591
vn 0.6983 -0.0000 -0.7158
vn 0.6963 0.2843 -0.6591
vn 0.6915 0.5210 -0.5004
vn 0.6868 0.6754 -0.2687
vn 0.6849 0.7286 -0.0000
vn 0.6868 0.6753 -0.2686
vn 0.6916 0.5210 -0.5003
vn 0.6964 0.2842 -0.6590
vn 0.6984 -0.0000 -0.7157
vn 0.6964 -0.2842 -0.6590
vn 0.6916 -0.5209 -0.5003
vn 0.6869 -0.6753 -0.2686
vn 0.6850 -0.7286 -0.0000
vn 0.6849 -0.7286 -0.0000
vn 0.6869 -0.6753 0.2686
vn 0.6916 -0.5210 0.5003
vn 0.6964 -0.2842 0.6590
vn 0.6984 -0.0000 0.7157
vn 0.6963 0.2842 0.6590
vn 0.6915 0.5210 0.5004
vt 0.835270 0.068549
vt 0.813138 0.077308
vt 0.797969 0.004209
vt 0.821928 0.004247
vt 0.873269 0.123060
vt 0.856335 0.139280
vt 0.930133 0.159481
vt 0.920979 0.180687
vt 0.997208 0.172272
vt 0.997235 0.195266
vt 0.930133 0.159485
vt 0.920979 0.180688
vt 0.997235 0.195267
vt 0.997208 0.172275
vt 0.873269 0.123063
vt 0.856335 0.139281
vt 0.835270 0.068552
vt 0.813138 0.077309
vt 0.821928 0.004250
vt 0.797969 0.004210
vt 0.813141 0.077309
vt 0.797972 0.004210
vt 0.856337 0.139281
vt 0.920982 0.180688
vt 0.997238 0.195267
vt 0.920982 0.180687
vt 0.997238 0.195266
vt 0.856337 0.139280
vt 0.813141 0.077308
vt 0.797972 0.004209
vt 0.750485 0.190802
vt 0.750485 0.155568
vt 0.776166 0.180482
vt 0.776166 0.150612
vt 0.801847 0.155568
vt 0.776166 0.130653
vt 0.809720 0.137128
vt 0.784508 0.004227
vt 0.800740 0.082254
vt 0.997260 0.137992
vt 0.997242 0.108217
vt 0.955719 0.100300
vt 0.943820 0.127810
vt 0.997268 0.078302
vt 0.967673 0.072659
vt 0.997276 0.043392
vt 0.981614 0.040406
vt 0.997276 0.004161
vt 0.776166 0.215716
vt 0.739848 0.215716
vt 0.714167 0.190802
vt 0.838165 0.155568
vt 0.823617 0.169681
vt 0.846839 0.148403
vt 0.920517 0.077753
vt 0.898553 0.098811
vt 0.942585 0.056590
vt 0.968336 0.031902
vt 0.838164 0.190802
vt 0.801846 0.190802
vt 0.857171 0.183164
vt 0.915820 0.192602
vt 0.896996 0.044009
vt 0.868301 0.055412
vt 0.925820 0.032540
vt 0.959464 0.019174
vt 0.750485 0.240630
vt 0.714167 0.240630
vt 0.863845 0.215716
vt 0.843273 0.215716
vt 0.997224 0.208123
vt 0.888736 0.004206
vt 0.857663 0.004219
vt 0.919934 0.004172
vt 0.956349 0.004161
vt 0.776166 0.250950
vt 0.750485 0.275864
vt 0.838164 0.240630
vt 0.812484 0.215716
vt 0.857171 0.248267
vt 0.801846 0.240630
vt 0.801847 0.275864
vt 0.838165 0.275864
vt 0.823617 0.261751
vt 0.968336 0.031901
vt 0.809720 0.294303
vt 0.776166 0.300778
vt 0.776166 0.280820
vt 0.784508 0.004226
vt 0.742613 0.294303
vt 0.784512 0.004226
vt 0.800744 0.082254
vt 0.997256 0.137992
vt 0.943817 0.127810
vt 0.714168 0.275864
vt 0.728714 0.261751
vt 0.846842 0.148403
vt 0.898549 0.098811
vt 0.695161 0.248267
vt 0.915824 0.192602
vt 0.868297 0.055412
vt 0.959465 0.019174
vt 0.709059 0.215716
vt 0.728714 0.169681
vt 0.688487 0.215716
vt 0.997228 0.208123
vt 0.857659 0.004219
vt 0.695161 0.183164
vt 0.714168 0.155568
vt 0.742613 0.137128
vt 0.784512 0.004227
vt 0.938182 0.140920
vt 0.997206 0.152179
vt 0.888089 0.108845
vt 0.854653 0.060843
vt 0.842899 0.004220
vt 0.854653 0.060844
vt 0.888089 0.108846
vt 0.997206 0.152180
vt 0.938178 0.140920
vt 0.997202 0.152180
vt 0.888085 0.108846
vt 0.854649 0.060844
vt 0.842895 0.004220
vt 0.854649 0.060843
vt 0.888085 0.108845
vt 0.997202 0.152179
vt 0.842892 0.004220
vt 0.888082 0.108846
vt 0.938179 0.140920
vt 0.997203 0.152180
s 1
usemtl defaultMaterial.003
f 614/342/576 615/343/577 616/344/578
f 614/342/576 616/344/578 618/345/579
f 619/346/580 620/347/581 615/343/577
f 619/346/580 615/343/577 614/342/576
f 621/348/582 622/349/583 620/347/581
f 621/348/582 620/347/581 619/346/580
f 623/350/584 625/351/585 622/349/583
f 623/350/584 622/349/583 621/348/582
f 627/352/586 628/353/587 626/354/585
f 627/352/586 626/354/585 624/355/584
f 629/356/588 630/357/589 628/353/587
f 629/356/588 628/353/587 627/352/586
f 631/358/590 632/359/591 630/357/589
f 631/358/590 630/357/589 629/356/588
f 633/360/592 634/361/593 632/359/591
f 633/360/592 632/359/591 631/358/590
f 636/358/594 637/362/595 635/363/593
f 636/358/594 635/363/593 633/360/592
f 638/356/596 639/364/597 637/362/595
f 638/356/596 637/362/595 636/358/594
f 640/352/598 641/365/599 639/364/597
f 640/352/598 639/364/597 638/356/596
f 642/355/600 644/366/601 641/365/599
f 642/355/600 641/365/599 640/352/598
f 646/348/602 647/367/603 645/368/601
f 646/348/602 645/368/601 643/350/600
f 648/346/604 649/369/605 647/367/603
f 648/346/604 647/367/603 646/348/602
f 650/342/606 651/370/607 649/369/605
f 650/342/606 649/369/605 648/346/604
f 618/345/579 617/371/578 651/370/607
f 618/345/579 651/370/607 650/342/606
f 652/372/608 653/373/609 654/374/610
f 655/375/611 656/376/612 654/374/610
f 655/375/611 657/377/613 658/378/614
f 655/375/611 658/378/614 656/376/612
f 659/379/615 616/344/578 615/343/577
f 659/379/615 615/343/577 661/380/616
f 662/381/617 664/382/618 665/383/619
f 662/381/617 665/383/619 666/384/620
f 664/382/618 667/385/621 668/386/622
f 664/382/618 668/386/622 665/383/619
f 667/385/621 669/387/623 670/388/624
f 667/385/621 670/388/624 668/386/622
f 671/389/625 670/388/624 669/387/623
f 672/390/626 652/372/608 654/374/610
f 673/391/627 674/392/628 652/372/608
f 656/376/612 658/378/614 675/393/629
f 656/376/612 675/393/629 676/394/630
f 661/380/616 615/343/577 620/347/581
f 661/380/616 620/347/581 677/395/631
f 666/384/620 665/383/619 678/396/632
f 666/384/620 678/396/632 679/397/633
f 665/383/619 668/386/622 680/398/634
f 665/383/619 680/398/634 678/396/632
f 668/386/622 670/388/624 681/399/635
f 668/386/622 681/399/635 680/398/634
f 671/389/625 681/399/635 670/388/624
f 673/391/627 652/372/608 672/390/626
f 676/394/630 682/400/636 683/401/637
f 676/394/630 675/393/629 684/402/638
f 676/394/630 684/402/638 682/400/636
f 677/395/631 620/347/581 622/349/583
f 677/395/631 622/349/583 685/403/639
f 679/397/633 678/396/632 686/404/640
f 679/397/633 686/404/640 687/405/641
f 678/396/632 680/398/634 688/406/642
f 678/396/632 688/406/642 686/404/640
f 680/398/634 681/399/635 689/407/643
f 680/398/634 689/407/643 688/406/642
f 671/389/625 689/407/643 681/399/635
f 690/408/644 691/409/645 673/391/627
f 690/408/644 673/391/627 672/390/626
f 682/400/636 684/402/638 692/410/646
f 682/400/636 692/410/646 693/411/647
f 685/403/639 622/349/583 625/351/585
f 685/403/639 625/351/585 694/412/648
f 687/405/641 686/404/640 695/413/649
f 687/405/641 695/413/649 696/414/650
f 686/404/640 688/406/642 697/415/651
f 686/404/640 697/415/651 695/413/649
f 688/406/642 689/407/643 698/416/652
f 688/406/642 698/416/652 697/415/651
f 671/389/625 698/416/652 689/407/643
f 699/417/653 700/418/654 690/408/644
f 693/411/647 701/419/655 702/420/656
f 693/411/647 692/410/646 703/421/657
f 693/411/647 703/421/657 701/419/655
f 694/412/648 626/354/585 628/353/587
f 694/412/648 628/353/587 704/403/658
f 696/414/650 695/413/649 705/404/659
f 696/414/650 705/404/659 706/405/660
f 695/413/649 697/415/651 707/406/661
f 695/413/649 707/406/661 705/404/659
f 697/415/651 698/416/652 708/407/662
f 697/415/651 708/407/662 707/406/661
f 671/389/625 708/407/662 698/416/652
f 699/417/653 690/408/644 672/390/626
f 709/422/663 710/423/664 699/417/653
f 701/419/655 703/421/657 711/424/665
f 701/419/655 711/424/665 712/425/666
f 704/403/658 628/353/587 630/357/589
f 704/403/658 630/357/589 713/395/667
f 706/405/660 705/404/659 714/396/668
f 706/405/660 714/396/668 715/397/669
f 705/404/659 707/406/661 716/398/670
f 705/404/659 716/398/670 714/396/668
f 707/406/661 708/407/662 717/426/671
f 707/406/661 717/426/671 716/398/670
f 671/389/625 717/426/671 708/407/662
f 709/422/663 699/417/653 672/390/626
f 712/425/666 710/423/664 709/422/663
f 712/425/666 711/424/665 718/427/672
f 712/425/666 718/427/672 710/423/664
f 713/395/667 630/357/589 632/359/591
f 713/395/667 632/359/591 719/380/673
f 715/397/669 714/396/668 720/383/674
f 715/397/669 720/383/674 721/384/675
f 714/396/668 716/398/670 722/386/676
f 714/396/668 722/386/676 720/383/674
f 716/398/670 717/426/671 723/388/677
f 716/398/670 723/388/677 722/386/676
f 671/389/625 723/388/677 717/426/671
f 702/420/656 701/419/655 709/422/663
f 702/420/656 709/422/663 672/390/626
f 710/423/664 718/427/672 724/428/678
f 710/423/664 724/428/678 725/429/679
f 719/380/673 632/359/591 634/361/593
f 719/380/673 634/361/593 726/430/680
f 721/384/675 720/383/674 728/382/681
f 721/384/675 728/382/681 729/381/682
f 720/383/674 722/386/676 731/385/683
f 720/383/674 731/385/683 728/382/681
f 722/386/676 723/388/677 732/387/684
f 722/386/676 732/387/684 731/385/683
f 671/389/625 732/387/684 723/388/677
f 683/401/637 682/400/636 702/420/656
f 725/429/679 700/418/654 699/417/653
f 725/429/679 724/428/678 733/431/685
f 725/429/679 733/431/685 700/418/654
f 727/432/680 635/363/593 637/362/595
f 727/432/680 637/362/595 734/433/686
f 730/434/682 728/382/681 735/383/687
f 730/434/682 735/383/687 736/435/688
f 728/382/681 731/385/683 737/386/689
f 728/382/681 737/386/689 735/383/687
f 731/385/683 732/387/684 738/388/690
f 731/385/683 738/388/690 737/386/689
f 671/389/625 738/388/690 732/387/684
f 683/401/637 702/420/656 672/390/626
f 654/374/610 656/376/612 683/401/637
f 700/418/654 733/431/685 739/436/691
f 700/418/654 739/436/691 740/437/692
f 734/433/686 637/362/595 639/364/597
f 734/433/686 639/364/597 741/438/693
f 736/435/688 735/383/687 742/396/694
f 736/435/688 742/396/694 743/439/695
f 735/383/687 737/386/689 744/398/696
f 735/383/687 744/398/696 742/396/694
f 737/386/689 738/388/690 745/426/697
f 737/386/689 745/426/697 744/398/696
f 671/389/625 745/426/697 738/388/690
f 683/401/637 672/390/626 654/374/610
f 740/437/692 691/409/645 690/408/644
f 740/437/692 739/436/691 746/440/698
f 740/437/692 746/440/698 691/409/645
f 741/438/693 639/364/597 641/365/599
f 741/438/693 641/365/599 747/441/699
f 743/439/695 742/396/694 748/404/700
f 743/439/695 748/404/700 749/442/701
f 742/396/694 744/398/696 750/406/702
f 742/396/694 750/406/702 748/404/700
f 744/398/696 745/426/697 751/443/703
f 744/398/696 751/443/703 750/406/702
f 671/389/625 751/443/703 745/426/697
f 673/391/627 691/409/645 752/444/704
f 652/372/608 674/392/628 753/445/705
f 691/409/645 746/440/698 754/446/706
f 691/409/645 754/446/706 752/444/704
f 747/441/699 641/365/599 644/366/601
f 747/441/699 644/366/601 755/447/707
f 749/442/701 748/404/700 756/413/708
f 749/442/701 756/413/708 757/448/709
f 748/404/700 750/406/702 758/415/710
f 748/404/700 758/415/710 756/413/708
f 750/406/702 751/443/703 759/416/711
f 750/406/702 759/416/711 758/415/710
f 671/389/625 759/416/711 751/443/703
f 654/374/610 653/373/609 655/375/611
f 752/444/704 674/392/628 673/391/627
f 752/444/704 754/446/706 760/449/712
f 752/444/704 760/449/712 674/392/628
f 755/447/707 645/368/601 647/367/603
f 755/447/707 647/367/603 761/441/713
f 757/448/709 756/413/708 762/404/714
f 757/448/709 762/404/714 763/442/715
f 756/413/708 758/415/710 764/406/716
f 756/413/708 764/406/716 762/404/714
f 758/415/710 759/416/711 765/443/717
f 758/415/710 765/443/717 764/406/716
f 671/389/625 765/443/717 759/416/711
f 683/401/637 656/376/612 676/394/630
f 702/420/656 682/400/636 693/411/647
f 674/392/628 760/449/712 766/450/718
f 674/392/628 766/450/718 753/445/705
f 761/441/713 647/367/603 649/369/605
f 761/441/713 649/369/605 767/438/719
f 763/442/715 762/404/714 768/396/720
f 763/442/715 768/396/720 769/439/721
f 762/404/714 764/406/716 770/398/722
f 762/404/714 770/398/722 768/396/720
f 764/406/716 765/443/717 771/399/723
f 764/406/716 771/399/723 770/398/722
f 671/389/625 771/399/723 765/443/717
f 709/422/663 701/419/655 712/425/666
f 753/445/705 653/373/609 652/372/608
f 753/445/705 766/450/718 772/451/724
f 753/445/705 772/451/724 653/373/609
f 767/438/719 649/369/605 651/370/607
f 767/438/719 651/370/607 773/433/725
f 769/439/721 768/396/720 774/383/726
f 769/439/721 774/383/726 775/435/727
f 768/396/720 770/398/722 776/386/728
f 768/396/720 776/386/728 774/383/726
f 770/398/722 771/399/723 777/388/729
f 770/398/722 777/388/729 776/386/728
f 671/389/625 777/388/729 771/399/723
f 699/417/653 710/423/664 725/429/679
f 690/408/644 700/418/654 740/437/692
f 653/373/609 772/451/724 657/377/613
f 653/373/609 657/377/613 655/375/611
f 773/433/725 651/370/607 617/371/578
f 773/433/725 617/371/578 660/452/615
f 775/435/727 774/383/726 664/382/618
f 775/435/727 664/382/618 663/434/617
f 774/383/726 776/386/728 667/385/621
f 774/383/726 667/385/621 664/382/618
f 776/386/728 777/388/729 669/387/623
f 776/386/728 669/387/623 667/385/621
f 671/389/625 669/387/623 777/388/729
f 666/384/620 778/453/730 780/454/731
f 666/384/620 780/454/731 662/381/617
f 679/397/633 784/455/732 778/453/730
f 679/397/633 778/453/730 666/384/620
f 687/405/641 786/456/733 784/455/732
f 687/405/641 784/455/732 679/397/633
f 696/414/650 788/457/734 786/456/733
f 696/414/650 786/456/733 687/405/641
f 706/405/660 790/458/735 788/457/734
f 706/405/660 788/457/734 696/414/650
f 715/397/669 792/459/736 790/458/735
f 715/397/669 790/458/735 706/405/660
f 721/384/675 794/453/737 792/459/736
f 721/384/675 792/459/736 715/397/669
f 729/381/682 796/460/738 794/453/737
f 729/381/682 794/453/737 721/384/675
f 736/435/688 800/461/739 797/462/738
f 736/435/688 797/462/738 730/434/682
f 743/439/695 802/463/740 800/461/739
f 743/439/695 800/461/739 736/435/688
f 749/442/701 803/464/741 802/463/740
f 749/442/701 802/463/740 743/439/695
f 757/448/709 805/465/742 803/464/741
f 757/448/709 803/464/741 749/442/701
f 763/442/715 807/466/743 805/465/742
f 763/442/715 805/465/742 757/448/709
f 769/439/721 809/467/744 807/466/743
f 769/439/721 807/466/743 763/442/715
f 775/435/727 811/461/745 809/467/744
f 775/435/727 809/467/744 769/439/721
f 663/434/617 781/468/731 811/461/745
f 663/434/617 811/461/745 775/435/727
f 782/465/746 618/345/579 650/342/606
f 782/465/746 650/342/606 812/456/747
f 812/456/747 650/342/606 648/346/604
f 812/456/747 648/346/604 810/463/748
f 810/463/748 648/346/604 646/348/602
f 810/463/748 646/348/602 808/453/749
f 808/453/749 646/348/602 643/350/600
f 808/453/749 643/350/600 806/460/750
f 806/460/750 642/355/600 640/352/598
f 806/460/750 640/352/598 804/453/751
f 804/453/751 640/352/598 638/356/596
f 804/453/751 638/356/596 802/463/752
f 802/463/752 638/356/596 636/358/594
f 802/463/752 636/358/594 801/456/753
f 801/456/753 636/358/594 633/360/592
f 801/456/753 633/360/592 798/465/754
f 799/469/755 633/360/592 631/358/590
f 799/469/755 631/358/590 795/466/756
f 795/466/756 631/358/590 629/356/588
f 795/466/756 629/356/588 793/470/757
f 793/470/757 629/356/588 627/352/586
f 793/470/757 627/352/586 791/471/758
f 791/471/758 627/352/586 624/355/584
f 791/471/758 624/355/584 789/472/759
f 789/472/759 623/350/584 621/348/582
f 789/472/759 621/348/582 787/471/760
f 787/471/760 621/348/582 619/346/580
f 787/471/760 619/346/580 785/470/761
f 785/470/761 619/346/580 614/342/576
f 785/470/761 614/342/576 779/466/730
f 779/466/730 614/342/576 618/345/579
f 779/466/730 618/345/579 783/469/746
o defaultMaterial.004
v -5.755742 4.403331 -2.527624
v -5.698271 3.932089 -2.731261
v -5.698271 4.054699 -3.374301
v -5.698271 4.054699 -3.374301
v -5.755742 4.564766 -3.374289
v -5.755742 3.943602 -1.809856
v -5.698271 3.582927 -2.186120
v -5.755742 3.255570 -1.330259
v -5.698271 3.060368 -1.821866
v -5.755742 2.443980 -1.161847
v -5.755742 2.443980 -1.161847
v -5.698271 2.443968 -1.693958
v -5.698271 2.443968 -1.693958
v -5.755742 1.632389 -1.330259
v -5.698271 1.827567 -1.821866
v -5.755742 0.944357 -1.809856
v -5.698271 1.305009 -2.186120
v -5.755742 0.484628 -2.527624
v -5.698271 0.955846 -2.731261
v -5.755742 0.323193 -3.374289
v -5.698271 0.833237 -3.374301
v -5.698271 0.833237 -3.374301
v -5.755742 0.484628 -4.220953
v -5.698271 0.955846 -4.017340
v -5.755742 0.944357 -4.938721
v -5.698271 1.305009 -4.562482
v -5.755742 1.632389 -5.418318
v -5.698271 1.827567 -4.926734
v -5.755742 2.443980 -5.586730
v -5.755742 2.443980 -5.586730
v -5.698271 2.443968 -5.054643
v -5.698271 2.443968 -5.054643
v -5.755742 3.255570 -5.418318
v -5.698271 3.060368 -4.926734
v -5.755742 3.943602 -4.938721
v -5.698271 3.582927 -4.562482
v -5.755742 4.403331 -4.220953
v -5.698271 3.932089 -4.017340
v -5.091631 2.852824 -3.800846
v -5.389194 3.431047 -3.800846
v -5.091631 3.022181 -3.374311
v -5.389194 3.512375 -3.374311
v -5.389194 3.431047 -2.947776
v -5.834528 3.839912 -3.374311
v -5.834528 3.733652 -2.817016
v -5.834528 3.839912 -3.374311
v -5.834528 3.839912 -3.374311
v -5.834528 3.733652 -2.817016
v -6.144631 4.887915 -3.374311
v -6.144631 4.887915 -3.374311
v -6.855825 4.701880 -3.374311
v -6.855825 4.530006 -2.472898
v -6.144631 4.701880 -2.398629
v -7.458746 4.172097 -3.374311
v -7.458746 4.040550 -2.684400
v -7.861605 3.379220 -3.374311
v -7.861605 3.308027 -3.000934
v -8.003070 2.443958 -3.374311
v -4.987141 2.443958 -3.374311
v -5.091631 2.443958 -3.977523
v -5.389194 2.852824 -4.404059
v -5.834528 3.431047 -2.344563
v -5.389194 3.199443 -2.586175
v -5.834528 3.431047 -2.344563
v -6.855825 4.040550 -1.708718
v -6.144631 4.172097 -1.571486
v -7.458746 3.665937 -2.099521
v -7.861605 3.105288 -2.684400
v -5.389194 2.852824 -2.344563
v -5.091631 2.852824 -2.947776
v -5.834528 2.978167 -2.028880
v -5.834528 2.978167 -2.028880
v -6.855825 3.308027 -1.198109
v -6.144631 3.379220 -1.018807
v -7.458746 3.105288 -1.708718
v -7.861605 2.801867 -2.472898
v -5.091631 2.035092 -3.800846
v -5.389194 2.035092 -4.404059
v -5.834528 2.443958 -1.918027
v -5.389194 2.443958 -2.259719
v -5.834528 2.443958 -1.918027
v -6.855825 2.443958 -1.018807
v -6.144631 2.443958 -0.824732
v -7.458746 2.443958 -1.571486
v -7.861605 2.443958 -2.398629
v -5.091631 1.865734 -3.374311
v -5.389194 1.456869 -3.800846
v -5.389194 2.035092 -2.344563
v -5.091631 2.443958 -2.771099
v -5.834528 1.909749 -2.028880
v -5.834528 1.909749 -2.028880
v -6.855825 1.579888 -1.198109
v -6.144631 1.508696 -1.018807
v -7.458746 1.782627 -1.708718
v -7.861605 2.086048 -2.472898
v -5.091631 2.035092 -2.947776
v -5.389194 1.456869 -2.947776
v -5.834528 1.456869 -2.344563
v -5.389194 1.688473 -2.586175
v -5.834528 1.456869 -2.344563
v -6.855825 0.847366 -1.708718
v -6.144631 0.715819 -1.571486
v -7.458746 1.221979 -2.099521
v -7.861605 1.782627 -2.684400
v -5.834528 1.154264 -2.817016
v -5.834528 1.154264 -2.817016
v -6.855825 0.357910 -2.472898
v -6.144631 0.186036 -2.398629
v -7.458746 0.847366 -2.684400
v -7.861605 1.579888 -3.000934
v -5.834528 1.048004 -3.374311
v -5.389194 1.375541 -3.374311
v -5.834528 1.048004 -3.374311
v -5.834528 1.048004 -3.374311
v -6.855825 0.186036 -3.374311
v -6.144631 0.000001 -3.374311
v -6.144631 0.000001 -3.374311
v -7.458746 0.715819 -3.374311
v -7.861605 1.508696 -3.374311
v -5.834528 1.154264 -3.931606
v -5.834528 1.154264 -3.931606
v -6.855825 0.357910 -4.275723
v -6.144631 0.186036 -4.349992
v -7.458746 0.847366 -4.064222
v -7.861605 1.579888 -3.747688
v -5.834528 1.456869 -4.404059
v -5.389194 1.688473 -4.162446
v -5.834528 1.456869 -4.404059
v -6.855825 0.847366 -5.039903
v -6.144631 0.715819 -5.177135
v -7.458746 1.221979 -4.649100
v -7.861605 1.782627 -4.064222
v -5.834528 1.909749 -4.719741
v -5.834528 1.909749 -4.719741
v -6.855825 1.579888 -5.550512
v -6.144631 1.508696 -5.729815
v -7.458746 1.782627 -5.039903
v -7.861605 2.086048 -4.275723
v -5.389194 2.443958 -4.488902
v -5.389194 3.199443 -4.162446
v -5.834528 2.443958 -4.830594
v -5.834528 2.443958 -4.830594
v -6.855825 2.443958 -5.729815
v -6.144631 2.443958 -5.923889
v -7.458746 2.443958 -5.177135
v -7.861605 2.443958 -4.349992
v -5.834528 2.978167 -4.719741
v -5.834528 2.978167 -4.719741
v -6.855825 3.308027 -5.550512
v -6.144631 3.379220 -5.729815
v -7.458746 3.105288 -5.039903
v -7.861605 2.801867 -4.275723
v -5.834528 3.431047 -4.404059
v -5.834528 3.431047 -4.404059
v -6.855825 4.040550 -5.039903
v -6.144631 4.172097 -5.177135
v -7.458746 3.665937 -4.649100
v -7.861605 3.105288 -4.064222
v -5.834528 3.733652 -3.931606
v -5.834528 3.733652 -3.931606
v -6.855825 4.530006 -4.275723
v -6.144631 4.701880 -4.349992
v -7.458746 4.040550 -4.064222
v -7.861605 3.308027 -3.747688
v -5.862785 4.560435 -2.459749
v -5.862785 4.560435 -2.459749
v -5.862785 4.734817 -3.374311
v -5.862785 4.734817 -3.374311
v -5.862785 4.734817 -3.374311
v -5.862785 4.734817 -3.374311
v -5.862785 4.063840 -1.684422
v -5.862785 4.063840 -1.684422
v -5.862785 3.320632 -1.166365
v -5.862785 3.320632 -1.166365
v -5.862785 2.443958 -0.984447
v -5.862785 2.443958 -0.984447
v -5.862785 1.567284 -1.166365
v -5.862785 1.567284 -1.166365
v -5.862785 0.824076 -1.684422
v -5.862785 0.824076 -1.684422
v -5.862785 0.327480 -2.459749
v -5.862785 0.327480 -2.459749
v -5.862785 0.153099 -3.374311
v -5.862785 0.153099 -3.374311
v -5.862785 0.153099 -3.374311
v -5.862785 0.153099 -3.374311
v -5.862785 0.327480 -4.288872
v -5.862785 0.327480 -4.288872
v -5.862785 0.824076 -5.064199
v -5.862785 1.567284 -5.582256
v -5.862785 1.567284 -5.582256
v -5.862785 2.443958 -5.764174
v -5.862785 2.443958 -5.764174
v -5.862785 3.320632 -5.582256
v -5.862785 3.320632 -5.582256
v -5.862785 4.063840 -5.064199
v -5.862785 4.063840 -5.064199
v -5.862785 4.560435 -4.288872
v -5.862785 4.560435 -4.288872
vn 0.9445 0.3054 0.1213
vn 0.9749 -0.2070 -0.0823
vn 0.9746 -0.2238 -0.0000
vn 0.9439 0.3301 -0.0000
vn 0.9458 0.2343 0.2248
vn 0.9754 -0.1590 -0.1525
vn 0.9472 0.1271 0.2944
vn 0.9760 -0.0863 -0.1999
vn 0.9478 -0.0000 0.3190
vn 0.9762 -0.0000 -0.2167
vn 0.9472 -0.1271 0.2944
vn 0.9760 0.0863 -0.1999
vn 0.9458 -0.2343 0.2247
vn 0.9754 0.1589 -0.1525
vn 0.9445 -0.3053 0.1213
vn 0.9749 0.2070 -0.0823
vn 0.9439 -0.3301 -0.0000
vn 0.9746 0.2238 -0.0000
vn 0.9445 -0.3053 -0.1213
vn 0.9749 0.2070 0.0823
vn 0.9440 -0.3301 -0.0000
vn 0.9459 -0.2342 -0.2247
vn 0.9754 0.1590 0.1526
vn 0.9472 -0.1271 -0.2943
vn 0.9760 0.0863 0.2000
vn 0.9478 -0.0000 -0.3189
vn 0.9762 -0.0000 0.2167
vn 0.9472 0.1271 -0.2944
vn 0.9760 -0.0863 0.1999
vn 0.9458 0.2343 -0.2247
vn 0.9754 -0.1589 0.1525
vn 0.9445 0.3053 -0.1213
vn 0.9749 -0.2070 0.0823
vn 0.9239 0.2761 -0.2651
vn 0.7709 0.5918 -0.2353
vn 0.9211 0.3892 -0.0000
vn 0.7382 0.6746 -0.0000
vn 0.7710 0.5918 0.2353
vn 0.5925 0.8056 -0.0000
vn 0.5948 0.7469 0.2972
vn 0.8444 -0.5357 -0.0000
vn 0.8459 -0.4957 -0.1969
vn 0.1212 0.9926 -0.0000
vn -0.4699 0.8827 -0.0000
vn -0.4719 0.8192 0.3260
vn 0.1217 0.9222 0.3671
vn -0.7904 0.6126 -0.0000
vn -0.7920 0.5673 0.2255
vn -0.9524 0.3049 -0.0000
vn -0.9529 0.2819 0.1120
vn -1.0000 -0.0000 -0.0000
vn 1.0000 -0.0000 -0.0000
vn 0.9266 -0.0000 -0.3760
vn 0.7795 0.2482 -0.5751
vn 0.6005 0.5767 0.5539
vn 0.7446 0.4815 0.4623
vn 0.8494 -0.3809 -0.3654
vn -0.4768 0.6338 0.6091
vn 0.1230 0.7155 0.6877
vn -0.7961 0.4366 0.4191
vn -0.9541 0.2162 0.2073
vn 0.7796 0.2482 0.5751
vn 0.9239 0.2759 0.2653
vn 0.6063 0.3149 0.7303
vn 0.8529 -0.2069 -0.4792
vn -0.4818 0.3468 0.8047
vn 0.1244 0.3926 0.9112
vn -0.8002 0.2376 0.5507
vn -0.9553 0.1172 0.2713
vn 0.9239 -0.2761 -0.2651
vn 0.7796 -0.2481 -0.5751
vn 0.6087 -0.0000 0.7934
vn 0.7512 -0.0000 0.6600
vn 0.8544 -0.0000 -0.5196
vn -0.4839 -0.0000 0.8751
vn 0.1250 -0.0000 0.9922
vn -0.8019 -0.0000 0.5974
vn -0.9558 -0.0000 0.2940
vn 0.9211 -0.3892 -0.0000
vn 0.7710 -0.5918 -0.2353
vn 0.7795 -0.2482 0.5751
vn 0.9266 -0.0000 0.3760
vn 0.6063 -0.3149 0.7302
vn 0.8529 0.2070 -0.4792
vn -0.4818 -0.3468 0.8047
vn 0.1244 -0.3926 0.9112
vn -0.8002 -0.2376 0.5507
vn -0.9553 -0.1172 0.2713
vn 0.9239 -0.2761 0.2650
vn 0.7709 -0.5918 0.2353
vn 0.6005 -0.5767 0.5540
vn 0.7446 -0.4815 0.4623
vn 0.8494 0.3809 -0.3654
vn -0.4768 -0.6338 0.6091
vn 0.1230 -0.7155 0.6877
vn -0.7961 -0.4366 0.4191
vn -0.9541 -0.2162 0.2073
vn 0.5948 -0.7469 0.2972
vn 0.8458 0.4957 -0.1969
vn -0.4719 -0.8192 0.3260
vn 0.1217 -0.9222 0.3671
vn -0.7920 -0.5673 0.2255
vn -0.9529 -0.2819 0.1120
vn 0.5925 -0.8056 -0.0000
vn 0.7382 -0.6746 -0.0000
vn 0.8444 0.5357 -0.0000
vn -0.4699 -0.8827 -0.0000
vn 0.1212 -0.9926 -0.0000
vn -0.7904 -0.6126 -0.0000
vn -0.9524 -0.3049 -0.0000
vn 0.5948 -0.7469 -0.2972
vn 0.8458 0.4958 0.1969
vn -0.4719 -0.8192 -0.3260
vn 0.1217 -0.9222 -0.3671
vn -0.7920 -0.5673 -0.2256
vn -0.9529 -0.2819 -0.1120
vn 0.6005 -0.5767 -0.5540
vn 0.7446 -0.4815 -0.4623
vn 0.8494 0.3809 0.3654
vn -0.4768 -0.6338 -0.6091
vn 0.1230 -0.7155 -0.6877
vn -0.7961 -0.4366 -0.4191
vn -0.9541 -0.2162 -0.2073
vn 0.6063 -0.3149 -0.7303
vn 0.8529 0.2070 0.4793
vn -0.4818 -0.3468 -0.8047
vn 0.1244 -0.3926 -0.9112
vn -0.8002 -0.2376 -0.5507
vn -0.9553 -0.1172 -0.2713
vn 0.7512 -0.0000 -0.6600
vn 0.7446 0.4815 -0.4623
vn 0.6087 -0.0000 -0.7934
vn 0.8544 -0.0000 0.5196
vn -0.4839 -0.0000 -0.8751
vn 0.1250 -0.0000 -0.9922
vn -0.8019 -0.0000 -0.5974
vn -0.9558 -0.0000 -0.2940
vn 0.6063 0.3149 -0.7303
vn 0.8529 -0.2069 0.4793
vn -0.4818 0.3468 -0.8047
vn 0.1244 0.3926 -0.9112
vn -0.8002 0.2376 -0.5507
vn -0.9553 0.1172 -0.2713
vn 0.6005 0.5767 -0.5540
vn 0.8494 -0.3809 0.3654
vn -0.4768 0.6338 -0.6091
vn 0.1230 0.7155 -0.6877
vn -0.7961 0.4366 -0.4191
vn -0.9541 0.2162 -0.2073
vn 0.5948 0.7469 -0.2972
vn 0.8459 -0.4957 0.1970
vn -0.4719 0.8192 -0.3260
vn 0.1217 0.9222 -0.3671
vn -0.7920 0.5673 -0.2255
vn -0.9529 0.2819 -0.1120
vn 0.6868 0.6754 0.2687
vn 0.6848 0.7287 -0.0000
vn 0.6914 0.5210 0.5004
vn 0.6963 0.2843 0.6591
vn 0.6983 -0.0000 0.7158
vn 0.6963 -0.2843 0.6591
vn 0.6915 -0.5210 0.5004
vn 0.6868 -0.6754 0.2686
vn 0.6849 -0.7287 -0.0000
vn 0.6868 -0.6754 -0.2687
vn 0.6915 -0.5210 -0.5004
vn 0.6963 -0.2842 -0.6591
vn 0.6983 -0.0000 -0.7158
vn 0.6963 0.2843 -0.6591
vn 0.6915 0.5210 -0.5004
vn 0.6868 0.6754 -0.2687
vn 0.6849 0.7287 -0.0000
vn 0.6849 0.7286 -0.0000
vn 0.6868 0.6753 -0.2686
vn 0.6916 0.5210 -0.5003
vn 0.6964 0.2842 -0.6590
vn 0.6984 -0.0000 -0.7157
vn 0.6964 -0.2842 -0.6590
vn 0.6916 -0.5209 -0.5003
vn 0.6869 -0.6753 -0.2686
vn 0.6850 -0.7286 -0.0000
vn 0.6849 -0.7286 -0.0000
vn 0.6869 -0.6753 0.2686
vn 0.6916 -0.5210 0.5003
vn 0.6964 -0.2842 0.6590
vn 0.6984 -0.0000 0.7157
vn 0.6964 0.2842 0.6590
vn 0.6915 0.5210 0.5004
vt 0.835270 0.068549
vt 0.813138 0.077308
vt 0.797969 0.004209
vt 0.821928 0.004247
vt 0.873269 0.123060
vt 0.856335 0.139280
vt 0.930133 0.159481
vt 0.920979 0.180687
vt 0.997208 0.172272
vt 0.997235 0.195266
vt 0.930133 0.159485
vt 0.920979 0.180688
vt 0.997235 0.195267
vt 0.997208 0.172275
vt 0.873269 0.123063
vt 0.856335 0.139281
vt 0.835270 0.068552
vt 0.813138 0.077309
vt 0.821928 0.004250
vt 0.797969 0.004210
vt 0.813141 0.077309
vt 0.797972 0.004210
vt 0.856337 0.139281
vt 0.920982 0.180688
vt 0.997238 0.195267
vt 0.920982 0.180687
vt 0.997238 0.195266
vt 0.856337 0.139280
vt 0.813141 0.077308
vt 0.797972 0.004209
vt 0.750485 0.190802
vt 0.750485 0.155568
vt 0.776166 0.180482
vt 0.776166 0.150612
vt 0.801847 0.155568
vt 0.776166 0.130653
vt 0.809720 0.137128
vt 0.784508 0.004227
vt 0.800740 0.082254
vt 0.997260 0.137992
vt 0.997242 0.108217
vt 0.955719 0.100300
vt 0.943820 0.127810
vt 0.997268 0.078302
vt 0.967673 0.072659
vt 0.997276 0.043392
vt 0.981614 0.040406
vt 0.997276 0.004161
vt 0.776166 0.215716
vt 0.739848 0.215716
vt 0.714167 0.190802
vt 0.838165 0.155568
vt 0.823617 0.169681
vt 0.846839 0.148403
vt 0.920517 0.077753
vt 0.898553 0.098811
vt 0.942585 0.056590
vt 0.968336 0.031902
vt 0.838164 0.190802
vt 0.801846 0.190802
vt 0.857171 0.183164
vt 0.915820 0.192602
vt 0.896996 0.044009
vt 0.868301 0.055412
vt 0.925820 0.032540
vt 0.959464 0.019174
vt 0.750485 0.240630
vt 0.714167 0.240630
vt 0.863845 0.215716
vt 0.843273 0.215716
vt 0.997224 0.208123
vt 0.888736 0.004206
vt 0.857663 0.004219
vt 0.919934 0.004172
vt 0.956349 0.004161
vt 0.776166 0.250950
vt 0.750485 0.275864
vt 0.838164 0.240630
vt 0.812484 0.215716
vt 0.857171 0.248267
vt 0.801846 0.240630
vt 0.801847 0.275864
vt 0.838165 0.275864
vt 0.823617 0.261751
vt 0.968336 0.031901
vt 0.809720 0.294303
vt 0.776166 0.300778
vt 0.776166 0.280820
vt 0.784508 0.004226
vt 0.742613 0.294303
vt 0.784512 0.004226
vt 0.800744 0.082254
vt 0.997256 0.137992
vt 0.943817 0.127810
vt 0.714168 0.275864
vt 0.728714 0.261751
vt 0.846842 0.148403
vt 0.898549 0.098811
vt 0.695161 0.248267
vt 0.915824 0.192602
vt 0.868297 0.055412
vt 0.959465 0.019174
vt 0.709059 0.215716
vt 0.728714 0.169681
vt 0.688487 0.215716
vt 0.997228 0.208123
vt 0.857659 0.004219
vt 0.695161 0.183164
vt 0.714168 0.155568
vt 0.742613 0.137128
vt 0.784512 0.004227
vt 0.938182 0.140920
vt 0.997206 0.152179
vt 0.888089 0.108845
vt 0.854653 0.060843
vt 0.842899 0.004220
vt 0.854653 0.060844
vt 0.888089 0.108846
vt 0.997206 0.152180
vt 0.938178 0.140920
vt 0.997202 0.152180
vt 0.888085 0.108846
vt 0.854649 0.060844
vt 0.842895 0.004220
vt 0.854649 0.060843
vt 0.888085 0.108845
vt 0.997202 0.152179
vt 0.842892 0.004220
vt 0.888082 0.108846
vt 0.938179 0.140920
vt 0.997203 0.152180
s 1
usemtl defaultMaterial.003
f 813/473/762 814/474/763 815/475/764
f 813/473/762 815/475/764 817/476/765
f 818/477/766 819/478/767 814/474/763
f 818/477/766 814/474/763 813/473/762
f 820/479/768 821/480/769 819/478/767
f 820/479/768 819/478/767 818/477/766
f 822/481/770 824/482/771 821/480/769
f 822/481/770 821/480/769 820/479/768
f 826/483/772 827/484/773 825/485/771
f 826/483/772 825/485/771 823/486/770
f 828/487/774 829/488/775 827/484/773
f 828/487/774 827/484/773 826/483/772
f 830/489/776 831/490/777 829/488/775
f 830/489/776 829/488/775 828/487/774
f 832/491/778 833/492/779 831/490/777
f 832/491/778 831/490/777 830/489/776
f 835/489/780 836/493/781 834/494/779
f 835/489/780 834/494/779 832/491/782
f 837/487/783 838/495/784 836/493/781
f 837/487/783 836/493/781 835/489/780
f 839/483/785 840/496/786 838/495/784
f 839/483/785 838/495/784 837/487/783
f 841/486/787 843/497/788 840/496/786
f 841/486/787 840/496/786 839/483/785
f 845/479/789 846/498/790 844/499/788
f 845/479/789 844/499/788 842/481/787
f 847/477/791 848/500/792 846/498/790
f 847/477/791 846/498/790 845/479/789
f 849/473/793 850/501/794 848/500/792
f 849/473/793 848/500/792 847/477/791
f 817/476/765 816/502/764 850/501/794
f 817/476/765 850/501/794 849/473/793
f 851/503/795 852/504/796 853/505/797
f 854/506/798 855/507/799 853/505/797
f 854/506/798 856/508/800 857/509/801
f 854/506/798 857/509/801 855/507/799
f 858/510/802 815/475/764 814/474/763
f 858/510/802 814/474/763 860/511/803
f 861/512/804 863/513/805 864/514/806
f 861/512/804 864/514/806 865/515/807
f 863/513/805 866/516/808 867/517/809
f 863/513/805 867/517/809 864/514/806
f 866/516/808 868/518/810 869/519/811
f 866/516/808 869/519/811 867/517/809
f 870/520/812 869/519/811 868/518/810
f 871/521/813 851/503/795 853/505/797
f 872/522/814 873/523/815 851/503/795
f 855/507/799 857/509/801 874/524/816
f 855/507/799 874/524/816 875/525/817
f 860/511/803 814/474/763 819/478/767
f 860/511/803 819/478/767 876/526/818
f 865/515/807 864/514/806 877/527/819
f 865/515/807 877/527/819 878/528/820
f 864/514/806 867/517/809 879/529/821
f 864/514/806 879/529/821 877/527/819
f 867/517/809 869/519/811 880/530/822
f 867/517/809 880/530/822 879/529/821
f 870/520/812 880/530/822 869/519/811
f 872/522/814 851/503/795 871/521/813
f 875/525/817 881/531/823 882/532/824
f 875/525/817 874/524/816 883/533/825
f 875/525/817 883/533/825 881/531/823
f 876/526/818 819/478/767 821/480/769
f 876/526/818 821/480/769 884/534/826
f 878/528/820 877/527/819 885/535/827
f 878/528/820 885/535/827 886/536/828
f 877/527/819 879/529/821 887/537/829
f 877/527/819 887/537/829 885/535/827
f 879/529/821 880/530/822 888/538/830
f 879/529/821 888/538/830 887/537/829
f 870/520/812 888/538/830 880/530/822
f 889/539/831 890/540/832 872/522/814
f 889/539/831 872/522/814 871/521/813
f 881/531/823 883/533/825 891/541/833
f 881/531/823 891/541/833 892/542/834
f 884/534/826 821/480/769 824/482/771
f 884/534/826 824/482/771 893/543/835
f 886/536/828 885/535/827 894/544/836
f 886/536/828 894/544/836 895/545/837
f 885/535/827 887/537/829 896/546/838
f 885/535/827 896/546/838 894/544/836
f 887/537/829 888/538/830 897/547/839
f 887/537/829 897/547/839 896/546/838
f 870/520/812 897/547/839 888/538/830
f 898/548/840 899/549/841 889/539/831
f 892/542/834 900/550/842 901/551/843
f 892/542/834 891/541/833 902/552/844
f 892/542/834 902/552/844 900/550/842
f 893/543/835 825/485/771 827/484/773
f 893/543/835 827/484/773 903/534/845
f 895/545/837 894/544/836 904/535/846
f 895/545/837 904/535/846 905/536/847
f 894/544/836 896/546/838 906/537/848
f 894/544/836 906/537/848 904/535/846
f 896/546/838 897/547/839 907/538/849
f 896/546/838 907/538/849 906/537/848
f 870/520/812 907/538/849 897/547/839
f 898/548/840 889/539/831 871/521/813
f 908/553/850 909/554/851 898/548/840
f 900/550/842 902/552/844 910/555/852
f 900/550/842 910/555/852 911/556/853
f 903/534/845 827/484/773 829/488/775
f 903/534/845 829/488/775 912/526/854
f 905/536/847 904/535/846 913/527/855
f 905/536/847 913/527/855 914/528/856
f 904/535/846 906/537/848 915/529/857
f 904/535/846 915/529/857 913/527/855
f 906/537/848 907/538/849 916/557/858
f 906/537/848 916/557/858 915/529/857
f 870/520/812 916/557/858 907/538/849
f 908/553/850 898/548/840 871/521/813
f 911/556/853 909/554/851 908/553/850
f 911/556/853 910/555/852 917/558/859
f 911/556/853 917/558/859 909/554/851
f 912/526/854 829/488/775 831/490/777
f 912/526/854 831/490/777 918/511/860
f 914/528/856 913/527/855 919/514/861
f 914/528/856 919/514/861 920/515/862
f 913/527/855 915/529/857 921/517/863
f 913/527/855 921/517/863 919/514/861
f 915/529/857 916/557/858 922/519/864
f 915/529/857 922/519/864 921/517/863
f 870/520/812 922/519/864 916/557/858
f 901/551/843 900/550/842 908/553/850
f 901/551/843 908/553/850 871/521/813
f 909/554/851 917/558/859 923/559/865
f 909/554/851 923/559/865 924/560/866
f 918/511/860 831/490/777 833/492/779
f 918/511/860 833/492/779 925/561/867
f 920/515/862 919/514/861 927/513/868
f 920/515/862 927/513/868 928/512/869
f 919/514/861 921/517/863 930/516/870
f 919/514/861 930/516/870 927/513/868
f 921/517/863 922/519/864 931/518/871
f 921/517/863 931/518/871 930/516/870
f 870/520/812 931/518/871 922/519/864
f 882/532/824 881/531/823 901/551/843
f 924/560/866 899/549/841 898/548/840
f 924/560/866 923/559/865 932/562/872
f 924/560/866 932/562/872 899/549/841
f 926/563/867 834/494/779 836/493/781
f 926/563/867 836/493/781 933/564/873
f 929/565/869 927/513/868 934/514/874
f 929/565/869 934/514/874 935/566/875
f 927/513/868 930/516/870 936/517/876
f 927/513/868 936/517/876 934/514/874
f 930/516/870 931/518/871 937/519/877
f 930/516/870 937/519/877 936/517/876
f 870/520/812 937/519/877 931/518/871
f 882/532/824 901/551/843 871/521/813
f 853/505/797 855/507/799 882/532/824
f 899/549/841 932/562/872 938/567/878
f 899/549/841 938/567/878 939/568/879
f 933/564/873 836/493/781 838/495/784
f 933/564/873 838/495/784 940/569/880
f 935/566/875 934/514/874 941/527/881
f 935/566/875 941/527/881 942/570/882
f 934/514/874 936/517/876 943/529/883
f 934/514/874 943/529/883 941/527/881
f 936/517/876 937/519/877 944/557/884
f 936/517/876 944/557/884 943/529/883
f 870/520/812 944/557/884 937/519/877
f 882/532/824 871/521/813 853/505/797
f 939/568/879 890/540/832 889/539/831
f 939/568/879 938/567/878 945/571/885
f 939/568/879 945/571/885 890/540/832
f 940/569/880 838/495/784 840/496/786
f 940/569/880 840/496/786 946/572/886
f 942/570/882 941/527/881 947/535/887
f 942/570/882 947/535/887 948/573/888
f 941/527/881 943/529/883 949/537/889
f 941/527/881 949/537/889 947/535/887
f 943/529/883 944/557/884 950/574/890
f 943/529/883 950/574/890 949/537/889
f 870/520/812 950/574/890 944/557/884
f 872/522/814 890/540/832 951/575/891
f 851/503/795 873/523/815 952/576/892
f 890/540/832 945/571/885 953/577/893
f 890/540/832 953/577/893 951/575/891
f 946/572/886 840/496/786 843/497/788
f 946/572/886 843/497/788 954/578/894
f 948/573/888 947/535/887 955/544/895
f 948/573/888 955/544/895 956/579/896
f 947/535/887 949/537/889 957/546/897
f 947/535/887 957/546/897 955/544/895
f 949/537/889 950/574/890 958/547/898
f 949/537/889 958/547/898 957/546/897
f 870/520/812 958/547/898 950/574/890
f 853/505/797 852/504/796 854/506/798
f 951/575/891 873/523/815 872/522/814
f 951/575/891 953/577/893 959/580/899
f 951/575/891 959/580/899 873/523/815
f 954/578/894 844/499/788 846/498/790
f 954/578/894 846/498/790 960/572/900
f 956/579/896 955/544/895 961/535/901
f 956/579/896 961/535/901 962/573/902
f 955/544/895 957/546/897 963/537/903
f 955/544/895 963/537/903 961/535/901
f 957/546/897 958/547/898 964/574/904
f 957/546/897 964/574/904 963/537/903
f 870/520/812 964/574/904 958/547/898
f 882/532/824 855/507/799 875/525/817
f 901/551/843 881/531/823 892/542/834
f 873/523/815 959/580/899 965/581/905
f 873/523/815 965/581/905 952/576/892
f 960/572/900 846/498/790 848/500/792
f 960/572/900 848/500/792 966/569/906
f 962/573/902 961/535/901 967/527/907
f 962/573/902 967/527/907 968/570/908
f 961/535/901 963/537/903 969/529/909
f 961/535/901 969/529/909 967/527/907
f 963/537/903 964/574/904 970/530/910
f 963/537/903 970/530/910 969/529/909
f 870/520/812 970/530/910 964/574/904
f 908/553/850 900/550/842 911/556/853
f 952/576/892 852/504/796 851/503/795
f 952/576/892 965/581/905 971/582/911
f 952/576/892 971/582/911 852/504/796
f 966/569/906 848/500/792 850/501/794
f 966/569/906 850/501/794 972/564/912
f 968/570/908 967/527/907 973/514/913
f 968/570/908 973/514/913 974/566/914
f 967/527/907 969/529/909 975/517/915
f 967/527/907 975/517/915 973/514/913
f 969/529/909 970/530/910 976/519/916
f 969/529/909 976/519/916 975/517/915
f 870/520/812 976/519/916 970/530/910
f 898/548/840 909/554/851 924/560/866
f 889/539/831 899/549/841 939/568/879
f 852/504/796 971/582/911 856/508/800
f 852/504/796 856/508/800 854/506/798
f 972/564/912 850/501/794 816/502/764
f 972/564/912 816/502/764 859/583/802
f 974/566/914 973/514/913 863/513/805
f 974/566/914 863/513/805 862/565/804
f 973/514/913 975/517/915 866/516/808
f 973/514/913 866/516/808 863/513/805
f 975/517/915 976/519/916 868/518/810
f 975/517/915 868/518/810 866/516/808
f 870/520/812 868/518/810 976/519/916
f 865/515/807 977/584/917 979/585/918
f 865/515/807 979/585/918 861/512/804
f 878/528/820 983/586/919 977/584/917
f 878/528/820 977/584/917 865/515/807
f 886/536/828 985/587/920 983/586/919
f 886/536/828 983/586/919 878/528/820
f 895/545/837 987/588/921 985/587/920
f 895/545/837 985/587/920 886/536/828
f 905/536/847 989/589/922 987/588/921
f 905/536/847 987/588/921 895/545/837
f 914/528/856 991/590/923 989/589/922
f 914/528/856 989/589/922 905/536/847
f 920/515/862 993/584/924 991/590/923
f 920/515/862 991/590/923 914/528/856
f 928/512/869 995/591/925 993/584/924
f 928/512/869 993/584/924 920/515/862
f 935/566/875 999/592/926 996/593/925
f 935/566/875 996/593/925 929/565/869
f 942/570/882 1001/594/927 999/592/926
f 942/570/882 999/592/926 935/566/875
f 948/573/888 1002/595/928 1001/594/927
f 948/573/888 1001/594/927 942/570/882
f 956/579/896 1004/596/929 1002/595/928
f 956/579/896 1002/595/928 948/573/888
f 962/573/902 1006/597/930 1004/596/929
f 962/573/902 1004/596/929 956/579/896
f 968/570/908 1008/598/931 1006/597/930
f 968/570/908 1006/597/930 962/573/902
f 974/566/914 1010/592/932 1008/598/931
f 974/566/914 1008/598/931 968/570/908
f 862/565/804 980/599/933 1010/592/932
f 862/565/804 1010/592/932 974/566/914
f 981/596/934 817/476/765 849/473/793
f 981/596/934 849/473/793 1011/587/935
f 1011/587/935 849/473/793 847/477/791
f 1011/587/935 847/477/791 1009/594/936
f 1009/594/936 847/477/791 845/479/789
f 1009/594/936 845/479/789 1007/584/937
f 1007/584/937 845/479/789 842/481/787
f 1007/584/937 842/481/787 1005/591/938
f 1005/591/938 841/486/787 839/483/785
f 1005/591/938 839/483/785 1003/584/939
f 1003/584/939 839/483/785 837/487/783
f 1003/584/939 837/487/783 1001/594/940
f 1001/594/940 837/487/783 835/489/780
f 1001/594/940 835/489/780 1000/587/941
f 1000/587/941 835/489/780 832/491/782
f 1000/587/941 832/491/782 997/596/942
f 998/600/943 832/491/778 830/489/776
f 998/600/943 830/489/776 994/597/944
f 994/597/944 830/489/776 828/487/774
f 994/597/944 828/487/774 992/601/945
f 992/601/945 828/487/774 826/483/772
f 992/601/945 826/483/772 990/602/946
f 990/602/946 826/483/772 823/486/770
f 990/602/946 823/486/770 988/603/947
f 988/603/947 822/481/770 820/479/768
f 988/603/947 820/479/768 986/602/948
f 986/602/948 820/479/768 818/477/766
f 986/602/948 818/477/766 984/601/949
f 984/601/949 818/477/766 813/473/762
f 984/601/949 813/473/762 978/597/917
f 978/597/917 813/473/762 817/476/765
f 978/597/917 817/476/765 982/600/934
o defaultMaterial.005
v -4.561410 2.470886 5.449448
v -4.453954 4.035580 5.380342
v -4.459053 4.038568 5.398832
v -4.595801 4.035580 4.832558
v -4.595801 4.035580 4.832558
v -4.657292 2.117921 4.813338
v -4.707894 2.107982 4.804300
v -4.542429 2.103267 5.385546
v -4.547354 2.094815 5.383355
v -4.617547 1.953417 5.095459
v -4.617547 1.953417 5.095459
v -4.517087 4.202472 5.075327
v -4.206485 4.269721 5.259925
v -4.505868 4.185430 5.074320
v -4.320579 1.843892 5.013500
v -4.582162 2.005486 4.766978
v -4.668622 2.471051 4.755616
v -4.213355 2.473266 5.491423
v -4.192436 2.005595 5.371622
v -4.492810 4.018700 4.773022
v -4.107026 4.025949 5.423340
v -4.234381 4.290301 -3.574253
v -4.565545 4.235525 -3.429634
v -4.640512 2.036677 -3.060496
v -4.721776 2.093575 -3.181597
v -4.721776 2.093575 -3.181597
v -4.655497 1.939154 -3.440429
v -4.499650 4.068477 -3.753863
v -4.587119 2.099768 -3.707122
v -4.607675 2.501968 -3.793282
v -4.495971 4.066661 -3.734585
v -4.579928 2.093575 -3.729381
v -4.550067 4.046963 -3.107389
v -4.637818 4.066661 -3.186801
v -4.637818 4.066661 -3.186801
v -4.722738 2.502241 -3.111642
v -4.722738 2.502241 -3.111642
v -4.316228 1.939374 -3.435365
v -4.243538 2.504414 -3.834814
v -4.655046 1.943725 -3.439293
v -4.554053 4.216511 -3.428563
v -4.157389 4.055790 -3.710519
v 4.561410 2.470886 5.449448
v 4.547354 2.094815 5.383355
v 4.657292 2.117921 4.813338
v 4.707894 2.107982 4.804300
v 4.595801 4.035580 4.832558
v 4.595801 4.035580 4.832558
v 4.453954 4.035580 5.380342
v 4.459053 4.038568 5.398832
v 4.542429 2.103267 5.385546
v 4.617547 1.953417 5.095459
v 4.617547 1.953417 5.095459
v 4.206485 4.269721 5.259925
v 4.517088 4.202472 5.075327
v 4.505868 4.185430 5.074320
v 4.320579 1.843892 5.013500
v 4.582162 2.005486 4.766978
v 4.668622 2.471051 4.755616
v 4.192436 2.005595 5.371622
v 4.213355 2.473266 5.491423
v 4.492810 4.018700 4.773022
v 4.107026 4.025949 5.423340
v 4.565545 4.235525 -3.429634
v 4.234381 4.290302 -3.574253
v 4.655497 1.939154 -3.440429
v 4.721776 2.093575 -3.181597
v 4.721776 2.093575 -3.181597
v 4.640512 2.036677 -3.060496
v 4.499650 4.068477 -3.753863
v 4.495971 4.066661 -3.734585
v 4.587119 2.099768 -3.707122
v 4.607675 2.501968 -3.793282
v 4.579928 2.093575 -3.729381
v 4.637818 4.066661 -3.186801
v 4.637818 4.066661 -3.186801
v 4.550067 4.046963 -3.107389
v 4.722738 2.502241 -3.111642
v 4.722738 2.502241 -3.111642
v 4.243538 2.504414 -3.834814
v 4.316228 1.939374 -3.435365
v 4.655046 1.943725 -3.439293
v 4.554053 4.216511 -3.428563
v 4.157389 4.055790 -3.710519
v 5.057125 9.473378 -7.584376
v 4.946213 9.879658 -7.739024
v 5.545150 10.257957 -6.239602
v 4.946213 9.879658 -7.739024
v 5.057125 9.473378 -7.584376
v 4.814498 9.401505 -7.451533
v 4.674287 9.915234 -7.646874
v 4.710623 9.877524 -7.629856
v 5.006824 9.159212 -7.339439
v 4.308869 10.209949 -4.388983
v 4.056893 10.886274 -4.657068
v 4.039423 10.906370 -4.669131
v 4.179634 10.392642 -4.473791
v 4.362313 10.547949 -4.347719
v 4.250719 10.956824 -4.503191
v 4.250719 10.956824 -4.503191
v 4.362313 10.547949 -4.347719
v 5.422445 10.449521 -5.664068
v 5.386275 9.183939 -7.432296
v 5.386275 9.183939 -7.432296
v 5.230600 9.035367 -7.259833
v 4.595736 10.026504 -4.282091
v 4.693489 10.256538 -4.195145
v 4.693489 10.256538 -4.195145
v 5.845470 9.088896 -7.323535
v 5.845470 9.088896 -7.323535
v 5.811099 8.914925 -7.123139
v 5.811099 8.914925 -7.123139
v 5.811099 8.914925 -7.123139
v 5.562207 9.217605 -6.412056
v 5.562207 9.217605 -6.412056
v 5.250668 9.709948 -4.911195
v 5.424278 9.482378 -5.661849
v 5.244774 9.713173 -4.923186
v 5.176234 9.906060 -4.145396
v 5.176234 9.906060 -4.145396
v 5.176234 9.906060 -4.145396
v 5.155507 10.160679 -4.086350
v 5.155507 10.160679 -4.086350
v 6.311668 9.213714 -7.287234
v 6.311668 9.213714 -7.287234
v 6.400449 9.072451 -7.078077
v 6.361503 9.085560 -7.094762
v 5.674938 10.106258 -4.065783
v 5.701272 10.037610 -4.045900
v 5.624571 10.286054 -4.050486
v 5.624571 10.286054 -4.050486
v 6.659951 9.524949 -7.333121
v 6.659951 9.524949 -7.333121
v 6.840735 9.465735 -7.136723
v 6.794453 9.477073 -7.161708
v 6.278358 10.332460 -5.181619
v 6.342470 10.669876 -4.188452
v 6.144938 10.409476 -4.116294
v 5.974995 10.599071 -4.097162
v 5.974995 10.599071 -4.097162
v 6.796998 9.939206 -7.448900
v 6.796998 9.939206 -7.448900
v 7.013984 9.989402 -7.283362
v 7.013984 9.989402 -7.283362
v 6.596598 10.393110 -6.606179
v 6.379120 10.980539 -4.305620
v 6.112883 11.015855 -4.213872
v 6.112883 11.015855 -4.213872
v 6.686086 10.345486 -7.603549
v 6.686086 10.345486 -7.603549
v 6.873773 10.503130 -7.478703
v 6.873773 10.503130 -7.478703
v 6.076069 11.163601 -5.470061
v 6.238908 11.494266 -4.500960
v 6.238908 11.494266 -4.500960
v 6.001289 11.424731 -4.369343
v 6.001289 11.424731 -4.369343
v 6.356936 10.634925 -7.755629
v 6.356936 10.634925 -7.755629
v 6.457670 10.869268 -7.670403
v 6.457670 10.869268 -7.670403
v 6.059191 10.935322 -6.678802
v 5.822806 11.860404 -4.692661
v 5.822806 11.860404 -4.692661
v 5.670114 11.716141 -4.521917
v 5.670114 11.716141 -4.521917
v 5.897740 10.729969 -7.864390
v 5.897740 10.729969 -7.864390
v 5.877172 10.989711 -7.807098
v 5.909349 10.933763 -7.798465
v 5.047575 11.363185 -5.822033
v 5.020591 11.953474 -4.847259
v 5.242308 11.980846 -4.829355
v 5.208095 11.812000 -4.630713
v 5.208095 11.812000 -4.630713
v 5.431543 10.605151 -7.900691
v 5.431543 10.605151 -7.900691
v 5.287822 10.832185 -7.852159
v 5.329553 10.806929 -7.844882
v 4.652957 11.823320 -4.874416
v 4.739031 11.686625 -4.666577
v 4.739031 11.686625 -4.666577
v 5.083260 10.293916 -7.854804
v 5.083260 10.293916 -7.854804
v 4.847535 10.438899 -7.793512
v 4.894636 10.383921 -7.775168
v 4.223296 11.397153 -4.797938
v 4.212671 11.430035 -4.815771
v 4.388607 11.373610 -4.619900
v 4.388607 11.373610 -4.619900
v 4.921956 8.789470 -6.014711
v 4.375637 8.988651 -5.430545
v 4.618008 9.177339 -4.983476
v 5.294345 8.518027 -6.113089
v 4.923581 9.567060 -5.743994
v 5.021711 9.378206 -6.359074
v 5.562207 9.217605 -6.412056
v 5.088409 9.622665 -5.374520
v 5.784972 8.670182 -5.299037
v 5.907516 9.796787 -5.133465
v 6.256732 9.929810 -5.681551
v 6.055201 9.377125 -6.303009
v 6.256865 9.729646 -6.030148
v 5.665025 8.458325 -5.764869
v 4.904536 9.111827 -4.664835
v 4.899228 9.039239 -4.719015
v 5.290768 9.474766 -4.931223
v 5.290768 9.474766 -4.931223
v 4.624332 8.297617 -5.821712
v 5.291094 9.653618 -5.113792
v 5.291094 9.653618 -5.113792
v 5.208779 8.688656 -4.628203
v 5.257520 8.068732 -5.242967
v -5.545150 10.257957 -6.239602
v -4.946213 9.879658 -7.739024
v -5.057125 9.473378 -7.584376
v -4.946213 9.879658 -7.739024
v -4.674287 9.915234 -7.646874
v -4.814498 9.401505 -7.451533
v -5.057125 9.473378 -7.584376
v -4.710623 9.877524 -7.629856
v -5.006825 9.159211 -7.339439
v -4.308870 10.209948 -4.388983
v -4.056893 10.886273 -4.657068
v -4.039423 10.906370 -4.669131
v -4.250719 10.956824 -4.503191
v -4.362313 10.547949 -4.347719
v -4.179634 10.392642 -4.473791
v -5.422445 10.449521 -5.664068
v -4.362313 10.547949 -4.347719
v -4.250719 10.956824 -4.503191
v -5.386275 9.183939 -7.432296
v -5.230600 9.035367 -7.259833
v -5.386275 9.183939 -7.432296
v -4.693489 10.256538 -4.195145
v -4.595736 10.026504 -4.282091
v -4.693489 10.256538 -4.195145
v -5.845470 9.088896 -7.323535
v -5.811099 8.914925 -7.123139
v -5.845470 9.088896 -7.323535
v -5.562207 9.217605 -6.412056
v -5.562207 9.217605 -6.412056
v -5.811099 8.914925 -7.123139
v -5.811099 8.914925 -7.123139
v -5.250668 9.709948 -4.911195
v -5.424278 9.482378 -5.661849
v -5.244774 9.713173 -4.923186
v -5.176234 9.906060 -4.145396
v -5.176234 9.906060 -4.145396
v -5.155507 10.160679 -4.086350
v -5.176234 9.906060 -4.145396
v -5.155507 10.160679 -4.086350
v -6.311668 9.213714 -7.287234
v -6.400449 9.072451 -7.078077
v -6.311668 9.213714 -7.287234
v -6.361503 9.085561 -7.094762
v -5.674938 10.106258 -4.065783
v -5.624571 10.286054 -4.050486
v -5.701272 10.037610 -4.045900
v -5.624571 10.286054 -4.050486
v -6.659951 9.524949 -7.333121
v -6.840735 9.465735 -7.136723
v -6.659951 9.524949 -7.333121
v -6.794453 9.477073 -7.161707
v -6.278358 10.332460 -5.181619
v -6.342470 10.669876 -4.188452
v -5.974995 10.599071 -4.097162
v -6.144938 10.409476 -4.116294
v -5.974995 10.599071 -4.097162
v -6.796998 9.939206 -7.448900
v -7.013984 9.989402 -7.283362
v -6.796998 9.939206 -7.448900
v -6.596598 10.393110 -6.606180
v -7.013984 9.989402 -7.283362
v -6.112883 11.015855 -4.213872
v -6.379120 10.980539 -4.305620
v -6.112883 11.015855 -4.213872
v -6.686086 10.345486 -7.603549
v -6.873773 10.503130 -7.478703
v -6.686086 10.345486 -7.603549
v -6.873773 10.503130 -7.478703
v -6.076068 11.163602 -5.470061
v -6.238908 11.494266 -4.500960
v -6.001289 11.424731 -4.369343
v -6.238908 11.494266 -4.500960
v -6.001289 11.424731 -4.369343
v -6.356936 10.634925 -7.755629
v -6.457670 10.869268 -7.670403
v -6.356936 10.634925 -7.755629
v -6.059192 10.935321 -6.678804
v -6.457670 10.869268 -7.670403
v -5.822806 11.860404 -4.692661
v -5.670114 11.716141 -4.521917
v -5.822806 11.860404 -4.692661
v -5.670114 11.716141 -4.521917
v -5.897740 10.729969 -7.864390
v -5.877172 10.989711 -7.807098
v -5.897740 10.729969 -7.864390
v -5.909349 10.933763 -7.798465
v -5.047576 11.363185 -5.822034
v -5.020591 11.953474 -4.847259
v -5.208095 11.812000 -4.630713
v -5.242308 11.980846 -4.829355
v -5.208095 11.812000 -4.630713
v -5.431543 10.605151 -7.900691
v -5.287822 10.832185 -7.852159
v -5.431543 10.605151 -7.900691
v -5.329553 10.806929 -7.844882
v -4.739031 11.686625 -4.666577
v -4.652957 11.823320 -4.874416
v -4.739031 11.686625 -4.666577
v -5.083260 10.293916 -7.854804
v -4.847535 10.438899 -7.793512
v -5.083260 10.293916 -7.854804
v -4.894636 10.383921 -7.775168
v -4.223296 11.397153 -4.797937
v -4.388607 11.373610 -4.619900
v -4.212671 11.430035 -4.815771
v -4.388607 11.373610 -4.619900
v -4.375637 8.988651 -5.430545
v -4.921956 8.789471 -6.014711
v -4.618008 9.177339 -4.983476
v -5.294345 8.518026 -6.113088
v -4.923581 9.567060 -5.743994
v -5.562207 9.217605 -6.412056
v -5.021711 9.378206 -6.359074
v -5.088409 9.622665 -5.374520
v -5.907516 9.796787 -5.133465
v -5.784972 8.670182 -5.299037
v -6.256732 9.929810 -5.681551
v -5.665025 8.458325 -5.764869
v -6.256865 9.729646 -6.030148
v -6.055201 9.377125 -6.303009
v -4.904536 9.111827 -4.664835
v -4.899229 9.039239 -4.719015
v -5.290768 9.474766 -4.931223
v -5.290768 9.474766 -4.931223
v -4.624333 8.297617 -5.821712
v -5.291094 9.653618 -5.113792
v -5.291094 9.653618 -5.113792
v -5.208779 8.688656 -4.628203
v -5.257520 8.068731 -5.242968
v -1.026475 0.956529 -4.320033
v -1.026475 0.956529 -4.320033
v 1.010676 0.956529 -4.320033
v 1.010676 0.956529 -4.320033
v 1.980440 0.956529 -3.935852
v 1.980440 0.956529 -3.935852
v -1.996239 0.956529 -3.935852
v -1.996239 0.956529 -3.935852
v 3.711746 0.956529 0.931003
v 3.711746 0.956529 0.931003
v -3.727544 0.956529 0.931003
v -3.727544 0.956529 0.931003
v -3.387493 0.956529 -2.116337
v -3.387493 0.956529 -2.116337
v 3.371713 0.956529 -2.116337
v 3.371713 0.956529 -2.116337
v 3.110594 10.463854 6.004858
v 5.027808 9.969154 3.623808
v 2.306580 10.180217 7.244617
v 4.160369 9.221904 7.372807
v -2.760023 0.956529 -3.126878
v -2.760023 0.956529 -3.126878
v 2.744243 0.956529 -3.126878
v 2.744243 0.956529 -3.126878
v 2.744464 0.956529 4.763172
v 2.744464 0.956529 4.763172
v -2.760263 0.956529 4.763172
v -2.760263 0.956529 4.763172
v -3.387733 0.956529 3.738027
v -3.387733 0.956529 3.738027
v 3.371934 0.956529 3.738027
v 3.371934 0.956529 3.738027
v 1.980440 0.956529 5.597590
v 1.980440 0.956529 5.597590
v -1.996239 0.956529 5.597590
v -1.996239 0.956529 5.597590
v 5.976738 9.171867 4.449189
v 0.000000 5.843984 -3.221891
v 3.747726 5.843984 -2.845659
v 5.058361 5.843984 2.425658
v 4.648900 5.843984 6.047737
v 3.256975 5.843984 7.782404
v 1.668925 5.843984 8.634521
v 0.000000 8.042205 -8.185854
v 2.418291 8.042205 -7.818835
v 2.444712 6.796831 -8.083984
v 0.000000 6.796831 -8.478238
v 4.194863 8.078953 8.302711
v 1.685656 8.669496 9.323441
v 1.884167 6.796831 9.890347
v 3.723395 6.795744 8.958742
v 6.017124 5.049894 4.527054
v 3.620302 5.025578 7.734847
v 3.675575 4.579636 6.080416
v 3.110907 4.578949 6.832096
v 4.484173 4.579636 4.714691
v 4.640418 4.579773 4.353266
v 6.318683 5.959487 5.742504
v 4.202580 5.698476 8.278108
v 0.000000 10.061979 -6.071916
v 2.378039 10.072054 -5.415308
v 2.915129 9.243423 -6.636719
v 0.000000 9.177339 -7.336835
v 6.680631 5.037185 0.366344
v 4.832919 4.579636 2.895594
v 4.984493 4.579288 0.100222
v -1.336739 10.644913 -4.152595
v 6.200373 8.042205 5.630181
v 5.254569 6.796831 7.485233
v 5.232298 9.956025 0.790895
v 6.438589 9.177759 -0.153720
v 4.832663 10.115677 -1.388393
v 7.034666 5.758140 3.353584
v 3.978927 10.378446 -3.061117
v 7.054471 7.477005 3.551955
v 7.442443 5.947907 0.894224
v 7.194700 8.042205 0.926431
v 6.650555 5.746042 -3.000977
v 7.026055 7.587004 -1.676914
v 6.167493 6.769989 -4.291786
v 6.075630 8.033310 -4.099334
v 5.273727 9.241441 -4.020373
v 0.000000 8.042205 9.908964
v 0.000000 6.796831 10.214148
v 1.834030 5.462739 9.270494
v 0.000000 5.758140 9.844672
v -0.706504 5.033367 8.992974
v -0.726581 9.135349 9.194974
v -0.622905 10.163142 7.881721
v 2.684766 4.579636 7.136063
v 0.000000 4.579636 7.843191
v 0.719175 4.579388 7.853677
v 1.373776 4.579636 7.672840
v -0.453000 10.631061 6.283738
v 2.532453 10.378791 5.819866
v 0.000000 5.843984 8.926546
v 0.000000 5.843984 8.926546
v 0.000000 5.843984 -3.221891
v 3.747726 5.843984 -2.845659
v 2.373870 10.512616 -3.584288
v 3.659232 10.194645 -2.810989
v -0.007899 0.956529 6.105062
v -0.007899 0.956529 6.105062
v -1.026475 0.956529 5.976861
v -1.026475 0.956529 5.976861
v 1.010676 0.956529 5.976861
v 1.010676 0.956529 5.976861
v 4.957208 5.843984 -1.214247
v 4.909755 9.791883 2.798150
v -0.007899 0.956529 -4.443323
v -0.007899 0.956529 -4.443323
v 0.000000 5.758140 -8.141201
v 2.321149 5.758140 -7.786094
v 1.230013 5.045866 -7.132298
v -1.425360 10.472524 -3.711009
v 5.058361 5.843984 2.425659
v 4.957208 5.843984 -1.214247
v 3.955906 10.023246 4.806976
v 3.256975 5.843984 7.782404
v 0.000000 10.787801 6.629272
v 1.668925 5.843984 8.634521
v 4.648900 5.843984 6.047737
v 5.591961 5.011816 -3.517657
v 4.483937 4.579636 -3.112127
v 4.236889 5.768156 -6.767044
v 4.251214 5.788754 -6.815975
v 4.283272 6.796831 -6.949878
v 1.373776 4.579636 -6.007498
v 3.642264 5.041586 -6.097799
v 2.925613 4.566224 -5.314237
v -0.805970 4.568714 -6.158514
v 4.113390 8.042205 -6.763308
v 0.000000 5.843984 8.926546
v 4.395876 1.537170 4.565393
v 2.809335 1.534283 6.758746
v 2.725199 2.106116 7.186478
v 1.373742 2.060286 7.689751
v 4.688949 2.241182 4.775345
v 3.791091 2.125296 6.111381
v 5.164386 2.240160 0.965789
v 4.693709 2.223496 -3.107454
v 4.839217 1.537678 0.931003
v 0.526661 1.533324 7.553599
v -0.008227 2.057768 7.855898
v 4.395876 1.537170 -2.943701
v 2.823996 1.534335 -5.088480
v 3.845772 2.188948 -4.412225
v 0.552175 1.533392 -5.891467
v 1.398762 2.105661 -6.012332
v 2.755199 2.205031 -5.512800
v -0.008296 2.161368 -6.201218
v -3.110595 10.463853 6.004858
v -5.027808 9.969154 3.623808
v -3.332485 9.608269 7.518904
v -5.976737 9.171868 4.449189
v -4.884521 8.777307 7.082657
v -3.747726 5.843984 -2.845659
v -5.058361 5.843984 2.425659
v -4.648900 5.843984 6.047737
v -1.668925 5.843984 8.634521
v -3.256975 5.843984 7.782404
v -2.444712 6.796831 -8.083984
v -2.418291 8.042205 -7.818835
v -3.705520 8.042254 8.647520
v -3.723395 6.795744 8.958742
v -1.884167 6.796831 9.890347
v -1.816961 8.042154 9.597604
v -6.017124 5.049894 4.527055
v -4.484173 4.579636 4.714691
v -4.640450 4.579779 4.352464
v -3.675575 4.579636 6.080416
v -3.675575 4.579636 6.080416
v -3.620302 5.025578 7.734848
v -5.138043 5.758140 7.288599
v -6.318683 5.959487 5.742503
v -2.915129 9.243423 -6.636719
v -2.378039 10.072053 -5.415310
v -6.680631 5.037185 0.366344
v -4.984499 4.579273 0.100160
v -4.832919 4.579636 2.895594
v -3.096370 5.784787 9.069371
v -6.200373 8.042205 5.630181
v -5.254569 6.796831 7.485233
v -5.232298 9.956025 0.790895
v -4.832662 10.115677 -1.388395
v -6.438590 9.177758 -0.153720
v -7.034666 5.758140 3.353584
v -3.978929 10.378445 -3.061116
v -7.054471 7.477005 3.551956
v -7.442443 5.947907 0.894223
v -7.194700 8.042205 0.926431
v -6.650554 5.746042 -3.000977
v -7.026055 7.587004 -1.676914
v -6.167492 6.769990 -4.291788
v -6.075630 8.033310 -4.099334
v -5.273728 9.241442 -4.020372
v -2.684766 4.579636 7.136063
v -2.406975 4.579919 7.355795
v -1.373776 4.579636 7.672840
v -3.747726 5.843984 -2.845659
v -3.659232 10.194645 -2.810989
v -1.380868 1.756931 -5.929657
v -4.957208 5.843984 -1.214247
v -4.909755 9.791883 2.798150
v -2.825132 1.534284 6.758747
v -1.333114 1.794233 7.645209
v -2.071637 5.572344 -7.735919
v -4.957208 5.843984 -1.214247
v -5.058361 5.843984 2.425659
v -3.955907 10.023247 4.806975
v -3.256975 5.843984 7.782404
v -2.518997 10.351945 5.799734
v -1.668925 5.843984 8.634521
v -4.648900 5.843984 6.047737
v -5.591961 5.011816 -3.517657
v -4.483937 4.579636 -3.112127
v -4.236889 5.768156 -6.767044
v -4.251214 5.788754 -6.815975
v -4.283272 6.796831 -6.949878
v -2.925622 4.566248 -5.314315
v -3.642264 5.041586 -6.097799
v -4.113390 8.042205 -6.763308
v -4.411675 1.537170 4.565393
v -2.741821 2.108965 7.186930
v -4.705935 2.245670 4.775597
v -3.807983 2.128758 6.111989
v -5.181503 2.244776 0.966429
v -4.710864 2.227777 -3.107515
v -4.855015 1.537678 0.931003
v -4.411675 1.537170 -2.943701
v -3.862875 2.192460 -4.412493
v -2.839792 1.534336 -5.088482
v -2.771963 2.208292 -5.513235
v 3.161340 7.286463 5.778677
v 3.161340 7.286463 5.778677
v 3.798101 6.809119 5.547222
v 3.634764 7.340431 6.156804
v -1.213649 5.945418 8.693426
v -1.213649 9.303015 6.956431
v -1.111574 8.192935 5.023976
v -1.046718 5.947288 4.411954
v 0.989225 8.210666 4.949388
v 1.024138 8.231318 4.922078
v 0.989225 5.945418 4.398108
v 1.013302 5.948671 4.377298
v 1.213133 9.303015 6.956431
v 1.213133 5.945418 8.693426
v -0.989740 9.567588 6.940411
v 0.989225 9.567588 6.940411
v 0.989225 9.567588 6.940411
v -2.864788 5.945418 5.834992
v -2.979207 6.911287 5.262300
v -2.085951 5.954688 5.964180
v -2.282916 6.709152 6.414053
v -2.237732 5.945418 6.626996
v -2.905547 5.956831 6.594543
v -3.161340 7.286463 5.778677
v -3.161340 7.286463 5.778677
v -2.446827 7.461388 5.802326
v -2.446827 7.461388 5.802326
v -3.017480 6.864160 5.220827
v -2.302967 7.039084 5.244475
v -2.302967 7.039084 5.244475
v -3.370890 6.884442 4.621226
v -2.880048 7.841500 4.959628
v -2.570426 6.896998 4.422974
v -1.907037 7.263727 4.700235
v -1.771151 7.773403 5.289761
v -2.242584 8.125672 5.845228
v -3.042884 8.112364 6.044094
v -3.634764 7.340431 6.156804
v -2.931458 7.716124 6.430339
v -3.705433 7.741777 5.769968
v -3.841487 7.232872 5.179817
v -3.325788 6.433426 4.958678
v -3.798101 6.809119 5.547222
v -2.100169 7.716124 6.207596
v -1.627856 7.340431 5.619053
v -1.791193 6.809119 5.009471
v -2.494500 6.433426 4.735935
v 3.017480 6.864160 5.220827
v 2.979207 6.911287 5.262300
v 2.494500 6.433426 4.735935
v 3.325788 6.433426 4.958678
v 2.302967 7.039084 5.244475
v 2.302967 7.039084 5.244475
v 1.627856 7.340431 5.619053
v 2.446827 7.461388 5.802326
v 2.401716 7.522690 5.864916
v 2.100169 7.716124 6.207596
v 2.931458 7.716124 6.430339
v 2.570426 6.896998 4.422973
v 3.370890 6.884442 4.621226
v 1.791193 6.809119 5.009471
v 1.907037 7.263727 4.700235
v 1.771150 7.773403 5.289761
v 2.242584 8.125672 5.845228
v 2.880048 7.841500 4.959628
v 3.841487 7.232872 5.179817
v 3.042883 8.112364 6.044094
v 3.705433 7.741777 5.769968
v 2.864788 5.945418 5.834992
v 2.085951 5.954688 5.964180
v 2.237732 5.945418 6.626996
v 2.905547 5.956831 6.594543
vn -0.5747 -0.0411 0.8173
vn -0.6312 0.4951 0.5970
vn -0.8549 0.4365 -0.2805
vn -0.9443 -0.2157 -0.2484
vn -0.7009 -0.4390 0.5622
vn -0.8112 -0.5793 0.0798
vn -0.1064 0.9526 -0.2852
vn -0.0601 0.3336 0.9408
vn -0.1825 0.8809 0.4368
vn -0.7909 0.5825 0.1875
vn -0.2525 -0.8848 0.3915
vn -0.6354 -0.7678 0.0827
vn -0.4746 -0.7697 -0.4271
vn -0.8257 -0.2661 -0.4974
vn -0.7416 0.0704 -0.6672
vn -0.2251 -0.0422 0.9734
vn -0.0893 -0.7898 0.6068
vn -0.1471 -0.7450 0.6506
vn -0.2874 0.6495 -0.7040
vn -0.8211 0.4884 -0.2953
vn -0.0584 0.2960 0.9534
vn -0.5307 -0.7192 0.4485
vn -0.9425 -0.3039 0.1390
vn 0.0558 -0.9922 -0.1113
vn -0.3310 0.6527 0.6815
vn -0.0443 0.9504 0.3079
vn -0.8304 0.4756 0.2902
vn -0.9703 0.0020 0.2420
vn 0.0711 -0.9519 -0.2979
vn 0.2607 -0.3945 -0.8811
vn -0.1807 -0.2046 -0.9620
vn -0.0169 0.9179 -0.3964
vn -0.0455 0.4796 -0.8763
vn 0.1306 0.2935 -0.9470
vn -0.9042 -0.4090 0.1234
vn -0.6134 -0.5008 -0.6106
vn -0.6402 -0.7533 -0.1506
vn -0.9703 0.0021 0.2420
vn -0.5215 -0.0455 -0.8521
vn -0.8658 0.4311 0.2540
vn -0.6721 0.4470 -0.5903
vn -0.7846 0.5929 -0.1814
vn 0.5747 -0.0412 0.8173
vn 0.9443 -0.2156 -0.2484
vn 0.8549 0.4365 -0.2805
vn 0.6312 0.4951 0.5971
vn 0.7009 -0.4390 0.5622
vn 0.8112 -0.5793 0.0798
vn 0.1825 0.8809 0.4368
vn 0.0363 0.4896 0.8712
vn 0.0837 0.9547 -0.2857
vn 0.7909 0.5825 0.1875
vn 0.4746 -0.7697 -0.4271
vn 0.6354 -0.7678 0.0827
vn 0.4277 -0.8937 0.1353
vn 0.7416 0.0704 -0.6672
vn 0.8257 -0.2662 -0.4974
vn 0.1471 -0.7450 0.6506
vn 0.2406 -0.2457 0.9390
vn 0.2344 -0.0639 0.9700
vn 0.2874 0.6495 -0.7040
vn 0.8211 0.4884 -0.2953
vn 0.0584 0.2960 0.9534
vn -0.0465 -0.9885 -0.1439
vn 0.9425 -0.3039 0.1390
vn 0.5307 -0.7192 0.4485
vn 0.8304 0.4757 0.2902
vn 0.0847 0.9431 0.3215
vn 0.3310 0.6527 0.6815
vn 0.9703 0.0021 0.2421
vn 0.1117 -0.0728 -0.9911
vn -0.3400 -0.6628 -0.6672
vn -0.0826 -0.8778 -0.4719
vn 0.0169 0.9179 -0.3964
vn 0.9703 0.0021 0.2420
vn -0.1306 0.2935 -0.9470
vn 0.0259 0.3970 -0.9174
vn 0.6402 -0.7533 -0.1506
vn 0.6134 -0.5008 -0.6106
vn 0.9042 -0.4090 0.1234
vn 0.5215 -0.0454 -0.8521
vn 0.8658 0.4312 0.2540
vn 0.6721 0.4470 -0.5903
vn 0.7846 0.5929 -0.1814
vn 0.8231 0.3069 -0.4778
vn 0.9313 -0.1379 -0.3372
vn 0.1818 -0.2873 -0.9404
vn -0.3406 -0.2845 -0.8961
vn -0.2810 -0.5296 -0.8004
vn -0.2810 -0.5295 -0.8004
vn -0.3405 -0.2846 -0.8961
vn -0.9791 -0.0730 -0.1899
vn -0.6711 -0.7330 0.1109
vn -0.7124 -0.6985 0.0679
vn -0.9774 -0.0821 -0.1948
vn -0.6340 0.2601 0.7283
vn -0.5696 0.0027 0.8219
vn -0.5695 0.0027 0.8220
vn -0.6340 0.2600 0.7283
vn 0.7316 0.1947 0.6533
vn 0.6392 0.6093 0.4693
vn -0.1600 0.3370 0.9278
vn 0.5040 0.6074 -0.6141
vn -0.1103 -0.7015 -0.7041
vn -0.1104 -0.7014 -0.7041
vn -0.3865 -0.1778 0.9050
vn 0.3438 0.8938 0.2880
vn 0.0924 0.6897 -0.7182
vn 0.1240 -0.7598 -0.6383
vn 0.1241 -0.7598 -0.6383
vn -0.1193 -0.9279 0.3531
vn -0.0814 -0.9453 0.3157
vn -0.1326 -0.9533 0.2712
vn -0.1499 -0.9629 0.2242
vn -0.1864 -0.1834 0.9652
vn -0.0575 0.9837 0.1704
vn -0.3056 0.5532 -0.7750
vn 0.3640 -0.6930 -0.6223
vn 0.3641 -0.6929 -0.6223
vn 0.0129 -0.9183 0.3958
vn 0.4654 -0.7684 0.4393
vn -0.0722 -0.9460 0.3160
vn 0.5044 -0.8165 0.2810
vn -0.1065 -0.9472 0.3024
vn -0.0250 -0.9537 0.2996
vn 0.1226 -0.9625 0.2421
vn 0.0080 -0.0470 0.9989
vn -0.4670 0.8720 0.1468
vn -0.6001 0.2301 -0.7661
vn 0.5488 -0.5134 -0.6597
vn 0.5489 -0.5134 -0.6597
vn 0.8039 -0.3698 0.4659
vn 0.9601 -0.1925 0.2029
vn 0.9322 -0.3592 0.0443
vn 0.2220 0.1009 0.9698
vn 0.2220 0.1010 0.9698
vn -0.7876 0.5744 0.2229
vn -0.7066 -0.1995 -0.6789
vn 0.6230 -0.2630 -0.7367
vn 0.6231 -0.2626 -0.7367
vn 0.8633 0.0369 0.5033
vn 0.8945 0.3779 0.2386
vn 0.3370 0.2933 0.8947
vn -0.9141 0.1543 0.3750
vn -0.5912 -0.6049 -0.5334
vn 0.5605 -0.0111 -0.8281
vn 0.5606 -0.0112 -0.8280
vn 0.7459 0.6061 0.2762
vn 0.7198 0.6538 -0.2333
vn 0.9002 0.3626 -0.2413
vn 0.2862 0.5313 0.7974
vn -0.7959 -0.2560 0.5487
vn -0.3031 -0.8741 -0.3796
vn 0.3824 0.1664 -0.9089
vn 0.3746 0.9229 0.0887
vn 0.4925 0.8699 -0.0248
vn 0.4273 0.7388 -0.5212
vn 0.1146 0.7059 0.6989
vn 0.1145 0.7060 0.6989
vn -0.4909 -0.5285 0.6926
vn 0.0735 -0.9619 -0.2635
vn 0.1437 0.2241 -0.9639
vn 0.1435 0.2240 -0.9640
vn 0.0434 0.9897 -0.1364
vn -0.1359 0.9169 -0.3754
vn -0.0843 0.8322 -0.5480
vn -0.1228 0.7665 0.6304
vn -0.1032 -0.6113 0.7846
vn 0.4635 -0.8605 -0.2116
vn -0.0935 0.1511 -0.9841
vn -0.0935 0.1510 -0.9841
vn -0.4490 0.8448 -0.2911
vn -0.3676 0.6998 0.6125
vn 0.2828 -0.5025 0.8170
vn 0.7857 -0.5712 -0.2374
vn -0.2709 -0.0343 -0.9620
vn -0.8141 0.4949 -0.3039
vn -0.7550 0.5262 -0.3912
vn -0.5574 0.5170 0.6496
vn 0.5913 -0.2163 0.7769
vn -0.8714 0.4107 -0.2683
vn -0.5691 -0.0707 -0.8192
vn -0.7719 0.5184 -0.3680
vn -0.8422 -0.1278 -0.5238
vn -0.0541 -0.4737 -0.8790
vn 0.9108 -0.2422 0.3343
vn 0.6488 -0.0389 0.7600
vn 0.8136 -0.4306 0.3906
vn 0.7290 -0.5279 -0.4357
vn 0.9197 -0.3924 0.0170
vn 0.6679 -0.6948 -0.2670
vn -0.4123 0.8765 0.2484
vn -0.6574 0.6794 0.3259
vn -0.2991 0.5361 0.7894
vn -0.1586 0.6489 0.7442
vn -0.4605 -0.4173 -0.7834
vn -0.4011 0.4770 0.7821
vn 0.1367 -0.5090 -0.8499
vn -0.3080 0.2592 0.9154
vn 0.5361 -0.0558 0.8423
vn -0.2945 0.6455 0.7047
vn -0.2440 0.5598 0.7919
vn 0.5580 -0.8297 -0.0141
vn -0.1818 -0.2873 -0.9404
vn -0.9313 -0.1380 -0.3372
vn -0.8231 0.3069 -0.4778
vn 0.3406 -0.2845 -0.8961
vn 0.3406 -0.2848 -0.8961
vn 0.2810 -0.5295 -0.8004
vn 0.2810 -0.5296 -0.8004
vn 0.9794 -0.0766 -0.1868
vn 0.7124 -0.6985 0.0679
vn 0.6783 -0.7267 0.1084
vn 0.9771 -0.0784 -0.1980
vn 0.6340 0.2601 0.7283
vn 0.6340 0.2600 0.7283
vn 0.5695 0.0027 0.8220
vn 0.5696 0.0027 0.8219
vn 0.1600 0.3370 0.9278
vn -0.6392 0.6093 0.4693
vn -0.7316 0.1947 0.6533
vn -0.5040 0.6074 -0.6141
vn 0.1104 -0.7014 -0.7041
vn 0.1103 -0.7015 -0.7041
vn 0.3865 -0.1778 0.9050
vn -0.3438 0.8938 0.2880
vn -0.0924 0.6897 -0.7182
vn -0.1240 -0.7598 -0.6383
vn 0.0814 -0.9453 0.3158
vn 0.1193 -0.9279 0.3531
vn 0.1326 -0.9533 0.2712
vn 0.1499 -0.9629 0.2242
vn 0.1864 -0.1834 0.9652
vn 0.0575 0.9837 0.1704
vn 0.3057 0.5533 -0.7748
vn -0.3641 -0.6929 -0.6223
vn -0.3640 -0.6930 -0.6223
vn -0.0129 -0.9183 0.3958
vn 0.0722 -0.9460 0.3160
vn -0.4654 -0.7684 0.4393
vn 0.1065 -0.9472 0.3024
vn -0.5044 -0.8165 0.2810
vn 0.0250 -0.9537 0.2997
vn -0.1226 -0.9625 0.2421
vn -0.0080 -0.0470 0.9989
vn 0.4670 0.8720 0.1468
vn 0.6001 0.2301 -0.7661
vn -0.5489 -0.5134 -0.6597
vn -0.5488 -0.5134 -0.6597
vn -0.9601 -0.1925 0.2029
vn -0.7869 -0.3782 0.4876
vn -0.9378 -0.3395 0.0721
vn -0.2220 0.1010 0.9698
vn -0.2220 0.1009 0.9698
vn 0.7876 0.5744 0.2229
vn 0.7066 -0.1995 -0.6789
vn -0.6231 -0.2626 -0.7367
vn -0.6231 -0.2625 -0.7367
vn -0.8934 0.3803 0.2392
vn -0.8633 0.0369 0.5033
vn -0.3370 0.2933 0.8947
vn 0.9141 0.1543 0.3750
vn 0.5913 -0.6049 -0.5334
vn -0.5606 -0.0112 -0.8280
vn -0.5605 -0.0111 -0.8281
vn -0.7459 0.6061 0.2762
vn -0.7225 0.6520 -0.2300
vn -0.9002 0.3626 -0.2413
vn -0.2862 0.5313 0.7974
vn 0.7959 -0.2560 0.5487
vn 0.3031 -0.8741 -0.3796
vn -0.3824 0.1664 -0.9089
vn -0.4925 0.8699 -0.0248
vn -0.3746 0.9229 0.0887
vn -0.4273 0.7388 -0.5212
vn -0.1145 0.7060 0.6989
vn -0.1146 0.7059 0.6989
vn 0.4909 -0.5285 0.6926
vn -0.0735 -0.9619 -0.2635
vn -0.1435 0.2240 -0.9640
vn -0.1437 0.2241 -0.9639
vn -0.0434 0.9897 -0.1364
vn 0.1331 0.9172 -0.3755
vn 0.1088 0.8311 -0.5454
vn 0.1228 0.7665 0.6304
vn 0.1033 -0.6113 0.7846
vn -0.4635 -0.8605 -0.2116
vn 0.0935 0.1510 -0.9841
vn 0.0935 0.1511 -0.9841
vn 0.4490 0.8448 -0.2911
vn 0.3676 0.6998 0.6125
vn -0.2828 -0.5026 0.8170
vn -0.7857 -0.5712 -0.2374
vn 0.2709 -0.0343 -0.9620
vn 0.8141 0.4949 -0.3039
vn 0.7743 0.5037 -0.3830
vn 0.5574 0.5170 0.6496
vn -0.5911 -0.2166 0.7770
vn 0.7666 0.4640 -0.4438
vn 0.5662 -0.0588 -0.8222
vn 0.8683 0.4872 -0.0934
vn 0.0541 -0.4737 -0.8790
vn 0.8422 -0.1278 -0.5238
vn -0.8651 -0.3815 0.3257
vn -0.7491 -0.0325 0.6616
vn -0.9108 -0.2422 0.3343
vn -0.6804 -0.6792 -0.2752
vn -0.9197 -0.3924 0.0170
vn -0.7290 -0.5279 -0.4357
vn 0.6662 0.6858 0.2930
vn 0.4123 0.8765 0.2484
vn 0.1586 0.6489 0.7442
vn 0.2991 0.5361 0.7894
vn 0.4605 -0.4173 -0.7834
vn 0.4011 0.4770 0.7821
vn -0.1568 -0.5230 -0.8378
vn 0.3080 0.2592 0.9154
vn 0.2945 0.6455 0.7047
vn -0.5361 -0.0558 0.8423
vn 0.2440 0.5598 0.7919
vn -0.5316 -0.8436 0.0759
vn -0.0469 -0.9817 -0.1845
vn 0.0469 -0.9817 -0.1845
vn 0.1082 -0.9812 -0.1600
vn -0.1082 -0.9812 -0.1600
vn 0.2360 -0.9718 0.0010
vn -0.2360 -0.9718 0.0009
vn -0.2065 -0.9760 -0.0695
vn 0.2065 -0.9760 -0.0694
vn -0.1611 -0.9788 -0.1262
vn 0.1611 -0.9788 -0.1262
vn 0.1627 -0.9787 0.1250
vn -0.1628 -0.9787 0.1250
vn -0.2066 -0.9759 0.0700
vn 0.2066 -0.9759 0.0700
vn 0.1090 -0.9812 0.1594
vn -0.1090 -0.9812 0.1594
vn 0.5449 0.6261 0.5577
vn 0.7494 0.6216 0.2280
vn 0.2176 0.9758 0.0226
vn -0.0000 1.0000 -0.0000
vn -0.0000 0.4204 -0.9073
vn 0.3016 0.4150 -0.8584
vn 0.3492 -0.0311 -0.9365
vn -0.0022 -0.0435 -0.9991
vn 0.6007 0.3695 0.7090
vn 0.2527 0.5570 0.7911
vn 0.3265 -0.0490 0.9439
vn 0.5366 -0.0309 0.8433
vn 0.5165 -0.8297 0.2118
vn 0.3361 -0.8377 0.4304
vn 0.6868 -0.5043 0.5234
vn 0.7617 -0.5539 0.3361
vn 0.8258 -0.3525 0.4402
vn 0.5690 -0.5159 0.6404
vn 0.0080 0.9041 -0.4273
vn 0.1984 0.9101 -0.3638
vn 0.3554 0.7312 -0.5823
vn -0.0000 0.7310 -0.6824
vn 0.5523 -0.8327 -0.0387
vn 0.9051 -0.4097 0.1136
vn 0.7329 -0.6657 -0.1400
vn -0.1338 0.9901 -0.0427
vn 0.8413 0.3369 0.4227
vn 0.7873 -0.0065 0.6165
vn -0.3902 0.9114 0.1305
vn 0.7364 0.6717 -0.0808
vn -0.2475 0.9318 0.2656
vn 0.8788 -0.4336 0.1993
vn 0.2100 0.9776 -0.0119
vn 0.9553 0.2087 0.2094
vn 0.9576 -0.2878 -0.0097
vn 0.9320 0.3621 0.0140
vn 0.8534 -0.4137 -0.3172
vn 0.9448 0.2414 -0.2215
vn 0.8720 -0.0364 -0.4881
vn 0.8390 0.3503 -0.4162
vn 0.6401 0.6766 -0.3640
vn 0.2342 0.9718 -0.0281
vn 0.2508 0.8252 0.5061
vn 0.0115 0.3919 0.9199
vn -0.0000 -0.0586 0.9983
vn 0.2368 -0.6640 0.7093
vn -0.0124 -0.5685 0.8226
vn -0.0778 -0.8381 0.5399
vn -0.1102 0.6778 0.7270
vn -0.0494 0.8499 0.5247
vn 0.4551 -0.5363 0.7108
vn 0.0140 -0.5422 0.8402
vn 0.2238 -0.4840 0.8460
vn 0.0247 0.3684 -0.9293
vn -0.3212 0.1651 -0.9325
vn 0.0037 -0.4982 -0.8670
vn -0.0029 0.1228 0.9924
vn -0.4776 0.0318 0.8780
vn 0.0281 0.8061 0.5911
vn -0.5154 0.4843 0.7070
vn -0.0000 -0.9676 0.2526
vn -0.0469 -0.9817 0.1846
vn 0.0469 -0.9817 0.1846
vn -0.8397 0.4951 -0.2232
vn -0.0000 -0.9675 -0.2527
vn -0.0067 -0.5809 -0.8139
vn 0.2638 -0.5755 -0.7741
vn 0.0960 -0.8519 -0.5149
vn 0.1526 0.5629 0.8123
vn -0.9973 0.0016 -0.0732
vn -0.9591 -0.0005 0.2832
vn -0.7211 0.0051 -0.6928
vn 0.0052 0.9992 0.0399
vn -0.2928 -0.4634 -0.8364
vn -0.6192 -0.3642 -0.6957
vn -0.9126 -0.1898 -0.3622
vn 0.4848 -0.8355 -0.2586
vn 0.7667 -0.5563 -0.3204
vn 0.7633 -0.4212 -0.4899
vn 0.6851 0.0109 -0.7284
vn 0.2020 -0.5450 -0.8138
vn 0.3139 -0.8564 -0.4099
vn 0.5249 -0.5733 -0.6292
vn -0.1473 -0.5536 -0.8197
vn 0.6033 -0.4424 -0.6636
vn 0.6472 0.3569 -0.6736
vn -0.0006 -0.4765 -0.8792
vn 0.6567 -0.7163 0.2359
vn 0.4040 -0.7359 0.5433
vn 0.1714 -0.9770 0.1266
vn 0.2067 -0.9759 0.0700
vn 0.7231 -0.6907 0.0025
vn 0.2361 -0.9717 0.0010
vn 0.0712 -0.7484 0.6594
vn 0.2618 -0.2893 0.9207
vn -0.0248 -0.2291 0.9731
vn 0.7693 -0.2551 0.5858
vn 0.5001 -0.2363 0.8331
vn 0.9880 -0.1542 0.0109
vn 0.9118 -0.1614 0.3776
vn 0.6563 -0.7155 -0.2397
vn 0.9248 -0.1537 -0.3481
vn 0.4248 -0.6851 -0.5918
vn 0.7686 -0.2259 -0.5985
vn 0.0551 -0.7226 -0.6890
vn 0.2549 -0.2718 -0.9280
vn 0.5225 -0.2074 -0.8271
vn 0.8260 -0.4899 0.2790
vn 0.0953 -0.9826 0.1597
vn 0.5314 -0.5564 0.6388
vn 0.0993 -0.5606 0.8221
vn -0.0109 -0.9673 0.2533
vn 0.0573 -0.9806 0.1874
vn 0.2066 -0.9760 -0.0695
vn 0.1697 -0.9772 -0.1276
vn -0.0044 -0.2058 -0.9786
vn 0.0945 -0.9825 -0.1605
vn 0.0575 -0.9806 -0.1872
vn -0.0109 -0.9672 -0.2537
vn -0.2099 0.9738 0.0879
vn -0.6787 0.6898 0.2521
vn -0.6816 0.5170 0.5178
vn -0.3499 -0.0503 -0.9354
vn -0.3015 0.4150 -0.8584
vn -0.5261 0.3969 0.7521
vn -0.5939 -0.0409 0.8035
vn -0.3012 -0.0683 0.9511
vn -0.3084 0.4124 0.8572
vn -0.5198 -0.8265 0.2162
vn -0.7635 -0.5511 0.3368
vn -0.6879 -0.5018 0.5244
vn -0.3434 -0.8265 0.4461
vn -0.6516 -0.5146 0.5574
vn -0.8412 -0.3374 0.4225
vn -0.3483 0.7332 -0.5840
vn -0.2530 0.8786 -0.4050
vn -0.5706 -0.8208 -0.0260
vn -0.7349 -0.6634 -0.1409
vn -0.9071 -0.4053 0.1139
vn -0.4090 -0.5318 0.7416
vn -0.8538 0.3181 0.4121
vn -0.7661 0.0146 0.6425
vn 0.4661 0.8779 0.1099
vn 0.2318 0.9280 0.2916
vn -0.7334 0.6745 -0.0850
vn -0.8809 -0.4353 0.1858
vn -0.2885 0.9573 0.0172
vn -0.9550 0.2100 0.2093
vn -0.9564 -0.2918 -0.0082
vn -0.9324 0.3612 0.0152
vn -0.8556 -0.4210 -0.3012
vn -0.9447 0.2423 -0.2209
vn -0.8721 -0.0353 -0.4880
vn -0.8413 0.3509 -0.4111
vn -0.6345 0.6824 -0.3629
vn -0.1922 0.9813 -0.0050
vn -0.4227 0.7195 0.5510
vn -0.4557 -0.5346 0.7117
vn -0.2325 -0.5332 0.8134
vn 0.4784 0.0266 0.8778
vn 0.4813 0.5246 0.7023
vn 0.9536 0.2466 -0.1726
vn -0.4048 -0.7397 0.5376
vn -0.0953 -0.9826 0.1597
vn -0.0550 -0.9719 0.2289
vn -0.1875 -0.4960 0.8479
vn -0.2081 -0.6372 -0.7420
vn 0.9591 -0.0005 0.2832
vn 0.9973 0.0016 -0.0732
vn 0.7318 0.2523 -0.6331
vn 0.6168 -0.3685 -0.6955
vn 0.3368 0.0297 -0.9411
vn 0.2919 -0.4691 -0.8335
vn 0.9126 -0.1898 -0.3622
vn -0.4862 -0.8325 -0.2657
vn -0.7739 -0.5521 -0.3104
vn -0.7487 -0.4646 -0.4728
vn -0.6851 0.0109 -0.7284
vn -0.4912 -0.5497 -0.6757
vn -0.3167 -0.8634 -0.3928
vn -0.6235 -0.4256 -0.6558
vn -0.6472 0.3569 -0.6736
vn 0.0001 -0.4819 -0.8762
vn -0.6566 -0.7160 0.2372
vn -0.2067 -0.9759 0.0700
vn -0.1714 -0.9770 0.1266
vn -0.7235 -0.6903 0.0025
vn -0.2361 -0.9717 0.0010
vn -0.5207 -0.2149 0.8263
vn -0.7645 -0.2510 0.5937
vn -0.9153 -0.1581 0.3705
vn -0.9846 -0.1742 -0.0152
vn -0.9119 -0.1877 -0.3649
vn -0.6570 -0.7151 -0.2387
vn -0.7685 -0.2271 -0.5981
vn -0.4083 -0.7120 -0.5712
vn -0.5231 -0.1854 -0.8319
vn -0.1978 -0.5318 -0.8234
vn -0.8342 -0.4844 0.2634
vn -0.6565 -0.5404 0.5263
vn -0.3767 -0.5659 0.7334
vn -0.1697 -0.9772 -0.1276
vn -0.2066 -0.9760 -0.0695
vn -0.0543 -0.9727 -0.2255
vn -0.0945 -0.9825 -0.1605
vn -0.0062 -0.7062 0.7079
vn 0.2812 -0.7909 0.5436
vn 0.3739 -0.4373 0.8179
vn -0.9990 -0.0196 -0.0398
vn -0.9386 0.2809 -0.2003
vn -0.6364 0.4868 -0.5983
vn -0.6539 0.1734 -0.7364
vn 0.3987 0.5248 -0.7521
vn 0.3970 0.2154 -0.8922
vn 0.9889 0.1407 0.0469
vn 0.9403 0.2627 -0.2165
vn 0.9981 -0.0158 -0.0596
vn 0.9999 -0.0052 -0.0129
vn -0.3857 0.7592 -0.5242
vn 0.3831 0.7556 -0.5313
vn 0.4043 0.7649 -0.5014
vn -0.6339 -0.4470 -0.6312
vn -0.6874 -0.6371 -0.3486
vn 0.8825 -0.1348 -0.4506
vn 0.5633 0.4566 0.6887
vn 0.6020 0.2491 0.7586
vn -0.5602 0.1749 0.8097
vn 0.0319 -0.7233 0.6898
vn 0.2837 -0.6227 0.7293
vn 0.4002 -0.7961 0.4539
vn -0.5137 -0.1404 -0.8464
vn -0.1667 0.7650 -0.6221
vn 0.1048 -0.1264 -0.9864
vn 0.5733 0.2354 -0.7848
vn -0.3739 -0.4373 0.8179
vn 0.0063 -0.7062 0.7080
vn 0.0663 -0.4218 0.9043
vn 0.6895 0.6729 -0.2678
vn 0.3174 0.9362 0.1510
vn -0.2795 0.9165 0.2862
vn -0.2165 -0.9689 0.1195
vn -0.2856 -0.7792 0.5579
vn -0.9181 0.1809 -0.3528
vn -0.7833 0.6195 0.0517
vn 0.0470 -0.8701 0.4907
vn 0.4838 -0.2254 0.8456
vn 0.5842 -0.5910 0.5564
vn 0.3162 -0.7957 0.5166
vn 0.6371 -0.7546 0.1567
vn 0.2027 -0.9566 0.2092
vn 0.2822 -0.6202 0.7319
vn -0.0471 -0.8701 0.4906
vn -0.2193 -0.9527 0.2105
vn 0.2141 -0.9697 0.1181
vn -0.3162 -0.7957 0.5166
vn -0.5826 -0.5873 0.5618
vn -0.2822 -0.6202 0.7319
vn -0.4763 -0.2237 0.8503
vn -0.0795 -0.4185 0.9047
vn -0.0719 -0.0462 -0.9963
vn 0.4964 -0.0797 -0.8644
vn -0.6334 -0.7586 0.1529
vn -0.6317 0.2421 -0.7364
vn -0.7098 0.6644 -0.2341
vn -0.3131 0.9291 0.1969
vn 0.1667 0.7650 -0.6221
vn 0.9158 0.1921 -0.3527
vn 0.3043 0.8974 0.3195
vn 0.7717 0.6203 0.1405
vn 0.6339 -0.4470 -0.6312
vn -0.9434 0.0013 -0.3316
vn 0.5601 -0.7302 -0.3912
vn -0.5527 0.4194 0.7202
vn -0.3474 0.2524 0.9031
vn 0.6524 0.3517 0.6713
vn -0.4084 -0.8035 0.4332
vn -0.0698 -0.7344 0.6751
vt 0.649476 0.239381
vt 0.611943 0.235554
vt 0.613490 0.200819
vt 0.670527 0.202538
vt 0.671494 0.235554
vt 0.680466 0.217707
vt 0.716182 0.028482
vt 0.740536 0.028771
vt 0.726950 0.010507
vt 0.602971 0.217707
vt 0.782897 0.010990
vt 0.772067 0.028819
vt 0.765454 0.017995
vt 0.759553 0.028818
vt 0.751296 0.017995
vt 0.752729 0.010490
vt 0.759889 0.028667
vt 0.766214 0.010507
vt 0.738644 0.017995
vt 0.740544 0.028818
vt 0.740544 0.010507
vt 0.759754 0.028818
vt 0.772099 0.028787
vt 0.716182 0.028478
vt 0.779612 0.010507
vt 0.759563 0.028610
vt 0.752737 0.010401
vt 0.727485 0.010507
vt 0.740531 0.028744
vt 0.671494 0.202754
vt 0.649476 0.197835
vt 0.716182 0.028482
vt 0.759889 0.028667
vt 0.772099 0.028787
vt 0.727485 0.010507
vt 0.740531 0.028744
vt 0.977526 0.293379
vt 0.984522 0.269978
vt 0.933494 0.269978
vt 0.988790 0.300868
vt 0.998328 0.269978
vt 0.626700 0.192650
vt 0.656306 0.192779
vt 0.652184 0.051299
vt 0.626700 0.051359
vt 0.866715 0.269978
vt 0.875533 0.300868
vt 0.887075 0.293379
vt 0.880079 0.269978
vt 0.958411 0.312183
vt 0.964686 0.324330
vt 0.899620 0.324330
vt 0.906189 0.312183
vt 0.933494 0.319066
vt 0.933494 0.332319
vt 0.686337 0.192831
vt 0.686337 0.157248
vt 0.686337 0.085992
vt 0.686337 0.051259
vt 0.430194 0.192831
vt 0.453009 0.192587
vt 0.430194 0.157248
vt 0.453009 0.051359
vt 0.430194 0.121802
vt 0.430194 0.086388
vt 0.430194 0.051259
vt 0.476197 0.192698
vt 0.487616 0.092829
vt 0.487457 0.051259
vt 0.866719 0.269978
vt 0.498693 0.192831
vt 0.509312 0.157248
vt 0.998332 0.269978
vt 0.887075 0.242003
vt 0.875533 0.235192
vt 0.520237 0.192831
vt 0.527542 0.092189
vt 0.520237 0.051259
vt 0.988790 0.235192
vt 0.977526 0.242003
vt 0.906189 0.223199
vt 0.899620 0.211492
vt 0.542816 0.192831
vt 0.542816 0.147735
vt 0.542816 0.051259
vt 0.964686 0.211492
vt 0.958411 0.223199
vt 0.933494 0.216316
vt 0.933494 0.202816
vt 0.566086 0.192972
vt 0.578002 0.101373
vt 0.574113 0.051259
vt 0.588204 0.192975
vt 0.608279 0.192674
vt 0.608279 0.051408
vt 0.638059 0.248759
vt 0.600400 0.273162
vt 0.637592 0.297745
vt 0.617532 0.243199
vt 0.588653 0.236102
vt 0.510187 0.198746
vt 0.484146 0.227668
vt 0.525118 0.266459
vt 0.565138 0.211291
vt 0.534130 0.198086
vt 0.549359 0.267650
vt 0.666167 0.297920
vt 0.660937 0.249647
vt 0.685775 0.297541
vt 0.685775 0.260659
vt 0.590880 0.297920
vt 0.685775 0.248465
vt 0.576337 0.269263
vt 0.473378 0.297192
vt 0.495417 0.297930
vt 0.473378 0.260659
vt 0.473378 0.248465
vt 0.540507 0.297920
vt 0.652184 0.051299
vt 0.656306 0.192779
vt 0.626700 0.051359
vt 0.453009 0.192587
vt 0.453009 0.051359
vt 0.487617 0.092829
vt 0.476197 0.192698
vt 0.509312 0.157248
vt 0.527542 0.092189
vt 0.542816 0.147735
vt 0.578002 0.101373
vt 0.588204 0.192975
vt 0.608279 0.192674
vt 0.608279 0.051408
vt 0.637592 0.297745
vt 0.600400 0.273162
vt 0.638059 0.248759
vt 0.549359 0.267650
vt 0.576337 0.269263
vt 0.473378 0.297192
vt 0.495417 0.297930
vt 0.540507 0.297920
vt 0.228445 0.140575
vt 0.228445 0.205397
vt 0.216299 0.236255
vt 0.216299 0.109717
vt 0.069896 0.291346
vt 0.069896 0.054627
vt 0.158402 0.065449
vt 0.158402 0.280528
vt 0.190557 0.085415
vt 0.190557 0.260562
vt 0.713663 0.587282
vt 0.580896 0.587848
vt 0.722095 0.524960
vt 0.918577 0.966443
vt 0.874442 0.835201
vt 0.957485 0.987320
vt 0.884474 0.923943
vt 0.007041 0.631657
vt 0.081942 0.631657
vt 0.080584 0.680034
vt 0.007041 0.680034
vt 0.729208 0.631657
vt 0.814934 0.609825
vt 0.814036 0.680034
vt 0.751847 0.680076
vt 0.588052 0.769268
vt 0.736941 0.769268
vt 0.701399 0.812686
vt 0.633098 0.812686
vt 0.618319 0.713533
vt 0.728469 0.722136
vt 0.007041 0.539781
vt 0.091024 0.540902
vt 0.103587 0.587562
vt 0.007041 0.587562
vt 0.414640 0.769268
vt 0.547085 0.812686
vt 0.394337 0.812686
vt 0.065536 0.486239
vt 0.618180 0.631657
vt 0.685692 0.680034
vt 0.437366 0.537635
vt 0.397372 0.587562
vt 0.317982 0.532620
vt 0.531196 0.722136
vt 0.576001 0.542442
vt 0.531720 0.654235
vt 0.436540 0.714109
vt 0.436610 0.631657
vt 0.292296 0.722136
vt 0.340746 0.649962
vt 0.242432 0.680034
vt 0.248470 0.631657
vt 0.231643 0.587562
vt 0.217104 0.509942
vt 0.777487 0.538483
vt 0.868065 0.631657
vt 0.868065 0.680034
vt 0.811435 0.737747
vt 0.868065 0.722136
vt 0.845367 0.769268
vt 0.846230 0.587562
vt 0.847271 0.535135
vt 0.759192 0.812686
vt 0.868065 0.812686
vt 0.815876 0.812686
vt 0.848874 0.490640
vt 0.746495 0.501297
vt 0.868065 0.305345
vt 0.007041 0.305345
vt 0.222095 0.305345
vt 0.104476 0.474510
vt 0.220093 0.492267
vt 0.232447 0.172986
vt 0.906554 0.706051
vt 0.998374 0.696834
vt 0.876921 0.746021
vt 0.540832 0.532449
vt 0.007041 0.722136
vt 0.079331 0.722136
vt 0.049227 0.769268
vt 0.075438 0.464180
vt 0.519909 0.305345
vt 0.327799 0.305345
vt 0.653420 0.518736
vt 0.868065 0.505864
vt 0.812438 0.305345
vt 0.749390 0.305345
vt 0.669050 0.305345
vt 0.254480 0.769268
vt 0.237236 0.812686
vt 0.143374 0.722136
vt 0.142438 0.680034
vt 0.061445 0.812686
vt 0.139949 0.769268
vt 0.128194 0.812686
vt 0.038569 0.812686
vt 0.146296 0.720188
vt 0.143422 0.631657
vt 0.870830 0.305345
vt 0.998374 0.995849
vt 0.237236 0.934800
vt 0.126836 0.934842
vt 0.172030 0.993195
vt 0.237236 0.993195
vt 0.437174 0.934778
vt 0.437174 0.993195
vt 0.028609 0.934865
vt 0.061445 0.912072
vt 0.007041 0.911630
vt 0.172030 0.909138
vt 0.117228 0.910045
vt 0.437174 0.904101
vt 0.237236 0.904018
vt 0.237236 0.904804
vt 0.127624 0.934842
vt 0.172030 0.906299
vt 0.029664 0.934864
vt 0.061445 0.910003
vt 0.117228 0.905631
vt 0.256478 0.812686
vt 0.117228 0.993195
vt 0.136656 0.812686
vt 0.035040 0.812686
vt 0.007041 0.993195
vt 0.061445 0.993195
vt 0.007041 0.907602
vt 0.722095 0.524960
vt 0.686348 0.604821
vt 0.748201 0.631657
vt 0.814219 0.631657
vt 0.736941 0.769268
vt 0.684651 0.722136
vt 0.618319 0.713533
vt 0.091024 0.540902
vt 0.394333 0.812686
vt 0.771254 0.722136
vt 0.317982 0.532620
vt 0.576001 0.542442
vt 0.340746 0.649962
vt 0.242432 0.680034
vt 0.231643 0.587562
vt 0.217104 0.509942
vt 0.745870 0.567091
vt 0.126836 0.934842
vt 0.061445 0.921584
vt 0.077662 0.731552
vt 0.653420 0.518736
vt 0.746678 0.501276
vt 0.128192 0.812686
vt 0.117228 0.909919
vt 0.172030 0.908983
vt 0.237236 0.903821
vt 0.437174 0.903898
vt 0.237236 0.904616
vt 0.172030 0.906143
vt 0.127624 0.934842
vt 0.117228 0.905487
vt 0.061445 0.923480
vt 0.256518 0.812686
vt 0.172030 0.812686
vt 0.103826 0.812686
vt 0.937357 0.434151
vt 0.953834 0.423029
vt 0.915254 0.410949
vt 0.877644 0.623214
vt 0.930059 0.562376
vt 0.934182 0.623227
vt 0.935831 0.686679
vt 0.995997 0.623214
vt 0.995997 0.687315
vt 0.936823 0.623214
vt 0.936763 0.687316
vt 0.936761 0.557858
vt 0.995997 0.557858
vt 0.937357 0.458679
vt 0.937357 0.434317
vt 0.971512 0.458819
vt 0.937357 0.446867
vt 0.971512 0.458803
vt 0.971512 0.434151
vt 0.990366 0.380135
vt 0.953834 0.339607
vt 0.953834 0.390656
vt 0.917404 0.380442
vt 0.953834 0.390825
vt 0.953834 0.390656
vt 0.992408 0.410949
vt 0.953834 0.390825
vt 0.917404 0.380442
vt 0.953834 0.390825
vt 0.953834 0.390825
vt 0.953834 0.390656
vt 0.971512 0.458819
vt 0.937357 0.434145
s 1
usemtl defaultMaterial.003
f 1012/604/950 1013/605/951 1015/606/952
f 1012/604/950 1015/606/952 1017/607/953
f 1019/608/954 1012/604/950 1017/607/953
f 1019/608/954 1017/607/953 1021/609/955
f 1023/610/956 1014/611/957 1024/612/958
f 1025/613/959 1015/606/952 1013/605/951
f 1026/614/960 1022/615/961 1027/616/962
f 1027/616/962 1018/617/963 1028/618/964
f 1029/619/965 1020/620/966 1030/621/967
f 1026/614/960 1020/620/966 1022/615/961
f 1024/612/958 1031/622/968 1023/610/956
f 1020/620/966 1026/614/960 1030/621/967
f 1016/623/969 1031/622/968 1028/618/964
f 1016/623/969 1028/618/964 1018/617/963
f 1031/622/968 1016/623/969 1023/610/956
f 1027/616/962 1022/615/961 1018/617/963
f 1032/624/970 1024/612/958 1014/611/957
f 1014/611/957 1029/619/965 1032/624/970
f 1014/611/957 1020/620/966 1029/619/965
f 1035/616/971 1036/625/972 1038/626/973
f 1044/622/974 1034/627/975 1045/623/976
f 1035/616/971 1047/618/977 1036/625/972
f 1049/628/978 1040/629/979 1050/630/980
f 1034/627/975 1044/622/974 1033/631/981
f 1049/628/978 1038/626/973 1040/629/979
f 1044/622/974 1045/623/976 1047/618/977
f 1038/626/973 1049/628/978 1035/616/971
f 1039/632/982 1033/631/981 1053/624/983
f 1053/624/983 1050/630/980 1039/632/982
f 1050/630/980 1040/629/979 1039/632/982
f 1037/633/984 1043/608/985 1051/609/986
f 1048/634/987 1041/604/988 1043/608/985
f 1048/634/987 1043/608/985 1037/633/984
f 1046/606/989 1042/605/990 1041/604/988
f 1046/606/989 1041/604/988 1048/634/987
f 1052/613/991 1042/605/990 1046/606/989
f 1039/632/982 1034/627/975 1033/631/981
f 1054/604/992 1056/607/993 1058/606/994
f 1054/604/992 1058/606/994 1060/605/995
f 1062/608/996 1056/607/993 1054/604/992
f 1063/609/997 1056/607/993 1062/608/996
f 1065/612/998 1061/611/999 1066/635/1000
f 1060/605/995 1058/606/994 1067/613/1001
f 1069/616/1002 1064/615/1003 1068/614/1004
f 1069/616/1002 1070/618/1005 1057/617/1006
f 1071/621/1007 1055/636/1008 1072/619/1009
f 1064/615/1003 1055/636/1008 1068/614/1004
f 1066/635/1000 1073/622/1010 1065/612/998
f 1071/621/1007 1068/614/1004 1055/636/1008
f 1059/623/1011 1057/617/1006 1070/618/1005
f 1059/623/1011 1070/618/1005 1073/622/1010
f 1066/635/1000 1059/623/1011 1073/622/1010
f 1057/617/1006 1064/615/1003 1069/616/1002
f 1061/611/999 1065/612/998 1074/624/1012
f 1074/624/1012 1072/619/1009 1061/611/999
f 1072/619/1009 1055/636/1008 1061/611/999
f 1077/637/1013 1078/625/1014 1080/616/1015
f 1086/623/1016 1075/627/1017 1088/622/1018
f 1078/625/1014 1089/618/1019 1080/616/1015
f 1091/630/1020 1083/629/1021 1092/628/1022
f 1076/638/1023 1088/622/1018 1075/627/1017
f 1083/629/1021 1077/637/1013 1092/628/1022
f 1089/618/1024 1086/623/1016 1088/622/1018
f 1080/616/1015 1092/628/1022 1077/637/1013
f 1095/624/1025 1076/638/1023 1081/639/1026
f 1081/639/1026 1091/630/1020 1095/624/1025
f 1081/639/1026 1083/629/1021 1091/630/1020
f 1093/609/1027 1085/608/1028 1079/633/1029
f 1090/634/1024 1079/633/1029 1085/608/1028
f 1090/634/1024 1085/608/1028 1084/604/1030
f 1087/606/1031 1090/634/1024 1084/604/1030
f 1087/606/1031 1084/604/1030 1082/605/1032
f 1087/606/1031 1082/605/1032 1094/613/1033
f 1076/638/1023 1075/627/1017 1081/639/1026
f 1096/640/1034 1097/641/1035 1098/642/1036
f 1099/641/1037 1100/640/1038 1101/643/1039
f 1099/641/1037 1101/643/1039 1102/644/1040
f 1103/645/1041 1104/646/1042 1105/647/1043
f 1103/645/1041 1105/647/1043 1106/648/1044
f 1107/649/1045 1108/650/1046 1109/651/1047
f 1107/649/1045 1109/651/1047 1110/652/1048
f 1111/652/1049 1112/651/1050 1113/642/1051
f 1114/653/1052 1096/640/1034 1098/642/1036
f 1100/640/1038 1115/653/1053 1116/654/1054
f 1100/640/1038 1116/654/1054 1101/643/1039
f 1108/650/1046 1117/655/1055 1118/656/1055
f 1108/650/1046 1118/656/1055 1109/651/1047
f 1112/651/1050 1119/656/1056 1113/642/1051
f 1120/657/1057 1114/653/1052 1098/642/1036
f 1115/653/1053 1121/657/1058 1122/658/1059
f 1115/653/1053 1122/658/1059 1116/654/1054
f 1104/646/1042 1123/659/1060 1125/660/1061
f 1104/646/1042 1125/660/1061 1127/661/1062
f 1104/646/1042 1127/661/1062 1105/647/1043
f 1105/647/1043 1127/661/1062 1130/662/1063
f 1117/655/1055 1132/658/1064 1133/657/1064
f 1117/655/1055 1133/657/1064 1118/656/1055
f 1119/656/1056 1134/657/1065 1113/642/1051
f 1135/656/1066 1120/657/1057 1098/642/1036
f 1121/657/1058 1136/656/1067 1137/655/1068
f 1121/657/1058 1137/655/1068 1122/658/1059
f 1124/663/1069 1138/664/1070 1126/665/1071
f 1126/665/1071 1138/664/1070 1139/666/1072
f 1126/665/1071 1139/666/1072 1128/667/1073
f 1128/667/1073 1139/666/1072 1129/668/1074
f 1129/668/1074 1139/666/1072 1131/669/1075
f 1132/658/1064 1140/654/1076 1141/653/1076
f 1132/658/1064 1141/653/1076 1133/657/1064
f 1134/657/1065 1142/653/1077 1113/642/1051
f 1143/651/1078 1135/656/1066 1098/642/1036
f 1136/656/1067 1144/651/1079 1145/650/1080
f 1136/656/1067 1145/650/1080 1137/655/1068
f 1138/664/1070 1146/670/1081 1147/671/1082
f 1138/664/1070 1147/671/1082 1139/666/1072
f 1139/666/1072 1147/671/1082 1148/672/1083
f 1140/654/1076 1149/643/1084 1150/640/1085
f 1140/654/1076 1150/640/1085 1141/653/1076
f 1142/653/1077 1151/640/1086 1113/642/1051
f 1152/652/1087 1143/651/1078 1098/642/1036
f 1144/651/1079 1153/652/1088 1154/673/1089
f 1144/651/1079 1154/673/1089 1145/650/1080
f 1146/670/1081 1155/674/1090 1156/675/1091
f 1146/670/1081 1156/675/1091 1147/671/1082
f 1149/643/1084 1157/676/1092 1158/641/1092
f 1149/643/1084 1158/641/1092 1150/640/1085
f 1151/640/1086 1159/641/1093 1113/642/1051
f 1160/677/1094 1152/652/1087 1098/642/1036
f 1153/652/1088 1161/677/1095 1162/678/1096
f 1153/652/1088 1162/678/1096 1154/673/1089
f 1155/674/1090 1163/679/1097 1156/675/1091
f 1156/675/1091 1164/680/1098 1147/671/1082
f 1147/671/1082 1164/680/1098 1165/681/1099
f 1147/671/1082 1165/681/1099 1148/672/1083
f 1157/676/1092 1166/682/1100 1167/683/1100
f 1157/676/1092 1167/683/1100 1158/641/1092
f 1159/641/1093 1168/683/1101 1113/642/1051
f 1169/684/1102 1160/677/1094 1098/642/1036
f 1161/677/1095 1170/684/1103 1171/685/1103
f 1161/677/1095 1171/685/1103 1162/678/1096
f 1163/679/1097 1172/686/1104 1173/687/1105
f 1163/679/1097 1173/687/1105 1156/675/1091
f 1156/675/1091 1173/687/1105 1164/680/1098
f 1164/680/1098 1174/688/1106 1165/681/1099
f 1166/682/1100 1175/689/1107 1176/690/1108
f 1166/682/1100 1176/690/1108 1167/683/1100
f 1168/683/1101 1177/690/1109 1113/642/1051
f 1178/691/1110 1169/684/1102 1098/642/1036
f 1170/684/1103 1179/691/1111 1180/692/1112
f 1170/684/1103 1180/692/1112 1171/685/1103
f 1172/686/1104 1181/693/1113 1173/687/1105
f 1173/687/1105 1181/693/1113 1182/694/1114
f 1173/687/1105 1182/694/1114 1164/680/1098
f 1164/680/1098 1182/694/1114 1183/695/1115
f 1164/680/1098 1183/695/1115 1174/688/1106
f 1175/689/1107 1184/692/1116 1185/691/1116
f 1175/689/1107 1185/691/1116 1176/690/1108
f 1177/690/1109 1186/691/1117 1113/642/1051
f 1187/690/1118 1178/691/1110 1098/642/1036
f 1179/691/1111 1188/690/1119 1189/689/1120
f 1179/691/1111 1189/689/1120 1180/692/1112
f 1181/693/1113 1190/696/1121 1182/694/1114
f 1184/692/1116 1191/685/1122 1192/684/1122
f 1184/692/1116 1192/684/1122 1185/691/1116
f 1186/691/1117 1193/684/1123 1113/642/1051
f 1194/683/1124 1187/690/1118 1098/642/1036
f 1188/690/1119 1195/683/1125 1196/682/1125
f 1188/690/1119 1196/682/1125 1189/689/1120
f 1190/696/1121 1197/697/1126 1182/694/1114
f 1182/694/1114 1197/697/1126 1198/698/1127
f 1182/694/1114 1198/698/1127 1183/695/1115
f 1191/685/1122 1199/678/1128 1200/677/1128
f 1191/685/1122 1200/677/1128 1192/684/1122
f 1193/684/1123 1201/677/1129 1113/642/1051
f 1097/641/1035 1194/683/1124 1098/642/1036
f 1195/683/1125 1099/641/1037 1102/644/1040
f 1195/683/1125 1102/644/1040 1196/682/1125
f 1197/697/1126 1103/645/1041 1106/648/1044
f 1197/697/1126 1106/648/1044 1198/698/1127
f 1199/678/1128 1107/649/1045 1110/652/1048
f 1199/678/1128 1110/652/1048 1200/677/1128
f 1201/677/1129 1111/652/1049 1113/642/1051
f 1206/699/1130 1202/700/1131 1203/701/1132
f 1207/702/1133 1208/703/1134 1202/700/1131
f 1212/704/1135 1211/705/1136 1210/706/1137
f 1213/707/1138 1214/708/1139 1215/709/1140
f 1215/709/1140 1214/708/1139 1210/706/1137
f 1203/701/1132 1204/710/1141 1209/711/1142
f 1203/701/1132 1209/711/1142 1206/699/1130
f 1204/710/1141 1216/712/1143 1218/713/1144
f 1204/710/1141 1218/713/1144 1209/711/1142
f 1202/700/1131 1206/699/1130 1207/702/1133
f 1220/714/1145 1203/701/1132 1202/700/1131
f 1209/711/1142 1218/713/1144 1221/715/1146
f 1205/716/1147 1202/700/1131 1208/703/1134
f 1220/714/1145 1202/700/1131 1205/716/1147
f 1217/717/1148 1223/718/1149 1211/705/1136
f 1217/717/1148 1211/705/1136 1219/719/1150
f 1219/719/1150 1211/705/1136 1222/720/1151
f 1215/709/1140 1205/716/1147 1208/703/1134
f 1215/709/1140 1208/703/1134 1213/707/1138
f 1224/721/1152 1220/714/1145 1205/716/1147
f 1224/721/1152 1205/716/1147 1215/709/1140
f 1223/718/1149 1224/721/1152 1210/706/1137
f 1223/718/1149 1210/706/1137 1211/705/1136
f 1210/706/1137 1214/708/1139 1212/704/1135
f 1224/721/1152 1215/709/1140 1210/706/1137
f 1225/642/1153 1226/641/1154 1227/640/1155
f 1228/641/1156 1229/644/1157 1230/643/1158
f 1228/641/1156 1230/643/1158 1231/640/1159
f 1232/645/1160 1234/722/1161 1233/723/1162
f 1232/645/1160 1235/724/1163 1234/722/1161
f 1236/649/1164 1237/652/1165 1238/651/1166
f 1236/649/1164 1238/651/1166 1239/650/1167
f 1240/642/1168 1241/651/1169 1242/652/1170
f 1225/642/1153 1227/640/1155 1243/653/1171
f 1231/640/1159 1230/643/1158 1244/654/1172
f 1231/640/1159 1244/654/1172 1245/653/1173
f 1239/650/1167 1238/651/1166 1246/656/1174
f 1239/650/1167 1246/656/1174 1247/655/1174
f 1240/642/1168 1248/656/1175 1241/651/1169
f 1225/642/1153 1243/653/1171 1249/657/1176
f 1245/653/1173 1244/654/1172 1250/658/1177
f 1245/653/1173 1250/658/1177 1251/657/1177
f 1233/723/1162 1252/660/1178 1254/659/1179
f 1233/723/1162 1256/661/1180 1252/660/1178
f 1233/723/1162 1234/722/1161 1256/661/1180
f 1234/722/1161 1259/662/1181 1256/661/1180
f 1247/655/1174 1246/656/1174 1261/657/1182
f 1247/655/1174 1261/657/1182 1262/658/1182
f 1240/642/1168 1263/657/1183 1248/656/1175
f 1225/642/1153 1249/657/1176 1264/656/1184
f 1251/657/1177 1250/658/1177 1265/655/1185
f 1251/657/1177 1265/655/1185 1266/656/1186
f 1255/663/1187 1253/665/1188 1267/725/1189
f 1253/665/1188 1257/667/1190 1268/726/1191
f 1253/665/1188 1268/726/1191 1267/725/1189
f 1257/667/1190 1258/668/1192 1268/726/1191
f 1258/668/1192 1260/669/1193 1268/726/1191
f 1262/658/1182 1261/657/1182 1269/653/1194
f 1262/658/1182 1269/653/1194 1270/654/1194
f 1240/642/1168 1271/653/1195 1263/657/1183
f 1225/642/1153 1264/656/1184 1272/651/1196
f 1266/656/1186 1265/655/1185 1273/650/1197
f 1266/656/1186 1273/650/1197 1274/651/1198
f 1267/725/1189 1268/726/1191 1276/727/1199
f 1267/725/1189 1276/727/1199 1275/728/1200
f 1268/726/1191 1277/672/1201 1276/727/1199
f 1270/654/1194 1269/653/1194 1278/640/1202
f 1270/654/1194 1278/640/1202 1279/643/1203
f 1240/642/1168 1280/640/1204 1271/653/1195
f 1225/642/1153 1272/651/1196 1281/652/1205
f 1274/651/1198 1273/650/1197 1282/673/1206
f 1274/651/1198 1282/673/1206 1283/652/1207
f 1275/728/1200 1284/729/1208 1285/674/1209
f 1275/728/1200 1276/727/1199 1284/729/1208
f 1279/643/1203 1278/640/1202 1286/641/1210
f 1279/643/1203 1286/641/1210 1287/676/1210
f 1240/642/1168 1288/641/1211 1280/640/1204
f 1225/642/1153 1281/652/1205 1289/677/1212
f 1283/652/1207 1282/673/1206 1290/678/1213
f 1283/652/1207 1290/678/1213 1291/677/1214
f 1285/674/1209 1284/729/1208 1292/679/1215
f 1284/729/1208 1276/727/1199 1293/730/1216
f 1276/727/1199 1277/672/1201 1294/681/1217
f 1276/727/1199 1294/681/1217 1293/730/1216
f 1287/676/1210 1286/641/1210 1295/683/1218
f 1287/676/1210 1295/683/1218 1296/682/1218
f 1240/642/1168 1297/683/1219 1288/641/1211
f 1225/642/1153 1289/677/1212 1298/684/1220
f 1291/677/1214 1290/678/1213 1299/685/1221
f 1291/677/1214 1299/685/1221 1300/684/1221
f 1292/679/1215 1284/729/1208 1301/731/1222
f 1292/679/1215 1301/731/1222 1302/686/1223
f 1284/729/1208 1293/730/1216 1301/731/1222
f 1293/730/1216 1294/681/1217 1303/688/1224
f 1296/682/1218 1295/683/1218 1304/690/1225
f 1296/682/1218 1304/690/1225 1305/689/1226
f 1240/642/1168 1306/690/1227 1297/683/1219
f 1225/642/1153 1298/684/1220 1307/691/1228
f 1300/684/1221 1299/685/1221 1308/692/1229
f 1300/684/1221 1308/692/1229 1309/691/1230
f 1302/686/1223 1301/731/1222 1310/693/1231
f 1301/731/1222 1311/732/1232 1310/693/1231
f 1301/731/1222 1293/730/1216 1311/732/1232
f 1293/730/1216 1303/688/1224 1312/695/1233
f 1293/730/1216 1312/695/1233 1311/732/1232
f 1305/689/1226 1304/690/1225 1313/691/1234
f 1305/689/1226 1313/691/1234 1314/692/1234
f 1240/642/1168 1315/691/1235 1306/690/1227
f 1225/642/1153 1307/691/1228 1316/690/1236
f 1309/691/1230 1308/692/1229 1317/689/1237
f 1309/691/1230 1317/689/1237 1318/690/1238
f 1310/693/1231 1311/732/1232 1319/733/1239
f 1314/692/1234 1313/691/1234 1320/684/1240
f 1314/692/1234 1320/684/1240 1321/685/1240
f 1240/642/1168 1322/684/1241 1315/691/1235
f 1225/642/1153 1316/690/1236 1323/683/1242
f 1318/690/1238 1317/689/1237 1324/682/1243
f 1318/690/1238 1324/682/1243 1325/683/1243
f 1319/733/1239 1311/732/1232 1326/734/1244
f 1311/732/1232 1327/735/1245 1326/734/1244
f 1311/732/1232 1312/695/1233 1327/735/1245
f 1321/685/1240 1320/684/1240 1328/677/1246
f 1321/685/1240 1328/677/1246 1329/678/1246
f 1240/642/1168 1330/677/1247 1322/684/1241
f 1225/642/1153 1323/683/1242 1226/641/1154
f 1325/683/1243 1324/682/1243 1229/644/1157
f 1325/683/1243 1229/644/1157 1228/641/1156
f 1326/734/1244 1327/735/1245 1235/724/1163
f 1326/734/1244 1235/724/1163 1232/645/1160
f 1329/678/1246 1328/677/1246 1237/652/1165
f 1329/678/1246 1237/652/1165 1236/649/1164
f 1240/642/1168 1242/652/1170 1330/677/1247
f 1331/736/1248 1332/737/1249 1335/738/1250
f 1332/737/1249 1336/703/1251 1337/702/1252
f 1340/706/1253 1339/705/1254 1341/704/1255
f 1342/739/1256 1343/708/1257 1344/707/1258
f 1340/706/1253 1343/708/1257 1342/739/1256
f 1331/736/1248 1335/738/1250 1338/711/1259
f 1331/736/1248 1338/711/1259 1333/710/1260
f 1333/710/1260 1338/711/1259 1347/713/1261
f 1333/710/1260 1347/713/1261 1345/712/1262
f 1337/702/1252 1335/738/1250 1332/737/1249
f 1332/737/1249 1331/736/1248 1349/714/1263
f 1338/711/1259 1350/715/1264 1347/713/1261
f 1336/703/1251 1332/737/1249 1334/740/1265
f 1349/714/1263 1334/740/1265 1332/737/1249
f 1346/741/1266 1348/719/1267 1339/705/1254
f 1346/741/1266 1339/705/1254 1352/742/1268
f 1348/719/1267 1351/720/1269 1339/705/1254
f 1342/739/1256 1344/707/1258 1336/703/1251
f 1342/739/1256 1336/703/1251 1334/740/1265
f 1353/743/1270 1342/739/1256 1334/740/1265
f 1353/743/1270 1334/740/1265 1349/714/1263
f 1352/742/1268 1340/706/1253 1353/743/1270
f 1352/742/1268 1339/705/1254 1340/706/1253
f 1341/704/1255 1343/708/1257 1340/706/1253
f 1353/743/1270 1340/706/1253 1342/739/1256
f 1354/744/1271 1356/745/1272 1358/746/1273
f 1354/744/1271 1358/746/1273 1360/747/1274
f 1362/748/1275 1364/749/1276 1366/750/1277
f 1362/748/1275 1366/750/1277 1368/751/1278
f 1368/751/1278 1366/750/1277 1374/752/1279
f 1368/751/1278 1374/752/1279 1376/753/1280
f 1378/753/1281 1380/752/1282 1382/750/1283
f 1378/753/1281 1382/750/1283 1384/751/1284
f 1386/746/1285 1388/747/1286 1380/752/1282
f 1386/746/1285 1380/752/1282 1378/753/1281
f 1364/749/1276 1362/748/1275 1384/751/1284
f 1364/749/1276 1384/751/1284 1382/750/1283
f 1373/754/1287 1390/755/1288 1370/756/1289
s 0
f 1395/757/1290 1393/758/1290 1396/759/1290
f 1394/760/1290 1393/758/1290 1395/757/1290
s 1
f 1397/761/1291 1398/762/1292 1399/763/1293
f 1397/761/1291 1399/763/1293 1400/764/1294
f 1401/765/1295 1402/766/1296 1403/767/1297
f 1401/765/1295 1403/767/1297 1404/768/1298
f 1405/769/1299 1406/770/1300 1407/771/1301
f 1405/769/1299 1407/771/1301 1409/772/1302
f 1405/769/1299 1411/773/1303 1412/774/1304
f 1405/769/1299 1412/774/1304 1406/770/1300
f 1413/775/1305 1414/776/1306 1415/777/1307
f 1413/775/1305 1415/777/1307 1416/778/1308
f 1417/779/1309 1405/769/1299 1418/780/1310
f 1417/779/1309 1418/780/1310 1419/781/1311
f 1413/775/1305 1420/782/1312 1414/776/1306
f 1421/783/1313 1401/765/1295 1422/784/1314
f 1421/783/1313 1422/784/1314 1411/773/1303
f 1423/785/1315 1424/786/1316 1425/787/1317
f 1405/769/1299 1426/788/1318 1411/773/1303
f 1424/786/1316 1423/785/1315 1371/789/1319
f 1424/786/1316 1371/789/1319 1390/755/1288
f 1421/783/1313 1411/773/1303 1428/790/1320
f 1429/791/1321 1428/790/1320 1426/788/1318
f 1430/792/1322 1424/786/1316 1390/755/1288
f 1430/792/1322 1390/755/1288 1428/790/1320
f 1429/791/1321 1417/779/1309 1431/793/1323
f 1430/792/1322 1429/791/1321 1432/794/1324
f 1431/793/1323 1433/795/1325 1432/794/1324
f 1434/796/1326 1435/797/1327 1424/786/1316
f 1434/796/1326 1424/786/1316 1432/794/1324
f 1435/797/1327 1427/798/1328 1425/787/1317
f 1435/797/1327 1425/787/1317 1424/786/1316
f 1401/765/1295 1404/768/1298 1422/784/1314
f 1421/783/1313 1390/755/1288 1373/754/1287
f 1421/783/1313 1373/754/1287 1401/765/1295
f 1411/773/1303 1422/784/1314 1412/774/1304
f 1372/799/1329 1373/754/1287 1370/756/1289
f 1436/800/1330 1437/801/1331 1403/767/1297
f 1436/800/1330 1403/767/1297 1402/766/1296
f 1412/774/1304 1404/768/1298 1403/767/1297
f 1412/774/1304 1403/767/1297 1438/802/1332
f 1439/803/1333 1440/804/1334 1438/802/1332
f 1441/805/1335 1436/800/1330 1402/766/1296
f 1442/806/1336 1441/805/1335 1402/766/1296
f 1442/806/1336 1402/766/1296 1372/799/1329
f 1406/770/1300 1443/807/1337 1407/771/1301
f 1440/804/1334 1444/808/1338 1446/809/1339
f 1440/804/1334 1446/809/1339 1438/802/1332
f 1447/810/1340 1448/811/1341 1449/812/1342
f 1451/813/1343 1452/814/1344 1453/815/1345
f 1425/787/1317 1427/798/1328 1454/816/1346
f 1455/817/1347 1457/744/1348 1459/745/1349
f 1459/745/1349 1457/744/1348 1388/747/1286
f 1459/745/1349 1388/747/1286 1386/746/1285
s 0
f 1392/818/1290 1391/819/1290 1461/820/1290
s 1
f 1423/785/1315 1462/821/1350 1371/789/1319
f 1360/747/1274 1358/746/1273 1376/753/1280
f 1360/747/1274 1376/753/1280 1374/752/1279
f 1463/817/1351 1356/745/1272 1354/744/1271
f 1465/822/1352 1466/823/1353 1467/824/1354
f 1468/825/1355 1451/813/1343 1453/815/1345
f 1453/815/1345 1454/816/1346 1427/798/1328
f 1469/826/1356 1423/785/1315 1470/827/1357
f 1423/785/1315 1469/826/1356 1462/821/1350
f 1420/782/1312 1468/825/1355 1453/815/1345
f 1471/828/1358 1370/756/1289 1371/789/1319
f 1447/810/1340 1473/829/1359 1370/756/1289
f 1447/810/1340 1370/756/1289 1448/811/1341
f 1470/827/1357 1425/787/1317 1454/816/1346
f 1470/827/1357 1454/816/1346 1452/814/1344
f 1454/816/1346 1453/815/1345 1452/814/1344
f 1470/827/1357 1423/785/1315 1425/787/1317
f 1474/830/1360 1448/811/1341 1472/831/1361
f 1475/832/1362 1462/821/1350 1469/826/1356
s 0
f 1461/820/1290 1391/819/1290 1393/758/1290
s 1
f 1430/792/1322 1432/794/1324 1424/786/1316
f 1476/833/1363 1417/779/1309 1419/781/1311
f 1476/833/1363 1419/781/1311 1477/834/1364
f 1478/835/1365 1480/836/1366 1433/795/1325
f 1398/762/1292 1397/761/1291 1416/778/1308
f 1398/762/1292 1416/778/1308 1415/777/1307
f 1434/796/1326 1432/794/1324 1433/795/1325
f 1406/770/1300 1438/802/1332 1446/809/1339
f 1406/770/1300 1446/809/1339 1443/807/1337
f 1439/803/1333 1438/802/1332 1403/767/1297
f 1439/803/1333 1403/767/1297 1437/801/1331
f 1481/837/1367 1467/824/1354 1482/838/1368
f 1481/837/1367 1482/838/1368 1483/839/1369
f 1412/774/1304 1438/802/1332 1406/770/1300
f 1473/829/1359 1442/806/1336 1372/799/1329
f 1473/829/1359 1372/799/1329 1370/756/1289
f 1467/824/1354 1481/837/1367 1484/840/1370
f 1430/792/1322 1428/790/1320 1429/791/1321
f 1479/841/1371 1482/838/1368 1467/824/1354
f 1479/841/1371 1467/824/1354 1466/823/1353
f 1421/783/1313 1428/790/1320 1390/755/1288
f 1399/763/1293 1398/762/1292 1485/842/1372
f 1399/763/1293 1485/842/1372 1479/841/1371
f 1401/765/1295 1373/754/1287 1402/766/1296
f 1480/836/1366 1485/842/1372 1434/796/1326
f 1480/836/1366 1434/796/1326 1433/795/1325
f 1466/823/1353 1465/822/1352 1400/764/1294
f 1466/823/1353 1400/764/1294 1399/763/1293
f 1431/793/1323 1476/833/1363 1478/835/1365
f 1420/782/1312 1453/815/1345 1414/776/1306
f 1476/833/1363 1477/834/1364 1483/839/1369
f 1371/789/1319 1370/756/1289 1390/755/1288
f 1429/791/1321 1431/793/1323 1432/794/1324
f 1373/754/1287 1372/799/1329 1402/766/1296
f 1479/841/1371 1466/823/1353 1399/763/1293
f 1431/793/1323 1478/835/1365 1433/795/1325
f 1485/842/1372 1398/762/1292 1415/777/1307
f 1411/773/1303 1426/788/1318 1428/790/1320
f 1414/776/1306 1427/798/1328 1435/797/1327
f 1414/776/1306 1435/797/1327 1415/777/1307
f 1417/779/1309 1429/791/1321 1426/788/1318
f 1417/779/1309 1426/788/1318 1405/769/1299
f 1414/776/1306 1453/815/1345 1427/798/1328
f 1476/833/1363 1431/793/1323 1417/779/1309
f 1483/839/1369 1482/838/1368 1476/833/1363
f 1482/838/1368 1478/835/1365 1476/833/1363
f 1405/769/1299 1409/772/1302 1418/780/1310
f 1485/842/1372 1415/777/1307 1435/797/1327
f 1485/842/1372 1435/797/1327 1434/796/1326
f 1462/821/1350 1475/832/1362 1471/828/1358
f 1471/828/1358 1371/789/1319 1462/821/1350
f 1472/831/1361 1448/811/1341 1471/828/1358
f 1448/811/1341 1370/756/1289 1471/828/1358
f 1448/811/1341 1474/830/1360 1450/843/1373
s 0
f 1396/759/1290 1393/758/1290 1486/844/1290
s 1
f 1471/828/1358 1475/832/1362 1472/831/1361
f 1487/845/1374 1488/846/1375 1379/847/1376
f 1487/845/1374 1379/847/1376 1385/848/1377
f 1495/849/1378 1487/845/1374 1385/848/1377
f 1495/849/1378 1385/848/1377 1363/850/1379
f 1496/851/1380 1490/852/1381 1497/853/1382
f 1488/846/1375 1492/854/1383 1489/855/1384
f 1487/845/1374 1495/849/1378 1493/856/1385
f 1487/845/1374 1493/856/1385 1491/857/1386
f 1495/849/1378 1498/845/1387 1494/858/1388
f 1495/849/1378 1494/858/1388 1493/856/1385
f 1498/845/1387 1499/859/1389 1500/860/1390
f 1498/845/1387 1500/860/1390 1494/858/1388
f 1499/859/1389 1501/861/1391 1502/862/1392
f 1499/859/1389 1502/862/1392 1503/863/1393
f 1477/834/1364 1419/781/1311 1494/858/1388
f 1494/858/1388 1419/781/1311 1493/856/1385
f 1493/856/1385 1410/864/1394 1491/857/1386
f 1419/781/1311 1410/864/1394 1493/856/1385
f 1488/846/1375 1387/865/1395 1379/847/1376
f 1491/857/1386 1410/864/1394 1408/866/1396
f 1491/857/1386 1408/866/1396 1492/854/1383
f 1487/845/1374 1491/857/1386 1492/854/1383
f 1487/845/1374 1492/854/1383 1488/846/1375
f 1503/863/1393 1502/862/1392 1481/837/1367
f 1503/863/1393 1481/837/1367 1483/839/1369
f 1489/855/1384 1408/866/1396 1445/867/1397
f 1489/855/1384 1445/867/1397 1490/852/1381
f 1496/851/1380 1456/868/1398 1460/869/1399
f 1488/846/1375 1489/855/1384 1490/852/1381
f 1488/846/1375 1490/852/1381 1496/851/1380
f 1498/845/1387 1369/848/1400 1377/847/1401
f 1498/845/1387 1377/847/1401 1499/859/1389
f 1477/834/1364 1494/858/1388 1500/860/1390
f 1477/834/1364 1500/860/1390 1483/839/1369
f 1499/859/1389 1503/863/1393 1500/860/1390
f 1498/845/1387 1495/849/1378 1363/850/1379
f 1498/845/1387 1363/850/1379 1369/848/1400
f 1504/870/1402 1484/840/1370 1481/837/1367
f 1504/870/1402 1481/837/1367 1502/862/1392
f 1499/859/1389 1359/865/1403 1357/869/1404
f 1499/859/1389 1357/869/1404 1501/861/1391
f 1501/861/1391 1504/870/1402 1502/862/1392
f 1499/859/1389 1377/847/1401 1359/865/1403
f 1501/861/1391 1357/869/1404 1464/868/1405
f 1445/867/1397 1497/853/1382 1490/852/1381
f 1503/863/1393 1483/839/1369 1500/860/1390
f 1412/774/1304 1422/784/1314 1404/768/1298
f 1408/866/1396 1489/855/1384 1492/854/1383
f 1488/846/1375 1496/851/1380 1460/869/1399
f 1488/846/1375 1460/869/1399 1387/865/1395
f 1505/871/1406 1508/755/1407 1509/872/1408
s 0
f 1511/758/1290 1512/760/1290 1393/758/1290
f 1513/759/1290 1393/758/1290 1514/757/1290
f 1514/757/1290 1393/758/1290 1512/760/1290
s 1
f 1397/761/1291 1400/764/1294 1515/763/1409
f 1397/761/1291 1515/763/1409 1516/762/1410
f 1517/873/1411 1518/768/1412 1519/767/1413
f 1517/873/1411 1519/767/1413 1520/874/1414
f 1521/769/1415 1522/772/1416 1524/771/1417
f 1521/769/1415 1524/771/1417 1526/875/1418
f 1521/769/1415 1526/875/1418 1527/876/1419
f 1521/769/1415 1527/876/1419 1528/877/1420
f 1413/775/1305 1416/778/1308 1529/777/1421
f 1413/775/1305 1529/777/1421 1530/878/1422
f 1531/779/1423 1532/879/1424 1533/780/1425
f 1531/779/1423 1533/780/1425 1521/769/1415
f 1530/878/1422 1420/782/1312 1413/775/1305
f 1526/875/1418 1534/880/1426 1527/876/1419
f 1535/783/1427 1528/877/1420 1536/784/1428
f 1535/783/1427 1536/784/1428 1509/872/1408
f 1537/785/1429 1538/881/1430 1539/786/1431
f 1521/769/1415 1528/877/1420 1540/788/1432
f 1539/786/1431 1508/755/1407 1506/882/1433
f 1539/786/1431 1506/882/1433 1537/785/1429
f 1535/783/1427 1542/790/1434 1528/877/1420
f 1543/791/1435 1540/788/1432 1542/790/1434
f 1544/792/1436 1542/790/1434 1508/755/1407
f 1544/792/1436 1508/755/1407 1539/786/1431
f 1543/791/1435 1545/793/1437 1531/779/1423
f 1544/792/1436 1546/883/1438 1543/791/1435
f 1545/793/1437 1546/883/1438 1547/884/1439
f 1548/796/1440 1546/883/1438 1539/786/1431
f 1548/796/1440 1539/786/1431 1549/885/1441
f 1549/885/1441 1539/786/1431 1538/881/1430
f 1549/885/1441 1538/881/1430 1541/886/1442
f 1517/873/1411 1509/872/1408 1536/784/1428
f 1517/873/1411 1536/784/1428 1518/768/1412
f 1535/783/1427 1509/872/1408 1508/755/1407
f 1528/877/1420 1527/876/1419 1536/784/1428
f 1505/871/1406 1509/872/1408 1507/887/1443
f 1436/800/1330 1520/874/1414 1519/767/1413
f 1436/800/1330 1519/767/1413 1437/801/1331
f 1534/880/1426 1519/767/1413 1518/768/1412
f 1439/803/1333 1534/880/1426 1440/804/1334
f 1507/887/1443 1442/806/1336 1505/871/1406
f 1441/805/1335 1520/874/1414 1436/800/1330
f 1526/875/1418 1524/771/1417 1550/807/1444
f 1440/804/1334 1552/809/1445 1444/808/1338
f 1468/825/1355 1553/814/1446 1451/813/1343
f 1538/881/1430 1554/816/1447 1541/886/1442
s 0
f 1556/820/1290 1391/819/1290 1510/818/1290
s 1
f 1537/785/1429 1506/882/1433 1557/821/1448
f 1558/888/1449 1389/865/1450 1458/869/1451
f 1558/888/1449 1458/869/1451 1559/889/1452
f 1465/822/1352 1467/824/1354 1560/890/1453
f 1420/782/1312 1541/886/1442 1554/816/1447
f 1420/782/1312 1554/816/1447 1468/825/1355
f 1561/827/1454 1537/785/1429 1562/826/1455
f 1557/821/1448 1562/826/1455 1537/785/1429
f 1563/891/1456 1506/882/1433 1505/871/1406
f 1447/810/1340 1505/871/1406 1473/829/1359
f 1561/827/1454 1553/814/1446 1554/816/1447
f 1561/827/1454 1554/816/1447 1538/881/1430
f 1553/814/1446 1468/825/1355 1554/816/1447
f 1538/881/1430 1537/785/1429 1561/827/1454
f 1564/831/1457 1565/892/1458 1566/830/1459
f 1562/826/1455 1557/821/1448 1567/832/1460
s 0
f 1556/820/1290 1511/758/1290 1393/758/1290
f 1556/820/1290 1393/758/1290 1391/819/1290
s 1
f 1544/792/1436 1539/786/1431 1546/883/1438
f 1568/833/1461 1569/834/1462 1532/879/1424
f 1568/833/1461 1532/879/1424 1531/779/1423
f 1570/835/1463 1547/884/1439 1572/836/1464
f 1516/762/1410 1529/777/1421 1416/778/1308
f 1516/762/1410 1416/778/1308 1397/761/1291
f 1548/796/1440 1547/884/1439 1546/883/1438
f 1526/875/1418 1550/807/1444 1552/809/1445
f 1526/875/1418 1552/809/1445 1440/804/1334
f 1439/803/1333 1437/801/1331 1519/767/1413
f 1439/803/1333 1519/767/1413 1534/880/1426
f 1484/840/1370 1573/893/1465 1574/838/1466
f 1484/840/1370 1574/838/1466 1560/890/1453
f 1534/880/1426 1526/875/1418 1440/804/1334
f 1473/829/1359 1505/871/1406 1442/806/1336
f 1560/890/1453 1467/824/1354 1484/840/1370
f 1544/792/1436 1543/791/1435 1542/790/1434
f 1571/841/1467 1560/890/1453 1574/838/1466
f 1535/783/1427 1508/755/1407 1542/790/1434
f 1515/763/1409 1571/841/1467 1575/842/1468
f 1515/763/1409 1575/842/1468 1516/762/1410
f 1517/873/1411 1520/874/1414 1441/805/1335
f 1517/873/1411 1441/805/1335 1507/887/1443
f 1572/836/1464 1547/884/1439 1548/796/1440
f 1572/836/1464 1548/796/1440 1575/842/1468
f 1560/890/1453 1515/763/1409 1400/764/1294
f 1560/890/1453 1400/764/1294 1465/822/1352
f 1545/793/1437 1570/835/1463 1568/833/1461
f 1568/833/1461 1573/893/1465 1569/834/1462
f 1508/755/1407 1505/871/1406 1506/882/1433
f 1543/791/1435 1546/883/1438 1545/793/1437
f 1441/805/1335 1442/806/1336 1507/887/1443
f 1571/841/1467 1515/763/1409 1560/890/1453
f 1517/873/1411 1507/887/1443 1509/872/1408
f 1545/793/1437 1547/884/1439 1570/835/1463
f 1575/842/1468 1529/777/1421 1516/762/1410
f 1528/877/1420 1542/790/1434 1540/788/1432
f 1530/878/1422 1529/777/1421 1549/885/1441
f 1530/878/1422 1549/885/1441 1541/886/1442
f 1531/779/1423 1521/769/1415 1540/788/1432
f 1531/779/1423 1540/788/1432 1543/791/1435
f 1541/886/1442 1420/782/1312 1530/878/1422
f 1568/833/1461 1531/779/1423 1545/793/1437
f 1573/893/1465 1568/833/1461 1574/838/1466
f 1574/838/1466 1568/833/1461 1570/835/1463
f 1521/769/1415 1533/780/1425 1522/772/1416
f 1575/842/1468 1548/796/1440 1549/885/1441
f 1575/842/1468 1549/885/1441 1529/777/1421
f 1563/891/1456 1567/832/1460 1557/821/1448
f 1563/891/1456 1557/821/1448 1506/882/1433
f 1563/891/1456 1565/892/1458 1564/831/1457
f 1565/892/1458 1563/891/1456 1505/871/1406
f 1505/871/1406 1447/810/1340 1565/892/1458
f 1447/810/1340 1449/812/1342 1565/892/1458
f 1450/843/1469 1566/830/1459 1565/892/1458
s 0
f 1486/844/1290 1393/758/1290 1513/759/1290
s 1
f 1564/831/1457 1567/832/1460 1563/891/1456
f 1576/845/1470 1383/848/1471 1381/847/1472
f 1576/845/1470 1381/847/1472 1558/888/1449
f 1582/849/1473 1365/850/1474 1383/848/1471
f 1582/849/1473 1383/848/1471 1576/845/1470
f 1496/851/1380 1497/853/1382 1559/889/1452
f 1558/888/1449 1577/894/1475 1579/895/1476
f 1576/845/1470 1578/896/1477 1580/897/1478
f 1576/845/1470 1580/897/1478 1582/849/1473
f 1582/849/1473 1580/897/1478 1581/898/1479
f 1582/849/1473 1581/898/1479 1583/845/1480
f 1583/845/1480 1581/898/1479 1584/899/1481
f 1583/845/1480 1584/899/1481 1585/900/1482
f 1585/900/1482 1586/901/1483 1555/902/1484
f 1581/898/1479 1532/879/1424 1569/834/1462
f 1580/897/1478 1532/879/1424 1581/898/1479
f 1578/896/1477 1523/903/1485 1580/897/1478
f 1580/897/1478 1523/903/1485 1532/879/1424
f 1558/888/1449 1381/847/1472 1389/865/1450
f 1578/896/1477 1579/895/1476 1525/904/1486
f 1578/896/1477 1525/904/1486 1523/903/1485
f 1576/845/1470 1558/888/1449 1579/895/1476
f 1576/845/1470 1579/895/1476 1578/896/1477
f 1586/901/1483 1573/893/1465 1484/840/1370
f 1586/901/1483 1484/840/1370 1555/902/1484
f 1577/894/1475 1559/889/1452 1551/905/1487
f 1496/851/1380 1559/889/1452 1458/869/1451
f 1496/851/1380 1458/869/1451 1456/868/1398
f 1558/888/1449 1559/889/1452 1577/894/1475
f 1583/845/1480 1585/900/1482 1375/847/1488
f 1583/845/1480 1375/847/1488 1367/848/1489
f 1569/834/1462 1573/893/1465 1584/899/1481
f 1569/834/1462 1584/899/1481 1581/898/1479
f 1585/900/1482 1584/899/1481 1586/901/1483
f 1583/845/1480 1367/848/1489 1365/850/1474
f 1583/845/1480 1365/850/1474 1582/849/1473
f 1504/870/1402 1555/902/1484 1484/840/1370
f 1585/900/1482 1555/902/1484 1355/869/1490
f 1585/900/1482 1355/869/1490 1361/865/1491
f 1501/861/1391 1555/902/1484 1504/870/1402
f 1585/900/1482 1361/865/1491 1375/847/1488
f 1501/861/1391 1464/868/1405 1355/869/1490
f 1501/861/1391 1355/869/1490 1555/902/1484
f 1445/867/1397 1551/905/1487 1559/889/1452
f 1445/867/1397 1559/889/1452 1497/853/1382
f 1586/901/1483 1584/899/1481 1573/893/1465
f 1534/880/1426 1518/768/1412 1536/784/1428
f 1534/880/1426 1536/784/1428 1527/876/1419
f 1551/905/1487 1525/904/1486 1579/895/1476
f 1551/905/1487 1579/895/1476 1577/894/1475
f 1587/906/1492 1589/907/1493 1590/908/1494
f 1591/909/1495 1592/910/1496 1593/911/1497
f 1593/911/1497 1594/912/1498 1591/909/1495
f 1594/912/1498 1593/911/1497 1595/913/1499
f 1594/912/1498 1595/913/1499 1597/914/1500
f 1596/915/1501 1599/910/1502 1600/909/1503
f 1600/909/1503 1598/916/1504 1596/915/1501
f 1593/911/1497 1601/917/1505 1602/918/1506
f 1593/911/1497 1602/918/1506 1595/913/1499
f 1599/910/1502 1596/915/1501 1603/917/1507
f 1601/917/1505 1593/911/1497 1592/910/1496
f 1604/919/1508 1605/920/1509 1606/921/1510
f 1606/921/1510 1607/922/1511 1608/919/1512
f 1609/923/1513 1605/920/1509 1604/919/1508
f 1608/919/1512 1607/922/1511 1609/923/1513
f 1610/924/1514 1609/923/1513 1607/922/1511
f 1610/924/1514 1607/922/1511 1612/906/1515
f 1605/920/1509 1609/923/1513 1610/924/1514
f 1612/906/1515 1607/922/1511 1606/921/1510
f 1612/906/1515 1606/921/1510 1615/924/1516
f 1615/924/1516 1606/921/1510 1605/920/1509
f 1617/925/1517 1618/926/1518 1619/927/1519
f 1619/927/1519 1618/926/1518 1620/928/1520
f 1624/908/1521 1611/906/1522 1625/907/1523
f 1620/928/1520 1618/926/1518 1621/929/1524
f 1621/929/1524 1618/926/1518 1622/925/1525
f 1622/925/1525 1618/926/1518 1623/930/1526
f 1628/931/1527 1629/907/1528 1627/932/1529
f 1628/931/1527 1627/932/1529 1617/925/1517
f 1623/930/1526 1618/926/1518 1626/933/1530
f 1629/907/1528 1624/908/1521 1626/933/1530
f 1629/907/1528 1626/933/1530 1627/932/1529
f 1614/924/1531 1629/907/1528 1628/931/1527
f 1624/908/1521 1625/907/1523 1623/930/1526
f 1624/908/1521 1623/930/1526 1626/933/1530
f 1626/933/1530 1618/926/1518 1627/932/1529
f 1625/907/1523 1630/931/1532 1622/925/1525
f 1625/907/1523 1622/925/1525 1623/930/1526
f 1627/932/1529 1618/926/1518 1617/925/1517
f 1630/931/1532 1631/907/1533 1621/929/1524
f 1630/931/1532 1621/929/1524 1622/925/1525
f 1631/907/1533 1616/906/1534 1632/908/1535
f 1631/907/1533 1632/908/1535 1620/928/1520
f 1631/907/1533 1620/928/1520 1621/929/1524
f 1619/927/1519 1620/928/1520 1632/908/1535
f 1619/927/1519 1632/908/1535 1633/907/1536
f 1632/908/1535 1616/906/1534 1633/907/1536
f 1633/907/1536 1628/931/1527 1617/925/1517
f 1633/907/1536 1617/925/1517 1619/927/1519
f 1613/924/1537 1625/907/1523 1611/906/1522
f 1630/931/1532 1625/907/1523 1613/924/1537
f 1630/931/1532 1613/924/1537 1631/907/1533
f 1613/924/1537 1616/906/1534 1631/907/1533
f 1614/924/1531 1633/907/1536 1616/906/1534
f 1634/924/1538 1589/907/1493 1587/906/1492
f 1634/924/1538 1636/907/1539 1637/931/1540
f 1638/906/1541 1636/907/1539 1634/924/1538
f 1640/907/1542 1638/906/1541 1641/924/1543
f 1640/907/1542 1641/924/1543 1643/931/1544
f 1641/924/1543 1644/907/1545 1643/931/1544
f 1587/906/1492 1644/907/1545 1641/924/1543
f 1636/907/1539 1645/927/1546 1646/925/1547
f 1636/907/1539 1646/925/1547 1637/931/1540
f 1636/907/1539 1638/906/1541 1647/908/1548
f 1645/927/1546 1636/907/1539 1647/908/1548
f 1645/927/1546 1647/908/1548 1648/928/1549
f 1628/931/1527 1633/907/1536 1614/924/1531
f 1640/907/1542 1649/934/1550 1648/928/1549
f 1640/907/1542 1648/928/1549 1647/908/1548
f 1647/908/1548 1638/906/1541 1640/907/1542
f 1643/931/1544 1650/925/1551 1649/934/1550
f 1643/931/1544 1649/934/1550 1640/907/1542
f 1646/925/1547 1651/926/1552 1652/935/1553
f 1644/907/1545 1653/936/1554 1650/925/1551
f 1644/907/1545 1650/925/1551 1643/931/1544
f 1652/935/1553 1651/926/1552 1654/933/1555
f 1590/908/1494 1654/933/1555 1653/936/1554
f 1590/908/1494 1653/936/1554 1644/907/1545
f 1637/931/1540 1589/907/1493 1634/924/1538
f 1589/907/1493 1652/935/1553 1654/933/1555
f 1589/907/1493 1654/933/1555 1590/908/1494
f 1654/933/1555 1651/926/1552 1653/936/1554
f 1637/931/1540 1646/925/1547 1652/935/1553
f 1637/931/1540 1652/935/1553 1589/907/1493
f 1653/936/1554 1651/926/1552 1650/925/1551
f 1650/925/1551 1651/926/1552 1649/934/1550
f 1611/906/1522 1629/907/1528 1614/924/1531
f 1624/908/1521 1629/907/1528 1611/906/1522
f 1655/919/1556 1656/937/1557 1635/920/1558
f 1649/934/1550 1651/926/1552 1648/928/1549
f 1656/937/1557 1657/919/1559 1642/938/1560
f 1658/923/1561 1655/919/1556 1635/920/1558
f 1657/919/1559 1658/923/1561 1642/938/1560
f 1644/907/1545 1587/906/1492 1590/908/1494
f 1648/928/1549 1651/926/1552 1645/927/1546
f 1645/927/1546 1651/926/1552 1646/925/1547
f 1639/924/1562 1635/920/1558 1656/937/1557
f 1642/938/1560 1639/924/1562 1656/937/1557
f 1635/920/1558 1588/924/1563 1658/923/1561
f 1588/924/1563 1642/938/1560 1658/923/1561
o defaultMaterial.006
v -0.765098 7.687065 -8.138383
v 0.765098 7.687065 -8.138383
v 0.765098 9.217262 -8.138383
v -0.765098 9.217262 -8.138383
v -0.866969 7.585194 -8.395967
v 0.866969 7.585194 -8.395967
v 0.765098 7.687065 -8.138383
v -0.765098 7.687065 -8.138383
v -0.765098 9.217262 -8.138383
v -0.866969 9.319133 -8.395967
v 0.866969 9.319133 -8.395967
v 0.765098 9.217262 -8.138383
v 0.226251 8.460110 -7.802139
v -0.086420 8.358517 -7.898049
v -0.086420 8.358517 -8.138383
v 0.226251 8.460110 -8.138383
v -0.279661 8.624491 -7.669435
v -0.086420 8.890464 -7.505258
v -0.086420 8.890464 -7.505258
v -0.086420 8.890464 -8.138383
v -0.086420 8.890464 -8.138383
v -0.279661 8.624491 -8.138383
v 0.226251 8.788871 -7.556645
v 0.226251 8.788871 -8.138383
v 0.831015 12.006500 -8.482062
v 1.083304 11.431800 -8.601326
v 1.238126 11.871900 -8.414374
v 1.447829 10.869861 -8.587451
v 1.032311 11.185507 -8.903255
v 1.478119 11.478899 -8.555687
v 0.692474 11.512798 -8.839786
v 0.691714 11.947687 -8.534868
v 0.617048 11.877292 -8.635927
v 2.387047 11.227079 -8.848749
v 2.010806 10.909119 -8.948508
v 2.609715 11.005984 -9.148706
v 1.685144 10.813327 -9.146473
v 1.447829 10.869861 -8.587451
v 1.921194 11.229714 -8.726320
v 2.098131 10.717435 -9.363001
v 2.589974 10.879093 -9.244419
v 2.512020 10.809136 -9.343278
v 1.237507 11.876912 -8.431247
v 1.082684 11.436812 -8.618197
v 0.830396 12.011513 -8.498935
v 1.031692 11.190519 -8.920127
v 1.447210 10.874873 -8.604322
v 1.477500 11.483912 -8.572557
v 0.691854 11.517811 -8.856657
v 0.691094 11.952700 -8.551740
v 0.616428 11.882304 -8.652800
v 2.609096 11.010997 -9.165578
v 2.010187 10.914131 -8.965381
v 2.386428 11.232093 -8.865621
v 1.447210 10.874873 -8.604322
v 1.684525 10.818338 -9.163345
v 1.920574 11.234728 -8.743192
v 2.097512 10.722447 -9.379872
v 2.589355 10.884106 -9.261291
v 2.511401 10.814151 -9.360150
v 1.434122 10.471985 -8.661778
v 1.434122 10.471985 -8.661778
v 1.337726 10.501532 -8.726551
v 1.455767 10.970807 -8.630262
v 1.455767 10.970807 -8.630262
v 1.480442 10.965156 -8.613618
v 1.480442 10.965156 -8.613618
v 1.480442 10.965156 -8.613618
v 0.962856 10.180129 -8.602801
v 1.128790 10.001245 -8.474886
v 1.372580 10.492209 -8.560962
v 1.276183 10.521756 -8.625733
v 1.060480 9.946687 -8.798810
v 0.962856 10.180129 -8.602801
v 1.464689 10.968762 -8.588194
v 1.439605 10.974508 -8.604705
v 1.439605 10.974508 -8.604705
v 1.258834 9.880720 -8.670637
v 1.258834 9.880720 -8.670637
v 0.984797 9.882120 -9.172326
v 1.288205 9.724350 -9.172197
v 0.987953 9.554615 -9.172932
v 0.737445 9.853907 -9.172932
v 0.737323 10.237823 -9.172396
v 0.890370 10.415445 -8.397383
v 1.141825 10.016085 -8.397350
v 0.984797 9.882120 -9.172326
v 1.492408 9.840853 -8.397511
v 1.288205 9.724350 -9.172197
v 0.984797 9.882120 -9.172326
v 1.141825 10.016085 -8.397350
v -1.691887 8.696759 -8.394594
v -1.490647 8.142480 -8.394444
v -1.490664 9.840882 -8.395353
v -1.691893 9.286608 -8.394911
v -1.112471 10.292730 -8.395868
v -1.112446 7.690626 -8.394474
v -0.602899 7.395697 -8.394685
v -0.602930 10.587648 -8.396395
v 0.000864 10.690069 -8.396887
v 0.000897 7.293265 -8.395067
v 1.121246 9.187480 -9.172932
v 1.462222 9.245042 -9.172184
v 1.121246 8.796782 -9.172932
v 1.462223 8.734973 -9.172262
v 0.399937 10.049256 -9.172932
v 0.737323 10.237823 -9.172396
v 0.987953 8.429646 -9.172932
v 1.288208 8.255665 -9.172423
v 0.737445 8.130355 -9.172932
v 0.961164 7.864930 -9.172647
v 0.000000 10.117101 -9.172932
v -0.001596 10.458697 -9.172734
v 0.520533 10.370123 -9.172485
v 0.399937 7.935006 -9.172932
v 0.520538 7.609896 -9.172909
v -0.399937 10.049256 -9.172932
v -0.523725 10.370125 -9.173011
v 0.000000 7.867162 -9.172932
v -0.001590 7.521325 -9.173185
v -0.737445 9.853907 -9.172932
v -0.964350 10.115091 -9.173271
v -0.399937 7.935006 -9.172932
v -0.523719 7.609898 -9.173434
v -0.987953 9.554615 -9.172932
v -1.291394 9.724356 -9.173496
v -0.737445 8.130355 -9.172932
v -0.964346 7.864934 -9.173617
v -1.121246 9.187480 -9.172932
v -1.465410 9.245048 -9.173658
v -0.987953 8.429646 -9.172932
v -1.291391 8.255670 -9.173721
v -1.121246 8.796782 -9.172932
v -1.465409 8.734979 -9.173736
v 1.462222 9.245042 -9.172184
v 1.693648 9.286574 -8.397359
v 1.462223 8.734973 -9.172262
v 1.693654 8.696726 -8.397042
v 1.288208 8.255665 -9.172423
v 1.492424 8.142451 -8.396601
v 0.520533 10.370123 -9.172485
v 0.604659 10.587637 -8.397268
v 0.961164 7.864930 -9.172647
v 1.114231 7.690605 -8.396085
v -0.001596 10.458697 -9.172734
v 0.000864 10.690069 -8.396887
v 0.520538 7.609896 -9.172909
v 0.604690 7.395685 -8.395558
v -0.523725 10.370125 -9.173011
v -0.602930 10.587648 -8.396395
v -0.001590 7.521325 -9.173185
v -0.001590 7.521325 -9.173185
v 0.000897 7.293265 -8.395067
v 0.000897 7.293265 -8.395067
v -0.964350 10.115091 -9.173271
v -1.112471 10.292730 -8.395868
v -0.523719 7.609898 -9.173434
v -0.602899 7.395697 -8.394685
v -1.291394 9.724356 -9.173496
v -1.490664 9.840882 -8.395353
v -0.964346 7.864934 -9.173617
v -1.112446 7.690626 -8.394474
v -1.465410 9.245048 -9.173658
v -1.691893 9.286608 -8.394911
v -1.291391 8.255670 -9.173721
v -1.490647 8.142480 -8.394444
v -1.465409 8.734979 -9.173736
v -1.691887 8.696759 -8.394594
v 1.121246 9.187480 -9.172932
v 1.121246 8.796782 -9.172932
v 1.074000 8.805014 -9.032086
v 1.074000 9.179248 -9.032086
v 0.987953 8.429646 -9.172932
v 0.946324 8.453347 -9.032086
v 0.737445 8.130355 -9.172932
v 0.706372 8.166667 -9.032086
v 0.399937 7.935006 -9.172932
v 0.383085 7.979550 -9.032086
v 0.000000 7.867162 -9.172932
v 0.000000 7.914564 -9.032086
v -0.399937 7.935006 -9.172932
v -0.383085 7.979550 -9.032086
v -0.737445 8.130355 -9.172932
v -0.706372 8.166667 -9.032086
v -0.987953 8.429646 -9.172932
v -0.946324 8.453347 -9.032086
v -1.121246 8.796782 -9.172932
v -1.074000 8.805014 -9.032086
v -1.121246 9.187480 -9.172932
v -1.074000 9.179248 -9.032086
v -0.987953 9.554615 -9.172932
v -0.946324 9.530914 -9.032086
v -0.737445 9.853907 -9.172932
v -0.706372 9.817595 -9.032086
v -0.399937 10.049256 -9.172932
v -0.383085 10.004713 -9.032086
v 0.000000 10.117101 -9.172932
v 0.000000 10.069698 -9.032086
v 0.399937 10.049256 -9.172932
v 0.383085 10.004713 -9.032086
v 0.737445 9.853907 -9.172932
v 0.706372 9.817595 -9.032086
v 0.987953 9.554615 -9.172932
v 0.946324 9.530914 -9.032086
v 0.604659 10.587637 -8.397268
v 0.604690 7.395685 -8.395558
v 1.114231 7.690605 -8.396085
v 1.141825 10.016085 -8.397350
v 0.890370 10.415445 -8.397383
v 1.492408 9.840853 -8.397511
v 1.492424 8.142451 -8.396601
v 1.693654 8.696726 -8.397042
v 1.693648 9.286574 -8.397359
vn -0.0000 -0.0000 1.0000
vn -0.6171 -0.6171 0.4881
vn 0.6171 -0.6171 0.4881
vn 0.6172 -0.6171 0.4881
vn -0.6171 0.6172 0.4881
vn -0.6171 0.6171 0.4881
vn 0.6171 0.6171 0.4881
vn 0.8091 -0.5877 -0.0000
vn -0.3090 -0.9511 -0.0000
vn 0.8090 -0.5878 -0.0000
vn -1.0000 -0.0000 -0.0000
vn -0.3090 0.9511 -0.0000
vn 0.8090 0.5878 -0.0000
vn -0.3090 0.9511 0.0001
vn -0.2405 -0.2973 0.9240
vn -0.3853 -0.4070 0.8282
vn -0.1585 -0.3383 0.9276
vn -0.4703 -0.2845 0.8354
vn -0.6209 -0.5528 0.5558
vn -0.0872 -0.2119 0.9734
vn -0.5119 -0.5649 0.6471
vn -0.3777 -0.3946 0.8376
vn -0.5183 -0.4879 0.7023
vn 0.2775 -0.5708 0.7727
vn 0.2593 -0.7583 0.5981
vn 0.3382 -0.6102 0.7164
vn 0.0959 -0.9487 0.3013
vn 0.3894 -0.7570 0.5248
vn 0.3714 -0.4565 0.8085
vn 0.0924 -0.8962 0.4339
vn 0.2707 -0.7481 0.6058
vn 0.1825 -0.8728 0.4527
vn 0.1585 0.3383 -0.9276
vn 0.3853 0.4069 -0.8282
vn 0.2405 0.2973 -0.9240
vn 0.6209 0.5528 -0.5558
vn 0.4704 0.2845 -0.8354
vn 0.0872 0.2119 -0.9734
vn 0.5119 0.5649 -0.6471
vn 0.3777 0.3946 -0.8376
vn 0.5183 0.4879 -0.7023
vn -0.3382 0.6102 -0.7164
vn -0.2593 0.7583 -0.5981
vn -0.2775 0.5708 -0.7727
vn -0.3893 0.7570 -0.5248
vn -0.0959 0.9487 -0.3013
vn -0.3714 0.4565 -0.8085
vn -0.0924 0.8962 -0.4339
vn -0.2708 0.7481 -0.6058
vn -0.1825 0.8728 -0.4527
vn 0.9648 -0.1788 -0.1930
vn -0.1015 0.2088 -0.9727
vn 0.0017 0.6923 -0.7216
vn 0.8700 0.4679 -0.1557
vn -0.3563 0.3517 0.8656
vn 0.2611 0.0671 0.9630
vn 0.2428 0.0410 0.9692
vn -0.8615 0.4728 0.1852
vn -0.0527 0.1835 -0.9816
vn -0.5921 0.4277 -0.6830
vn 0.3021 0.5575 0.7733
vn -0.5940 0.7872 0.1657
vn 0.9399 -0.2900 -0.1802
vn 0.9648 -0.1787 -0.1931
vn 0.8700 0.4679 -0.1558
vn 0.9399 -0.2900 -0.1801
vn -0.5940 0.7872 0.1658
vn 0.0020 0.0017 -1.0000
vn 0.0018 0.0012 -1.0000
vn 0.0019 0.0013 -1.0000
vn 0.0018 0.0015 -1.0000
vn 0.6653 0.6910 -0.2826
vn 0.8039 0.5311 -0.2676
vn 0.8039 0.5312 -0.2676
vn 0.7170 0.6371 -0.2828
vn 0.7170 0.6372 -0.2828
vn 0.4402 0.8646 -0.2424
vn 0.4402 0.8646 -0.2423
vn 0.0007 0.0005 1.0000
vn 0.0021 0.0004 -1.0000
vn 0.0021 0.0005 -1.0000
vn 0.0019 -0.0002 -1.0000
vn 0.0020 0.0002 -1.0000
vn 0.0007 0.0011 -1.0000
vn 0.0013 0.0014 -1.0000
vn 0.0013 -0.0003 -1.0000
vn 0.0019 -0.0003 -1.0000
vn 0.0014 -0.0005 -1.0000
vn 0.0008 -0.0005 -1.0000
vn 0.0010 -0.0002 -1.0000
vn 0.0013 -0.0004 -1.0000
vn 0.0005 0.0009 -1.0000
vn 0.0002 0.0004 -1.0000
vn 0.0004 0.0007 -1.0000
vn 0.0004 -0.0000 -1.0000
vn 0.0008 -0.0004 -1.0000
vn 0.0005 0.0001 -1.0000
vn 0.0007 -0.0002 -1.0000
vn 0.0003 -0.0003 -1.0000
vn 0.0004 0.0001 -1.0000
vn 0.0002 0.0006 -1.0000
vn -0.0000 -0.0001 -1.0000
vn 0.0002 0.0003 -1.0000
vn 0.0003 0.0005 -1.0000
vn 0.0008 -0.0007 -1.0000
vn 0.0006 0.0012 -1.0000
vn 0.0006 0.0011 -1.0000
vn 0.0014 -0.0008 -1.0000
vn 0.0015 -0.0006 -1.0000
vn 0.0013 0.0013 -1.0000
vn 0.0014 0.0014 -1.0000
vn 0.0017 -0.0006 -1.0000
vn 0.0020 -0.0004 -1.0000
vn 0.0020 -0.0002 -1.0000
vn 0.0019 0.0010 -1.0000
vn 0.0022 0.0005 -1.0000
vn 0.0021 0.0002 -1.0000
vn 0.0022 0.0004 -1.0000
vn 0.0019 0.0012 -1.0000
vn 0.0020 0.0010 -1.0000
vn 0.9425 0.1657 -0.2904
vn 0.9425 0.1658 -0.2903
vn 0.9426 -0.1661 -0.2896
vn 0.9427 -0.1657 -0.2895
vn 0.0010 0.0010 -1.0000
vn 0.8298 -0.4780 -0.2881
vn 0.8299 -0.4778 -0.2881
vn 0.3341 0.8973 -0.2884
vn 0.3340 0.8973 -0.2885
vn 0.6162 -0.7337 -0.2863
vn 0.6166 -0.7334 -0.2862
vn -0.0003 0.9583 -0.2857
vn 0.0001 0.9583 -0.2858
vn 0.3254 -0.9020 -0.2838
vn 0.3255 -0.9020 -0.2838
vn -0.3252 0.9015 -0.2856
vn -0.3257 0.9013 -0.2857
vn -0.0000 -0.9596 -0.2813
vn -0.0001 -0.9596 -0.2813
vn -0.6171 0.7335 -0.2851
vn -0.6171 0.7334 -0.2852
vn -0.3255 -0.9027 -0.2815
vn -0.3261 -0.9025 -0.2814
vn -0.8309 0.4783 -0.2843
vn -0.8308 0.4784 -0.2845
vn -0.6175 -0.7344 -0.2817
vn -0.6178 -0.7342 -0.2817
vn -0.9445 0.1659 -0.2835
vn -0.9444 0.1661 -0.2836
vn -0.8312 -0.4790 -0.2821
vn -0.8314 -0.4787 -0.2821
vn -0.9447 -0.1664 -0.2827
vn -0.9446 -0.1665 -0.2827
vn -0.9323 -0.1640 -0.3223
vn -0.9323 0.1639 -0.3223
vn -0.9323 0.1641 -0.3223
vn -0.9323 -0.1641 -0.3223
vn -0.8205 0.4724 -0.3220
vn -0.8203 0.4727 -0.3220
vn -0.6098 0.7245 -0.3213
vn -0.6093 0.7249 -0.3213
vn -0.3214 0.8911 -0.3203
vn -0.3217 0.8910 -0.3203
vn -0.0000 0.9478 -0.3190
vn 0.3215 0.8911 -0.3203
vn 0.3217 0.8910 -0.3203
vn 0.6097 0.7245 -0.3213
vn 0.6093 0.7249 -0.3213
vn 0.8205 0.4724 -0.3220
vn 0.8203 0.4727 -0.3220
vn 0.9323 0.1640 -0.3223
vn 0.9323 0.1641 -0.3223
vn 0.9323 -0.1639 -0.3223
vn 0.9323 -0.1641 -0.3223
vn 0.8205 -0.4724 -0.3220
vn 0.8203 -0.4727 -0.3220
vn 0.6098 -0.7245 -0.3213
vn 0.6093 -0.7249 -0.3213
vn 0.3216 -0.8911 -0.3203
vn 0.3217 -0.8910 -0.3203
vn -0.0000 -0.9478 -0.3190
vn -0.3216 -0.8911 -0.3203
vn -0.3215 -0.8911 -0.3203
vn -0.6097 -0.7245 -0.3213
vn -0.6093 -0.7249 -0.3213
vn -0.8205 -0.4724 -0.3220
vn -0.8203 -0.4727 -0.3220
vt 0.796892 0.988442
vt 0.834514 0.988442
vt 0.834514 0.950820
vt 0.796892 0.950820
vt 0.790787 0.994546
vt 0.840618 0.994546
vt 0.790787 0.944715
vt 0.840618 0.944715
vt 0.210037 0.072731
vt 0.227347 0.072731
vt 0.227347 0.048286
vt 0.210037 0.048286
vt 0.246573 0.072731
vt 0.264756 0.072731
vt 0.264756 0.048286
vt 0.246573 0.048286
vt 0.193622 0.072731
vt 0.193622 0.048286
vt 0.176313 0.072731
vt 0.176313 0.048286
vt 0.851186 0.951012
vt 0.885058 0.971190
vt 0.875814 0.941898
vt 0.924743 0.983370
vt 0.889733 0.994942
vt 0.902422 0.953599
vt 0.861570 0.988306
vt 0.846765 0.959437
vt 0.845467 0.968039
vt 0.866589 0.871819
vt 0.850858 0.871819
vt 0.850858 0.824728
vt 0.866589 0.824728
vt 0.835563 0.935274
vt 0.820431 0.935274
vt 0.820431 0.871819
vt 0.835563 0.871819
vt 0.850858 0.935274
vt 0.820431 0.824728
vt 0.835563 0.824728
vt 0.804269 0.935274
vt 0.804269 0.871819
vt 0.804269 0.824728
vt 0.866589 0.935274
vt 0.835388 0.816647
vt 0.820223 0.816647
vt 0.648519 0.853562
vt 0.630414 0.862981
vt 0.648331 0.873102
vt 0.663279 0.855240
vt 0.281636 0.300095
vt 0.281636 0.277976
vt 0.267960 0.277976
vt 0.267960 0.300095
vt 0.254582 0.277976
vt 0.254582 0.300095
vt 0.653985 0.916966
vt 0.660357 0.934517
vt 0.660357 0.880737
vt 0.653985 0.898288
vt 0.672333 0.866429
vt 0.672333 0.948825
vt 0.688468 0.958164
vt 0.688468 0.857090
vt 0.707587 0.853846
vt 0.707587 0.961407
vt 0.640378 0.895008
vt 0.620031 0.891581
vt 0.640378 0.918317
vt 0.620031 0.922012
vt 0.683417 0.843578
vt 0.663285 0.832335
vt 0.648331 0.940217
vt 0.630415 0.950604
vt 0.663279 0.958067
vt 0.649929 0.973908
vt 0.707281 0.839521
vt 0.707376 0.819141
vt 0.676221 0.824437
vt 0.683417 0.969714
vt 0.676221 0.989113
vt 0.731145 0.843559
vt 0.738531 0.824413
vt 0.707281 0.973752
vt 0.707376 0.994385
vt 0.751284 0.855205
vt 0.764823 0.839618
vt 0.731145 0.969695
vt 0.738531 0.989089
vt 0.766231 0.873055
vt 0.784338 0.862922
vt 0.751284 0.958032
vt 0.764823 0.973863
vt 0.774185 0.894955
vt 0.794721 0.891513
vt 0.766231 0.940171
vt 0.784338 0.950544
vt 0.774185 0.918264
vt 0.794721 0.921944
vt 0.240726 0.300095
vt 0.240726 0.277976
vt 0.226612 0.300095
vt 0.226612 0.277976
vt 0.213212 0.300095
vt 0.213212 0.277976
vt 0.295707 0.300095
vt 0.295707 0.277976
vt 0.199035 0.300095
vt 0.199035 0.277976
vt 0.309335 0.300095
vt 0.309335 0.277976
vt 0.184428 0.300095
vt 0.184429 0.277976
vt 0.322839 0.300095
vt 0.322839 0.277976
vt 0.169907 0.300095
vt 0.169907 0.277976
vt 0.336702 0.300095
vt 0.336702 0.277976
vt 0.420236 0.300095
vt 0.434207 0.300095
vt 0.434207 0.277976
vt 0.420236 0.277976
vt 0.351295 0.300095
vt 0.351295 0.277976
vt 0.406367 0.300095
vt 0.406367 0.277976
vt 0.364969 0.300095
vt 0.364969 0.277976
vt 0.392302 0.300095
vt 0.392302 0.277976
vt 0.378986 0.300095
vt 0.378986 0.277976
vt 0.648836 0.916467
vt 0.648836 0.896192
vt 0.655754 0.935516
vt 0.668756 0.951042
vt 0.686273 0.961173
vt 0.707030 0.964685
vt 0.727788 0.961156
vt 0.745305 0.951012
vt 0.758307 0.935475
vt 0.765225 0.916420
vt 0.765225 0.896145
vt 0.758307 0.877096
vt 0.745305 0.861570
vt 0.727788 0.851439
vt 0.707030 0.847927
vt 0.686273 0.851456
vt 0.668756 0.861601
vt 0.655754 0.877137
vt 0.726707 0.857090
vt 0.726707 0.958164
vt 0.742842 0.948825
vt 0.743716 0.873806
vt 0.735754 0.862542
vt 0.754817 0.880737
vt 0.754817 0.934517
vt 0.761190 0.916966
vt 0.761190 0.898288
s 0
usemtl defaultMaterial.003
f 1659/939/1564 1660/940/1564 1661/941/1564
f 1659/939/1564 1661/941/1564 1662/942/1564
s 1
f 1663/943/1565 1664/944/1566 1665/940/1567
f 1663/943/1565 1665/940/1567 1666/939/1565
f 1663/943/1565 1666/939/1565 1667/942/1568
f 1663/943/1565 1667/942/1568 1668/945/1569
f 1664/944/1566 1669/946/1570 1670/941/1570
f 1664/944/1566 1670/941/1570 1665/940/1567
f 1668/945/1569 1667/942/1568 1670/941/1570
f 1668/945/1569 1670/941/1570 1669/946/1570
f 1671/947/1571 1672/948/1572 1673/949/1572
f 1671/947/1571 1673/949/1572 1674/950/1573
f 1675/951/1574 1676/952/1575 1678/953/1575
f 1675/951/1574 1678/953/1575 1680/954/1574
f 1672/948/1572 1675/951/1574 1680/954/1574
f 1672/948/1572 1680/954/1574 1673/949/1572
f 1681/955/1576 1671/947/1571 1674/950/1573
f 1681/955/1576 1674/950/1573 1682/956/1576
f 1677/957/1577 1681/955/1576 1682/956/1576
f 1677/957/1577 1682/956/1576 1679/958/1575
f 1683/959/1578 1684/960/1579 1685/961/1580
f 1686/962/1581 1684/960/1579 1687/963/1582
f 1688/964/1583 1684/960/1579 1686/962/1581
f 1685/961/1580 1684/960/1579 1688/964/1583
f 1687/963/1582 1684/960/1579 1689/965/1584
f 1684/960/1579 1683/959/1578 1690/966/1585
f 1684/960/1579 1691/967/1586 1689/965/1584
f 1690/966/1585 1691/967/1586 1684/960/1579
f 1692/961/1587 1693/960/1588 1694/959/1589
f 1695/963/1590 1693/960/1588 1696/962/1591
f 1696/962/1591 1693/960/1588 1697/964/1592
f 1697/964/1592 1693/960/1588 1692/961/1587
f 1698/965/1593 1693/960/1588 1695/963/1590
f 1699/966/1594 1694/959/1589 1693/960/1588
f 1698/965/1593 1700/967/1595 1693/960/1588
f 1693/960/1588 1700/967/1595 1699/966/1594
f 1701/961/1596 1702/960/1597 1703/959/1598
f 1704/963/1599 1702/960/1597 1705/962/1600
f 1705/962/1600 1702/960/1597 1706/964/1601
f 1706/964/1601 1702/960/1597 1701/961/1596
f 1707/965/1602 1702/960/1597 1704/963/1599
f 1708/966/1603 1703/959/1598 1702/960/1597
f 1707/965/1602 1709/967/1604 1702/960/1597
f 1702/960/1597 1709/967/1604 1708/966/1603
f 1710/959/1605 1711/960/1606 1712/961/1607
f 1713/962/1608 1711/960/1606 1714/963/1609
f 1715/964/1610 1711/960/1606 1713/962/1608
f 1712/961/1607 1711/960/1606 1715/964/1610
f 1714/963/1609 1711/960/1606 1716/965/1611
f 1711/960/1606 1710/959/1605 1717/966/1612
f 1711/960/1606 1718/967/1613 1716/965/1611
f 1717/966/1612 1718/967/1613 1711/960/1606
f 1719/968/1614 1721/969/1615 1722/970/1616
f 1719/968/1614 1722/970/1616 1724/971/1617
f 1727/972/1618 1728/973/1619 1729/974/1620
f 1727/972/1618 1729/974/1620 1730/975/1621
f 1731/976/1622 1732/972/1623 1730/975/1621
f 1731/976/1622 1730/975/1621 1721/969/1615
f 1730/975/1621 1729/974/1620 1733/977/1624
f 1730/975/1621 1733/977/1624 1734/978/1625
f 1728/973/1619 1736/979/1626 1720/980/1627
f 1728/973/1619 1720/980/1627 1729/974/1620
f 1729/974/1620 1720/980/1627 1725/981/1628
f 1729/974/1620 1725/981/1628 1733/977/1624
f 1721/969/1615 1730/975/1621 1734/978/1625
f 1721/969/1615 1734/978/1625 1722/970/1616
f 1737/982/1629 1731/976/1622 1721/969/1615
f 1737/982/1629 1721/969/1615 1719/968/1614
f 1726/978/1628 1723/983/1616 1735/984/1630
f 1726/978/1628 1735/984/1630 1733/977/1624
f 1738/985/1631 1739/986/1632 1740/987/1633
f 1741/988/1634 1738/985/1631 1740/987/1633
f 1742/989/1635 1743/990/1635 1744/991/1636
f 1742/989/1635 1744/991/1636 1745/992/1637
f 1746/993/1638 1747/994/1639 1748/992/1640
f 1746/993/1638 1748/992/1640 1749/991/1641
s 0
f 1750/995/1642 1751/996/1642 1752/997/1642
f 1750/995/1642 1752/997/1642 1753/998/1642
f 1754/999/1642 1752/997/1642 1751/996/1642
f 1754/999/1642 1751/996/1642 1755/1000/1642
f 1755/1000/1642 1756/1001/1642 1757/1002/1642
f 1755/1000/1642 1757/1002/1642 1754/999/1642
f 1758/1003/1642 1757/1002/1642 1756/1001/1642
f 1758/1003/1642 1756/1001/1642 1759/1004/1642
s 1
f 1760/1005/1643 1740/987/1633 1739/986/1632
f 1760/1005/1643 1739/986/1632 1761/1006/1644
f 1762/1007/1645 1760/1005/1643 1761/1006/1644
s 0
f 1762/1007/1646 1761/1006/1646 1763/1008/1646
s 1
f 1764/1009/1647 1765/1010/1648 1741/988/1634
f 1766/1011/1649 1762/1007/1650 1763/1008/1645
f 1766/1011/1649 1763/1008/1645 1767/1012/1651
f 1741/988/1634 1765/1010/1648 1738/985/1631
f 1768/1013/1652 1766/1011/1649 1767/1012/1651
s 0
f 1768/1013/1653 1767/1012/1654 1769/1014/1653
s 1
f 1764/1009/1655 1770/1015/1656 1771/1016/1657
f 1764/1009/1655 1771/1016/1657 1772/1017/1647
f 1773/1018/1658 1768/1013/1659 1769/1014/1659
s 0
f 1773/1018/1660 1769/1014/1661 1774/1019/1660
s 1
f 1770/1015/1656 1775/1020/1662 1776/1021/1663
f 1770/1015/1656 1776/1021/1663 1771/1016/1657
f 1777/1022/1664 1773/1018/1665 1774/1019/1666
f 1777/1022/1664 1774/1019/1666 1778/1023/1667
f 1775/1020/1662 1779/1024/1668 1780/1025/1659
f 1775/1020/1662 1780/1025/1659 1776/1021/1663
f 1781/1026/1669 1777/1022/1664 1778/1023/1667
f 1781/1026/1669 1778/1023/1667 1782/1027/1670
f 1779/1024/1668 1783/1028/1671 1784/1029/1672
f 1779/1024/1668 1784/1029/1672 1780/1025/1659
f 1785/1030/1673 1781/1026/1669 1782/1027/1670
f 1785/1030/1673 1782/1027/1670 1786/1031/1674
s 0
f 1783/1028/1675 1787/1032/1676 1788/1033/1676
f 1783/1028/1672 1788/1033/1677 1784/1029/1672
s 1
f 1789/1034/1678 1785/1030/1673 1786/1031/1674
s 0
f 1789/1034/1633 1786/1031/1633 1790/1035/1633
s 1
f 1787/1032/1650 1791/1036/1679 1792/1037/1679
s 0
f 1787/1032/1680 1792/1037/1680 1788/1033/1680
s 1
f 1791/1036/1681 1789/1034/1682 1790/1035/1682
s 0
f 1791/1036/1681 1790/1035/1683 1792/1037/1681
s 1
f 1793/1038/1684 1747/994/1639 1746/993/1638
f 1793/1038/1684 1746/993/1638 1794/1039/1685
f 1795/1040/1686 1793/1038/1684 1794/1039/1685
f 1795/1040/1686 1794/1039/1685 1796/1041/1687
s 0
f 1772/1017/1688 1765/1010/1688 1764/1009/1688
s 1
f 1797/1042/1689 1795/1040/1686 1796/1041/1687
f 1797/1042/1689 1796/1041/1687 1798/1043/1690
f 1742/989/1635 1799/1044/1691 1800/1045/1692
f 1742/989/1635 1800/1045/1692 1743/990/1635
f 1801/1046/1693 1797/1042/1689 1798/1043/1690
f 1801/1046/1693 1798/1043/1690 1802/1047/1694
f 1799/1044/1691 1803/1048/1695 1804/1049/1696
f 1799/1044/1691 1804/1049/1696 1800/1045/1692
f 1805/1050/1697 1801/1046/1693 1802/1047/1694
f 1805/1050/1697 1802/1047/1694 1806/1051/1698
f 1803/1048/1695 1807/1052/1699 1808/1053/1700
f 1803/1048/1695 1808/1053/1700 1804/1049/1696
f 1809/1054/1701 1805/1050/1697 1806/1051/1698
f 1809/1054/1701 1806/1051/1698 1811/1055/1702
f 1807/1052/1699 1813/1056/1703 1814/1057/1704
f 1807/1052/1699 1814/1057/1704 1808/1053/1700
f 1815/1058/1705 1810/1059/1702 1812/1060/1702
f 1815/1058/1705 1812/1060/1702 1816/1061/1706
f 1813/1056/1703 1817/1062/1707 1818/1063/1708
f 1813/1056/1703 1818/1063/1708 1814/1057/1704
f 1819/1064/1709 1815/1058/1705 1816/1061/1706
f 1819/1064/1709 1816/1061/1706 1820/1065/1710
f 1817/1062/1707 1821/1066/1711 1822/1067/1712
f 1817/1062/1707 1822/1067/1712 1818/1063/1708
f 1823/1068/1713 1819/1064/1709 1820/1065/1710
f 1823/1068/1713 1820/1065/1710 1824/1069/1714
f 1821/1066/1711 1825/1070/1715 1826/1071/1716
f 1821/1066/1711 1826/1071/1716 1822/1067/1712
f 1825/1070/1715 1823/1068/1713 1824/1069/1714
f 1825/1070/1715 1824/1069/1714 1826/1071/1716
f 1827/1005/1717 1828/1007/1718 1829/1072/1719
f 1827/1005/1717 1829/1072/1719 1830/1073/1720
f 1828/1007/1718 1831/1011/1721 1832/1074/1722
f 1828/1007/1718 1832/1074/1722 1829/1072/1719
f 1831/1011/1721 1833/1013/1723 1834/1075/1724
f 1831/1011/1721 1834/1075/1724 1832/1074/1722
f 1833/1013/1723 1835/1018/1725 1836/1076/1726
f 1833/1013/1723 1836/1076/1726 1834/1075/1724
f 1835/1018/1725 1837/1022/1727 1838/1077/1727
f 1835/1018/1725 1838/1077/1727 1836/1076/1726
f 1837/1022/1727 1839/1026/1728 1840/1078/1729
f 1837/1022/1727 1840/1078/1729 1838/1077/1727
f 1839/1026/1728 1841/1030/1730 1842/1079/1731
f 1839/1026/1728 1842/1079/1731 1840/1078/1729
f 1841/1030/1730 1843/1034/1732 1844/1080/1733
f 1841/1030/1730 1844/1080/1733 1842/1079/1731
f 1843/1034/1732 1845/1036/1734 1846/1081/1735
f 1843/1034/1732 1846/1081/1735 1844/1080/1733
f 1845/1036/1734 1847/1032/1736 1848/1082/1737
f 1845/1036/1734 1848/1082/1737 1846/1081/1735
f 1847/1032/1736 1849/1028/1738 1850/1083/1739
f 1847/1032/1736 1850/1083/1739 1848/1082/1737
f 1849/1028/1738 1851/1024/1740 1852/1084/1741
f 1849/1028/1738 1852/1084/1741 1850/1083/1739
f 1851/1024/1740 1853/1020/1742 1854/1085/1743
f 1851/1024/1740 1854/1085/1743 1852/1084/1741
f 1853/1020/1742 1855/1015/1744 1856/1086/1744
f 1853/1020/1742 1856/1086/1744 1854/1085/1743
f 1855/1015/1744 1857/1009/1745 1858/1087/1746
f 1855/1015/1744 1858/1087/1746 1856/1086/1744
f 1857/1009/1745 1859/988/1747 1860/1088/1748
f 1857/1009/1745 1860/1088/1748 1858/1087/1746
f 1859/988/1747 1861/987/1749 1862/1089/1750
f 1859/988/1747 1862/1089/1750 1860/1088/1748
f 1861/987/1749 1827/1005/1717 1830/1073/1720
f 1861/987/1749 1830/1073/1720 1862/1089/1750
s 0
f 1863/1090/1642 1758/1003/1642 1759/1004/1642
f 1863/1090/1642 1759/1004/1642 1864/1091/1642
f 1864/1091/1642 1865/1092/1642 1866/1093/1642
f 1864/1091/1642 1866/1093/1642 1867/1094/1642
f 1864/1091/1642 1867/1094/1642 1863/1090/1642
f 1868/1095/1642 1866/1093/1642 1865/1092/1642
f 1868/1095/1642 1865/1092/1642 1869/1096/1642
f 1869/1096/1642 1870/1097/1642 1871/1098/1642
f 1869/1096/1642 1871/1098/1642 1868/1095/1642
o defaultMaterial.007
v 1.074000 9.179248 -9.032086
v 1.074000 8.805014 -9.032086
v 0.946324 8.453347 -9.032086
v 0.946324 9.530914 -9.032086
v 0.706372 8.166667 -9.032086
v 0.706372 9.817595 -9.032086
v 0.383085 7.979550 -9.032086
v 0.383085 10.004713 -9.032086
v 0.000000 7.914564 -9.032086
v 0.000000 10.069698 -9.032086
v -0.383085 7.979550 -9.032086
v -0.383085 10.004713 -9.032086
v -0.706372 9.817595 -9.032086
v -0.706372 8.166667 -9.032086
v -0.946324 9.530914 -9.032086
v -0.946324 8.453347 -9.032086
v -1.074000 9.179248 -9.032086
v -1.074000 8.805014 -9.032086
vn -0.0000 -0.0000 -1.0000
vt 0.001655 0.413176
vt 0.001655 0.586824
vt 0.060898 0.750000
vt 0.060898 0.250000
vt 0.172237 0.883022
vt 0.172237 0.116978
vt 0.322245 0.969846
vt 0.322245 0.030154
vt 0.500000 1.000000
vt 0.500000 0.000000
vt 0.677755 0.969846
vt 0.677755 0.030154
vt 0.827763 0.116978
vt 0.827763 0.883022
vt 0.939102 0.250000
vt 0.939102 0.750000
vt 0.998345 0.413176
vt 0.998345 0.586824
s 0
usemtl defaultMaterial_0.003
f 1872/1099/1751 1873/1100/1751 1874/1101/1751
f 1872/1099/1751 1874/1101/1751 1875/1102/1751
f 1875/1102/1751 1874/1101/1751 1876/1103/1751
f 1875/1102/1751 1876/1103/1751 1877/1104/1751
f 1877/1104/1751 1876/1103/1751 1878/1105/1751
f 1877/1104/1751 1878/1105/1751 1879/1106/1751
f 1880/1107/1751 1881/1108/1751 1879/1106/1751
f 1880/1107/1751 1879/1106/1751 1878/1105/1751
f 1880/1107/1751 1882/1109/1751 1883/1110/1751
f 1880/1107/1751 1883/1110/1751 1881/1108/1751
f 1884/1111/1751 1883/1110/1751 1882/1109/1751
f 1884/1111/1751 1882/1109/1751 1885/1112/1751
f 1886/1113/1751 1884/1111/1751 1885/1112/1751
f 1886/1113/1751 1885/1112/1751 1887/1114/1751
f 1888/1115/1751 1886/1113/1751 1887/1114/1751
f 1888/1115/1751 1887/1114/1751 1889/1116/1751
o defaultMaterial.008
v 3.920916 6.555297 -1.873469
v 4.033919 6.555297 -1.982628
v 4.033919 6.555297 -1.982628
v 3.716366 7.774220 -2.189722
v 3.595710 7.774220 -2.092011
v 3.595710 7.774220 -2.092011
v 3.827936 6.449103 1.900268
v 3.709325 6.555297 1.788252
v -3.709840 6.555297 1.788252
v -3.831249 6.449103 1.900268
v -3.825654 5.843984 1.900268
v 3.827936 5.843984 1.900268
v -0.970317 10.709584 -3.492201
v -0.970317 10.709584 -3.492201
v 0.969802 10.709584 -3.492201
v 0.969802 10.709584 -3.492201
v 1.932411 10.223142 -3.407642
v 1.932411 10.223142 -3.407642
v -1.932927 10.223142 -3.407642
v -1.932927 10.223142 -3.407642
v -2.742625 9.565646 -3.300447
v -2.742625 9.565646 -3.300447
v 2.742110 9.565646 -3.300447
v 2.742110 9.565646 -3.300447
v -3.401073 8.663563 -3.153513
v -3.401073 8.663563 -3.153513
v 3.400555 8.663563 -3.153513
v 3.400555 8.663563 -3.153513
v 4.033919 5.843984 -2.631335
v 4.033919 5.843984 -2.631335
v -4.034434 5.843984 -2.631335
v -4.034434 5.843984 -2.631335
v -3.921431 6.555297 -1.873469
v -3.921431 6.555297 -1.873469
v -3.921431 6.555297 -1.873469
v -3.921431 6.555297 -1.873469
v -3.921117 6.555297 1.580081
v -3.921117 6.555297 1.580081
v 3.920601 6.555297 1.580081
v 3.920601 6.555297 1.580081
v 3.920916 6.555297 -1.873469
v 3.920916 6.555297 -1.873469
v 3.920916 6.555297 -1.873469
v 0.978034 10.903079 -2.612567
v 0.978034 10.903079 -2.612567
v -0.000258 11.015050 -2.634189
v -0.978550 10.903079 -2.612567
v -0.978550 10.903079 -2.612567
v 1.022564 10.909587 -3.413118
v 2.046432 10.410052 -3.323435
v 2.880675 9.836339 -2.516156
v 2.034765 10.516313 -2.626164
v 1.962607 10.414197 -2.527444
v 1.962607 10.414197 -2.527444
v 2.783947 9.749549 -2.418837
v 2.783947 9.749549 -2.418837
v 3.880199 7.777422 -2.528722
v 4.033919 6.449103 1.697874
v 4.033919 6.449103 1.697874
v 4.033919 6.449103 -1.850716
v 4.033919 6.449103 -1.850716
v 4.033919 6.449103 -1.850716
v -1.963122 10.414197 -2.527444
v -1.963122 10.414197 -2.527444
v 3.433397 8.886953 -2.354527
v 3.310838 8.853864 -2.268106
v 3.310838 8.853864 -2.268106
v -0.000258 11.025565 -3.434659
v -0.000258 11.255370 -3.134435
v 1.064811 11.139915 -3.112210
v 1.016222 11.018391 -2.715741
v -0.000258 11.134067 -2.738686
v 3.543474 8.760676 -3.019234
v 2.869577 9.707664 -3.191205
v 2.997094 9.926888 -2.868123
v 3.608241 8.914681 -2.714998
v 2.131321 10.638541 -3.024930
v -0.000258 10.820262 -3.513556
v -0.000258 10.820262 -3.513556
v 4.033919 5.843984 -1.716005
v 4.033919 5.843984 -1.716005
v 4.033919 5.843984 1.697874
v 4.033919 5.843984 1.697874
v -2.784463 9.749549 -2.418837
v -2.784463 9.749549 -2.418837
v -3.311416 8.853864 -2.268106
v -3.311416 8.853864 -2.268106
v -3.596226 7.774220 -2.092011
v -3.596226 7.774220 -2.092011
v -3.716882 7.774220 -2.189722
v -4.034434 6.555297 -1.982628
v -4.034434 6.555297 -1.982628
v -2.046947 10.410052 -3.323435
v -1.023080 10.909587 -3.413118
v -2.881191 9.836339 -2.516156
v -2.035281 10.516313 -2.626164
v -3.880715 7.777422 -2.528722
v -4.034434 6.449103 1.697874
v -4.034434 6.449103 1.697874
v -4.034434 6.449103 -1.850716
v -4.034434 6.449103 -1.850716
v -4.034434 6.449103 -1.850716
v -3.433912 8.886953 -2.354527
v -1.065327 11.139915 -3.112210
v -1.016737 11.018391 -2.715741
v -3.543989 8.760676 -3.019234
v -3.608756 8.914681 -2.714998
v -2.997609 9.926888 -2.868123
v -2.870093 9.707664 -3.191205
v -2.131836 10.638541 -3.024930
v -4.034434 5.843984 -1.716005
v -4.034434 5.843984 -1.716005
v -4.034434 5.843984 1.697874
v -4.034434 5.843984 1.697874
vn 0.4510 0.7034 0.5493
vn 0.8884 0.2967 0.3503
vn 0.7449 0.2898 0.6009
vn 0.3155 0.2372 0.9188
vn 0.3208 0.4631 0.8262
vn 0.1363 0.9134 0.3836
vn -0.1361 0.9139 0.3825
vn -0.3210 0.4631 0.8261
vn -0.3786 -0.0018 0.9256
vn 0.3786 -0.0000 0.9256
vn -0.0747 0.0750 -0.9944
vn 0.0747 0.0750 -0.9944
vn 0.1511 0.0595 -0.9867
vn -0.1510 0.0595 -0.9867
vn -0.2317 0.0483 -0.9716
vn 0.2317 0.0483 -0.9716
vn -0.3234 -0.0238 -0.9460
vn 0.3234 -0.0238 -0.9460
vn 0.8518 0.0080 -0.5239
vn -0.8517 0.0081 -0.5239
vn -0.4510 0.7035 0.5493
vn -0.2848 0.9530 0.1030
vn 0.2849 0.9529 0.1039
vn 0.4510 0.7034 0.5494
vn 0.0744 0.4191 0.9049
vn -0.0000 0.5175 0.8557
vn -0.0744 0.4192 0.9049
vn 0.0748 0.0750 -0.9944
vn 0.2017 0.5567 -0.8059
vn 0.3985 0.4705 -0.7873
vn 0.5445 0.5719 0.6136
vn 0.3870 0.7111 0.5871
vn 0.1429 0.3782 0.9146
vn 0.2009 0.3256 0.9239
vn 0.9734 0.2077 0.0969
vn 0.8222 0.4656 0.3273
vn 0.9061 0.3949 0.1517
vn 0.2849 0.9529 0.1038
vn -0.1429 0.3781 0.9147
vn 0.1429 0.3781 0.9147
vn 0.6824 0.3788 0.6252
vn 0.2637 0.2593 0.9291
vn -0.0000 0.5953 -0.8035
vn -0.0000 0.9842 -0.1769
vn 0.2782 0.9455 -0.1694
vn 0.2018 0.8016 0.5628
vn -0.0000 0.8373 0.5467
vn 0.0744 0.4192 0.9048
vn 0.7481 0.2055 -0.6310
vn 0.5733 0.3846 -0.7235
vn 0.7596 0.6439 -0.0917
vn 0.9272 0.3742 -0.0154
vn 0.5455 0.8252 -0.1464
vn -0.0000 0.1803 -0.9836
vn 1.0000 -0.0000 -0.0000
vn 0.9222 -0.0000 0.3867
vn 0.9061 0.3948 0.1518
vn 0.8518 0.0080 -0.5238
vn 0.2008 0.3256 0.9239
vn -0.2008 0.3256 0.9239
vn 0.3235 -0.0238 -0.9459
vn 0.2318 0.0483 -0.9716
vn -0.2636 0.2593 0.9291
vn 0.2636 0.2593 0.9291
vn 0.3154 0.2372 0.9188
vn -0.3155 0.2372 0.9188
vn 0.8222 0.4656 0.3274
vn 0.9222 -0.0000 0.3868
vn -0.4510 0.7034 0.5493
vn -0.7450 0.2898 0.6008
vn -0.8884 0.2967 0.3503
vn -0.1511 0.0595 -0.9867
vn -0.3985 0.4705 -0.7873
vn -0.2017 0.5567 -0.8059
vn -0.0748 0.0751 -0.9944
vn -0.5445 0.5719 0.6135
vn -0.2009 0.3256 0.9239
vn -0.1429 0.3782 0.9146
vn -0.3870 0.7111 0.5871
vn -0.9734 0.2077 0.0969
vn -0.8226 0.4654 0.3267
vn -0.4510 0.7034 0.5494
vn -0.9061 0.3949 0.1517
vn -0.6824 0.3788 0.6252
vn -0.2637 0.2593 0.9291
vn -0.2782 0.9455 -0.1694
vn -0.2018 0.8016 0.5628
vn -0.0744 0.4192 0.9048
vn -0.7481 0.2055 -0.6310
vn -0.9272 0.3742 -0.0154
vn -0.7596 0.6439 -0.0917
vn -0.5733 0.3846 -0.7235
vn -0.5455 0.8252 -0.1464
vn -1.0000 -0.0000 -0.0000
vn -0.9222 -0.0018 0.3867
vn -0.8518 0.0081 -0.5238
vn -0.2318 0.0484 -0.9716
vn -0.3235 -0.0238 -0.9459
vn -0.9061 0.3948 0.1518
vn -0.9222 -0.0018 0.3868
vt 0.560136 0.040671
vt 0.561828 0.036644
vt 0.520631 0.036644
vt 0.520631 0.045350
vt 0.424476 0.252259
vt 0.421480 0.249486
vt 0.240626 0.249486
vt 0.237624 0.252259
vt 0.237624 0.268102
vt 0.424513 0.268102
vt 0.307205 0.048435
vt 0.354900 0.048435
vt 0.379527 0.060578
vt 0.282579 0.060578
vt 0.261739 0.078439
vt 0.400366 0.078439
vt 0.247656 0.100474
vt 0.412796 0.100474
vt 0.426638 0.160101
vt 0.235468 0.160101
vt 0.235476 0.245168
vt 0.426630 0.245168
vt 0.331053 0.045350
vt 0.403967 0.000365
vt 0.369521 0.000365
vt 0.369521 0.009454
vt 0.403967 0.009454
vt 0.437215 0.036644
vt 0.403967 0.036644
vt 0.403967 0.045350
vt 0.437215 0.045350
vt 0.520631 0.022754
vt 0.706861 0.009955
vt 0.609084 0.009955
vt 0.609084 0.000365
vt 0.706861 0.000357
vt 0.477002 0.036644
vt 0.477002 0.045350
vt 0.331053 0.009454
vt 0.331053 0.022754
vt 0.369521 0.022754
vt 0.369521 0.036644
vt 0.331053 0.036644
vt 0.369521 0.045350
vt 0.477002 0.009454
vt 0.437215 0.009454
vt 0.437215 0.022754
vt 0.477002 0.022754
vt 0.403967 0.022754
vt 0.609084 0.040671
vt 0.706861 0.040671
vt 0.560136 0.045350
vt 0.566159 0.045350
vt 0.561828 0.035982
vt 0.331053 0.000365
vt 0.583302 0.000365
vt 0.477002 0.000365
vt 0.437215 0.000365
vt 0.419829 0.128926
vt 0.240625 0.128926
vt 0.566159 0.040671
vt 0.583302 0.045350
vt 0.430524 0.252309
vt 0.430524 0.268102
vt 0.101969 0.040671
vt 0.141475 0.045350
vt 0.141475 0.036644
vt 0.100278 0.036644
vt 0.258139 0.000365
vt 0.258139 0.009454
vt 0.292584 0.009454
vt 0.292584 0.000365
vt 0.224891 0.036644
vt 0.224891 0.045350
vt 0.258139 0.045350
vt 0.258139 0.036644
vt 0.141475 0.022754
vt 0.681079 0.009955
vt 0.681079 0.000357
vt 0.583302 0.009955
vt 0.185104 0.036644
vt 0.185104 0.045350
vt 0.292584 0.022754
vt 0.292584 0.036644
vt 0.292584 0.045350
vt 0.185104 0.009454
vt 0.185104 0.022754
vt 0.224891 0.022754
vt 0.224891 0.009454
vt 0.258139 0.022754
vt 0.583302 0.040671
vt 0.681079 0.040671
vt 0.100278 0.035982
vt 0.095946 0.045350
vt 0.101969 0.045350
vt 0.078804 0.000365
vt 0.224891 0.000365
vt 0.185104 0.000365
vt 0.078804 0.045350
vt 0.095946 0.040671
vt 0.231582 0.252309
vt 0.231582 0.268102
s 1
usemtl defaultMaterial.003
f 1890/1117/1752 1891/1118/1753 1893/1119/1754
f 1890/1117/1752 1893/1119/1754 1894/1120/1755
f 1896/1121/1756 1897/1122/1757 1898/1123/1758
f 1896/1121/1756 1898/1123/1758 1899/1124/1759
f 1900/1125/1760 1901/1126/1761 1896/1121/1756
f 1900/1125/1760 1896/1121/1756 1899/1124/1759
f 1902/1127/1762 1904/1128/1763 1906/1129/1764
f 1902/1127/1762 1906/1129/1764 1908/1130/1765
f 1910/1131/1766 1908/1130/1765 1906/1129/1764
f 1910/1131/1766 1906/1129/1764 1912/1132/1767
f 1914/1133/1768 1916/1134/1769 1918/1135/1770
f 1914/1133/1768 1918/1135/1770 1920/1136/1771
f 1922/1136/1772 1926/1137/1773 1928/1138/1774
f 1922/1136/1772 1928/1138/1774 1930/1135/1775
f 1933/1128/1776 1935/1139/1777 1936/1127/1778
f 1907/1140/1764 1905/1141/1779 1938/1142/1780
f 1907/1140/1764 1938/1142/1780 1939/1143/1781
f 1940/1144/1782 1941/1145/1783 1942/1146/1784
f 1940/1144/1782 1942/1146/1784 1944/1147/1785
f 1891/1118/1753 1946/1148/1786 1893/1119/1754
f 1947/1149/1787 1949/1150/1788 1931/1151/1775
f 1947/1149/1787 1931/1151/1775 1929/1152/1789
f 1912/1132/1767 1916/1134/1769 1914/1133/1768
f 1912/1132/1767 1914/1133/1768 1910/1131/1766
f 1952/1130/1790 1943/1129/1791 1933/1128/1776
f 1952/1130/1790 1933/1128/1776 1936/1127/1778
f 1954/1153/1792 1940/1144/1782 1944/1147/1785
f 1954/1153/1792 1944/1147/1785 1955/1154/1793
f 1957/1155/1794 1958/1156/1795 1959/1157/1796
f 1957/1155/1794 1959/1157/1796 1938/1142/1780
f 1960/1158/1797 1961/1159/1798 1935/1139/1777
f 1960/1158/1797 1935/1139/1777 1934/1160/1799
f 1962/1161/1800 1963/1162/1801 1964/1163/1802
f 1962/1161/1800 1964/1163/1802 1965/1164/1803
f 1939/1143/1781 1966/1165/1804 1964/1163/1802
f 1939/1143/1781 1964/1163/1802 1963/1162/1801
f 1941/1145/1783 1960/1158/1797 1934/1160/1799
f 1941/1145/1783 1934/1160/1799 1942/1146/1784
f 1902/1127/1762 1967/1139/1805 1904/1128/1763
f 1969/1166/1806 1949/1150/1788 1947/1149/1787
f 1969/1166/1806 1947/1149/1787 1971/1167/1807
f 1932/1168/1752 1950/1169/1808 1892/1170/1753
f 1957/1155/1794 1938/1142/1780 1905/1141/1779
f 1957/1155/1794 1905/1141/1779 1968/1171/1805
f 1919/1172/1809 1962/1161/1800 1965/1164/1803
f 1919/1172/1809 1965/1164/1803 1946/1148/1786
f 1941/1145/1783 1966/1165/1804 1959/1157/1796
f 1941/1145/1783 1959/1157/1796 1960/1158/1797
f 1946/1148/1786 1891/1118/1753 1919/1172/1809
f 1945/1132/1810 1943/1129/1791 1952/1130/1790
f 1945/1132/1810 1952/1130/1790 1973/1131/1811
f 1966/1165/1804 1941/1145/1783 1940/1144/1782
f 1966/1165/1804 1940/1144/1782 1964/1163/1802
f 1939/1143/1781 1938/1142/1780 1959/1157/1796
f 1939/1143/1781 1959/1157/1796 1966/1165/1804
f 1962/1161/1800 1917/1173/1812 1913/1174/1813
f 1962/1161/1800 1913/1174/1813 1963/1162/1801
f 1954/1153/1792 1965/1164/1803 1964/1163/1802
f 1954/1153/1792 1964/1163/1802 1940/1144/1782
f 1919/1172/1809 1917/1173/1812 1962/1161/1800
f 1961/1159/1798 1960/1158/1797 1959/1157/1796
f 1961/1159/1798 1959/1157/1796 1958/1156/1795
f 1973/1131/1811 1975/1133/1814 1956/1134/1815
f 1973/1131/1811 1956/1134/1815 1945/1132/1810
f 1930/1135/1775 1895/1175/1816 1977/1176/1817
f 1930/1135/1775 1977/1176/1817 1922/1136/1772
f 1891/1118/1753 1951/1177/1808 1970/1178/1806
f 1891/1118/1753 1970/1178/1806 1919/1172/1809
f 1939/1143/1781 1963/1162/1801 1913/1174/1813
f 1939/1143/1781 1913/1174/1813 1907/1140/1764
f 1954/1153/1792 1955/1154/1793 1894/1120/1755
f 1954/1153/1792 1894/1120/1755 1893/1119/1754
f 1965/1164/1803 1954/1153/1792 1893/1119/1754
f 1965/1164/1803 1893/1119/1754 1946/1148/1786
f 1956/1134/1815 1975/1133/1814 1977/1176/1817
f 1956/1134/1815 1977/1176/1817 1895/1175/1816
f 1948/1179/1818 1928/1138/1774 1897/1122/1757
f 1948/1179/1818 1897/1122/1757 1896/1121/1756
f 1972/1180/1819 1948/1179/1818 1896/1121/1756
f 1972/1180/1819 1896/1121/1756 1901/1126/1761
f 1923/1181/1820 1978/1182/1817 1979/1183/1821
f 1923/1181/1820 1979/1183/1821 1980/1184/1822
f 1909/1185/1823 1982/1186/1824 1983/1187/1825
f 1909/1185/1823 1983/1187/1825 1903/1188/1826
f 1984/1189/1827 1974/1190/1828 1953/1191/1829
f 1984/1189/1827 1953/1191/1829 1985/1192/1830
f 1979/1183/1821 1986/1193/1831 1980/1184/1822
f 1987/1194/1832 1927/1195/1773 1924/1172/1833
f 1987/1194/1832 1924/1172/1833 1989/1196/1834
f 1992/1197/1835 1976/1198/1836 1974/1190/1828
f 1992/1197/1835 1974/1190/1828 1984/1189/1827
f 1957/1155/1794 1983/1187/1825 1993/1199/1837
f 1957/1155/1794 1993/1199/1837 1958/1156/1795
f 1994/1200/1838 1937/1201/1839 1935/1139/1777
f 1994/1200/1838 1935/1139/1777 1961/1159/1798
f 1995/1202/1840 1996/1203/1841 1997/1204/1842
f 1995/1202/1840 1997/1204/1842 1998/1205/1843
f 1982/1186/1824 1998/1205/1843 1997/1204/1842
f 1982/1186/1824 1997/1204/1842 1999/1206/1844
f 1985/1192/1830 1953/1191/1829 1937/1201/1839
f 1985/1192/1830 1937/1201/1839 1994/1200/1838
f 2000/1207/1845 2002/1208/1846 1987/1194/1832
f 2000/1207/1845 1987/1194/1832 1989/1196/1834
f 1981/1209/1822 1990/1210/1834 1925/1211/1820
f 1957/1155/1794 1968/1171/1805 1903/1188/1826
f 1957/1155/1794 1903/1188/1826 1983/1187/1825
f 1921/1212/1847 1986/1193/1831 1996/1203/1841
f 1921/1212/1847 1996/1203/1841 1995/1202/1840
f 1985/1192/1830 1994/1200/1838 1993/1199/1837
f 1985/1192/1830 1993/1199/1837 1999/1206/1844
f 1921/1212/1847 1980/1184/1822 1986/1193/1831
f 1999/1206/1844 1997/1204/1842 1984/1189/1827
f 1999/1206/1844 1984/1189/1827 1985/1192/1830
f 1982/1186/1824 1999/1206/1844 1993/1199/1837
f 1982/1186/1824 1993/1199/1837 1983/1187/1825
f 1995/1202/1840 1998/1205/1843 1911/1213/1848
f 1995/1202/1840 1911/1213/1848 1915/1214/1849
f 1992/1197/1835 1984/1189/1827 1997/1204/1842
f 1992/1197/1835 1997/1204/1842 1996/1203/1841
f 1995/1202/1840 1915/1214/1849 1921/1212/1847
f 1961/1159/1798 1958/1156/1795 1993/1199/1837
f 1961/1159/1798 1993/1199/1837 1994/1200/1838
f 1980/1184/1822 1921/1212/1847 2001/1215/1845
f 1980/1184/1822 2001/1215/1845 1991/1216/1850
f 1982/1186/1824 1909/1185/1823 1911/1213/1848
f 1982/1186/1824 1911/1213/1848 1998/1205/1843
f 1992/1197/1835 1979/1183/1821 1978/1182/1817
f 1992/1197/1835 1978/1182/1817 1976/1198/1836
f 1996/1203/1841 1986/1193/1831 1979/1183/1821
f 1996/1203/1841 1979/1183/1821 1992/1197/1835
f 1988/1217/1832 1899/1124/1759 1898/1123/1758
f 1988/1217/1832 1898/1123/1758 1926/1137/1773
f 2003/1218/1851 1900/1125/1760 1899/1124/1759
f 2003/1218/1851 1899/1124/1759 1988/1217/1832
f 1898/1123/1758 1897/1122/1757 1928/1138/1774
f 1898/1123/1758 1928/1138/1774 1926/1137/1773
o defaultMaterial.009
v -0.121238 7.970043 4.905126
v -0.246049 8.126351 5.102841
v -0.246049 9.444850 3.461789
v -0.121238 9.248987 3.370296
v -0.121238 9.248987 3.370296
v -0.121238 8.280588 5.304285
v -0.121238 9.640713 3.553282
v 0.128383 7.970043 4.905126
v -0.121238 7.970043 4.905126
v 0.128383 9.248987 3.370296
v 0.253194 8.124731 5.107214
v 0.253194 8.124731 5.107214
v 0.253194 9.444850 3.461789
v 0.253194 9.444850 3.461789
v 0.128383 8.279523 5.307158
v 0.128383 9.640713 3.553282
vn -0.5097 -0.6626 -0.5488
vn -1.0000 0.0027 -0.0038
vn -0.5107 0.6777 0.5291
vn 0.5103 -0.6624 -0.5485
vn 1.0000 0.0035 -0.0033
vn 0.5089 0.6786 0.5296
vn 1.0000 0.0034 -0.0033
vt 0.464967 0.210205
vt 0.455986 0.210205
vt 0.455986 0.291348
vt 0.464967 0.291348
vt 0.446833 0.210205
vt 0.446833 0.291348
vt 0.437193 0.210205
vt 0.437193 0.291348
s 1
usemtl defaultMaterial.003
f 2004/1219/1852 2005/1220/1853 2006/1221/1853
f 2004/1219/1852 2006/1221/1853 2007/1222/1852
f 2005/1220/1853 2009/1223/1854 2010/1224/1854
f 2005/1220/1853 2010/1224/1854 2006/1221/1853
f 2011/1223/1855 2012/1225/1852 2008/1226/1852
f 2011/1223/1855 2008/1226/1852 2013/1224/1855
f 2014/1225/1856 2011/1223/1855 2013/1224/1855
f 2014/1225/1856 2013/1224/1855 2016/1226/1856
f 2009/1223/1854 2018/1220/1857 2019/1221/1857
f 2009/1223/1854 2019/1221/1857 2010/1224/1854
f 2018/1220/1857 2015/1219/1856 2017/1222/1858
f 2018/1220/1857 2017/1222/1858 2019/1221/1857
o defaultMaterial.010
v 6.169621 2.213250 5.054161
v 6.169621 2.326169 5.249739
v 5.055267 2.326169 5.249739
v 5.055267 2.213250 5.054161
v 6.169621 2.552003 5.249739
v 5.055267 2.552003 5.249739
v 6.169621 2.664920 5.054161
v 6.169621 2.552003 4.858582
v 5.055267 2.552003 4.858582
v 5.055267 2.664920 5.054161
v 6.169621 2.326169 4.858582
v 5.055267 2.326169 4.858582
v 4.625028 3.203736 4.897587
v 4.625028 3.384343 4.897587
v 4.888838 3.309635 4.875589
v 4.759573 3.148987 4.875589
v 4.625028 3.113433 5.054161
v 4.675217 3.067138 5.054161
v 4.625028 3.474646 5.054161
v 4.625028 3.384343 5.210735
v 4.888838 3.309635 5.232733
v 4.953471 3.389959 5.054161
v 4.625028 3.203736 5.210735
v 4.759573 3.148987 5.232733
v 4.743422 2.330215 5.054161
v 4.819242 2.413890 5.249739
v 4.772670 2.615106 5.232733
v 4.681672 2.566644 5.054161
v 4.970880 2.581244 5.249739
v 4.954667 2.712030 5.232733
v 5.046700 2.664920 5.054161
v 4.970880 2.581244 4.858582
v 4.954667 2.712030 4.875589
v 5.045665 2.760493 5.054161
v 4.819242 2.413890 4.858582
v 4.772670 2.615106 4.875589
v 4.768867 3.066881 4.875589
v 4.960308 3.143481 4.875589
v 4.673146 3.028581 5.054161
v 5.056028 3.181781 5.054161
v 4.960308 3.143481 5.232733
v 4.768867 3.066881 5.232733
v 3.979356 3.211215 5.207007
v 3.979356 3.123062 5.054161
v 3.979356 3.387522 5.207007
v 3.979356 3.211215 4.901315
v 3.979356 3.475675 5.054161
v 3.979356 3.387522 4.901315
vn -0.0000 -1.0000 -0.0000
vn -0.0000 -0.5000 0.8660
vn -0.0897 -0.4922 0.8659
vn -0.1793 -0.9838 -0.0000
vn -0.0000 0.5000 0.8660
vn 0.0769 0.4962 0.8648
vn -0.0000 1.0000 -0.0000
vn -0.0000 0.5000 -0.8660
vn 0.0769 0.4962 -0.8648
vn 0.1531 0.9882 -0.0000
vn -0.0000 -0.5000 -0.8660
vn -0.0897 -0.4922 -0.8658
vn -0.1689 -0.4574 -0.8731
vn 0.0318 0.5089 -0.8602
vn 0.2729 0.3780 -0.8847
vn -0.4282 -0.2231 -0.8757
vn -0.2840 -0.9588 -0.0000
vn -0.8627 -0.5058 -0.0000
vn 0.1232 0.9924 -0.0000
vn 0.0318 0.5090 0.8602
vn 0.2728 0.3780 0.8847
vn 0.6357 0.7720 -0.0000
vn -0.1689 -0.4573 0.8731
vn -0.4282 -0.2231 0.8757
vn -0.7548 -0.6559 -0.0000
vn -0.3761 -0.2817 0.8827
vn -0.5298 -0.0350 0.8474
vn -0.9930 -0.1184 -0.0000
vn 0.3334 0.3152 0.8885
vn 0.5093 0.0514 0.8590
vn 0.7764 0.6303 -0.0000
vn 0.3334 0.3152 -0.8885
vn 0.5093 0.0514 -0.8590
vn 0.9989 0.0471 -0.0000
vn -0.3761 -0.2817 -0.8827
vn -0.5298 -0.0350 -0.8474
vn -0.5169 -0.0190 -0.8558
vn 0.4942 0.1037 -0.8632
vn -0.9993 -0.0366 -0.0000
vn 0.9787 0.2053 -0.0000
vn 0.4942 0.1037 0.8632
vn -0.5169 -0.0190 0.8558
vn -0.0108 -0.5002 0.8659
vn -0.0149 -0.9999 -0.0000
vn -0.0025 0.5003 0.8659
vn -0.0108 -0.5001 -0.8659
vn 0.0016 1.0000 -0.0000
vn -0.0025 0.5002 -0.8659
vt 0.772067 0.117864
vt 0.754547 0.117864
vt 0.754547 0.080177
vt 0.772067 0.080177
vt 0.733967 0.117864
vt 0.733967 0.080177
vt 0.716182 0.117864
vt 0.716182 0.080177
vt 0.754547 0.036192
vt 0.733967 0.036192
vt 0.733967 0.051567
vt 0.754547 0.051575
vt 0.772067 0.036192
vt 0.772067 0.051578
vt 0.716182 0.036192
vt 0.716182 0.051564
vt 0.772067 0.077028
vt 0.754547 0.077028
vt 0.754547 0.066819
vt 0.772067 0.066819
vt 0.733967 0.077028
vt 0.733967 0.066819
vt 0.716182 0.077028
vt 0.716182 0.066819
vt 0.754547 0.054859
vt 0.733967 0.054851
vt 0.772067 0.054862
vt 0.716182 0.054848
s 1
usemtl defaultMaterial.003
f 2020/1227/1859 2021/1228/1860 2022/1229/1861
f 2020/1227/1859 2022/1229/1861 2023/1230/1862
f 2021/1228/1860 2024/1231/1863 2025/1232/1864
f 2021/1228/1860 2025/1232/1864 2022/1229/1861
f 2026/1233/1865 2027/1231/1866 2028/1232/1867
f 2026/1233/1865 2028/1232/1867 2029/1234/1868
f 2024/1231/1863 2026/1233/1865 2029/1234/1868
f 2024/1231/1863 2029/1234/1868 2025/1232/1864
f 2030/1228/1869 2020/1227/1859 2023/1230/1862
f 2030/1228/1869 2023/1230/1862 2031/1229/1870
f 2027/1231/1866 2030/1228/1869 2031/1229/1870
f 2027/1231/1866 2031/1229/1870 2028/1232/1867
f 2032/1235/1871 2033/1236/1872 2034/1237/1873
f 2032/1235/1871 2034/1237/1873 2035/1238/1874
f 2036/1239/1875 2032/1235/1871 2035/1238/1874
f 2036/1239/1875 2035/1238/1874 2037/1240/1876
f 2038/1241/1877 2039/1236/1878 2040/1237/1879
f 2038/1241/1877 2040/1237/1879 2041/1242/1880
f 2033/1236/1872 2038/1241/1877 2041/1242/1880
f 2033/1236/1872 2041/1242/1880 2034/1237/1873
f 2039/1236/1878 2042/1235/1881 2043/1238/1882
f 2039/1236/1878 2043/1238/1882 2040/1237/1879
f 2042/1235/1881 2036/1239/1875 2037/1240/1876
f 2042/1235/1881 2037/1240/1876 2043/1238/1882
f 2044/1243/1883 2045/1244/1884 2046/1245/1885
f 2044/1243/1883 2046/1245/1885 2047/1246/1886
f 2045/1244/1884 2048/1247/1887 2049/1248/1888
f 2045/1244/1884 2049/1248/1888 2046/1245/1885
f 2050/1249/1889 2051/1247/1890 2052/1248/1891
f 2050/1249/1889 2052/1248/1891 2053/1250/1892
f 2048/1247/1887 2050/1249/1889 2053/1250/1892
f 2048/1247/1887 2053/1250/1892 2049/1248/1888
f 2054/1244/1893 2044/1243/1883 2047/1246/1886
f 2054/1244/1893 2047/1246/1886 2055/1245/1894
f 2051/1247/1890 2054/1244/1893 2055/1245/1894
f 2051/1247/1890 2055/1245/1894 2052/1248/1891
f 2052/1248/1891 2055/1245/1894 2056/1251/1895
f 2052/1248/1891 2056/1251/1895 2057/1252/1896
f 2058/1253/1897 2056/1251/1895 2055/1245/1894
f 2058/1253/1897 2055/1245/1894 2047/1246/1886
f 2049/1248/1888 2053/1250/1892 2059/1254/1898
f 2049/1248/1888 2059/1254/1898 2060/1252/1899
f 2053/1250/1892 2052/1248/1891 2057/1252/1896
f 2053/1250/1892 2057/1252/1896 2059/1254/1898
f 2046/1245/1885 2049/1248/1888 2060/1252/1899
f 2046/1245/1885 2060/1252/1899 2061/1251/1900
f 2047/1246/1886 2046/1245/1885 2061/1251/1900
f 2047/1246/1886 2061/1251/1900 2058/1253/1897
f 2045/1244/1884 2044/1243/1883 2023/1230/1862
f 2045/1244/1884 2023/1230/1862 2022/1229/1861
f 2048/1247/1887 2045/1244/1884 2022/1229/1861
f 2048/1247/1887 2022/1229/1861 2025/1232/1864
f 2044/1243/1883 2054/1244/1893 2031/1229/1870
f 2044/1243/1883 2031/1229/1870 2023/1230/1862
f 2051/1247/1890 2050/1249/1889 2029/1234/1868
f 2051/1247/1890 2029/1234/1868 2028/1232/1867
f 2054/1244/1893 2051/1247/1890 2028/1232/1867
f 2054/1244/1893 2028/1232/1867 2031/1229/1870
f 2050/1249/1889 2048/1247/1887 2025/1232/1864
f 2050/1249/1889 2025/1232/1864 2029/1234/1868
f 2058/1253/1897 2061/1251/1900 2043/1238/1882
f 2058/1253/1897 2043/1238/1882 2037/1240/1876
f 2061/1251/1900 2060/1252/1899 2040/1237/1879
f 2061/1251/1900 2040/1237/1879 2043/1238/1882
f 2059/1254/1898 2057/1252/1896 2034/1237/1873
f 2059/1254/1898 2034/1237/1873 2041/1242/1880
f 2060/1252/1899 2059/1254/1898 2041/1242/1880
f 2060/1252/1899 2041/1242/1880 2040/1237/1879
f 2056/1251/1895 2058/1253/1897 2037/1240/1876
f 2056/1251/1895 2037/1240/1876 2035/1238/1874
f 2057/1252/1896 2056/1251/1895 2035/1238/1874
f 2057/1252/1896 2035/1238/1874 2034/1237/1873
f 2036/1239/1875 2042/1235/1881 2062/1235/1901
f 2036/1239/1875 2062/1235/1901 2063/1239/1902
f 2042/1235/1881 2039/1236/1878 2064/1236/1903
f 2042/1235/1881 2064/1236/1903 2062/1235/1901
f 2032/1235/1871 2036/1239/1875 2063/1239/1902
f 2032/1235/1871 2063/1239/1902 2065/1235/1904
f 2039/1236/1878 2038/1241/1877 2066/1241/1905
f 2039/1236/1878 2066/1241/1905 2064/1236/1903
f 2033/1236/1872 2032/1235/1871 2065/1235/1904
f 2033/1236/1872 2065/1235/1904 2067/1236/1906
f 2038/1241/1877 2033/1236/1872 2067/1236/1906
f 2038/1241/1877 2067/1236/1906 2066/1241/1905
o defaultMaterial.011
v 4.625028 3.474646 -3.374311
v 3.979356 3.475675 -3.374311
v 3.979356 3.387522 -3.221465
v 4.625028 3.384343 -3.217737
v 3.979356 3.211215 -3.221465
v 4.625028 3.203736 -3.217737
v 4.625028 3.384343 -3.530885
v 3.979356 3.387522 -3.527157
v 3.979356 3.123062 -3.374311
v 4.625028 3.113433 -3.374311
v 4.625028 3.203736 -3.530885
v 3.979356 3.211215 -3.527157
v 4.960308 3.143481 -3.195740
v 4.888838 3.309635 -3.195740
v 4.759573 3.148987 -3.195740
v 4.768867 3.066881 -3.195740
v 4.675217 3.067138 -3.374311
v 4.673146 3.028581 -3.374311
v 4.960308 3.143481 -3.552883
v 4.888838 3.309635 -3.552883
v 4.953471 3.389959 -3.374311
v 5.056028 3.181781 -3.374311
v 4.768867 3.066881 -3.552883
v 4.759573 3.148987 -3.552883
v 5.046700 2.664920 -3.374311
v 5.055267 2.664920 -3.374311
v 5.055267 2.552003 -3.569889
v 4.970880 2.581244 -3.569889
v 4.819242 2.413890 -3.178733
v 5.055267 2.326169 -3.178733
v 5.055267 2.552003 -3.178733
v 4.970880 2.581244 -3.178733
v 4.743422 2.330215 -3.374311
v 5.055267 2.213250 -3.374311
v 5.055267 2.326169 -3.569889
v 4.819242 2.413890 -3.569889
v 4.681672 2.566644 -3.374311
v 4.772670 2.615106 -3.552883
v 4.954667 2.712030 -3.552883
v 5.045665 2.760493 -3.374311
v 4.954667 2.712030 -3.195740
v 4.772670 2.615106 -3.195740
v 6.169621 2.552003 -3.178733
v 6.169621 2.326169 -3.178733
v 6.169621 2.213250 -3.374311
v 6.169621 2.552003 -3.569889
v 6.169621 2.664920 -3.374311
v 6.169621 2.326169 -3.569889
vn 0.1232 0.9924 -0.0000
vn 0.0016 1.0000 -0.0000
vn -0.0025 0.5002 0.8659
vn 0.0319 0.5090 0.8602
vn -0.0108 -0.5001 0.8659
vn -0.1689 -0.4574 0.8731
vn 0.0318 0.5090 -0.8602
vn -0.0025 0.5003 -0.8659
vn -0.0149 -0.9999 -0.0000
vn -0.2840 -0.9588 -0.0000
vn -0.1689 -0.4573 -0.8731
vn -0.0108 -0.5002 -0.8659
vn 0.4942 0.1037 0.8632
vn 0.2729 0.3780 0.8847
vn -0.4282 -0.2231 0.8757
vn -0.5169 -0.0190 0.8558
vn -0.8626 -0.5058 -0.0000
vn -0.9993 -0.0366 -0.0000
vn 0.4942 0.1037 -0.8632
vn 0.2728 0.3780 -0.8847
vn 0.6357 0.7719 -0.0000
vn 0.9787 0.2053 -0.0000
vn -0.5169 -0.0190 -0.8558
vn -0.4282 -0.2231 -0.8757
vn 0.7764 0.6303 -0.0000
vn 0.1531 0.9882 -0.0000
vn 0.0769 0.4962 -0.8648
vn 0.3334 0.3152 -0.8885
vn -0.3761 -0.2817 0.8827
vn -0.0897 -0.4922 0.8658
vn 0.0769 0.4962 0.8648
vn 0.3334 0.3152 0.8885
vn -0.7548 -0.6559 -0.0000
vn -0.1793 -0.9838 -0.0000
vn -0.0897 -0.4922 -0.8659
vn -0.3761 -0.2817 -0.8827
vn -0.9930 -0.1184 -0.0000
vn -0.5298 -0.0350 -0.8474
vn 0.5093 0.0514 -0.8590
vn 0.9989 0.0471 -0.0000
vn 0.5093 0.0514 0.8590
vn -0.5298 -0.0350 0.8474
vn -0.0000 0.5000 0.8660
vn -0.0000 -0.5000 0.8660
vn -0.0000 -1.0000 -0.0000
vn -0.0000 0.5000 -0.8660
vn -0.0000 1.0000 -0.0000
vn -0.0000 -0.5000 -0.8660
vt 0.716182 0.036192
vt 0.733967 0.036192
vt 0.754547 0.036192
vt 0.772067 0.036192
vt 0.733967 0.054851
vt 0.733967 0.051567
vt 0.754547 0.051575
vt 0.754547 0.054859
vt 0.772067 0.051578
vt 0.772067 0.054862
vt 0.716182 0.051564
vt 0.716182 0.054848
vt 0.716182 0.077028
vt 0.716182 0.080177
vt 0.733967 0.080177
vt 0.733967 0.077028
vt 0.754547 0.077028
vt 0.754547 0.080177
vt 0.772067 0.077028
vt 0.772067 0.080177
vt 0.772067 0.066819
vt 0.754547 0.066819
vt 0.733967 0.066819
vt 0.716182 0.066819
vt 0.733967 0.117864
vt 0.754547 0.117864
vt 0.772067 0.117864
vt 0.716182 0.117864
s 1
usemtl defaultMaterial.003
f 2068/1255/1907 2069/1255/1908 2070/1256/1909
f 2068/1255/1907 2070/1256/1909 2071/1256/1910
f 2071/1256/1910 2070/1256/1909 2072/1257/1911
f 2071/1256/1910 2072/1257/1911 2073/1257/1912
f 2074/1256/1913 2075/1256/1914 2069/1255/1908
f 2074/1256/1913 2069/1255/1908 2068/1255/1907
f 2073/1257/1912 2072/1257/1911 2076/1258/1915
f 2073/1257/1912 2076/1258/1915 2077/1258/1916
f 2078/1257/1917 2079/1257/1918 2075/1256/1914
f 2078/1257/1917 2075/1256/1914 2074/1256/1913
f 2077/1258/1916 2076/1258/1915 2079/1257/1918
f 2077/1258/1916 2079/1257/1918 2078/1257/1917
f 2080/1259/1919 2081/1260/1920 2082/1261/1921
f 2080/1259/1919 2082/1261/1921 2083/1262/1922
f 2083/1262/1922 2082/1261/1921 2084/1263/1923
f 2083/1262/1922 2084/1263/1923 2085/1264/1924
f 2086/1259/1925 2087/1260/1926 2088/1265/1927
f 2086/1259/1925 2088/1265/1927 2089/1266/1928
f 2089/1266/1928 2088/1265/1927 2081/1260/1920
f 2089/1266/1928 2081/1260/1920 2080/1259/1919
f 2090/1262/1929 2091/1261/1930 2087/1260/1926
f 2090/1262/1929 2087/1260/1926 2086/1259/1925
f 2085/1264/1924 2084/1263/1923 2091/1261/1930
f 2085/1264/1924 2091/1261/1930 2090/1262/1929
f 2092/1267/1931 2093/1268/1932 2094/1269/1933
f 2092/1267/1931 2094/1269/1933 2095/1270/1934
f 2096/1271/1935 2097/1272/1936 2098/1269/1937
f 2096/1271/1935 2098/1269/1937 2099/1270/1938
f 2099/1270/1938 2098/1269/1937 2093/1268/1932
f 2099/1270/1938 2093/1268/1932 2092/1267/1931
f 2100/1273/1939 2101/1274/1940 2097/1272/1936
f 2100/1273/1939 2097/1272/1936 2096/1271/1935
f 2095/1270/1934 2094/1269/1933 2102/1272/1941
f 2095/1270/1934 2102/1272/1941 2103/1271/1942
f 2103/1271/1942 2102/1272/1941 2101/1274/1940
f 2103/1271/1942 2101/1274/1940 2100/1273/1939
f 2104/1275/1943 2085/1264/1924 2090/1262/1929
f 2104/1275/1943 2090/1262/1929 2105/1276/1944
f 2105/1276/1944 2090/1262/1929 2086/1259/1925
f 2105/1276/1944 2086/1259/1925 2106/1277/1945
f 2107/1278/1946 2089/1266/1928 2080/1259/1919
f 2107/1278/1946 2080/1259/1919 2108/1277/1947
f 2106/1277/1945 2086/1259/1925 2089/1266/1928
f 2106/1277/1945 2089/1266/1928 2107/1278/1946
f 2085/1264/1924 2104/1275/1943 2109/1276/1948
f 2085/1264/1924 2109/1276/1948 2083/1262/1922
f 2108/1277/1947 2080/1259/1919 2083/1262/1922
f 2108/1277/1947 2083/1262/1922 2109/1276/1948
f 2099/1270/1938 2108/1277/1947 2109/1276/1948
f 2099/1270/1938 2109/1276/1948 2096/1271/1935
f 2096/1271/1935 2109/1276/1948 2104/1275/1943
f 2096/1271/1935 2104/1275/1943 2100/1273/1939
f 2095/1270/1934 2106/1277/1945 2107/1278/1946
f 2095/1270/1934 2107/1278/1946 2092/1267/1931
f 2092/1267/1931 2107/1278/1946 2108/1277/1947
f 2092/1267/1931 2108/1277/1947 2099/1270/1938
f 2103/1271/1942 2105/1276/1944 2106/1277/1945
f 2103/1271/1942 2106/1277/1945 2095/1270/1934
f 2100/1273/1939 2104/1275/1943 2105/1276/1944
f 2100/1273/1939 2105/1276/1944 2103/1271/1942
f 2078/1257/1917 2091/1261/1930 2084/1263/1923
f 2078/1257/1917 2084/1263/1923 2077/1258/1916
f 2074/1256/1913 2087/1260/1926 2091/1261/1930
f 2074/1256/1913 2091/1261/1930 2078/1257/1917
f 2071/1256/1910 2081/1260/1920 2088/1265/1927
f 2071/1256/1910 2088/1265/1927 2068/1255/1907
f 2068/1255/1907 2088/1265/1927 2087/1260/1926
f 2068/1255/1907 2087/1260/1926 2074/1256/1913
f 2077/1258/1916 2084/1263/1923 2082/1261/1921
f 2077/1258/1916 2082/1261/1921 2073/1257/1912
f 2073/1257/1912 2082/1261/1921 2081/1260/1920
f 2073/1257/1912 2081/1260/1920 2071/1256/1910
f 2110/1279/1949 2098/1269/1937 2097/1272/1936
f 2110/1279/1949 2097/1272/1936 2111/1280/1950
f 2111/1280/1950 2097/1272/1936 2101/1274/1940
f 2111/1280/1950 2101/1274/1940 2112/1281/1951
f 2113/1279/1952 2094/1269/1933 2093/1268/1932
f 2113/1279/1952 2093/1268/1932 2114/1282/1953
f 2114/1282/1953 2093/1268/1932 2098/1269/1937
f 2114/1282/1953 2098/1269/1937 2110/1279/1949
f 2115/1280/1954 2102/1272/1941 2094/1269/1933
f 2115/1280/1954 2094/1269/1933 2113/1279/1952
f 2112/1281/1951 2101/1274/1940 2102/1272/1941
f 2112/1281/1951 2102/1272/1941 2115/1280/1954
o defaultMaterial.012
v -4.625028 3.474646 5.054161
v -3.979356 3.475675 5.054161
v -3.979356 3.387522 4.901315
v -4.625028 3.384343 4.897587
v -3.979356 3.211215 4.901315
v -4.625028 3.203736 4.897587
v -4.625028 3.384343 5.210735
v -3.979356 3.387522 5.207007
v -3.979356 3.123062 5.054161
v -4.625028 3.113433 5.054161
v -4.625028 3.203736 5.210735
v -3.979356 3.211215 5.207007
v -4.960308 3.143481 4.875589
v -4.888838 3.309635 4.875589
v -4.759573 3.148987 4.875589
v -4.768867 3.066881 4.875589
v -4.675217 3.067138 5.054161
v -4.673146 3.028581 5.054161
v -4.960308 3.143481 5.232733
v -4.888838 3.309635 5.232733
v -4.953471 3.389959 5.054161
v -5.056028 3.181781 5.054161
v -4.768867 3.066881 5.232733
v -4.759573 3.148987 5.232733
v -5.046700 2.664920 5.054161
v -5.055267 2.664920 5.054161
v -5.055267 2.552003 5.249739
v -4.970880 2.581244 5.249739
v -4.819242 2.413890 4.858582
v -5.055267 2.326169 4.858582
v -5.055267 2.552003 4.858582
v -4.970880 2.581244 4.858582
v -4.743422 2.330215 5.054161
v -5.055267 2.213250 5.054161
v -5.055267 2.326169 5.249739
v -4.819242 2.413890 5.249739
v -4.681672 2.566644 5.054161
v -4.772670 2.615106 5.232733
v -4.954667 2.712030 5.232733
v -5.045665 2.760493 5.054161
v -4.954667 2.712030 4.875589
v -4.772670 2.615106 4.875589
v -6.169621 2.552003 4.858582
v -6.169621 2.326169 4.858582
v -6.169621 2.213250 5.054161
v -6.169621 2.552003 5.249739
v -6.169621 2.664920 5.054161
v -6.169621 2.326169 5.249739
vn -0.1232 0.9924 -0.0000
vn -0.0016 1.0000 -0.0000
vn 0.0025 0.5002 -0.8659
vn -0.0318 0.5089 -0.8602
vn 0.0108 -0.5001 -0.8659
vn 0.1689 -0.4574 -0.8731
vn -0.0318 0.5090 0.8602
vn 0.0025 0.5003 0.8659
vn 0.0149 -0.9999 -0.0000
vn 0.2840 -0.9588 -0.0000
vn 0.1689 -0.4573 0.8731
vn 0.0108 -0.5002 0.8659
vn -0.4942 0.1037 -0.8632
vn -0.2729 0.3780 -0.8847
vn 0.4282 -0.2231 -0.8757
vn 0.5169 -0.0190 -0.8558
vn 0.8626 -0.5058 -0.0000
vn 0.9993 -0.0366 -0.0000
vn -0.4942 0.1037 0.8632
vn -0.2728 0.3780 0.8847
vn -0.6357 0.7720 -0.0000
vn -0.9787 0.2053 -0.0000
vn 0.5169 -0.0190 0.8558
vn 0.4282 -0.2231 0.8757
vn -0.7764 0.6303 -0.0000
vn -0.1531 0.9882 -0.0000
vn -0.0769 0.4962 0.8648
vn -0.3334 0.3152 0.8885
vn 0.3761 -0.2817 -0.8827
vn 0.0897 -0.4922 -0.8658
vn -0.0769 0.4962 -0.8648
vn -0.3334 0.3152 -0.8885
vn 0.7548 -0.6559 -0.0000
vn 0.1793 -0.9838 -0.0000
vn 0.0897 -0.4922 0.8659
vn 0.3761 -0.2817 0.8827
vn 0.9930 -0.1184 -0.0000
vn 0.5298 -0.0350 0.8474
vn -0.5093 0.0514 0.8590
vn -0.9989 0.0471 -0.0000
vn -0.5093 0.0514 -0.8590
vn 0.5298 -0.0350 -0.8474
vn -0.0000 0.5000 -0.8660
vn -0.0000 -0.5000 -0.8660
vn -0.0000 -1.0000 -0.0000
vn -0.0000 0.5000 0.8660
vn -0.0000 1.0000 -0.0000
vn -0.0000 -0.5000 0.8660
vt 0.716182 0.036192
vt 0.733967 0.036192
vt 0.754547 0.036192
vt 0.772067 0.036192
vt 0.733967 0.054851
vt 0.733967 0.051567
vt 0.754547 0.051575
vt 0.754547 0.054859
vt 0.772067 0.051578
vt 0.772067 0.054862
vt 0.716182 0.051564
vt 0.716182 0.054848
vt 0.716182 0.077028
vt 0.716182 0.080177
vt 0.733967 0.080177
vt 0.733967 0.077028
vt 0.754547 0.077028
vt 0.754547 0.080177
vt 0.772067 0.077028
vt 0.772067 0.080177
vt 0.772067 0.066819
vt 0.754547 0.066819
vt 0.733967 0.066819
vt 0.716182 0.066819
vt 0.733967 0.117864
vt 0.754547 0.117864
vt 0.772067 0.117864
vt 0.716182 0.117864
s 1
usemtl defaultMaterial.003
f 2116/1283/1955 2117/1283/1956 2118/1284/1957
f 2116/1283/1955 2118/1284/1957 2119/1284/1958
f 2119/1284/1958 2118/1284/1957 2120/1285/1959
f 2119/1284/1958 2120/1285/1959 2121/1285/1960
f 2122/1284/1961 2123/1284/1962 2117/1283/1956
f 2122/1284/1961 2117/1283/1956 2116/1283/1955
f 2121/1285/1960 2120/1285/1959 2124/1286/1963
f 2121/1285/1960 2124/1286/1963 2125/1286/1964
f 2126/1285/1965 2127/1285/1966 2123/1284/1962
f 2126/1285/1965 2123/1284/1962 2122/1284/1961
f 2125/1286/1964 2124/1286/1963 2127/1285/1966
f 2125/1286/1964 2127/1285/1966 2126/1285/1965
f 2128/1287/1967 2129/1288/1968 2130/1289/1969
f 2128/1287/1967 2130/1289/1969 2131/1290/1970
f 2131/1290/1970 2130/1289/1969 2132/1291/1971
f 2131/1290/1970 2132/1291/1971 2133/1292/1972
f 2134/1287/1973 2135/1288/1974 2136/1293/1975
f 2134/1287/1973 2136/1293/1975 2137/1294/1976
f 2137/1294/1976 2136/1293/1975 2129/1288/1968
f 2137/1294/1976 2129/1288/1968 2128/1287/1967
f 2138/1290/1977 2139/1289/1978 2135/1288/1974
f 2138/1290/1977 2135/1288/1974 2134/1287/1973
f 2133/1292/1972 2132/1291/1971 2139/1289/1978
f 2133/1292/1972 2139/1289/1978 2138/1290/1977
f 2140/1295/1979 2141/1296/1980 2142/1297/1981
f 2140/1295/1979 2142/1297/1981 2143/1298/1982
f 2144/1299/1983 2145/1300/1984 2146/1297/1985
f 2144/1299/1983 2146/1297/1985 2147/1298/1986
f 2147/1298/1986 2146/1297/1985 2141/1296/1980
f 2147/1298/1986 2141/1296/1980 2140/1295/1979
f 2148/1301/1987 2149/1302/1988 2145/1300/1984
f 2148/1301/1987 2145/1300/1984 2144/1299/1983
f 2143/1298/1982 2142/1297/1981 2150/1300/1989
f 2143/1298/1982 2150/1300/1989 2151/1299/1990
f 2151/1299/1990 2150/1300/1989 2149/1302/1988
f 2151/1299/1990 2149/1302/1988 2148/1301/1987
f 2152/1303/1991 2133/1292/1972 2138/1290/1977
f 2152/1303/1991 2138/1290/1977 2153/1304/1992
f 2153/1304/1992 2138/1290/1977 2134/1287/1973
f 2153/1304/1992 2134/1287/1973 2154/1305/1993
f 2155/1306/1994 2137/1294/1976 2128/1287/1967
f 2155/1306/1994 2128/1287/1967 2156/1305/1995
f 2154/1305/1993 2134/1287/1973 2137/1294/1976
f 2154/1305/1993 2137/1294/1976 2155/1306/1994
f 2133/1292/1972 2152/1303/1991 2157/1304/1996
f 2133/1292/1972 2157/1304/1996 2131/1290/1970
f 2156/1305/1995 2128/1287/1967 2131/1290/1970
f 2156/1305/1995 2131/1290/1970 2157/1304/1996
f 2147/1298/1986 2156/1305/1995 2157/1304/1996
f 2147/1298/1986 2157/1304/1996 2144/1299/1983
f 2144/1299/1983 2157/1304/1996 2152/1303/1991
f 2144/1299/1983 2152/1303/1991 2148/1301/1987
f 2143/1298/1982 2154/1305/1993 2155/1306/1994
f 2143/1298/1982 2155/1306/1994 2140/1295/1979
f 2140/1295/1979 2155/1306/1994 2156/1305/1995
f 2140/1295/1979 2156/1305/1995 2147/1298/1986
f 2151/1299/1990 2153/1304/1992 2154/1305/1993
f 2151/1299/1990 2154/1305/1993 2143/1298/1982
f 2148/1301/1987 2152/1303/1991 2153/1304/1992
f 2148/1301/1987 2153/1304/1992 2151/1299/1990
f 2126/1285/1965 2139/1289/1978 2132/1291/1971
f 2126/1285/1965 2132/1291/1971 2125/1286/1964
f 2122/1284/1961 2135/1288/1974 2139/1289/1978
f 2122/1284/1961 2139/1289/1978 2126/1285/1965
f 2119/1284/1958 2129/1288/1968 2136/1293/1975
f 2119/1284/1958 2136/1293/1975 2116/1283/1955
f 2116/1283/1955 2136/1293/1975 2135/1288/1974
f 2116/1283/1955 2135/1288/1974 2122/1284/1961
f 2125/1286/1964 2132/1291/1971 2130/1289/1969
f 2125/1286/1964 2130/1289/1969 2121/1285/1960
f 2121/1285/1960 2130/1289/1969 2129/1288/1968
f 2121/1285/1960 2129/1288/1968 2119/1284/1958
f 2158/1307/1997 2146/1297/1985 2145/1300/1984
f 2158/1307/1997 2145/1300/1984 2159/1308/1998
f 2159/1308/1998 2145/1300/1984 2149/1302/1988
f 2159/1308/1998 2149/1302/1988 2160/1309/1999
f 2161/1307/2000 2142/1297/1981 2141/1296/1980
f 2161/1307/2000 2141/1296/1980 2162/1310/2001
f 2162/1310/2001 2141/1296/1980 2146/1297/1985
f 2162/1310/2001 2146/1297/1985 2158/1307/1997
f 2163/1308/2002 2150/1300/1989 2142/1297/1981
f 2163/1308/2002 2142/1297/1981 2161/1307/2000
f 2160/1309/1999 2149/1302/1988 2150/1300/1989
f 2160/1309/1999 2150/1300/1989 2163/1308/2002
o defaultMaterial.013
v -6.169621 2.213250 -3.374311
v -6.169621 2.326169 -3.569889
v -5.055267 2.326169 -3.569889
v -5.055267 2.213250 -3.374311
v -6.169621 2.552003 -3.569889
v -5.055267 2.552003 -3.569889
v -6.169621 2.664920 -3.374311
v -6.169621 2.552003 -3.178733
v -5.055267 2.552003 -3.178733
v -5.055267 2.664920 -3.374311
v -6.169621 2.326169 -3.178733
v -5.055267 2.326169 -3.178733
v -4.625028 3.203736 -3.217737
v -4.625028 3.384343 -3.217737
v -4.888838 3.309635 -3.195740
v -4.759573 3.148987 -3.195740
v -4.625028 3.113433 -3.374311
v -4.675217 3.067138 -3.374311
v -4.625028 3.474646 -3.374311
v -4.625028 3.384343 -3.530885
v -4.888838 3.309635 -3.552883
v -4.953471 3.389959 -3.374311
v -4.625028 3.203736 -3.530885
v -4.759573 3.148987 -3.552883
v -4.743422 2.330215 -3.374311
v -4.819242 2.413890 -3.569889
v -4.772670 2.615106 -3.552883
v -4.681672 2.566644 -3.374311
v -4.970880 2.581244 -3.569889
v -4.954667 2.712030 -3.552883
v -5.046700 2.664920 -3.374311
v -4.970880 2.581244 -3.178733
v -4.954667 2.712030 -3.195740
v -5.045665 2.760493 -3.374311
v -4.819242 2.413890 -3.178733
v -4.772670 2.615106 -3.195740
v -4.768867 3.066881 -3.195740
v -4.960308 3.143481 -3.195740
v -4.673146 3.028581 -3.374311
v -5.056028 3.181781 -3.374311
v -4.960308 3.143481 -3.552883
v -4.768867 3.066881 -3.552883
v -3.979356 3.211215 -3.527157
v -3.979356 3.123062 -3.374311
v -3.979356 3.387522 -3.527157
v -3.979356 3.211215 -3.221465
v -3.979356 3.475675 -3.374311
v -3.979356 3.387522 -3.221465
vn -0.0000 -1.0000 -0.0000
vn -0.0000 -0.5000 -0.8660
vn 0.0897 -0.4922 -0.8659
vn 0.1793 -0.9838 -0.0000
vn -0.0000 0.5000 -0.8660
vn -0.0769 0.4962 -0.8648
vn -0.0000 1.0000 -0.0000
vn -0.0000 0.5000 0.8660
vn -0.0769 0.4962 0.8648
vn -0.1531 0.9882 -0.0000
vn -0.0000 -0.5000 0.8660
vn 0.0897 -0.4922 0.8658
vn 0.1689 -0.4574 0.8731
vn -0.0319 0.5090 0.8602
vn -0.2729 0.3780 0.8847
vn 0.4282 -0.2231 0.8757
vn 0.2840 -0.9588 -0.0000
vn 0.8626 -0.5058 -0.0000
vn -0.1232 0.9924 -0.0000
vn -0.0318 0.5090 -0.8602
vn -0.2728 0.3780 -0.8847
vn -0.6357 0.7720 -0.0000
vn 0.1689 -0.4573 -0.8731
vn 0.4282 -0.2231 -0.8757
vn 0.7548 -0.6559 -0.0000
vn 0.3761 -0.2817 -0.8827
vn 0.5298 -0.0350 -0.8474
vn 0.9930 -0.1184 -0.0000
vn -0.3334 0.3152 -0.8885
vn -0.5093 0.0514 -0.8590
vn -0.7764 0.6303 -0.0000
vn -0.3334 0.3152 0.8885
vn -0.5093 0.0514 0.8590
vn -0.9989 0.0471 -0.0000
vn 0.3761 -0.2817 0.8827
vn 0.5298 -0.0350 0.8474
vn 0.5169 -0.0190 0.8558
vn -0.4942 0.1037 0.8632
vn 0.9993 -0.0366 -0.0000
vn -0.9787 0.2053 -0.0000
vn -0.4942 0.1037 -0.8632
vn 0.5169 -0.0190 -0.8558
vn 0.0108 -0.5002 -0.8659
vn 0.0149 -0.9999 -0.0000
vn 0.0025 0.5003 -0.8659
vn 0.0108 -0.5001 0.8659
vn -0.0016 1.0000 -0.0000
vn 0.0025 0.5002 0.8659
vt 0.772067 0.117864
vt 0.754547 0.117864
vt 0.754547 0.080177
vt 0.772067 0.080177
vt 0.733967 0.117864
vt 0.733967 0.080177
vt 0.716182 0.117864
vt 0.716182 0.080177
vt 0.754547 0.036192
vt 0.733967 0.036192
vt 0.733967 0.051567
vt 0.754547 0.051575
vt 0.772067 0.036192
vt 0.772067 0.051578
vt 0.716182 0.036192
vt 0.716182 0.051564
vt 0.772067 0.077028
vt 0.754547 0.077028
vt 0.754547 0.066819
vt 0.772067 0.066819
vt 0.733967 0.077028
vt 0.733967 0.066819
vt 0.716182 0.077028
vt 0.716182 0.066819
vt 0.754547 0.054859
vt 0.733967 0.054851
vt 0.772067 0.054862
vt 0.716182 0.054848
s 1
usemtl defaultMaterial.003
f 2164/1311/2003 2165/1312/2004 2166/1313/2005
f 2164/1311/2003 2166/1313/2005 2167/1314/2006
f 2165/1312/2004 2168/1315/2007 2169/1316/2008
f 2165/1312/2004 2169/1316/2008 2166/1313/2005
f 2170/1317/2009 2171/1315/2010 2172/1316/2011
f 2170/1317/2009 2172/1316/2011 2173/1318/2012
f 2168/1315/2007 2170/1317/2009 2173/1318/2012
f 2168/1315/2007 2173/1318/2012 2169/1316/2008
f 2174/1312/2013 2164/1311/2003 2167/1314/2006
f 2174/1312/2013 2167/1314/2006 2175/1313/2014
f 2171/1315/2010 2174/1312/2013 2175/1313/2014
f 2171/1315/2010 2175/1313/2014 2172/1316/2011
f 2176/1319/2015 2177/1320/2016 2178/1321/2017
f 2176/1319/2015 2178/1321/2017 2179/1322/2018
f 2180/1323/2019 2176/1319/2015 2179/1322/2018
f 2180/1323/2019 2179/1322/2018 2181/1324/2020
f 2182/1325/2021 2183/1320/2022 2184/1321/2023
f 2182/1325/2021 2184/1321/2023 2185/1326/2024
f 2177/1320/2016 2182/1325/2021 2185/1326/2024
f 2177/1320/2016 2185/1326/2024 2178/1321/2017
f 2183/1320/2022 2186/1319/2025 2187/1322/2026
f 2183/1320/2022 2187/1322/2026 2184/1321/2023
f 2186/1319/2025 2180/1323/2019 2181/1324/2020
f 2186/1319/2025 2181/1324/2020 2187/1322/2026
f 2188/1327/2027 2189/1328/2028 2190/1329/2029
f 2188/1327/2027 2190/1329/2029 2191/1330/2030
f 2189/1328/2028 2192/1331/2031 2193/1332/2032
f 2189/1328/2028 2193/1332/2032 2190/1329/2029
f 2194/1333/2033 2195/1331/2034 2196/1332/2035
f 2194/1333/2033 2196/1332/2035 2197/1334/2036
f 2192/1331/2031 2194/1333/2033 2197/1334/2036
f 2192/1331/2031 2197/1334/2036 2193/1332/2032
f 2198/1328/2037 2188/1327/2027 2191/1330/2030
f 2198/1328/2037 2191/1330/2030 2199/1329/2038
f 2195/1331/2034 2198/1328/2037 2199/1329/2038
f 2195/1331/2034 2199/1329/2038 2196/1332/2035
f 2196/1332/2035 2199/1329/2038 2200/1335/2039
f 2196/1332/2035 2200/1335/2039 2201/1336/2040
f 2202/1337/2041 2200/1335/2039 2199/1329/2038
f 2202/1337/2041 2199/1329/2038 2191/1330/2030
f 2193/1332/2032 2197/1334/2036 2203/1338/2042
f 2193/1332/2032 2203/1338/2042 2204/1336/2043
f 2197/1334/2036 2196/1332/2035 2201/1336/2040
f 2197/1334/2036 2201/1336/2040 2203/1338/2042
f 2190/1329/2029 2193/1332/2032 2204/1336/2043
f 2190/1329/2029 2204/1336/2043 2205/1335/2044
f 2191/1330/2030 2190/1329/2029 2205/1335/2044
f 2191/1330/2030 2205/1335/2044 2202/1337/2041
f 2189/1328/2028 2188/1327/2027 2167/1314/2006
f 2189/1328/2028 2167/1314/2006 2166/1313/2005
f 2192/1331/2031 2189/1328/2028 2166/1313/2005
f 2192/1331/2031 2166/1313/2005 2169/1316/2008
f 2188/1327/2027 2198/1328/2037 2175/1313/2014
f 2188/1327/2027 2175/1313/2014 2167/1314/2006
f 2195/1331/2034 2194/1333/2033 2173/1318/2012
f 2195/1331/2034 2173/1318/2012 2172/1316/2011
f 2198/1328/2037 2195/1331/2034 2172/1316/2011
f 2198/1328/2037 2172/1316/2011 2175/1313/2014
f 2194/1333/2033 2192/1331/2031 2169/1316/2008
f 2194/1333/2033 2169/1316/2008 2173/1318/2012
f 2202/1337/2041 2205/1335/2044 2187/1322/2026
f 2202/1337/2041 2187/1322/2026 2181/1324/2020
f 2205/1335/2044 2204/1336/2043 2184/1321/2023
f 2205/1335/2044 2184/1321/2023 2187/1322/2026
f 2203/1338/2042 2201/1336/2040 2178/1321/2017
f 2203/1338/2042 2178/1321/2017 2185/1326/2024
f 2204/1336/2043 2203/1338/2042 2185/1326/2024
f 2204/1336/2043 2185/1326/2024 2184/1321/2023
f 2200/1335/2039 2202/1337/2041 2181/1324/2020
f 2200/1335/2039 2181/1324/2020 2179/1322/2018
f 2201/1336/2040 2200/1335/2039 2179/1322/2018
f 2201/1336/2040 2179/1322/2018 2178/1321/2017
f 2180/1323/2019 2186/1319/2025 2206/1319/2045
f 2180/1323/2019 2206/1319/2045 2207/1323/2046
f 2186/1319/2025 2183/1320/2022 2208/1320/2047
f 2186/1319/2025 2208/1320/2047 2206/1319/2045
f 2176/1319/2015 2180/1323/2019 2207/1323/2046
f 2176/1319/2015 2207/1323/2046 2209/1319/2048
f 2183/1320/2022 2182/1325/2021 2210/1325/2049
f 2183/1320/2022 2210/1325/2049 2208/1320/2047
f 2177/1320/2016 2176/1319/2015 2209/1319/2048
f 2177/1320/2016 2209/1319/2048 2211/1320/2050
f 2182/1325/2021 2177/1320/2016 2211/1320/2050
f 2182/1325/2021 2211/1320/2050 2210/1325/2049
