# Blender 5.1.2
# www.blender.org
mtllib Untitled.mtl
o defaultMaterial
v 6.254649 3.706694 -9.108536
v 4.420865 1.860444 -7.523775
v 4.482021 2.281108 -6.997281
v 4.253103 1.832675 -7.486549
v 0.086401 3.190709 -6.882900
v 0.086401 3.190709 -6.882900
v 0.000000 3.736839 -6.218753
v 4.287022 1.702908 -7.507327
v 4.253103 1.832675 -7.486549
v 4.420865 1.860444 -7.523775
v 4.453640 1.735049 -7.543878
v 4.453640 1.735049 -7.543878
v 4.773439 1.006842 -7.196305
v 4.287022 1.702908 -7.507327
v 4.773439 1.006842 -7.196305
v 6.254649 3.706694 -9.108536
v 4.482021 2.281108 -6.997281
v 0.000000 2.430137 -6.416430
v 0.086399 3.053006 -6.900249
v 0.086399 3.053006 -6.900249
v 6.269169 3.671120 -9.118396
v 6.254649 3.706694 -9.108536
v 6.269169 3.671120 -9.118396
v 0.000000 3.736839 -6.218753
v 0.000000 2.430137 -6.416430
v 6.269169 3.671120 -9.118396
v 0.086399 3.053006 -6.900249
v 0.086399 3.053006 -6.900249
v 0.086401 3.190709 -6.882900
v 0.086401 3.190709 -6.882900
v -4.482021 2.281108 -6.997281
v -4.420865 1.860444 -7.523775
v -6.254649 3.706694 -9.108536
v -0.086401 3.190709 -6.882900
v -4.253103 1.832675 -7.486549
v -4.453640 1.735049 -7.543878
v -4.420865 1.860444 -7.523775
v -4.253103 1.832675 -7.486549
v -4.287022 1.702908 -7.507327
v -4.287022 1.702908 -7.507327
v -4.773439 1.006842 -7.196305
v -4.453640 1.735049 -7.543878
v -4.482021 2.281108 -6.997281
v -6.254649 3.706694 -9.108536
v -4.773439 1.006842 -7.196305
v -0.086399 3.053006 -6.900249
v -0.086401 3.190709 -6.882900
v -0.086399 3.053006 -6.900249
v -6.269169 3.671120 -9.118396
v -6.269169 3.671120 -9.118396
v -6.254649 3.706694 -9.108536
v -6.269169 3.671120 -9.118396
vn -0.7951 0.5155 -0.3195
vn -0.5564 0.6795 -0.4782
vn -0.3371 0.7459 -0.5745
vn -0.0616 0.7713 -0.6335
vn 0.0684 0.7590 -0.6475
vn -0.0000 0.7569 -0.6536
vn -0.1664 0.1116 -0.9797
vn -0.4422 0.0279 -0.8965
vn -0.1549 -0.4801 -0.8634
vn -0.2015 -0.5076 -0.8377
vn -0.1991 -0.5146 -0.8340
vn 0.5587 0.0097 0.8293
vn 0.7282 0.0824 0.6804
vn 0.4638 -0.0385 0.8851
vn -0.0000 -0.5933 -0.8050
vn -0.1478 -0.5919 -0.7924
vn 0.7139 0.0993 0.6932
vn -0.6296 -0.0405 -0.7758
vn -0.6296 -0.0406 -0.7759
vn -0.0000 -0.1382 0.9904
vn -0.2061 -0.4938 -0.8448
vn -0.0508 0.1265 -0.9907
vn -0.0508 0.1266 -0.9907
vn 0.3371 0.7459 -0.5745
vn 0.5564 0.6795 -0.4782
vn 0.7951 0.5155 -0.3195
vn -0.0684 0.7590 -0.6475
vn 0.0616 0.7713 -0.6335
vn 0.4422 0.0279 -0.8965
vn 0.1664 0.1116 -0.9797
vn 0.1665 0.1117 -0.9797
vn 0.1991 -0.5146 -0.8340
vn 0.2015 -0.5076 -0.8377
vn 0.1549 -0.4801 -0.8634
vn -0.4638 -0.0385 0.8851
vn -0.7282 0.0824 0.6804
vn -0.5587 0.0097 0.8293
vn 0.0508 0.1266 -0.9907
vn 0.0507 0.1265 -0.9907
vn 0.1478 -0.5919 -0.7924
vn -0.0000 -0.5932 -0.8050
vn -0.7139 0.0993 0.6932
vn 0.6296 -0.0406 -0.7758
vn 0.6296 -0.0406 -0.7759
vn -0.1477 -0.5919 -0.7924
vn 0.2061 -0.4938 -0.8448
vt 0.128258 0.955585
vt 0.213449 0.950739
vt 0.214149 0.918648
vt 0.219752 0.950579
vt 0.423051 0.950478
vt 0.430170 0.918281
vt 0.219722 0.961090
vt 0.213453 0.960929
vt 0.213921 0.993006
vt 0.481875 0.919082
vt 0.446017 0.956504
vt 0.481951 0.993926
vt 0.430347 0.993400
vt 0.423471 0.961203
vt 0.473899 0.918959
vt 0.128221 0.956091
vt 0.639485 0.994278
vt 0.639616 0.918730
vt 0.430582 0.950478
vt 0.431003 0.961203
s 1
usemtl defaultMaterial.002
f 1/1/1 2/2/2 3/3/3
f 3/3/3 4/4/4 5/5/5
f 3/3/3 5/5/5 7/6/6
f 8/7/7 9/4/7 10/2/8
f 8/7/7 10/2/8 11/8/8
f 12/8/9 13/9/10 14/7/11
f 15/10/12 16/11/13 17/12/14
f 14/7/11 13/9/10 18/13/15
f 14/7/11 18/13/15 19/14/16
f 21/15/17 16/11/13 15/10/12
f 10/2/8 22/1/18 23/16/19
f 10/2/8 23/16/19 11/8/8
f 4/4/4 3/3/3 2/2/2
f 17/12/14 24/17/20 25/18/20
f 17/12/14 25/18/20 15/10/12
f 13/9/10 12/8/9 26/16/21
f 8/7/7 27/14/22 29/5/23
f 8/7/7 29/5/23 9/4/7
f 31/3/24 32/2/25 33/1/26
f 7/6/6 34/5/27 35/4/28
f 7/6/6 35/4/28 31/3/24
f 36/8/29 37/2/29 38/4/30
f 36/8/29 38/4/30 39/7/31
f 40/7/32 41/9/33 42/8/34
f 34/5/27 7/6/6 6/19/5
f 43/12/35 44/11/36 45/10/37
f 30/19/22 28/20/22 46/14/38
f 30/19/22 46/14/38 47/5/39
f 48/14/40 18/13/41 41/9/33
f 48/14/40 41/9/33 40/7/32
f 45/10/37 44/11/36 49/15/42
f 36/8/29 50/16/43 51/1/44
f 36/8/29 51/1/44 37/2/29
f 32/2/25 31/3/24 35/4/28
f 20/20/45 18/13/41 48/14/40
f 45/10/37 25/18/20 24/17/20
f 45/10/37 24/17/20 43/12/35
f 52/16/46 42/8/34 41/9/33
f 38/4/30 47/5/39 46/14/38
f 38/4/30 46/14/38 39/7/31
o defaultMaterial.001
v -0.090447 4.945806 7.881311
v -0.180894 5.088141 7.948168
v -0.180894 7.096697 3.764413
v -0.090447 6.954761 3.698111
v -0.090447 5.230598 8.013958
v -0.090447 7.238633 3.830716
v 0.090447 4.945806 7.881311
v 0.090447 6.954761 3.698111
v 0.180894 5.088141 7.948168
v 0.180894 7.096697 3.764413
v 0.090447 5.230598 8.013958
v 0.090447 7.238633 3.830716
vn -0.5003 -0.7805 -0.3748
vn -1.0000 0.0003 -0.0000
vn -1.0000 0.0002 0.0001
vn -0.5004 -0.7805 -0.3748
vn -0.5002 0.7806 0.3747
vn -0.5001 0.7807 0.3748
vn 0.5003 -0.7805 -0.3748
vn 0.5004 -0.7805 -0.3748
vn 1.0000 0.0002 0.0001
vn 1.0000 0.0003 0.0001
vn 0.5002 0.7806 0.3747
vn 0.5000 0.7807 0.3748
vt 0.718992 0.078295
vt 0.718992 0.074808
vt 0.650077 0.074808
vt 0.650077 0.078295
vt 0.718992 0.071254
vt 0.650077 0.071254
vt 0.718992 0.082037
vt 0.650077 0.082037
s 1
usemtl defaultMaterial.002
f 53/21/47 54/22/48 55/23/49
f 53/21/47 55/23/49 56/24/50
f 54/22/48 57/25/51 58/26/52
f 54/22/48 58/26/52 55/23/49
f 59/27/53 53/21/47 56/24/50
f 59/27/53 56/24/50 60/28/54
f 61/21/55 59/27/53 60/28/54
f 61/21/55 60/28/54 62/24/56
f 57/25/51 63/22/57 64/23/58
f 57/25/51 64/23/58 58/26/52
f 63/22/57 61/21/55 62/24/56
f 63/22/57 62/24/56 64/23/58
o defaultMaterial.002
v 3.001884 3.184810 6.895423
v 3.259513 6.138610 5.872508
v 1.939838 6.138610 5.872508
v 1.628157 3.186087 7.063463
v 3.360393 3.762040 4.612131
v 1.828932 3.762040 4.612131
v 1.939838 6.138610 5.872508
v 3.259513 6.138610 5.872508
v 3.001884 3.184810 6.895423
v 3.360393 3.762040 4.612131
v 3.259513 6.138610 5.872508
v 1.828932 3.762040 4.612131
v 1.628157 3.186087 7.063463
v 1.939838 6.138610 5.872508
v -3.001884 3.184810 6.895423
v -1.628157 3.186087 7.063463
v -1.939838 6.138610 5.872508
v -3.259513 6.138610 5.872508
v -3.360393 3.762040 4.612131
v -3.259513 6.138610 5.872508
v -1.939838 6.138610 5.872508
v -1.828932 3.762040 4.612131
v -3.259513 6.138610 5.872508
v -3.360393 3.762040 4.612131
v -3.001884 3.184810 6.895423
v -1.939838 6.138610 5.872508
v -1.628157 3.186087 7.063463
v -1.828932 3.762040 4.612131
vn 0.0586 0.3454 0.9366
vn -0.0000 0.4685 -0.8835
vn 0.9886 -0.0356 0.1462
vn -0.9948 0.0797 -0.0628
vn -0.0586 0.3454 0.9366
vn -0.9886 -0.0356 0.1462
vn 0.9948 0.0797 -0.0628
vt 0.846748 0.225420
vt 0.823197 0.162992
vt 0.849108 0.162992
vt 0.871474 0.225420
vt 0.799323 0.225420
vt 0.825490 0.225420
vt 0.799558 0.162992
s 1
usemtl defaultMaterial.002
f 65/29/59 66/30/59 67/31/59
f 65/29/59 67/31/59 68/32/59
s 0
f 69/33/60 70/34/60 71/30/60
f 69/33/60 71/30/60 72/35/60
f 73/29/61 74/34/61 75/30/61
f 76/34/62 77/29/62 78/30/62
s 1
f 79/29/63 80/32/63 81/31/63
f 79/29/63 81/31/63 82/30/63
s 0
f 83/33/60 84/35/60 85/30/60
f 83/33/60 85/30/60 86/34/60
f 87/30/64 88/34/64 89/29/64
f 90/30/65 91/29/65 92/34/65
o defaultMaterial.003
v 3.186205 2.881709 8.858438
v 0.000000 3.396825 7.902557
v 3.039068 2.535886 8.860662
v 1.882520 1.702388 8.944428
v 0.000000 1.702388 8.944428
v 2.032042 5.182564 10.543930
v 0.000000 5.379294 10.473925
v 4.699947 3.762177 4.330113
v 3.107419 3.184810 6.653620
v 3.221435 4.554318 7.772728
v 4.244563 5.423172 5.115169
v 3.507100 7.227046 5.597294
v 3.597774 6.969398 5.576141
v 2.575422 7.007572 5.338205
v 2.642655 7.276532 5.378047
v 3.209468 3.038108 8.911463
v 2.785576 4.066156 9.679591
v 1.309279 5.223772 11.347893
v 2.963009 4.157165 9.612332
v 2.171766 5.331953 10.493721
v 2.032042 5.182564 10.543930
v 2.785576 4.066156 9.679591
v 0.000000 1.870358 -6.279003
v 0.000000 1.870358 -5.968087
v 1.794691 1.870358 -5.968083
v 0.000000 4.698750 7.773205
v 2.575422 7.007572 5.338205
v 3.597774 6.969398 5.576141
v 0.000000 1.870358 -1.503068
v 1.704246 1.870358 -1.503068
v 0.000000 7.234427 11.677743
v 0.942108 7.170755 11.071116
v 0.000000 7.700986 11.429806
v 3.410839 3.007575 8.795006
v 4.108089 3.174309 7.532570
v 3.620793 4.460598 8.368428
v 2.963009 4.157165 9.612332
v 1.229986 7.021020 5.203712
v 2.229413 1.117726 4.993043
v 2.167256 1.151918 5.923404
v 0.000000 1.219689 5.923404
v 0.000000 1.117726 4.993043
v 2.154256 7.605295 8.975955
v 2.478939 7.363693 8.642305
v 2.173682 8.353649 8.275196
v 2.557266 8.953807 6.585433
v 3.753317 9.008571 6.476450
v 3.621392 9.487099 5.322875
v 0.000000 0.988511 -4.460302
v 2.267217 1.191780 -4.456177
v 2.203883 1.165339 -2.022331
v 0.000000 1.045640 -2.033791
v 0.000000 8.700073 10.553128
v 1.217311 8.310681 9.969880
v 1.235410 9.254094 8.735271
v 0.000000 9.678652 9.239632
v 0.000000 3.762177 -1.357876
v 0.000000 3.762177 0.511306
v 2.232866 3.762177 -1.316359
v 3.772589 7.171388 5.716179
v 3.549291 6.667679 6.784506
v 4.332374 5.057290 6.175098
v 4.511922 5.369453 5.220243
v 1.148063 10.190783 7.030179
v 0.000000 10.720403 7.163176
v 3.509418 1.778746 -4.456177
v 3.195190 1.778746 -4.456177
v 3.188816 2.246654 -5.359838
v 3.509418 2.246654 -5.359838
v 4.952640 3.629743 4.401077
v 4.699947 3.762177 4.330113
v 4.927756 3.727970 4.447329
v 2.267217 1.441354 -5.974633
v 0.000000 1.441354 -6.287878
v 3.689837 4.814838 -5.372889
v 3.689837 2.360499 -5.288115
v 3.689837 2.846583 -5.650847
v 3.689837 4.291677 -5.737466
v 4.628368 3.343258 6.457215
v 4.137548 4.749067 7.132405
v 3.689837 1.778746 -4.456177
v 2.762753 1.370135 -4.465800
v 3.195190 1.778746 -4.456177
v 3.240027 1.539440 5.769226
v 6.226792 3.614565 0.396453
v 5.915228 3.762177 0.557282
v 5.686975 3.762177 2.753377
v 5.915329 3.612416 2.890460
v 0.677628 6.063900 11.776711
v 0.000000 6.544149 12.106707
v 0.000000 6.129128 12.300877
v 3.689837 1.778746 0.388991
v 3.689837 3.613814 -1.503068
v 3.689127 3.614565 0.396453
v 3.368513 2.873504 8.744297
v 3.229494 2.518041 8.741113
v 4.093657 3.034853 7.508918
v 3.689837 5.075290 -2.961073
v 3.509418 5.193183 -2.909355
v 3.509418 3.762177 -1.502862
v 3.689837 3.613814 -1.503068
v 3.689837 5.341023 -3.741815
v 3.509418 5.468678 -3.718778
v 3.922803 8.109116 6.092721
v 3.790000 8.453118 5.479221
v 2.170246 8.562468 8.004901
v 2.519968 8.164570 7.602869
v 2.557266 8.953807 6.585433
v 2.002491 9.485981 6.768651
v 3.172746 2.857490 -5.805356
v 3.509418 2.857490 -5.805356
v 3.689837 5.341023 -4.453086
v 3.509418 5.468678 -4.456177
v 5.590539 2.821266 0.393795
v 3.689127 3.614565 0.396453
v 6.226792 3.614565 0.396453
v 2.073964 5.075290 -2.925107
v 2.073964 1.870358 -1.503063
v 2.073964 3.629077 -1.502882
v 2.335186 6.121369 9.737099
v 1.974193 6.076984 10.422966
v 2.171766 5.331953 10.493721
v 0.693593 6.007103 11.759789
v 0.964387 6.008706 11.529589
v 1.332569 6.858447 10.821969
v 1.094572 6.878196 11.046460
v 0.000000 8.189103 10.949525
v 1.023477 7.111299 11.023053
v 0.573667 5.223747 12.083608
v 0.000000 1.870358 -6.526500
v 2.054622 1.870358 -6.155743
v 3.509418 3.617849 -5.982295
v 3.166553 3.617849 -5.982295
v 3.689837 1.778746 0.388991
v 4.822678 2.072353 0.395522
v 3.689837 5.341023 -4.453086
v 3.689837 1.778746 -4.456177
v 3.687723 8.224294 7.594309
v 3.746939 7.456796 7.190875
v 3.817436 8.968112 6.453371
v 3.395759 7.339065 8.616370
v 2.765313 6.285637 9.590167
v 2.862244 6.057180 9.429816
v 3.466812 6.758254 8.238788
v 2.519968 8.164570 7.602869
v 3.614410 8.279824 7.629480
v 3.307203 7.393755 8.656840
v 2.478939 7.363693 8.642305
v 2.335186 6.121369 9.737099
v 2.678748 6.285674 9.634154
v 3.689837 1.778746 0.388991
v 3.591481 1.472812 2.890460
v 2.910751 1.320287 0.400098
v 2.229413 1.117726 4.993043
v 3.221073 1.594019 4.824491
v 3.689837 3.613814 -1.503068
v 3.509418 3.762177 -1.502862
v 3.478747 3.762177 0.563652
v 3.689127 3.614565 0.396453
v 3.689837 5.341023 -3.741815
v 4.699947 3.762177 4.330113
v 4.952640 3.629743 4.401077
v 1.976773 1.572674 8.814755
v 0.000000 1.565912 8.792961
v 0.000000 1.350729 7.784126
v 2.042941 1.350729 7.784126
v 1.704246 1.870358 -1.503068
v 1.023728 10.019186 6.838454
v 0.919046 9.377998 6.832994
v 0.000000 10.103089 7.022627
v 3.166679 4.943760 -5.420366
v 3.166549 4.348414 -5.845243
v 3.001081 4.291677 -5.737466
v 3.001219 4.814838 -5.372889
v 2.267217 1.441354 -5.974633
v 2.305901 1.781354 -4.456177
v 2.267217 1.191780 -4.456177
v 2.232866 5.468678 -3.718778
v 3.509418 5.468678 -3.718778
v 3.166815 5.468678 -4.311156
v 3.689837 5.075290 -2.961073
v 0.000000 1.870358 -1.503068
v 0.000000 3.598612 -1.502878
v 0.000000 1.441354 -6.287878
v 0.000000 1.781354 -6.638310
v 2.283743 1.781354 -6.279388
v 2.267217 1.441354 -5.974633
v 3.689837 2.846583 -5.650847
v 3.509418 2.857490 -5.805356
v 3.509418 3.617849 -5.982295
v 3.689837 3.620514 -5.858046
v 0.000000 1.102770 0.392722
v 2.216452 1.126759 0.398821
v 2.266283 1.108692 2.890460
v 0.000000 1.108692 2.890460
v 3.001356 1.778746 -4.456177
v 3.001356 5.303555 -4.456177
v 3.001219 4.814838 -5.372889
v 3.001347 2.360499 -5.288115
v 2.259834 3.762177 0.511306
v 2.575908 3.762177 4.370328
v 4.699947 3.762177 4.330113
v 3.478747 3.762177 0.563652
v 3.001081 4.291677 -5.737466
v 3.001197 2.846583 -5.650847
v 3.166549 4.348414 -5.845243
v 3.509418 4.348414 -5.845243
v 2.056703 7.715425 9.163401
v 1.665501 6.799511 10.521026
v 2.003865 6.472403 10.167595
v 2.147609 7.643345 9.018763
v 3.689837 2.360499 -5.288115
v 3.509418 2.246654 -5.359838
v 2.305901 1.781354 -4.456177
v 3.001356 1.778746 -4.456177
v 2.267217 1.191780 -4.456177
v 3.689837 3.620514 -5.858046
v 2.054622 1.870358 -6.155743
v 2.073964 1.870358 -4.282768
v 2.305901 1.781354 -4.456177
v 2.283743 1.781354 -6.279388
v 3.689837 1.778746 -2.003329
v 5.686975 3.762177 2.753377
v 3.689837 4.291677 -5.737466
v 3.509418 4.348414 -5.845243
v 3.509418 4.943760 -5.420366
v 3.689837 4.814838 -5.372889
v 0.000000 9.377998 6.832994
v 1.222443 8.761007 6.370744
v 0.000000 8.761007 6.370744
v 6.226792 3.614565 0.396453
v 5.915329 3.612416 2.890460
v 5.218362 2.670973 2.906377
v 5.590539 2.821266 0.393795
v 4.467447 1.886500 2.898064
v 4.822678 2.072353 0.395522
v 0.000000 1.870358 -6.526500
v 0.000000 1.781354 -6.638310
v 0.000000 1.117726 4.993043
v 2.232866 5.468678 -4.311156
v 2.073964 5.341105 -3.684718
v 2.073964 1.870358 -4.282768
v 2.073964 5.075290 -2.925107
v 2.232866 5.193183 -2.909355
v 2.232866 5.468678 -3.718778
v 2.073964 5.341105 -3.684718
v 3.172746 2.857490 -5.805356
v 3.188816 2.246654 -5.359838
v 3.001347 2.360499 -5.288115
v 3.001197 2.846583 -5.650847
v 2.073964 1.870358 -1.503063
v 2.073964 1.870358 -4.282768
v 3.001132 3.620514 -5.858046
v 4.027868 2.492969 4.639204
v 4.952640 3.629743 4.401077
v 4.886879 3.387052 5.373103
v 4.042893 2.397417 5.571807
v 4.952640 3.629743 4.401077
v 0.000000 5.228477 12.670172
v 2.996793 1.722499 7.735399
v 2.575347 1.854465 8.785527
v 4.874904 3.504159 5.386246
v 1.626957 6.842403 10.511377
v 2.011944 7.746181 9.170354
v 3.313172 6.228091 7.887453
v 4.595025 3.215148 6.435361
v 3.911879 2.379189 6.538576
v 3.211818 1.603589 6.684958
v 2.105098 1.237034 6.794567
v 0.000000 1.237034 6.794567
v 2.171766 5.331953 10.493721
v 2.768831 5.774457 9.168749
v 2.171766 5.331953 10.493721
v 3.665218 2.417932 7.617172
v 0.666185 5.372684 12.053022
v 1.802267 9.378473 6.617277
v 0.000000 10.425967 6.945157
v 3.621392 9.487099 5.322875
v 3.790000 8.453118 5.479221
v 3.568816 8.437844 5.368369
v 3.431767 9.300542 5.258864
v 2.557266 8.953807 6.585433
v 3.621392 9.487099 5.322875
v 3.431767 9.300542 5.258864
v 2.444886 8.766480 6.381407
v 2.002491 9.485981 6.768651
v 1.802267 9.378473 6.617277
v 1.148063 10.190783 7.030179
v 1.023728 10.019186 6.838454
v 3.772589 7.171388 5.716179
v 3.597774 6.969398 5.576141
v 3.507100 7.227046 5.597294
v 4.511922 5.369453 5.220243
v 4.244563 5.423172 5.115169
v 0.000000 3.762177 4.370328
v 0.000000 3.172283 6.997205
v 3.107419 3.184810 6.653620
v 0.000000 10.720403 7.163176
v 0.000000 10.425967 6.945157
v 2.171766 5.331953 10.493721
v 1.453003 5.362035 11.293828
v 1.309279 5.223772 11.347893
v 2.032042 5.182564 10.543930
v 0.000000 1.565912 8.792961
v 1.976773 1.572674 8.814755
v 1.882520 1.702388 8.944428
v 0.000000 1.702388 8.944428
v 0.666185 5.372684 12.053022
v 0.573667 5.223747 12.083608
v 0.000000 5.379362 12.723497
v 0.000000 5.228477 12.670172
v 2.575347 1.854465 8.785527
v 2.416023 1.921366 8.902951
v 3.229494 2.518041 8.741113
v 3.368513 2.873504 8.744297
v 3.186205 2.881709 8.858438
v 3.039068 2.535886 8.860662
v 3.410839 3.007575 8.795006
v 3.209468 3.038108 8.911463
v 2.073964 5.326169 -4.282768
v 2.232866 5.468678 -4.311156
v 2.232866 5.322045 -4.456177
v 3.001356 5.303555 -4.456177
v 2.232866 5.322045 -4.456177
v 2.232866 3.762177 -1.502862
v 3.509418 3.762177 -1.502862
v 5.915228 3.762177 0.557282
v 4.927756 3.727970 4.447329
v 3.772589 7.171388 5.716179
v 3.549291 6.667679 6.784506
v 2.768831 5.774457 9.168749
v 3.313172 6.228091 7.887453
v 3.772589 7.171388 5.716179
v 3.507100 7.227046 5.597294
v 3.431767 9.300542 5.258864
v 3.568816 8.437844 5.368369
v 2.444886 8.766480 6.381407
v 0.000000 7.158477 11.686767
v 1.023477 7.111299 11.023053
v 4.027868 2.492969 4.639204
v 3.221073 1.594019 4.824491
v 2.416023 1.921366 8.902951
v 3.166679 4.943760 -5.420366
v 3.166815 5.468678 -4.456177
v 3.509418 5.468678 -4.456177
v 3.509418 4.943760 -5.420366
v 1.968840 6.132532 10.450828
v 2.232866 5.193183 -2.909355
v 2.232866 3.762177 -1.502862
v 3.509418 3.762177 -1.502862
v 3.509418 5.193183 -2.909355
v 3.689837 1.778746 -4.456177
v 2.232866 3.762177 -1.316359
v 2.232866 3.762177 -1.502862
v 2.073964 3.629077 -1.502882
v 3.001132 3.620514 -5.858046
v 3.166553 3.617849 -5.982295
v 3.001356 5.303555 -4.456177
v 3.166815 5.468678 -4.311156
v 3.166815 5.468678 -4.456177
v 2.232866 5.322045 -4.456177
v 2.305901 1.781354 -4.456177
v 2.073964 1.870358 -4.282768
v 2.073964 5.326169 -4.282768
v 0.000000 3.762177 -1.357876
v 0.000000 3.598612 -1.502878
v 2.073964 3.629077 -1.502882
v 2.232866 3.762177 -1.502862
v 3.001356 1.778746 -4.456177
v 3.689837 1.778746 -2.003329
v 2.809108 1.334228 -2.049963
v 2.762753 1.370135 -4.465800
v 3.689837 1.778746 -4.456177
v 2.073964 5.326169 -4.282768
v 0.000000 3.172283 6.997205
v 1.600172 6.105606 10.892260
v 1.377536 6.816050 10.830092
v 0.000000 5.379362 12.723497
v 0.000000 6.056593 12.301842
v 0.000000 7.158477 11.686767
v 0.000000 6.942955 11.807072
v 1.453003 5.362035 11.293828
v 1.591822 6.049843 10.886473
v 2.012004 6.435220 10.125278
v 2.160592 8.107710 8.584697
v 2.173682 8.353649 8.275196
v 2.011944 7.746181 9.170354
v 2.154256 7.605295 8.975955
v 0.000000 8.189103 10.949525
v 0.000000 8.126874 11.039346
v 2.012004 6.435220 10.125278
v 1.974193 6.076984 10.422966
v 2.444886 8.766480 6.381407
v 2.642655 7.276532 5.378047
v 1.239881 7.296582 5.225744
v 0.000000 7.305550 5.141288
v 3.507100 7.227046 5.597294
v 0.000000 7.305550 5.141288
v 1.239881 7.296582 5.225744
v 1.229986 7.021020 5.203712
v 0.000000 7.017367 5.113094
v 0.000000 7.017367 5.113094
v 3.507100 7.227046 5.597294
v 1.626957 6.842403 10.511377
v 1.332569 6.858447 10.821969
v 0.964387 6.008706 11.529589
v 1.052527 6.069320 11.451343
v 1.591822 6.049843 10.886473
v 1.094572 6.878196 11.046460
v 0.000000 6.942955 11.807072
v 0.000000 6.923649 11.854553
v 1.039233 6.846963 11.138578
v 0.000000 6.056593 12.301842
v 0.693593 6.007103 11.759789
v -3.039068 2.535886 8.860662
v -3.186205 2.881709 8.858438
v -1.882520 1.702388 8.944428
v -2.032042 5.182564 10.543930
v -4.699947 3.762177 4.330113
v -4.244563 5.423172 5.115169
v -3.221435 4.554318 7.772728
v -3.107419 3.184810 6.653620
v -3.507100 7.227046 5.597294
v -2.642655 7.276532 5.378047
v -2.575422 7.007572 5.338205
v -3.597774 6.969398 5.576141
v -3.209468 3.038108 8.911463
v -2.785576 4.066156 9.679591
v -1.309279 5.223772 11.347893
v -2.963009 4.157165 9.612332
v -2.785576 4.066156 9.679591
v -2.032042 5.182564 10.543930
v -2.171766 5.331953 10.493721
v -1.794691 1.870358 -5.968083
v -3.597774 6.969398 5.576141
v -2.575422 7.007572 5.338205
v -1.704246 1.870358 -1.503068
v -0.942108 7.170755 11.071116
v -3.410839 3.007575 8.795006
v -2.963009 4.157165 9.612332
v -3.620793 4.460598 8.368428
v -4.108089 3.174309 7.532570
v -1.229986 7.021020 5.203712
v -2.229413 1.117726 4.993043
v -2.167256 1.151918 5.923404
v -2.173682 8.353649 8.275196
v -2.478939 7.363693 8.642305
v -2.154256 7.605295 8.975955
v -3.621392 9.487099 5.322875
v -3.753317 9.008571 6.476450
v -2.557266 8.953807 6.585433
v -2.203883 1.165339 -2.022331
v -2.267217 1.191780 -4.456177
v -1.235410 9.254094 8.735271
v -1.217311 8.310681 9.969880
v -2.232866 3.762177 -1.316359
v -3.772589 7.171388 5.716179
v -4.511922 5.369453 5.220243
v -4.332374 5.057290 6.175098
v -3.549291 6.667679 6.784506
v -1.148063 10.190783 7.030179
v -3.509418 1.778746 -4.456177
v -3.509418 2.246654 -5.359838
v -3.188816 2.246654 -5.359838
v -3.195190 1.778746 -4.456177
v -4.927756 3.727970 4.447329
v -4.699947 3.762177 4.330113
v -4.952640 3.629743 4.401077
v -2.267217 1.441354 -5.974633
v -3.689837 4.814838 -5.372889
v -3.689837 4.291677 -5.737466
v -3.689837 2.846583 -5.650847
v -3.689837 2.360499 -5.288115
v -4.628368 3.343258 6.457215
v -4.137548 4.749067 7.132405
v -3.689837 1.778746 -4.456177
v -3.195190 1.778746 -4.456177
v -2.762753 1.370135 -4.465800
v -3.240027 1.539440 5.769226
v -6.226792 3.614565 0.396453
v -5.915329 3.612416 2.890460
v -5.686975 3.762177 2.753377
v -5.915228 3.762177 0.557282
v -0.677628 6.063900 11.776711
v -3.689127 3.614565 0.396453
v -3.689837 3.613814 -1.503068
v -3.689837 1.778746 0.388991
v -4.093657 3.034853 7.508918
v -3.229494 2.518041 8.741113
v -3.368513 2.873504 8.744297
v -3.689837 5.075290 -2.961073
v -3.689837 3.613814 -1.503068
v -3.509418 3.762177 -1.502862
v -3.509418 5.193183 -2.909355
v -3.689837 5.341023 -3.741815
v -3.509418 5.468678 -3.718778
v -3.790000 8.453118 5.479221
v -3.922803 8.109116 6.092721
v -2.170246 8.562468 8.004901
v -2.002491 9.485981 6.768651
v -2.557266 8.953807 6.585433
v -2.519968 8.164570 7.602869
v -3.509418 2.857490 -5.805356
v -3.172746 2.857490 -5.805356
v -3.689837 5.341023 -4.453086
v -3.509418 5.468678 -4.456177
v -6.226792 3.614565 0.396453
v -3.689127 3.614565 0.396453
v -5.590539 2.821266 0.393795
v -2.073964 3.629077 -1.502882
v -2.073964 1.870358 -1.503063
v -2.073964 5.075290 -2.925107
v -2.171766 5.331953 10.493721
v -1.974193 6.076984 10.422966
v -2.335186 6.121369 9.737099
v -0.693593 6.007103 11.759789
v -1.094572 6.878196 11.046460
v -1.332569 6.858447 10.821969
v -0.964387 6.008706 11.529589
v -1.023477 7.111299 11.023053
v -0.573667 5.223747 12.083608
v -2.054622 1.870358 -6.155743
v -3.509418 3.617849 -5.982295
v -3.166553 3.617849 -5.982295
v -4.822678 2.072353 0.395522
v -3.689837 1.778746 0.388991
v -3.689837 1.778746 -4.456177
v -3.689837 5.341023 -4.453086
v -3.687723 8.224294 7.594309
v -3.817436 8.968112 6.453371
v -3.746939 7.456796 7.190875
v -3.395759 7.339065 8.616370
v -3.466812 6.758254 8.238788
v -2.862244 6.057180 9.429816
v -2.765313 6.285637 9.590167
v -3.614410 8.279824 7.629480
v -2.519968 8.164570 7.602869
v -3.307203 7.393755 8.656840
v -2.678748 6.285674 9.634154
v -2.335186 6.121369 9.737099
v -2.478939 7.363693 8.642305
v -2.910751 1.320287 0.400098
v -3.591481 1.472812 2.890460
v -3.689837 1.778746 0.388991
v -3.221073 1.594019 4.824491
v -2.229413 1.117726 4.993043
v -3.689837 3.613814 -1.503068
v -3.689127 3.614565 0.396453
v -3.478747 3.762177 0.563652
v -3.509418 3.762177 -1.502862
v -3.689837 5.341023 -3.741815
v -4.952640 3.629743 4.401077
v -4.699947 3.762177 4.330113
v -1.976773 1.572674 8.814755
v -2.042941 1.350729 7.784126
v -1.704246 1.870358 -1.503068
v -0.919046 9.377998 6.832994
v -1.023728 10.019186 6.838454
v -3.166679 4.943760 -5.420366
v -3.001219 4.814838 -5.372889
v -3.001081 4.291677 -5.737466
v -3.166549 4.348414 -5.845243
v -2.267217 1.191780 -4.456177
v -2.305901 1.781354 -4.456177
v -2.267217 1.441354 -5.974633
v -3.166815 5.468678 -4.311156
v -3.509418 5.468678 -3.718778
v -2.232866 5.468678 -3.718778
v -3.689837 5.075290 -2.961073
v -2.267217 1.441354 -5.974633
v -2.283743 1.781354 -6.279388
v -3.689837 2.846583 -5.650847
v -3.689837 3.620514 -5.858046
v -3.509418 3.617849 -5.982295
v -3.509418 2.857490 -5.805356
v -2.266283 1.108692 2.890460
v -2.216452 1.126759 0.398821
v -3.001356 1.778746 -4.456177
v -3.001347 2.360499 -5.288115
v -3.001219 4.814838 -5.372889
v -3.001356 5.303555 -4.456177
v -2.259834 3.762177 0.511306
v -3.478747 3.762177 0.563652
v -4.699947 3.762177 4.330113
v -2.575908 3.762177 4.370328
v -3.001197 2.846583 -5.650847
v -3.001081 4.291677 -5.737466
v -3.166549 4.348414 -5.845243
v -3.509418 4.348414 -5.845243
v -2.056703 7.715425 9.163401
v -2.147609 7.643345 9.018763
v -2.003865 6.472403 10.167595
v -1.665501 6.799511 10.521026
v -3.689837 2.360499 -5.288115
v -3.509418 2.246654 -5.359838
v -2.305901 1.781354 -4.456177
v -2.267217 1.191780 -4.456177
v -3.001356 1.778746 -4.456177
v -3.689837 3.620514 -5.858046
v -2.054622 1.870358 -6.155743
v -2.283743 1.781354 -6.279388
v -2.305901 1.781354 -4.456177
v -2.073964 1.870358 -4.282768
v -3.689837 1.778746 -2.003329
v -5.686975 3.762177 2.753377
v -3.689837 4.291677 -5.737466
v -3.689837 4.814838 -5.372889
v -3.509418 4.943760 -5.420366
v -3.509418 4.348414 -5.845243
v -1.222443 8.761007 6.370744
v -6.226792 3.614565 0.396453
v -5.590539 2.821266 0.393795
v -5.218362 2.670973 2.906377
v -5.915329 3.612416 2.890460
v -4.822678 2.072353 0.395522
v -4.467447 1.886500 2.898064
v -2.232866 5.468678 -4.311156
v -2.073964 1.870358 -4.282768
v -2.073964 5.341105 -3.684718
v -2.073964 5.075290 -2.925107
v -2.073964 5.341105 -3.684718
v -2.232866 5.468678 -3.718778
v -2.232866 5.193183 -2.909355
v -3.172746 2.857490 -5.805356
v -3.001197 2.846583 -5.650847
v -3.001347 2.360499 -5.288115
v -3.188816 2.246654 -5.359838
v -2.073964 1.870358 -4.282768
v -2.073964 1.870358 -1.503063
v -3.001132 3.620514 -5.858046
v -4.027868 2.492969 4.639204
v -4.952640 3.629743 4.401077
v -4.952640 3.629743 4.401077
v -4.042893 2.397417 5.571807
v -4.886879 3.387052 5.373103
v -2.575347 1.854465 8.785527
v -2.996793 1.722499 7.735399
v -4.874904 3.504159 5.386246
v -2.011944 7.746181 9.170354
v -1.626957 6.842403 10.511377
v -3.313172 6.228091 7.887453
v -4.595025 3.215148 6.435361
v -3.911879 2.379189 6.538576
v -3.211818 1.603589 6.684958
v -2.105098 1.237034 6.794567
v -2.171766 5.331953 10.493721
v -2.171766 5.331953 10.493721
v -2.768831 5.774457 9.168749
v -3.665218 2.417932 7.617172
v -0.666185 5.372684 12.053022
v -1.802267 9.378473 6.617277
v -3.621392 9.487099 5.322875
v -3.431767 9.300542 5.258864
v -3.568816 8.437844 5.368369
v -3.790000 8.453118 5.479221
v -2.557266 8.953807 6.585433
v -2.444886 8.766480 6.381407
v -3.431767 9.300542 5.258864
v -3.621392 9.487099 5.322875
v -2.002491 9.485981 6.768651
v -1.802267 9.378473 6.617277
v -1.148063 10.190783 7.030179
v -1.023728 10.019186 6.838454
v -3.507100 7.227046 5.597294
v -3.597774 6.969398 5.576141
v -3.772589 7.171388 5.716179
v -4.511922 5.369453 5.220243
v -4.244563 5.423172 5.115169
v -3.107419 3.184810 6.653620
v -2.171766 5.331953 10.493721
v -2.032042 5.182564 10.543930
v -1.309279 5.223772 11.347893
v -1.453003 5.362035 11.293828
v -1.882520 1.702388 8.944428
v -1.976773 1.572674 8.814755
v -0.573667 5.223747 12.083608
v -0.666185 5.372684 12.053022
v -2.416023 1.921366 8.902951
v -2.575347 1.854465 8.785527
v -3.229494 2.518041 8.741113
v -3.039068 2.535886 8.860662
v -3.186205 2.881709 8.858438
v -3.368513 2.873504 8.744297
v -3.410839 3.007575 8.795006
v -3.209468 3.038108 8.911463
v -2.232866 5.322045 -4.456177
v -2.232866 5.468678 -4.311156
v -2.073964 5.326169 -4.282768
v -2.232866 5.322045 -4.456177
v -3.001356 5.303555 -4.456177
v -3.509418 3.762177 -1.502862
v -2.232866 3.762177 -1.502862
v -5.915228 3.762177 0.557282
v -4.927756 3.727970 4.447329
v -3.772589 7.171388 5.716179
v -3.549291 6.667679 6.784506
v -2.768831 5.774457 9.168749
v -3.313172 6.228091 7.887453
v -3.772589 7.171388 5.716179
v -3.507100 7.227046 5.597294
v -2.444886 8.766480 6.381407
v -3.568816 8.437844 5.368369
v -3.431767 9.300542 5.258864
v -1.023477 7.111299 11.023053
v -4.027868 2.492969 4.639204
v -3.221073 1.594019 4.824491
v -2.416023 1.921366 8.902951
v -3.166679 4.943760 -5.420366
v -3.509418 4.943760 -5.420366
v -3.509418 5.468678 -4.456177
v -3.166815 5.468678 -4.456177
v -1.968840 6.132532 10.450828
v -2.232866 5.193183 -2.909355
v -3.509418 5.193183 -2.909355
v -3.509418 3.762177 -1.502862
v -2.232866 3.762177 -1.502862
v -3.689837 1.778746 -4.456177
v -2.073964 3.629077 -1.502882
v -2.232866 3.762177 -1.502862
v -2.232866 3.762177 -1.316359
v -3.166553 3.617849 -5.982295
v -3.001132 3.620514 -5.858046
v -3.001356 5.303555 -4.456177
v -3.166815 5.468678 -4.311156
v -3.166815 5.468678 -4.456177
v -2.232866 5.322045 -4.456177
v -2.073964 5.326169 -4.282768
v -2.073964 1.870358 -4.282768
v -2.305901 1.781354 -4.456177
v -2.232866 3.762177 -1.502862
v -2.073964 3.629077 -1.502882
v -3.001356 1.778746 -4.456177
v -3.689837 1.778746 -2.003329
v -3.689837 1.778746 -4.456177
v -2.762753 1.370135 -4.465800
v -2.809108 1.334228 -2.049963
v -2.073964 5.326169 -4.282768
v -1.600172 6.105606 10.892260
v -1.377536 6.816050 10.830092
v -1.453003 5.362035 11.293828
v -1.591822 6.049843 10.886473
v -2.012004 6.435220 10.125278
v -2.160592 8.107710 8.584697
v -2.173682 8.353649 8.275196
v -2.011944 7.746181 9.170354
v -2.154256 7.605295 8.975955
v -2.012004 6.435220 10.125278
v -1.974193 6.076984 10.422966
v -2.444886 8.766480 6.381407
v -2.642655 7.276532 5.378047
v -1.239881 7.296582 5.225744
v -3.507100 7.227046 5.597294
v -1.229986 7.021020 5.203712
v -1.239881 7.296582 5.225744
v -3.507100 7.227046 5.597294
v -1.626957 6.842403 10.511377
v -1.332569 6.858447 10.821969
v -1.052527 6.069320 11.451343
v -0.964387 6.008706 11.529589
v -1.591822 6.049843 10.886473
v -1.094572 6.878196 11.046460
v -1.039233 6.846963 11.138578
v -0.693593 6.007103 11.759789
vn -0.2973 -0.0725 0.9520
vn -0.0000 -0.0626 0.9980
vn -0.2420 0.2018 0.9491
vn -0.0539 0.4789 0.8762
vn -0.0000 0.5238 0.8519
vn -0.1672 -0.8774 0.4497
vn -0.0000 -0.9934 0.1143
vn -0.8922 0.1640 -0.4209
vn -0.5398 0.4151 -0.7323
vn -0.6032 -0.0659 -0.7949
vn -0.9031 -0.0401 -0.4277
vn 0.2391 0.1222 -0.9633
vn 0.1722 0.1102 -0.9789
vn -0.3044 -0.4814 0.8220
vn -0.2757 -0.6735 0.6859
vn -0.0830 -0.9952 -0.0527
vn 0.4820 -0.3390 0.8079
vn 0.5928 -0.3567 0.7220
vn 0.4820 -0.3390 0.8080
vn -0.0000 1.0000 -0.0000
vn -0.0000 -0.5662 -0.8243
vn 0.0863 -0.7669 -0.6359
vn -0.3074 -0.6563 -0.6891
vn -0.0000 0.2935 0.9559
vn 0.5879 0.4425 0.6771
vn -0.0000 0.5757 0.8176
vn 0.8731 -0.1432 0.4660
vn 0.8923 -0.1059 0.4388
vn 0.8758 0.1524 0.4580
vn 0.8673 0.1240 0.4821
vn 0.0542 -0.7536 -0.6551
vn 0.2570 -0.9661 0.0236
vn 0.1655 -0.9836 0.0721
vn -0.0000 -0.9979 0.0652
vn -0.0000 -0.9974 0.0725
vn 0.7999 0.3771 0.4668
vn 0.8216 0.3818 0.4232
vn 0.7899 0.4635 0.4016
vn -0.0240 0.8770 0.4799
vn 0.3108 0.8379 0.4488
vn 0.7793 0.6140 0.1254
vn -0.0000 -0.9912 -0.1326
vn 0.4367 -0.8981 -0.0528
vn 0.1695 -0.9855 -0.0042
vn -0.0000 -1.0000 0.0055
vn -0.0000 0.7117 0.7025
vn 0.6448 0.5180 0.5621
vn 0.6310 0.6540 0.4173
vn -0.0000 0.8473 0.5310
vn 0.9030 0.3048 0.3027
vn 0.8981 0.3171 0.3046
vn 0.9243 0.2619 0.2775
vn 0.9465 0.2378 0.2180
vn 0.5500 0.7454 0.3768
vn -0.0000 0.8906 0.4549
vn -0.0000 -0.8880 -0.4598
vn -0.0000 -0.7589 -0.6512
vn 0.4585 0.4710 -0.7536
vn 0.4439 0.4733 -0.7609
vn 0.5961 -0.7425 -0.3056
vn -0.0000 -0.8669 -0.4984
vn 1.0000 -0.0000 -0.0000
vn 0.9442 -0.0122 0.3290
vn 0.9061 0.2251 0.3583
vn -0.0000 0.0235 -0.9997
vn -0.0033 0.0198 -0.9998
vn 0.5296 -0.8480 0.0213
vn 0.2690 0.9004 -0.3419
vn 0.2689 0.9004 -0.3419
vn 0.4475 0.8808 0.1547
vn 0.6760 0.1786 0.7149
vn -0.0000 0.4643 0.8857
vn -0.0000 0.2054 0.9787
vn 0.7666 -0.6402 -0.0487
vn 1.0000 0.0001 0.0001
vn 1.0000 0.0004 0.0004
vn 0.8394 -0.3129 0.4443
vn 0.7621 -0.5283 0.3744
vn 0.8413 -0.3868 0.3776
vn 0.5643 0.6977 0.4414
vn 0.5643 0.6977 0.4413
vn 0.5278 0.5977 0.6035
vn 0.5837 0.8011 0.1323
vn 0.5837 0.8010 0.1327
vn 0.9985 0.0098 -0.0530
vn 0.9811 0.0412 -0.1893
vn 0.7696 0.5268 0.3608
vn 0.8285 0.4478 0.3363
vn 0.7719 0.5269 0.3557
vn 0.7184 0.6020 0.3487
vn -0.0000 -0.4163 -0.9092
vn 0.5851 0.7846 -0.2050
vn 0.5852 0.7846 -0.2050
vn -0.0008 0.0014 -1.0000
vn 0.0013 0.0023 -1.0000
vn -0.0000 0.0034 -1.0000
vn -1.0000 -0.0000 -0.0000
vn -0.8944 -0.0000 -0.4473
vn -0.4472 0.0001 -0.8944
vn 0.8331 0.3008 0.4642
vn 0.8090 0.2695 0.5224
vn 0.7929 0.2567 0.5527
vn 0.6290 0.3226 0.7073
vn 0.6451 0.2888 0.7074
vn 0.6693 0.3032 0.6784
vn 0.6190 0.3021 0.7249
vn -0.0000 0.6091 0.7931
vn 0.6240 0.3795 0.6830
vn -0.0744 -0.9948 -0.0696
vn -0.0000 -0.0216 -0.9998
vn 0.0047 0.0041 -1.0000
vn 0.0012 0.0015 -1.0000
vn 0.9864 -0.1643 -0.0020
vn 0.8685 0.2968 0.3969
vn 0.9821 -0.1347 0.1316
vn 0.8746 0.4347 0.2147
vn 0.8078 0.2044 0.5528
vn 0.7077 0.2087 0.6750
vn 0.8945 -0.2649 0.3602
vn 0.9448 -0.2205 0.2422
vn -0.0563 0.8000 0.5973
vn 0.3065 0.7294 0.6116
vn 0.2646 0.6274 0.7324
vn -0.0640 0.7269 0.6838
vn -0.0897 0.6858 0.7223
vn 0.1866 0.5934 0.7830
vn 0.7667 -0.6402 -0.0487
vn 0.3724 -0.9280 0.0107
vn 0.3595 -0.9327 -0.0283
vn 0.2425 -0.9687 0.0525
vn 0.5351 -0.8138 0.2269
vn 0.6050 0.7962 0.0046
vn 0.3390 0.8636 -0.3732
vn 0.4064 0.8783 0.2517
vn 0.4064 0.8784 0.2517
vn 0.2667 -0.9335 0.2396
vn -0.0000 -0.9778 0.2095
vn -0.0000 -0.9868 0.1619
vn 0.1802 -0.9676 0.1767
vn -0.0000 0.0001 -1.0000
vn -0.2023 -0.0488 -0.9781
vn -0.1274 0.3026 -0.9446
vn -0.0000 0.0209 -0.9998
vn -0.6234 0.5810 -0.5233
vn -0.5896 0.3137 -0.7442
vn -0.5897 0.3137 -0.7442
vn -0.6234 0.5810 -0.5234
vn 0.9980 -0.0624 -0.0114
vn 0.4368 -0.8980 -0.0528
vn -0.0000 0.9941 0.1087
vn -0.0000 -0.8669 -0.4985
vn -0.0000 -0.6952 -0.7188
vn 0.7262 -0.4939 -0.4783
vn 0.5961 -0.7425 -0.3055
vn 0.5854 -0.3478 -0.7324
vn 0.5828 -0.0223 -0.8123
vn -0.0000 -1.0000 0.0007
vn 0.1448 -0.9894 -0.0070
vn 0.1621 -0.9868 -0.0031
vn -0.0000 -1.0000 0.0009
vn -1.0000 -0.0000 0.0001
vn -1.0000 -0.0001 -0.0000
vn 0.0041 0.9928 0.1194
vn 0.0016 0.9966 0.0819
vn -1.0000 -0.0000 0.0004
vn -1.0000 -0.0001 0.0003
vn -0.0000 0.3918 -0.9200
vn 0.7105 0.4964 0.4987
vn 0.7135 0.4221 0.5593
vn 0.9306 0.1801 0.3187
vn 0.9427 0.1902 0.2740
vn 0.5834 -0.5798 -0.5687
vn 0.4087 -0.7200 -0.5609
vn -0.0033 0.0041 -1.0000
vn -0.0033 0.0120 -0.9999
vn -0.0099 0.0124 -0.9999
vn 0.2358 0.9285 -0.2869
vn 0.3579 0.9337 -0.0040
vn 0.8523 -0.5230 -0.0068
vn 0.7261 -0.4940 -0.4782
vn 0.5563 0.3226 -0.7658
vn 0.5655 0.6120 -0.5529
vn -0.0000 0.4344 -0.9007
vn -0.0164 0.5509 -0.8344
vn -0.0000 0.6204 -0.7843
vn 0.7900 -0.6065 0.0894
vn 0.7732 -0.5697 0.2787
vn 0.7449 -0.6178 0.2520
vn 0.7512 -0.6560 0.0727
vn 0.5810 -0.8005 0.1475
vn 0.4748 -0.8799 -0.0201
vn -0.0000 0.8385 -0.5448
vn -0.0000 -1.0000 0.0043
vn -0.5544 0.7008 0.4488
vn -0.6204 0.7735 0.1294
vn -0.5994 -0.3492 -0.7203
vn -0.4032 -0.7235 -0.5604
vn -0.5763 -0.5864 -0.5692
vn 0.7134 -0.5589 0.4227
vn 0.7273 -0.5116 0.4575
vn 0.9366 -0.3404 0.0836
vn 0.7534 -0.6574 -0.0158
vn 0.9070 -0.4196 -0.0348
vn -0.0000 -0.9977 -0.0685
vn 0.5556 -0.7887 0.2631
vn 0.5576 -0.7660 0.3200
vn 0.9740 0.1284 0.1865
vn 0.7212 0.3837 0.5768
vn 0.7740 0.4254 0.4689
vn 0.8774 0.3000 0.3744
vn 0.8839 -0.3977 0.2461
vn 0.7613 -0.6292 0.1566
vn 0.5563 -0.8195 0.1377
vn 0.1687 -0.9799 0.1067
vn -0.0000 -0.9963 0.0862
vn 0.6426 0.2255 0.7323
vn 0.8513 0.2512 0.4607
vn 0.8453 0.2333 0.4807
vn 0.7601 -0.5851 0.2828
vn 0.6411 0.3109 0.7017
vn -0.1485 0.3201 -0.9357
vn -0.0000 -0.2333 -0.9724
vn 0.4158 -0.0602 -0.9075
vn 0.4125 -0.1204 -0.9030
vn -0.2142 0.7740 -0.5959
vn -0.6586 0.7102 -0.2485
vn -0.6586 0.7102 -0.2486
vn -0.2143 0.7740 -0.5959
vn 0.2869 0.5953 -0.7505
vn 0.2294 0.6123 -0.7566
vn 0.2294 0.6123 -0.7567
vn 0.4085 0.1485 -0.9006
vn 0.3925 0.3075 -0.8668
vn 0.4314 0.0231 -0.9019
vn 0.3879 0.4325 -0.8139
vn -0.0000 0.9933 0.1157
vn -0.0000 0.9732 0.2301
vn 0.0082 0.9715 0.2370
vn -0.0000 0.6317 -0.7752
vn 0.5929 -0.3568 0.7220
vn 0.6604 -0.3867 0.6437
vn 0.5929 -0.3568 0.7219
vn -0.0000 -0.7266 0.6871
vn 0.1513 -0.6593 0.7365
vn 0.6720 -0.3031 0.6757
vn 0.6720 -0.3030 0.6757
vn -0.0000 -0.3614 0.9324
vn 0.3771 -0.4860 0.7884
vn 0.3771 -0.4861 0.7884
vn 0.4810 -0.3027 0.8228
vn 0.4795 -0.3001 0.8246
vn 0.4795 -0.3001 0.8247
vn 0.4482 -0.3945 0.8022
vn -0.6558 0.6920 -0.3017
vn -0.4618 0.7420 -0.4860
vn -0.3151 0.6547 -0.6871
vn -0.0000 -0.0000 -1.0000
vn -0.0000 0.9222 0.3866
vn -0.0000 0.9669 0.2552
vn 0.9803 0.1706 0.0991
vn 0.9854 -0.1427 -0.0924
vn 0.9635 -0.2594 0.0663
vn 0.8641 -0.4548 0.2153
vn 0.9211 -0.3624 0.1420
vn 0.4085 0.1484 -0.9006
vn 0.4314 0.0230 -0.9019
vn -0.6876 -0.1979 -0.6986
vn -0.6858 -0.1502 -0.7121
vn -0.0000 0.1030 0.9947
vn 0.6399 0.3939 0.6598
vn 0.7471 -0.6607 -0.0728
vn 0.5865 -0.8073 -0.0654
vn -0.1619 0.3584 0.9194
vn -0.0000 0.7486 -0.6630
vn -0.0000 0.9691 -0.2467
vn -0.0000 0.7487 -0.6629
vn 0.8630 0.1062 0.4939
vn -0.0000 0.8467 0.5321
vn -0.0000 0.9222 0.3867
vn -0.0000 0.9669 0.2553
vn 0.3152 -0.8156 -0.4852
vn -0.3617 0.8529 -0.3764
vn -0.6078 0.7246 0.3248
vn -0.4770 0.8786 -0.0219
vn -0.6124 -0.0232 -0.7902
vn -0.5003 0.7643 -0.4069
vn -0.4069 0.8073 -0.4273
vn -0.6889 0.7012 -0.1838
vn -0.6647 -0.0069 -0.7471
vn -0.6646 -0.0069 -0.7472
vn -0.6646 -0.0069 -0.7471
vn -0.0000 0.7449 -0.6672
vn -0.6078 0.7246 0.3249
vn -0.3066 -0.8178 -0.4870
vn 0.3701 -0.9289 -0.0129
vn 0.3646 -0.9311 -0.0110
vn 0.9864 -0.1644 -0.0020
vn -0.0000 0.5485 -0.8362
vn 0.7374 0.0920 0.6692
vn 0.5925 0.4419 0.6736
vn -0.0000 0.4655 0.8850
vn -0.0000 0.4655 0.8851
vn -0.0000 0.3954 0.9185
vn 0.7048 0.2517 0.6632
vn 0.8266 0.3171 0.4649
vn 0.8566 0.3703 0.3594
vn 0.8514 0.3923 0.3481
vn 0.5354 0.6363 0.5554
vn 0.9920 0.0414 0.1193
vn -0.0000 0.8531 0.5217
vn -0.0000 0.7678 0.6406
vn 0.9880 0.0259 0.1522
vn 0.9104 -0.0943 0.4028
vn 0.0824 0.5022 -0.8608
vn 0.1111 0.5819 -0.8056
vn 0.0502 0.6253 -0.7788
vn -0.0000 0.6453 -0.7639
vn -0.6823 -0.1021 -0.7239
vn -0.0000 0.0875 -0.9962
vn 0.0876 0.0925 -0.9919
vn -0.0000 -0.7538 -0.6571
vn 0.2332 0.5643 -0.7920
vn 0.5496 0.6410 0.5358
vn 0.4654 0.5939 0.6563
vn 0.5728 0.1860 0.7983
vn 0.6122 0.2171 0.7603
vn 0.7356 -0.1854 0.6515
vn 0.6750 0.4917 0.5501
vn -0.0000 0.8817 0.4717
vn -0.0000 0.7476 0.6642
vn 0.6179 0.4466 0.6471
vn -0.0000 -0.0276 0.9996
vn 0.7382 0.0151 0.6744
vn 0.2420 0.2018 0.9491
vn 0.2973 -0.0725 0.9520
vn 0.0539 0.4789 0.8762
vn 0.1672 -0.8774 0.4497
vn 0.8922 0.1640 -0.4209
vn 0.9031 -0.0401 -0.4277
vn 0.6032 -0.0659 -0.7949
vn 0.5398 0.4151 -0.7323
vn -0.2391 0.1222 -0.9633
vn -0.1722 0.1102 -0.9789
vn 0.3044 -0.4814 0.8220
vn 0.2757 -0.6735 0.6859
vn 0.0830 -0.9952 -0.0527
vn -0.4820 -0.3390 0.8079
vn -0.5928 -0.3567 0.7220
vn 0.3074 -0.6563 -0.6891
vn -0.0863 -0.7669 -0.6359
vn -0.5879 0.4425 0.6771
vn -0.8731 -0.1432 0.4660
vn -0.8673 0.1240 0.4821
vn -0.8758 0.1524 0.4580
vn -0.8923 -0.1059 0.4388
vn -0.0542 -0.7536 -0.6551
vn -0.2570 -0.9661 0.0236
vn -0.1655 -0.9836 0.0721
vn -0.7899 0.4635 0.4016
vn -0.8216 0.3818 0.4232
vn -0.7999 0.3771 0.4668
vn -0.7793 0.6140 0.1254
vn -0.3108 0.8379 0.4488
vn 0.0240 0.8769 0.4800
vn -0.1695 -0.9855 -0.0042
vn -0.4367 -0.8981 -0.0528
vn -0.6310 0.6540 0.4173
vn -0.6448 0.5180 0.5621
vn -0.9030 0.3048 0.3027
vn -0.9465 0.2378 0.2180
vn -0.9243 0.2619 0.2775
vn -0.8981 0.3171 0.3046
vn -0.5500 0.7454 0.3768
vn -0.4439 0.4733 -0.7609
vn -0.4585 0.4710 -0.7536
vn -0.5961 -0.7425 -0.3055
vn -0.9444 -0.0119 0.3285
vn -0.9061 0.2251 0.3583
vn 0.0033 0.0198 -0.9998
vn -0.5296 -0.8480 0.0213
vn -0.2690 0.9004 -0.3419
vn -0.4475 0.8808 0.1547
vn -0.2689 0.9004 -0.3419
vn -0.6760 0.1786 0.7149
vn -1.0000 0.0004 0.0004
vn -1.0000 0.0001 0.0001
vn -0.7666 -0.6402 -0.0487
vn -0.8413 -0.3868 0.3776
vn -0.7621 -0.5283 0.3744
vn -0.8395 -0.3128 0.4444
vn -0.5643 0.6977 0.4414
vn -0.5278 0.5977 0.6035
vn -0.5643 0.6977 0.4413
vn -0.5837 0.8011 0.1323
vn -0.5837 0.8010 0.1327
vn -0.9811 0.0412 -0.1893
vn -0.9985 0.0098 -0.0531
vn -0.7696 0.5268 0.3608
vn -0.7184 0.6020 0.3487
vn -0.7719 0.5269 0.3557
vn -0.8285 0.4478 0.3363
vn -0.5851 0.7846 -0.2050
vn -0.5852 0.7846 -0.2050
vn -0.0013 0.0023 -1.0000
vn 0.0008 0.0014 -1.0000
vn 0.4472 0.0001 -0.8944
vn 0.8944 0.0001 -0.4473
vn -0.7929 0.2567 0.5527
vn -0.8090 0.2695 0.5224
vn -0.8331 0.3008 0.4642
vn -0.6290 0.3226 0.7073
vn -0.6190 0.3021 0.7249
vn -0.6693 0.3032 0.6784
vn -0.6451 0.2888 0.7074
vn -0.6240 0.3795 0.6830
vn 0.0744 -0.9948 -0.0696
vn -0.0012 0.0015 -1.0000
vn -0.0047 0.0041 -1.0000
vn -0.9864 -0.1643 -0.0019
vn -0.8685 0.2968 0.3969
vn -0.8746 0.4347 0.2147
vn -0.9821 -0.1347 0.1316
vn -0.8078 0.2044 0.5528
vn -0.9448 -0.2205 0.2422
vn -0.8945 -0.2649 0.3602
vn -0.7077 0.2087 0.6750
vn -0.3065 0.7294 0.6116
vn 0.0563 0.8000 0.5973
vn -0.2646 0.6274 0.7324
vn -0.1866 0.5934 0.7830
vn 0.0897 0.6858 0.7223
vn 0.0640 0.7269 0.6838
vn -0.3596 -0.9327 -0.0283
vn -0.3724 -0.9280 0.0107
vn -0.7667 -0.6402 -0.0487
vn -0.5350 -0.8138 0.2269
vn -0.2425 -0.9687 0.0525
vn -0.6050 0.7962 0.0046
vn -0.3390 0.8636 -0.3732
vn -0.4064 0.8784 0.2517
vn -0.4064 0.8783 0.2517
vn -0.2667 -0.9335 0.2396
vn -0.1802 -0.9676 0.1767
vn 0.1274 0.3026 -0.9446
vn 0.2023 -0.0488 -0.9781
vn 0.6234 0.5810 -0.5233
vn 0.6234 0.5810 -0.5234
vn 0.5896 0.3137 -0.7443
vn 0.5896 0.3137 -0.7442
vn -0.4368 -0.8980 -0.0528
vn -0.9980 -0.0624 -0.0114
vn -0.5961 -0.7425 -0.3056
vn -0.7262 -0.4939 -0.4783
vn -0.5854 -0.3478 -0.7324
vn -0.5828 -0.0223 -0.8123
vn -0.1621 -0.9868 -0.0031
vn -0.1448 -0.9894 -0.0070
vn 1.0000 -0.0001 -0.0000
vn 1.0000 -0.0000 0.0001
vn -0.0016 0.9966 0.0819
vn -0.0041 0.9928 0.1194
vn 1.0000 -0.0001 0.0003
vn 1.0000 -0.0000 0.0004
vn -0.7105 0.4964 0.4987
vn -0.9427 0.1902 0.2740
vn -0.9306 0.1801 0.3187
vn -0.7135 0.4221 0.5593
vn -0.5834 -0.5798 -0.5687
vn -0.4087 -0.7200 -0.5609
vn 0.0033 0.0041 -1.0000
vn 0.0099 0.0124 -0.9999
vn 0.0033 0.0120 -0.9999
vn -0.2358 0.9285 -0.2869
vn -0.3579 0.9337 -0.0040
vn -0.8523 -0.5230 -0.0068
vn -0.7261 -0.4939 -0.4783
vn -0.5563 0.3226 -0.7658
vn -0.5655 0.6120 -0.5529
vn 0.0164 0.5509 -0.8344
vn -0.7900 -0.6065 0.0894
vn -0.7512 -0.6560 0.0727
vn -0.7449 -0.6178 0.2520
vn -0.7732 -0.5697 0.2787
vn -0.4748 -0.8799 -0.0201
vn -0.5810 -0.8005 0.1475
vn 0.5544 0.7008 0.4488
vn 0.6204 0.7735 0.1294
vn 0.5994 -0.3492 -0.7203
vn 0.5763 -0.5864 -0.5692
vn 0.4032 -0.7235 -0.5604
vn -0.7134 -0.5589 0.4227
vn -0.7273 -0.5116 0.4575
vn -0.9070 -0.4196 -0.0348
vn -0.7534 -0.6574 -0.0158
vn -0.9366 -0.3404 0.0836
vn -0.5576 -0.7660 0.3200
vn -0.5556 -0.7887 0.2631
vn -0.9740 0.1284 0.1865
vn -0.7740 0.4254 0.4689
vn -0.7212 0.3837 0.5768
vn -0.8774 0.3000 0.3744
vn -0.8839 -0.3977 0.2461
vn -0.7613 -0.6292 0.1566
vn -0.5563 -0.8195 0.1377
vn -0.1687 -0.9799 0.1067
vn -0.6426 0.2255 0.7323
vn -0.8453 0.2333 0.4807
vn -0.8512 0.2512 0.4607
vn -0.7601 -0.5851 0.2828
vn -0.6411 0.3109 0.7017
vn 0.1485 0.3201 -0.9357
vn -0.4158 -0.0602 -0.9075
vn -0.4125 -0.1204 -0.9030
vn 0.2142 0.7740 -0.5959
vn 0.2143 0.7740 -0.5959
vn 0.6586 0.7102 -0.2486
vn 0.6586 0.7102 -0.2485
vn -0.2869 0.5953 -0.7505
vn -0.2294 0.6123 -0.7566
vn -0.2294 0.6123 -0.7567
vn -0.4314 0.0231 -0.9019
vn -0.3925 0.3075 -0.8668
vn -0.4085 0.1485 -0.9006
vn -0.3879 0.4325 -0.8139
vn -0.0082 0.9715 0.2371
vn -0.5929 -0.3568 0.7220
vn -0.6604 -0.3867 0.6437
vn -0.1513 -0.6593 0.7365
vn -0.6720 -0.3030 0.6757
vn -0.6720 -0.3031 0.6757
vn -0.3771 -0.4861 0.7884
vn -0.3771 -0.4860 0.7884
vn -0.4810 -0.3027 0.8228
vn -0.4795 -0.3001 0.8247
vn -0.4795 -0.3001 0.8246
vn -0.4482 -0.3945 0.8022
vn 0.3151 0.6547 -0.6871
vn 0.4618 0.7420 -0.4860
vn 0.6558 0.6920 -0.3017
vn -0.9803 0.1706 0.0991
vn -0.9854 -0.1427 -0.0924
vn -0.9635 -0.2594 0.0663
vn -0.8641 -0.4548 0.2153
vn -0.9211 -0.3624 0.1420
vn -0.4086 0.1484 -0.9006
vn -0.4314 0.0230 -0.9019
vn 0.6858 -0.1502 -0.7121
vn 0.6876 -0.1979 -0.6986
vn -0.6399 0.3939 0.6598
vn -0.7471 -0.6607 -0.0728
vn -0.5865 -0.8073 -0.0654
vn 0.1619 0.3584 0.9194
vn -0.8630 0.1062 0.4939
vn -0.3152 -0.8156 -0.4852
vn 0.4770 0.8786 -0.0219
vn 0.6073 0.7250 0.3248
vn 0.3617 0.8529 -0.3764
vn 0.6124 -0.0232 -0.7902
vn 0.5003 0.7643 -0.4069
vn 0.4069 0.8073 -0.4273
vn 0.6889 0.7012 -0.1838
vn 0.6647 -0.0069 -0.7471
vn 0.6646 -0.0069 -0.7471
vn 0.6646 -0.0069 -0.7472
vn 0.6078 0.7246 0.3249
vn 0.3066 -0.8178 -0.4870
vn -0.9864 -0.1644 -0.0020
vn -0.3646 -0.9311 -0.0110
vn -0.3701 -0.9289 -0.0129
vn -0.7374 0.0920 0.6692
vn -0.5925 0.4419 0.6736
vn -0.7048 0.2517 0.6632
vn -0.8266 0.3171 0.4649
vn -0.8566 0.3703 0.3594
vn -0.8514 0.3923 0.3481
vn -0.5354 0.6363 0.5554
vn -0.9920 0.0414 0.1193
vn -0.9880 0.0259 0.1522
vn -0.9104 -0.0943 0.4028
vn -0.0824 0.5022 -0.8608
vn -0.1111 0.5819 -0.8056
vn -0.0502 0.6253 -0.7788
vn 0.6823 -0.1021 -0.7239
vn -0.0876 0.0925 -0.9919
vn -0.2332 0.5643 -0.7920
vn -0.5496 0.6410 0.5358
vn -0.4654 0.5939 0.6563
vn -0.6122 0.2171 0.7603
vn -0.5728 0.1860 0.7983
vn -0.7356 -0.1854 0.6515
vn -0.6750 0.4917 0.5501
vn -0.6179 0.4466 0.6471
vn -0.7382 0.0151 0.6744
vt 0.873218 0.567794
vt 0.797533 0.564594
vt 0.871436 0.584767
vt 0.849452 0.627009
vt 0.797533 0.640098
vt 0.846025 0.443900
vt 0.797533 0.433621
vt 0.866826 0.776605
vt 0.900946 0.775570
vt 0.902915 0.794976
vt 0.883108 0.801761
vt 0.234529 0.254348
vt 0.236567 0.278109
vt 0.188874 0.278109
vt 0.190955 0.254348
vt 0.872829 0.556883
vt 0.864526 0.503938
vt 0.832618 0.404957
vt 0.433080 0.885515
vt 0.345689 0.885515
vt 0.345046 0.908909
vt 0.432708 0.908909
vt 0.241324 0.051722
vt 0.241324 0.067759
vt 0.345677 0.051721
vt 0.995071 0.793027
vt 0.923206 0.816437
vt 0.895434 0.816437
vt 0.241324 0.291348
vt 0.345677 0.291348
vt 0.507433 0.459389
vt 0.422846 0.459389
vt 0.507433 0.417278
vt 0.510055 0.885515
vt 0.509657 0.798483
vt 0.432348 0.803932
vt 0.960840 0.816437
vt 0.708341 0.582162
vt 0.707133 0.658000
vt 0.790541 0.658000
vt 0.790541 0.582162
vt 0.169216 0.737956
vt 0.199919 0.734211
vt 0.162364 0.678138
vt 0.210405 0.579409
vt 0.262233 0.579409
vt 0.266402 0.514434
vt 0.790541 0.134520
vt 0.723002 0.134520
vt 0.723002 0.240718
vt 0.790541 0.240718
vt 0.005654 0.762938
vt 0.078980 0.750674
vt 0.079074 0.656843
vt 0.005654 0.662997
vt 0.995275 0.599482
vt 0.995275 0.658636
vt 0.926562 0.601360
vt 0.345689 0.582162
vt 0.345689 0.658001
vt 0.431616 0.652255
vt 0.431616 0.582162
vt 0.078529 0.544905
vt 0.005654 0.522147
vt 0.884517 0.349142
vt 0.896351 0.349142
vt 0.896351 0.378109
vt 0.884517 0.378109
vt 0.515442 0.582116
vt 0.510742 0.568445
vt 0.509648 0.582162
vt 0.723002 0.068126
vt 0.790541 0.050877
vt 0.512540 0.095820
vt 0.616153 0.099398
vt 0.595632 0.084085
vt 0.534626 0.080428
vt 0.509265 0.720343
vt 0.431616 0.722502
vt 0.400940 0.476827
vt 0.369311 0.498942
vt 0.384081 0.476827
vt 0.636170 0.653925
vt 0.799674 0.656415
vt 0.810039 0.661606
vt 0.823442 0.703524
vt 0.815963 0.707736
vt 0.443698 0.559116
vt 0.507433 0.520156
vt 0.507433 0.559116
vt 0.640459 0.340545
vt 0.563139 0.259190
vt 0.563139 0.340545
vt 0.519069 0.885515
vt 0.563128 0.885515
vt 0.518418 0.798577
vt 0.877920 0.536050
vt 0.884517 0.536050
vt 0.884517 0.595649
vt 0.877920 0.595649
vt 0.877920 0.509081
vt 0.884517 0.509081
vt 0.304331 0.579409
vt 0.304079 0.555352
vt 0.162271 0.659314
vt 0.201081 0.656338
vt 0.204813 0.581042
vt 0.163184 0.565475
vt 0.896351 0.397283
vt 0.884517 0.397283
vt 0.877920 0.486134
vt 0.884517 0.487338
vt 0.511706 0.346084
vt 0.476546 0.260446
vt 0.476546 0.374515
vt 0.297468 0.312583
vt 0.248730 0.476827
vt 0.248724 0.387056
vt 0.196743 0.835135
vt 0.157668 0.863149
vt 0.184105 0.900854
vt 0.060939 0.920267
vt 0.081318 0.912344
vt 0.101345 0.851565
vt 0.082478 0.857448
vt 0.005654 0.801003
vt 0.075459 0.846443
vt 0.815614 0.370812
vt 0.241324 0.040680
vt 0.361827 0.040680
vt 0.884517 0.418157
vt 0.896351 0.418157
vt 0.559679 0.260446
vt 0.545560 0.311638
vt 0.490326 0.134650
vt 0.640713 0.134520
vt 0.268500 0.658107
vt 0.300501 0.658107
vt 0.268580 0.579409
vt 0.268522 0.736916
vt 0.269013 0.813698
vt 0.284086 0.813698
vt 0.300423 0.736916
vt 0.215164 0.658107
vt 0.262476 0.658107
vt 0.262181 0.736916
vt 0.219923 0.736916
vt 0.235684 0.823519
vt 0.261361 0.813698
vt 0.643870 0.348825
vt 0.649235 0.452909
vt 0.686190 0.348825
vt 0.707351 0.575968
vt 0.634216 0.575968
vt 0.885484 0.595792
vt 0.886678 0.661184
vt 0.878156 0.655765
vt 0.490326 0.164678
vt 0.853608 0.753667
vt 0.845447 0.753667
vt 0.707133 0.885515
vt 0.790541 0.885515
vt 0.790541 0.813847
vt 0.707133 0.809677
vt 0.234478 0.476827
vt 0.100515 0.033670
vt 0.090234 0.076200
vt 0.033452 0.024489
vt 0.896351 0.455842
vt 0.896351 0.437153
vt 0.902178 0.437153
vt 0.902178 0.455842
vt 0.392768 0.063359
vt 0.374701 0.140725
vt 0.409258 0.139111
vt 0.927929 0.509081
vt 0.896351 0.491191
vt 0.501544 0.197638
vt 0.183174 0.476827
vt 0.183168 0.387001
vt 0.241324 0.009327
vt 0.241324 0.033191
vt 0.374701 0.033191
vt 0.374701 0.009327
vt 0.877920 0.397283
vt 0.877920 0.418157
vt 0.790541 0.348825
vt 0.723002 0.348825
vt 0.715834 0.452909
vt 0.790541 0.452909
vt 0.377506 0.476827
vt 0.377794 0.301962
vt 0.408861 0.326196
vt 0.405962 0.449318
vt 0.925012 0.659215
vt 0.918154 0.753667
vt 0.421332 0.352441
vt 0.418369 0.424933
vt 0.884517 0.437153
vt 0.033126 0.316945
vt 0.059075 0.412736
vt 0.011326 0.432512
vt 0.010124 0.316945
vt 0.877920 0.378109
vt 0.353215 0.476827
vt 0.353215 0.507661
vt 0.562723 0.077570
vt 0.361827 0.150390
vt 0.640713 0.240718
vt 0.877920 0.437153
vt 0.884517 0.455842
vt 0.877920 0.455842
vt 0.033452 0.075128
vt 0.110458 0.128086
vt 0.033452 0.126083
vt 0.514896 0.348825
vt 0.514896 0.452909
vt 0.570546 0.452909
vt 0.563112 0.348825
vt 0.615544 0.452909
vt 0.606669 0.348825
vt 0.790541 0.575968
vt 0.927929 0.490755
vt 0.323502 0.299221
vt 0.343986 0.476827
vt 0.932768 0.535835
vt 0.927929 0.536050
vt 0.932768 0.508424
vt 0.902178 0.378109
vt 0.902178 0.397283
vt 0.361827 0.291348
vt 0.425456 0.386109
vt 0.580866 0.575968
vt 0.517819 0.575968
vt 0.517815 0.646822
vt 0.582510 0.650628
vt 0.797533 0.346087
vt 0.636170 0.806129
vt 0.636170 0.885515
vt 0.509285 0.646786
vt 0.124408 0.847668
vt 0.153718 0.742529
vt 0.345689 0.724779
vt 0.517774 0.720360
vt 0.582510 0.721791
vt 0.636170 0.723229
vt 0.707133 0.724779
vt 0.790541 0.724779
vt 0.269339 0.898653
vt 0.345689 0.809677
vt 0.582510 0.801792
vt 0.067059 0.961596
vt 0.146203 0.083175
vt 0.033452 0.002844
vt 0.311443 0.544165
vt 0.281502 0.515895
vt 0.258207 0.499962
vt 0.213286 0.556912
vt 0.165497 0.548242
vt 0.080693 0.525437
vt 0.356498 0.567589
vt 0.346108 0.567639
vt 0.431461 0.567259
vt 0.995275 0.753667
vt 0.995275 0.775570
vt 0.006200 0.499442
vt 0.127070 0.931878
vt 0.129163 0.941377
vt 0.182706 0.913052
vt 0.707576 0.908909
vt 0.790541 0.908909
vt 0.069212 0.970456
vt 0.005654 0.985017
vt 0.008622 0.996817
vt 0.636123 0.908909
vt 0.519098 0.908909
vt 0.562804 0.908909
vt 0.509900 0.908909
vt 0.932768 0.490663
vt 0.927929 0.484846
vt 0.353215 0.298003
vt 0.926542 0.595962
vt 0.509379 0.582162
vt 0.339649 0.579409
vt 0.336443 0.658107
vt 0.312442 0.813698
vt 0.333238 0.736916
vt 0.343801 0.567399
vt 0.341862 0.481942
vt 0.507433 0.468669
vt 0.402434 0.468669
vt 0.582663 0.582162
vt 0.636800 0.582162
vt 0.859675 0.613463
vt 0.896351 0.487144
vt 0.011326 0.458176
vt 0.927929 0.595214
vt 0.877920 0.349142
vt 0.930141 0.595962
vt 0.902178 0.418157
vt 0.902178 0.485138
vt 0.343986 0.298003
vt 0.995275 0.594692
vt 0.932768 0.595214
vt 0.902178 0.349142
vt 0.643870 0.240718
vt 0.686190 0.240718
vt 0.686190 0.134520
vt 0.643870 0.134520
vt 0.073144 0.470864
vt 0.102891 0.412736
vt 0.005654 0.937147
vt 0.005654 0.847543
vt 0.005654 0.859741
vt 0.126812 0.883187
vt 0.161806 0.836069
vt 0.010199 0.232130
vt 0.005866 0.196844
vt 0.037729 0.317818
vt 0.005866 0.317818
vt 0.507433 0.364317
vt 0.507433 0.375168
vt 0.005866 0.432512
vt 0.005866 0.463480
vt 0.183994 0.130740
vt 0.104122 0.254348
vt 0.033452 0.254348
vt 0.104715 0.278109
vt 0.033452 0.278109
vt 0.995180 0.816437
vt 0.061231 0.406258
vt 0.111556 0.406258
vt 0.156326 0.491906
vt 0.147660 0.486602
vt 0.073782 0.476168
vt 0.404044 0.476003
vt 0.507433 0.476003
vt 0.507433 0.481196
vt 0.416846 0.481196
vt 0.507433 0.564309
vt 0.430896 0.564309
s 1
usemtl defaultMaterial.002
f 93/36/66 94/37/67 95/38/68
f 96/39/69 94/37/67 97/40/70
f 98/41/71 99/42/72 94/37/67
f 100/43/73 101/44/74 102/45/75
f 100/43/73 102/45/75 103/46/76
f 104/47/77 105/48/77 106/49/78
f 104/47/77 106/49/78 107/50/78
f 108/51/79 109/52/80 98/41/71
f 108/51/79 98/41/71 94/37/67
f 98/41/71 110/53/81 99/42/72
f 111/54/82 112/55/83 113/56/83
f 111/54/82 113/56/83 114/57/84
s 0
f 115/58/85 116/59/85 117/60/85
s 1
f 118/61/86 119/62/87 120/63/88
s 0
f 117/60/85 116/59/85 121/64/85
f 117/60/85 121/64/85 122/65/85
s 1
f 123/66/89 124/67/90 125/68/91
f 126/69/92 127/70/93 128/71/94
f 126/69/92 128/71/94 129/54/95
f 118/61/86 130/72/96 119/62/87
f 131/73/97 132/74/98 133/75/99
f 131/73/97 133/75/99 134/76/100
f 135/77/101 136/78/102 137/79/103
f 138/80/104 139/81/105 140/82/106
f 141/83/107 142/84/108 143/85/109
f 141/83/107 143/85/109 144/86/110
f 145/87/111 146/88/112 147/89/113
f 145/87/111 147/89/113 148/90/114
s 0
f 149/91/85 150/92/85 151/93/85
s 1
f 152/94/115 153/95/116 154/96/117
f 152/94/115 154/96/117 155/97/118
f 156/98/119 157/99/120 148/90/114
f 156/98/119 148/90/114 147/89/113
f 158/100/121 159/101/121 160/102/122
f 158/100/121 160/102/122 161/103/122
f 162/104/123 163/105/124 164/106/124
f 165/107/125 141/83/107 166/108/126
s 0
f 167/109/127 168/110/127 169/111/127
f 167/109/127 169/111/127 170/112/127
s 1
f 171/113/128 172/114/129 128/71/94
f 171/113/128 128/71/94 127/70/93
f 173/115/130 174/116/131 175/117/130
f 131/73/97 176/118/132 132/74/98
f 177/119/133 178/120/134 179/121/135
f 177/119/133 179/121/135 180/122/135
f 181/123/136 182/124/137 183/125/138
f 184/126/139 185/127/140 186/128/141
f 187/129/142 188/130/143 189/131/144
f 190/132/145 191/133/146 192/134/147
f 190/132/145 192/134/147 193/135/147
f 194/136/148 195/137/149 191/133/146
f 194/136/148 191/133/146 190/132/145
f 140/82/106 196/138/150 197/139/151
f 198/140/152 199/141/153 200/142/154
f 198/140/152 200/142/154 201/143/155
f 160/102/122 202/144/156 203/145/156
f 160/102/122 203/145/156 161/103/122
f 204/146/157 205/147/158 195/137/149
f 204/146/157 195/137/149 194/136/148
f 206/148/159 207/149/160 208/150/161
f 209/151/162 210/152/163 211/153/164
f 212/154/165 213/155/166 214/156/167
f 215/157/168 216/158/169 217/159/170
f 215/157/168 217/159/170 218/160/171
f 146/88/112 219/161/172 220/162/173
f 110/53/81 221/163/174 99/42/72
s 0
f 222/164/85 115/58/85 117/60/85
f 222/164/85 117/60/85 223/165/85
s 1
f 224/166/175 203/145/156 202/144/156
f 224/166/175 202/144/156 225/167/175
f 226/168/176 207/149/160 227/169/177
s 0
f 168/110/127 167/109/127 228/170/127
s 1
f 168/110/127 228/170/127 229/171/178
f 230/172/179 231/173/180 196/138/150
f 230/172/179 196/138/150 232/174/181
f 233/175/182 234/176/183 235/177/184
f 233/175/182 235/177/184 236/178/185
f 138/80/104 237/179/186 238/180/187
f 138/80/104 238/180/187 139/81/105
f 239/181/188 240/182/189 241/183/190
f 239/181/188 241/183/190 242/184/191
f 243/185/192 244/186/193 245/187/194
f 246/188/195 244/186/193 247/189/196
f 248/135/197 249/190/197 250/191/198
f 248/135/197 250/191/198 251/192/198
f 228/170/127 252/193/127 229/171/178
f 180/122/135 179/121/135 253/194/199
f 180/122/135 253/194/199 254/195/200
f 255/196/201 256/197/202 257/198/203
f 255/196/201 257/198/203 258/199/204
f 259/200/205 211/153/164 210/152/163
f 260/201/206 261/202/207 262/203/208
f 263/204/209 264/205/210 265/206/211
f 263/204/209 265/206/211 266/207/212
f 267/208/125 268/209/213 269/210/214
f 270/211/215 271/137/215 272/212/85
f 185/127/140 229/171/178 273/213/127
f 273/213/127 229/171/178 252/193/127
s 0
f 259/200/205 274/214/205 275/215/205
s 1
f 259/200/205 275/215/205 211/153/164
f 276/216/216 277/217/217 278/218/218
f 276/216/216 278/218/218 279/219/219
f 280/220/220 281/145/220 282/166/221
f 280/220/220 282/166/221 283/221/221
f 284/222/222 285/223/223 286/224/224
f 284/222/222 286/224/224 287/225/225
s 0
f 288/226/226 289/227/226 290/228/226
f 288/226/227 290/228/227 291/229/227
s 1
f 292/230/85 293/231/228 294/194/229
f 292/230/85 294/194/229 295/191/85
s 0
f 291/229/230 290/228/230 296/232/230
f 291/229/231 296/232/227 297/233/227
s 1
f 298/205/232 299/234/232 224/166/175
f 298/205/232 224/166/175 225/167/175
f 300/235/233 301/236/234 302/237/235
f 300/235/233 302/237/235 303/238/236
f 304/239/237 305/103/238 281/145/220
f 304/239/237 281/145/220 280/220/220
f 306/240/239 307/226/240 174/116/131
f 306/240/239 174/116/131 308/241/241
s 0
f 309/242/127 170/112/127 169/111/127
s 1
f 310/165/242 311/243/243 312/209/243
f 310/165/242 312/209/243 313/218/242
f 184/126/139 314/244/244 185/127/140
f 294/194/229 315/121/85 295/191/85
f 267/208/125 278/218/245 268/209/213
f 316/245/246 317/234/246 318/246/247
f 316/245/246 318/246/247 319/247/247
f 320/248/248 261/202/207 321/249/249
f 320/248/248 321/249/249 322/250/250
f 323/251/251 324/252/252 325/253/253
f 323/251/251 325/253/253 326/254/254
f 204/146/157 319/247/247 318/246/247
f 204/146/157 318/246/247 205/147/158
f 327/255/255 244/186/193 328/256/256
f 329/164/257 310/165/242 313/218/242
f 329/164/257 313/218/242 330/217/257
f 142/84/108 141/83/107 165/107/125
f 246/188/195 331/257/258 287/225/225
f 246/188/195 287/225/225 286/224/224
f 332/258/85 270/211/215 272/212/85
s 0
f 333/259/162 334/260/162 209/151/162
s 1
f 335/261/259 336/262/259 337/211/260
f 335/261/259 337/211/260 338/263/260
f 210/152/163 209/151/162 334/260/162
f 339/144/261 340/102/262 341/264/263
f 339/144/261 341/264/263 342/265/261
s 0
f 122/65/85 343/266/85 344/243/85
f 122/65/85 344/243/85 223/165/85
f 122/65/85 223/165/85 117/60/85
f 345/267/227 297/233/227 296/232/227
s 1
f 346/268/264 325/253/253 324/252/252
f 346/268/264 324/252/252 347/269/265
f 348/270/266 349/271/267 350/106/268
f 233/175/182 236/178/185 231/173/180
f 233/175/182 231/173/180 230/172/179
f 240/182/189 239/181/188 238/180/187
f 240/182/189 238/180/187 237/179/186
f 351/272/269 99/42/72 221/163/174
f 255/196/201 352/273/270 353/274/271
f 171/113/128 354/275/272 154/96/117
f 171/113/128 154/96/117 172/114/129
f 147/89/113 137/79/103 198/140/152
f 146/88/112 355/276/273 356/277/274
f 156/98/119 147/89/113 201/143/155
f 357/278/275 172/114/129 154/96/117
f 357/278/275 154/96/117 153/95/116
f 358/279/276 359/280/277 349/271/267
f 358/279/276 349/271/267 348/270/266
f 360/281/278 361/282/279 132/74/98
f 360/281/278 132/74/98 176/118/132
f 361/282/279 362/283/280 133/75/99
f 361/282/279 133/75/99 132/74/98
f 363/284/281 242/184/191 241/183/190
f 363/284/281 235/177/184 234/176/183
f 129/54/95 128/71/94 364/285/282
f 129/54/95 364/285/282 365/55/283
f 359/280/277 358/279/276 189/131/144
f 359/280/277 189/131/144 366/286/284
f 361/282/279 360/281/278 352/273/270
f 361/282/279 352/273/270 258/199/204
f 362/283/280 361/282/279 258/199/204
f 362/283/280 258/199/204 257/198/203
f 367/287/285 216/158/169 215/157/168
f 354/275/272 155/97/118 154/96/117
f 357/278/275 364/285/282 128/71/94
f 357/278/275 128/71/94 172/114/129
f 368/288/286 261/202/207 260/201/206
f 260/201/206 262/203/208 369/289/287
f 370/82/288 371/139/289 372/290/289
f 370/82/288 372/290/289 373/291/288
f 374/80/290 375/82/291 376/292/292
f 374/80/290 376/292/292 377/293/293
f 378/143/294 374/80/290 377/293/293
f 378/143/294 377/293/293 379/294/294
f 380/98/295 378/143/294 379/294/294
f 380/98/295 379/294/294 381/295/296
f 382/94/297 383/296/298 384/297/299
f 385/97/300 164/106/124 163/105/124
f 385/97/300 163/105/124 386/298/300
f 387/299/301 388/300/302 389/44/303
f 387/299/301 389/44/303 293/231/228
f 390/99/304 380/98/295 381/295/296
f 390/99/304 381/295/296 391/301/304
f 392/156/305 393/302/306 394/303/306
f 392/156/305 394/303/306 395/304/307
f 396/197/308 397/196/309 398/305/309
f 396/197/308 398/305/309 399/306/308
f 393/302/306 400/287/310 401/307/311
f 393/302/306 401/307/311 394/303/306
f 400/287/310 402/308/312 403/309/312
f 400/287/310 403/309/312 401/307/311
f 397/196/309 404/274/313 405/310/314
f 397/196/309 405/310/314 398/305/309
f 406/130/315 407/129/316 408/311/317
f 406/130/315 408/311/317 409/312/315
f 410/69/318 111/54/82 114/57/84
f 410/69/318 114/57/84 411/313/318
f 246/188/195 286/224/224 244/186/193
f 412/314/319 413/258/320 414/315/321
f 415/227/322 306/240/239 416/316/322
f 307/226/240 306/240/239 415/227/322
f 150/92/85 387/299/301 293/231/228
f 150/92/85 293/231/228 292/230/85
s 0
f 150/92/85 292/230/85 151/93/85
f 292/230/85 295/191/85 151/93/85
s 1
f 417/317/323 151/93/85 418/190/324
f 251/192/198 250/191/198 178/120/134
f 251/192/198 178/120/134 177/119/133
s 0
f 315/121/85 419/120/85 295/191/85
s 1
f 108/51/79 94/37/67 93/36/66
f 189/131/144 358/279/276 171/113/128
f 189/131/144 171/113/128 127/70/93
f 410/69/318 411/313/318 408/311/317
f 410/69/318 408/311/317 407/129/316
f 187/129/142 189/131/144 127/70/93
f 187/129/142 127/70/93 126/69/92
f 420/318/325 354/275/272 348/270/266
f 420/318/325 348/270/266 350/106/268
f 354/275/272 171/113/128 358/279/276
f 354/275/272 358/279/276 348/270/266
f 421/319/326 197/139/151 196/138/150
f 422/320/327 421/319/326 196/138/150
f 422/320/327 196/138/150 231/173/180
f 423/321/328 424/322/329 236/178/185
f 423/321/328 236/178/185 235/177/184
f 424/322/329 422/320/327 231/173/180
f 424/322/329 231/173/180 236/178/185
f 425/319/330 426/323/331 372/290/289
f 425/319/330 372/290/289 371/139/289
f 423/321/328 235/177/184 363/284/281
f 427/291/332 428/290/333 429/324/333
f 232/174/181 140/82/106 139/81/105
f 242/184/191 363/284/281 234/176/183
f 238/180/187 239/181/188 233/175/182
f 238/180/187 233/175/182 230/172/179
f 139/81/105 238/180/187 230/172/179
f 139/81/105 230/172/179 232/174/181
f 234/176/183 233/175/182 239/181/188
f 234/176/183 239/181/188 242/184/191
f 430/325/334 431/326/335 124/67/90
f 430/325/334 124/67/90 123/66/89
f 227/169/177 207/149/160 206/148/159
f 353/274/271 352/273/270 188/130/143
f 326/254/254 325/253/253 327/255/255
f 326/254/254 327/255/255 328/256/256
f 432/327/336 349/271/267 176/118/132
f 432/327/336 176/118/132 433/328/337
f 349/271/267 359/280/277 360/281/278
f 349/271/267 360/281/278 176/118/132
f 352/273/270 360/281/278 359/280/277
f 352/273/270 359/280/277 366/286/284
f 406/130/315 409/312/315 405/310/314
f 406/130/315 405/310/314 404/274/313
f 325/253/253 346/268/264 247/189/196
f 325/253/253 247/189/196 327/255/255
f 96/39/69 434/329/338 94/37/67
f 95/38/68 94/37/67 434/329/338
f 435/204/339 436/330/340 437/147/340
f 435/204/339 437/147/340 438/246/341
f 298/205/232 435/204/339 438/246/341
f 298/205/232 438/246/341 299/234/232
f 301/236/234 439/331/342 302/237/235
f 440/262/343 441/332/344 442/134/345
f 440/262/343 442/134/345 443/133/343
f 316/245/246 283/221/221 282/166/221
f 316/245/246 282/166/221 317/234/246
f 199/141/153 137/79/103 136/78/102
f 440/262/343 443/133/343 271/137/215
f 440/262/343 271/137/215 270/211/215
f 304/239/237 444/333/346 305/103/238
f 436/330/340 272/212/85 271/137/215
f 436/330/340 271/137/215 437/147/340
f 445/93/347 446/317/348 447/334/349
f 338/263/260 337/211/260 413/258/320
f 338/263/260 413/258/320 412/314/319
f 295/191/85 418/190/324 151/93/85
f 342/265/261 448/335/350 449/167/350
f 342/265/261 449/167/350 339/144/261
f 450/336/351 414/315/321 413/258/320
f 450/336/351 413/258/320 451/212/352
f 266/207/212 450/336/351 452/330/353
f 266/207/212 452/330/353 263/204/209
f 450/336/351 451/212/352 452/330/353
f 453/316/354 454/240/355 455/260/356
f 453/316/354 455/260/356 456/337/354
f 457/91/357 445/93/347 447/334/349
f 457/91/357 447/334/349 458/338/357
f 264/205/210 449/167/350 448/335/350
f 264/205/210 448/335/350 265/206/211
f 335/261/259 459/339/349 460/332/358
f 335/261/259 460/332/358 336/262/259
f 461/340/359 340/102/262 159/101/121
f 462/341/244 463/342/360 464/343/361
f 462/341/244 464/343/361 465/344/362
f 143/85/109 142/84/108 464/343/361
f 143/85/109 464/343/361 463/342/360
f 327/255/255 247/189/196 244/186/193
f 463/342/360 245/187/194 285/223/223
f 463/342/360 285/223/223 143/85/109
f 286/224/224 245/187/194 244/186/193
f 341/264/263 340/102/262 461/340/359
f 243/185/192 245/187/194 463/342/360
f 243/185/192 463/342/360 462/341/244
f 158/100/121 305/103/238 444/333/346
f 103/46/76 102/45/75 120/63/88
s 0
f 466/337/162 334/260/162 333/259/162
s 1
f 467/300/363 118/61/86 102/45/75
f 467/300/363 102/45/75 101/44/74
f 220/162/173 218/160/171 217/159/170
f 301/236/234 468/345/364 439/331/342
f 301/236/234 469/346/365 468/345/364
f 470/308/366 367/287/285 215/157/168
f 470/308/366 215/157/168 471/347/367
f 472/348/368 473/349/368 218/160/171
f 472/348/368 218/160/171 220/162/173
f 474/302/369 475/350/369 216/158/169
f 474/302/369 216/158/169 367/287/285
f 212/154/165 136/78/102 135/77/101
f 212/154/165 135/77/101 476/351/370
f 303/238/236 477/352/371 300/235/233
f 217/159/170 355/276/273 220/162/173
f 476/351/370 213/155/166 212/154/165
f 432/327/336 350/106/268 349/271/267
f 478/353/372 479/354/373 300/235/233
f 478/353/372 300/235/233 477/352/371
f 480/355/374 478/353/372 477/352/371
f 480/355/374 477/352/371 303/238/236
f 366/286/284 189/131/144 188/130/143
f 220/162/173 355/276/273 146/88/112
f 431/326/335 481/356/375 482/357/376
f 431/326/335 482/357/376 124/67/90
f 483/358/377 480/355/374 303/238/236
f 483/358/377 303/238/236 302/237/235
f 484/359/378 483/358/377 302/237/235
f 484/359/378 302/237/235 439/331/342
f 285/223/223 284/222/222 144/86/110
f 285/223/223 144/86/110 143/85/109
f 320/248/248 262/203/208 261/202/207
f 475/350/369 474/302/369 214/156/167
f 475/350/369 214/156/167 213/155/166
f 258/199/204 352/273/270 255/196/201
f 433/328/337 176/118/132 131/73/97
f 175/117/130 174/116/131 307/226/240
f 146/88/112 137/79/103 147/89/113
f 356/277/274 137/79/103 146/88/112
f 198/140/152 137/79/103 199/141/153
f 485/360/379 321/249/249 368/288/286
f 118/61/86 120/63/88 102/45/75
f 321/249/249 485/360/379 486/50/380
f 322/250/250 487/361/381 488/362/382
f 429/324/333 428/290/333 489/323/383
f 490/362/384 491/361/385 492/363/385
f 490/362/384 492/363/385 493/364/384
f 107/50/78 106/49/78 492/363/385
f 107/50/78 492/363/385 491/361/385
f 486/50/380 487/361/381 321/249/249
f 321/249/249 487/361/381 322/250/250
f 494/365/386 130/72/96 118/61/86
f 495/47/387 486/50/380 485/360/379
f 232/174/181 196/138/150 140/82/106
f 294/194/229 293/231/228 389/44/303
f 385/97/300 386/298/300 383/296/298
f 385/97/300 383/296/298 382/94/297
f 285/223/223 245/187/194 286/224/224
f 145/87/111 219/161/172 146/88/112
f 229/171/178 185/127/140 314/244/244
f 420/318/325 155/97/118 354/275/272
f 243/185/192 328/256/256 244/186/193
f 479/354/373 496/366/388 301/236/234
f 479/354/373 301/236/234 300/235/233
f 496/366/388 497/367/389 469/346/365
f 496/366/388 469/346/365 301/236/234
f 497/367/389 498/368/390 499/369/391
f 497/367/389 499/369/391 469/346/365
f 498/368/390 500/370/392 468/345/364
f 498/368/390 468/345/364 499/369/391
f 500/370/392 484/359/378 439/331/342
f 500/370/392 439/331/342 468/345/364
f 501/371/393 502/372/394 503/373/395
f 501/371/393 503/373/395 504/374/396
f 505/375/397 506/376/398 181/123/136
f 505/375/397 181/123/136 183/125/138
f 506/376/398 501/371/393 504/374/396
f 506/376/398 504/374/396 181/123/136
f 482/357/376 125/68/91 124/67/90
f 504/374/396 182/124/137 181/123/136
f 503/373/395 182/124/137 504/374/396
f 499/369/391 468/345/364 469/346/365
f 261/202/207 368/288/286 321/249/249
f 507/38/399 94/37/67 508/36/400
f 97/40/70 94/37/67 509/39/401
f 94/37/67 99/42/72 510/41/402
f 511/43/403 512/46/404 513/45/405
f 511/43/403 513/45/405 514/44/406
f 515/47/407 516/50/408 517/49/408
f 515/47/407 517/49/408 518/48/407
f 519/51/409 94/37/67 510/41/402
f 519/51/409 510/41/402 520/52/410
f 99/42/72 521/53/411 510/41/402
f 522/54/412 523/57/412 524/56/413
f 522/54/412 524/56/413 525/55/413
s 0
f 526/60/85 116/59/85 115/58/85
s 1
f 527/63/414 528/62/415 118/61/86
s 0
f 526/60/85 529/65/85 121/64/85
f 526/60/85 121/64/85 116/59/85
s 1
f 125/68/91 530/67/416 123/66/89
f 531/69/417 532/54/418 533/71/419
f 531/69/417 533/71/419 534/70/420
f 528/62/415 535/72/421 118/61/86
f 536/73/422 134/76/100 133/75/99
f 536/73/422 133/75/99 537/74/423
f 538/79/424 539/78/425 540/77/426
f 541/82/427 542/81/428 543/80/429
f 141/83/107 144/86/110 544/85/430
f 141/83/107 544/85/430 545/84/431
f 145/87/111 148/90/114 546/89/432
f 145/87/111 546/89/432 547/88/433
s 0
f 548/93/85 150/92/85 149/91/85
s 1
f 549/94/434 550/97/435 551/96/436
f 549/94/434 551/96/436 552/95/437
f 553/98/438 546/89/432 148/90/114
f 553/98/438 148/90/114 157/99/120
f 554/100/121 555/103/122 556/102/122
f 554/100/121 556/102/122 557/101/121
f 558/106/439 559/105/439 560/104/440
f 166/108/126 141/83/107 561/107/441
s 0
f 562/109/162 563/112/162 564/111/162
f 562/109/162 564/111/162 565/110/162
s 1
f 566/113/442 534/70/420 533/71/419
f 566/113/442 533/71/419 567/114/443
f 568/115/130 569/117/130 570/116/444
f 537/74/423 571/118/445 536/73/422
f 572/119/446 573/122/447 574/121/447
f 572/119/446 574/121/447 575/120/448
f 183/125/138 182/124/137 576/123/449
f 577/128/450 578/127/451 579/126/452
f 580/131/453 581/130/454 582/129/455
f 583/132/456 584/135/457 585/134/457
f 583/132/456 585/134/457 586/133/458
f 587/136/459 583/132/456 586/133/458
f 587/136/459 586/133/458 588/137/460
f 589/139/461 590/138/462 541/82/427
f 591/140/463 592/143/464 593/142/465
f 591/140/463 593/142/465 594/141/466
f 556/102/122 555/103/122 595/145/156
f 556/102/122 595/145/156 596/144/156
f 597/146/467 587/136/459 588/137/460
f 597/146/467 588/137/460 598/147/468
f 599/150/161 600/149/469 601/148/470
f 602/153/471 603/152/472 604/151/127
f 605/156/473 606/155/474 607/154/475
f 608/157/476 609/160/477 610/159/478
f 608/157/476 610/159/478 611/158/479
f 612/162/480 219/161/172 547/88/433
f 99/42/72 613/163/481 521/53/411
s 0
f 222/164/85 614/165/85 526/60/85
f 222/164/85 526/60/85 115/58/85
s 1
f 615/166/175 616/167/175 596/144/156
f 615/166/175 596/144/156 595/145/156
f 617/169/482 600/149/469 618/168/483
f 565/110/162 619/171/484 620/170/162
s 0
f 565/110/162 620/170/162 562/109/162
s 1
f 621/172/485 622/174/486 590/138/462
f 621/172/485 590/138/462 623/173/487
f 624/175/488 625/178/489 626/177/490
f 624/175/488 626/177/490 627/176/491
f 543/80/429 542/81/428 628/180/492
f 543/80/429 628/180/492 629/179/493
f 630/181/494 631/184/495 632/183/496
f 630/181/494 632/183/496 633/182/497
f 634/187/498 635/186/499 636/185/500
f 637/189/501 635/186/499 638/188/502
f 639/135/503 640/192/504 641/191/504
f 639/135/503 641/191/504 642/190/503
f 619/171/484 643/193/162 620/170/162
f 573/122/447 644/195/505 645/194/506
f 573/122/447 645/194/506 574/121/447
f 646/196/507 647/199/508 257/198/203
f 646/196/507 257/198/203 256/197/202
f 603/152/472 602/153/471 648/200/205
f 262/203/208 649/202/509 650/201/510
f 651/204/511 652/207/512 653/206/513
f 651/204/511 653/206/513 654/205/514
f 655/210/515 656/209/516 657/208/517
f 658/212/85 659/137/215 660/211/215
f 661/213/162 619/171/484 578/127/451
f 643/193/162 619/171/484 661/213/162
f 648/200/205 602/153/471 275/215/205
s 0
f 648/200/205 275/215/205 274/214/205
s 1
f 276/216/216 662/219/441 663/218/518
f 276/216/216 663/218/518 277/217/217
f 664/220/519 665/221/520 666/166/520
f 664/220/519 666/166/520 667/145/519
f 284/222/222 287/225/225 668/224/521
f 284/222/222 668/224/521 669/223/522
s 0
f 670/226/523 671/229/523 672/228/523
f 670/226/524 672/228/524 673/227/524
s 1
f 674/230/85 675/191/85 676/194/525
f 674/230/85 676/194/525 677/231/526
s 0
f 671/229/527 678/233/523 679/232/523
f 671/229/528 679/232/528 672/228/528
s 1
f 680/205/232 616/167/175 615/166/175
f 680/205/232 615/166/175 681/234/232
f 682/235/529 683/238/530 684/237/531
f 682/235/529 684/237/531 685/236/532
f 686/239/533 664/220/519 667/145/519
f 686/239/533 667/145/519 687/103/534
f 688/240/535 689/241/536 570/116/444
f 688/240/535 570/116/444 690/226/537
s 0
f 564/111/162 563/112/162 691/242/162
s 1
f 692/165/538 693/218/538 694/209/539
f 692/165/538 694/209/539 695/243/539
f 578/127/451 696/244/540 579/126/452
f 675/191/85 697/121/85 676/194/525
f 656/209/516 663/218/541 657/208/517
f 698/245/542 699/247/543 700/246/543
f 698/245/542 700/246/543 701/234/542
f 320/248/248 322/250/250 702/249/544
f 320/248/248 702/249/544 649/202/509
f 703/251/545 704/254/546 705/253/547
f 703/251/545 705/253/547 706/252/548
f 597/146/467 598/147/468 700/246/543
f 597/146/467 700/246/543 699/247/543
f 707/256/549 635/186/499 708/255/550
f 329/164/257 330/217/257 693/218/538
f 329/164/257 693/218/538 692/165/538
f 561/107/441 141/83/107 545/84/431
f 638/188/502 668/224/521 287/225/225
f 638/188/502 287/225/225 331/257/258
f 658/212/85 660/211/215 709/258/85
s 0
f 604/151/127 710/260/127 711/259/127
s 1
f 712/261/551 713/263/552 714/211/552
f 712/261/551 714/211/552 715/262/551
f 710/260/127 604/151/127 603/152/472
f 716/144/553 717/265/553 718/264/554
f 716/144/553 718/264/554 719/102/555
s 0
f 529/65/85 526/60/85 614/165/85
f 529/65/85 614/165/85 720/243/85
f 529/65/85 720/243/85 721/266/85
f 679/232/523 678/233/523 722/267/523
s 1
f 723/268/556 724/269/557 706/252/548
f 723/268/556 706/252/548 705/253/547
f 725/106/558 726/271/559 727/270/560
f 624/175/488 621/172/485 623/173/487
f 624/175/488 623/173/487 625/178/489
f 633/182/497 629/179/493 628/180/492
f 633/182/497 628/180/492 630/181/494
f 613/163/481 99/42/72 351/272/269
f 728/274/561 729/273/562 646/196/507
f 566/113/442 567/114/443 551/96/436
f 566/113/442 551/96/436 730/275/563
f 591/140/463 538/79/424 546/89/432
f 731/277/564 732/276/565 547/88/433
f 592/143/464 546/89/432 553/98/438
f 733/278/566 552/95/437 551/96/436
f 733/278/566 551/96/436 567/114/443
f 734/279/567 727/270/560 726/271/559
f 734/279/567 726/271/559 735/280/568
f 736/281/569 571/118/445 537/74/423
f 736/281/569 537/74/423 737/282/570
f 737/282/570 537/74/423 133/75/99
f 737/282/570 133/75/99 362/283/280
f 632/183/496 631/184/495 738/284/571
f 627/176/491 626/177/490 738/284/571
f 532/54/418 739/55/572 740/285/573
f 532/54/418 740/285/573 533/71/419
f 735/280/568 741/286/574 580/131/453
f 735/280/568 580/131/453 734/279/567
f 737/282/570 647/199/508 729/273/562
f 737/282/570 729/273/562 736/281/569
f 362/283/280 257/198/203 647/199/508
f 362/283/280 647/199/508 737/282/570
f 608/157/476 611/158/479 742/287/575
f 551/96/436 550/97/435 730/275/563
f 733/278/566 567/114/443 533/71/419
f 733/278/566 533/71/419 740/285/573
f 650/201/510 649/202/509 743/288/576
f 369/289/287 262/203/208 650/201/510
f 744/82/577 745/291/577 746/290/578
f 744/82/577 746/290/578 747/139/578
f 748/80/579 749/293/580 750/292/581
f 748/80/579 750/292/581 751/82/582
f 752/143/583 753/294/583 749/293/580
f 752/143/583 749/293/580 748/80/579
f 754/98/584 755/295/585 753/294/583
f 754/98/584 753/294/583 752/143/583
f 756/297/586 757/296/587 758/94/588
f 759/97/589 760/298/589 559/105/439
f 759/97/589 559/105/439 558/106/439
f 387/299/301 677/231/526 761/44/590
f 387/299/301 761/44/590 388/300/302
f 390/99/304 391/301/304 755/295/585
f 390/99/304 755/295/585 754/98/584
f 762/156/591 763/304/591 764/303/592
f 762/156/591 764/303/592 765/302/592
f 396/197/308 399/306/308 766/305/593
f 396/197/308 766/305/593 767/196/593
f 765/302/592 764/303/592 768/307/594
f 765/302/592 768/307/594 769/287/595
f 769/287/595 768/307/594 403/309/312
f 769/287/595 403/309/312 402/308/312
f 767/196/593 766/305/593 770/310/596
f 767/196/593 770/310/596 771/274/597
f 772/130/598 773/312/598 774/311/599
f 772/130/598 774/311/599 775/129/600
f 776/69/601 777/313/601 523/57/412
f 776/69/601 523/57/412 522/54/412
f 635/186/499 668/224/521 638/188/502
f 778/315/602 779/258/603 780/314/604
f 781/316/322 688/240/535 782/227/322
f 782/227/322 688/240/535 690/226/537
f 150/92/85 674/230/85 677/231/526
f 150/92/85 677/231/526 387/299/301
s 0
f 548/93/85 674/230/85 150/92/85
f 548/93/85 675/191/85 674/230/85
s 1
f 783/190/324 548/93/85 784/317/323
f 640/192/504 572/119/446 575/120/448
f 640/192/504 575/120/448 641/191/504
s 0
f 675/191/85 785/120/85 697/121/85
s 1
f 508/36/400 94/37/67 519/51/409
f 580/131/453 534/70/420 566/113/442
f 580/131/453 566/113/442 734/279/567
f 776/69/601 775/129/600 774/311/599
f 776/69/601 774/311/599 777/313/601
f 582/129/455 531/69/417 534/70/420
f 582/129/455 534/70/420 580/131/453
f 786/318/605 725/106/558 727/270/560
f 786/318/605 727/270/560 730/275/563
f 730/275/563 727/270/560 734/279/567
f 730/275/563 734/279/567 566/113/442
f 590/138/462 589/139/461 787/319/606
f 788/320/607 623/173/487 590/138/462
f 788/320/607 590/138/462 787/319/606
f 789/321/608 626/177/490 625/178/489
f 789/321/608 625/178/489 790/322/609
f 790/322/609 625/178/489 623/173/487
f 790/322/609 623/173/487 788/320/607
f 791/319/610 747/139/578 746/290/578
f 791/319/610 746/290/578 792/323/611
f 738/284/571 626/177/490 789/321/608
f 793/324/612 794/290/612 795/291/613
f 542/81/428 541/82/427 622/174/486
f 627/176/491 738/284/571 631/184/495
f 628/180/492 621/172/485 624/175/488
f 628/180/492 624/175/488 630/181/494
f 542/81/428 622/174/486 621/172/485
f 542/81/428 621/172/485 628/180/492
f 627/176/491 631/184/495 630/181/494
f 627/176/491 630/181/494 624/175/488
f 430/325/334 123/66/89 530/67/416
f 430/325/334 530/67/416 796/326/614
f 601/148/470 600/149/469 617/169/482
f 581/130/454 729/273/562 728/274/561
f 704/254/546 707/256/549 708/255/550
f 704/254/546 708/255/550 705/253/547
f 797/327/615 798/328/616 571/118/445
f 797/327/615 571/118/445 726/271/559
f 726/271/559 571/118/445 736/281/569
f 726/271/559 736/281/569 735/280/568
f 729/273/562 741/286/574 735/280/568
f 729/273/562 735/280/568 736/281/569
f 772/130/598 771/274/597 770/310/596
f 772/130/598 770/310/596 773/312/598
f 705/253/547 708/255/550 637/189/501
f 705/253/547 637/189/501 723/268/556
f 94/37/67 799/329/617 509/39/401
f 799/329/617 94/37/67 507/38/399
f 800/204/339 801/246/341 802/147/340
f 800/204/339 802/147/340 803/330/340
f 680/205/232 681/234/232 801/246/341
f 680/205/232 801/246/341 800/204/339
f 684/237/531 804/331/618 685/236/532
f 805/262/343 806/133/343 807/134/345
f 805/262/343 807/134/345 808/332/344
f 698/245/542 701/234/542 666/166/520
f 698/245/542 666/166/520 665/221/520
f 539/78/425 538/79/424 594/141/466
f 805/262/343 660/211/215 659/137/215
f 805/262/343 659/137/215 806/133/343
f 687/103/534 809/333/619 686/239/533
f 803/330/340 802/147/340 659/137/215
f 803/330/340 659/137/215 658/212/85
f 810/334/620 811/317/621 812/93/622
f 713/263/552 780/314/604 779/258/603
f 713/263/552 779/258/603 714/211/552
f 548/93/85 783/190/324 675/191/85
f 717/265/553 716/144/553 813/167/623
f 717/265/553 813/167/623 814/335/623
f 815/336/624 816/212/625 779/258/603
f 815/336/624 779/258/603 778/315/602
f 652/207/512 651/204/511 817/330/626
f 652/207/512 817/330/626 815/336/624
f 817/330/626 816/212/625 815/336/624
f 818/316/627 819/337/627 820/260/628
f 818/316/627 820/260/628 821/240/629
f 457/91/357 458/338/357 810/334/620
f 457/91/357 810/334/620 812/93/622
f 654/205/514 653/206/513 814/335/623
f 654/205/514 814/335/623 813/167/623
f 712/261/551 715/262/551 822/332/630
f 712/261/551 822/332/630 823/339/620
f 557/101/121 719/102/555 824/340/631
f 825/341/540 826/344/632 827/343/633
f 825/341/540 827/343/633 828/342/634
f 544/85/430 828/342/634 827/343/633
f 544/85/430 827/343/633 545/84/431
f 635/186/499 637/189/501 708/255/550
f 828/342/634 544/85/430 669/223/522
f 828/342/634 669/223/522 634/187/498
f 635/186/499 634/187/498 668/224/521
f 824/340/631 719/102/555 718/264/554
f 636/185/500 825/341/540 828/342/634
f 636/185/500 828/342/634 634/187/498
f 809/333/619 687/103/534 554/100/121
f 527/63/414 513/45/405 512/46/404
s 0
f 711/259/127 710/260/127 829/337/127
s 1
f 467/300/363 514/44/406 513/45/405
f 467/300/363 513/45/405 118/61/86
f 610/159/478 609/160/477 612/162/480
f 804/331/618 830/345/635 685/236/532
f 830/345/635 831/346/636 685/236/532
f 470/308/366 471/347/367 608/157/476
f 470/308/366 608/157/476 742/287/575
f 472/348/368 612/162/480 609/160/477
f 472/348/368 609/160/477 473/349/368
f 832/302/637 742/287/575 611/158/479
f 832/302/637 611/158/479 833/350/637
f 607/154/475 834/351/638 540/77/426
f 607/154/475 540/77/426 539/78/425
f 682/235/529 835/352/639 683/238/530
f 612/162/480 732/276/565 610/159/478
f 607/154/475 606/155/474 834/351/638
f 726/271/559 725/106/558 797/327/615
f 836/353/640 835/352/639 682/235/529
f 836/353/640 682/235/529 837/354/641
f 838/355/642 683/238/530 835/352/639
f 838/355/642 835/352/639 836/353/640
f 581/130/454 580/131/453 741/286/574
f 547/88/433 732/276/565 612/162/480
f 796/326/614 530/67/416 482/357/376
f 796/326/614 482/357/376 481/356/375
f 839/358/643 684/237/531 683/238/530
f 839/358/643 683/238/530 838/355/642
f 840/359/644 804/331/618 684/237/531
f 840/359/644 684/237/531 839/358/643
f 669/223/522 544/85/430 144/86/110
f 669/223/522 144/86/110 284/222/222
f 649/202/509 262/203/208 320/248/248
f 833/350/637 606/155/474 605/156/473
f 833/350/637 605/156/473 832/302/637
f 646/196/507 729/273/562 647/199/508
f 536/73/422 571/118/445 798/328/616
f 690/226/537 570/116/444 569/117/130
f 546/89/432 538/79/424 547/88/433
f 547/88/433 538/79/424 731/277/564
f 594/141/466 538/79/424 591/140/463
f 743/288/576 702/249/544 841/360/645
f 513/45/405 527/63/414 118/61/86
f 842/50/646 841/360/645 702/249/544
f 488/362/382 843/361/647 322/250/250
f 844/323/648 794/290/612 793/324/612
f 490/362/384 493/364/384 845/363/649
f 490/362/384 845/363/649 846/361/649
f 516/50/408 846/361/649 845/363/649
f 516/50/408 845/363/649 517/49/408
f 702/249/544 843/361/647 842/50/646
f 322/250/250 843/361/647 702/249/544
f 118/61/86 535/72/421 494/365/386
f 841/360/645 842/50/646 847/47/650
f 541/82/427 590/138/462 622/174/486
f 761/44/590 677/231/526 676/194/525
f 759/97/589 758/94/588 757/296/587
f 759/97/589 757/296/587 760/298/589
f 668/224/521 634/187/498 669/223/522
f 547/88/433 219/161/172 145/87/111
f 696/244/540 578/127/451 619/171/484
f 730/275/563 550/97/435 786/318/605
f 635/186/499 707/256/549 636/185/500
f 837/354/641 682/235/529 685/236/532
f 837/354/641 685/236/532 848/366/651
f 848/366/651 685/236/532 831/346/636
f 848/366/651 831/346/636 849/367/652
f 849/367/652 831/346/636 850/369/653
f 849/367/652 850/369/653 851/368/654
f 851/368/654 850/369/653 830/345/635
f 851/368/654 830/345/635 852/370/655
f 852/370/655 830/345/635 804/331/618
f 852/370/655 804/331/618 840/359/644
f 853/371/656 854/374/657 503/373/395
f 853/371/656 503/373/395 502/372/394
f 505/375/397 183/125/138 576/123/449
f 505/375/397 576/123/449 855/376/658
f 855/376/658 576/123/449 854/374/657
f 855/376/658 854/374/657 853/371/656
f 530/67/416 125/68/91 482/357/376
f 576/123/449 182/124/137 854/374/657
f 854/374/657 182/124/137 503/373/395
f 831/346/636 830/345/635 850/369/653
f 702/249/544 743/288/576 649/202/509
f 366/286/284 188/130/143 352/273/270
f 741/286/574 729/273/562 581/130/454
f 198/140/152 201/143/155 147/89/113
f 591/140/463 546/89/432 592/143/464
o defaultMaterial.004
v 5.605439 3.834932 2.725318
v 5.822045 3.834932 0.641282
v 3.020814 3.834932 0.641282
v 4.652881 3.834932 4.246989
v 3.020814 3.834932 4.284723
v 4.699947 3.762177 4.330113
v 5.686975 3.762177 2.753377
v 5.605439 3.834932 2.725318
v 4.652881 3.834932 4.246989
v 2.936815 3.762177 4.370328
v 4.699947 3.762177 4.330113
v 4.652881 3.834932 4.246989
v 3.020814 3.834932 4.284723
v 2.936815 3.762177 0.557282
v 2.936815 3.762177 4.370328
v 3.020814 3.834932 4.284723
v 3.020814 3.834932 0.641282
v 5.915228 3.762177 0.557282
v 2.936815 3.762177 0.557282
v 3.020814 3.834932 0.641282
v 5.822045 3.834932 0.641282
v 5.686975 3.762177 2.753377
v 5.915228 3.762177 0.557282
v 5.822045 3.834932 0.641282
v 5.605439 3.834932 2.725318
v -3.020814 3.834932 0.641282
v -5.822045 3.834932 0.641282
v -5.605439 3.834932 2.725318
v -4.652881 3.834932 4.246989
v -3.020814 3.834932 4.284723
v -4.699947 3.762177 4.330113
v -4.652881 3.834932 4.246989
v -5.605439 3.834932 2.725318
v -5.686975 3.762177 2.753377
v -2.936815 3.762177 4.370328
v -3.020814 3.834932 4.284723
v -4.652881 3.834932 4.246989
v -4.699947 3.762177 4.330113
v -2.936815 3.762177 0.557282
v -3.020814 3.834932 0.641282
v -3.020814 3.834932 4.284723
v -2.936815 3.762177 4.370328
v -5.915228 3.762177 0.557282
v -5.822045 3.834932 0.641282
v -3.020814 3.834932 0.641282
v -2.936815 3.762177 0.557282
v -5.686975 3.762177 2.753377
v -5.605439 3.834932 2.725318
v -5.822045 3.834932 0.641282
v -5.915228 3.762177 0.557282
vn -0.0000 1.0000 -0.0000
vn 0.5549 0.7559 0.3474
vn 0.0150 0.7556 0.6549
vn 0.0150 0.7556 0.6548
vn 0.0150 0.7555 0.6550
vn -0.6547 0.7559 -0.0000
vn -0.0000 0.7559 -0.6547
vn 0.6512 0.7559 0.0677
vn -0.5549 0.7559 0.3474
vn -0.0150 0.7556 0.6549
vn -0.0150 0.7555 0.6550
vn -0.0150 0.7556 0.6548
vn 0.6547 0.7559 -0.0000
vn -0.6512 0.7559 0.0677
vt 0.884729 0.905861
vt 0.875593 0.993551
vt 0.993740 0.993551
vt 0.924905 0.841833
vt 0.993740 0.840245
vt 0.922920 0.838125
vt 0.881290 0.904469
vt 0.997283 0.836433
vt 0.997283 0.996874
vt 0.871663 0.996874
s 0
usemtl defaultMaterial.002
f 856/377/659 857/378/659 858/379/659
f 859/380/659 856/377/659 858/379/659
f 860/381/659 859/380/659 858/379/659
f 861/382/660 862/383/660 863/377/660
f 861/382/660 863/377/660 864/380/660
s 1
f 865/384/661 866/382/661 867/380/662
f 865/384/661 867/380/662 868/381/663
s 0
f 869/385/664 870/384/664 871/381/664
f 869/385/664 871/381/664 872/379/664
f 873/386/665 874/385/665 875/379/665
f 873/386/665 875/379/665 876/378/665
f 877/383/666 878/386/666 879/378/666
f 877/383/666 879/378/666 880/377/666
f 881/379/659 882/378/659 883/377/659
f 881/379/659 883/377/659 884/380/659
f 881/379/659 884/380/659 885/381/659
f 886/382/667 887/380/667 888/377/667
f 886/382/667 888/377/667 889/383/667
s 1
f 890/384/668 891/381/669 892/380/670
f 890/384/668 892/380/670 893/382/668
s 0
f 894/385/671 895/379/671 896/381/671
f 894/385/671 896/381/671 897/384/671
f 898/386/665 899/378/665 900/379/665
f 898/386/665 900/379/665 901/385/665
f 902/383/672 903/377/672 904/378/672
f 902/383/672 904/378/672 905/386/672
o defaultMaterial.005
v 2.456888 7.844994 -7.815412
v 2.589565 7.905638 -7.820282
v 2.736936 7.558164 -8.015978
v 2.625966 7.447724 -8.041612
v 2.609089 8.628720 -7.293558
v 2.723474 8.596677 -7.359500
v 2.598566 8.255288 -7.588899
v 2.467829 8.244439 -7.553522
v 3.283758 9.082351 -6.919379
v 3.313981 8.996552 -7.028613
v 3.313981 8.996552 -7.028613
v 2.970191 8.855777 -7.160962
v 2.892543 8.930712 -7.064453
v 3.929601 8.879901 -7.027578
v 3.929601 8.879901 -7.027578
v 3.987322 8.949035 -6.918196
v 4.299677 8.664081 -7.062085
v 4.201432 8.622475 -7.158893
v 4.355095 8.308010 -7.342916
v 4.473799 8.299822 -7.276617
v 4.457816 7.867366 -7.550176
v 4.339805 7.925349 -7.585970
v 4.321599 7.509050 -7.798472
v 4.221185 7.609925 -7.803699
v 3.640775 7.022462 -8.185476
v 3.623277 7.177092 -8.147414
v 3.968178 7.324862 -8.013907
v 4.033100 7.181093 -8.039247
v 3.623277 7.177092 -8.147414
v 3.623277 7.177092 -8.147414
v 3.103473 6.158216 -6.872204
v 3.968178 7.324862 -8.013907
v 3.007658 7.293744 -8.148449
v 2.937208 7.155777 -8.186659
v 2.589565 7.905638 -7.820282
v 2.736936 7.558164 -8.015978
v 2.723474 8.596677 -7.359500
v 2.598566 8.255288 -7.588899
v 2.970191 8.855777 -7.160962
v 3.654484 9.068032 -6.881895
v 3.654484 9.068032 -6.881895
v 3.637800 8.974195 -7.002043
v 3.637800 8.974195 -7.002043
v 3.637800 8.974195 -7.002043
v 4.355095 8.308010 -7.342916
v 4.201432 8.622475 -7.158893
v 4.221185 7.609925 -7.803699
v 3.007658 7.293744 -8.148449
v 3.304248 7.172768 -8.192022
v 3.304248 7.172768 -8.192022
v 3.274324 7.007273 -8.242805
v 4.339805 7.925349 -7.585970
v 2.856004 2.095495 -5.181483
v 2.791363 2.242794 -5.127331
v 2.480947 1.988312 3.314627
v 2.675406 2.356431 -5.093712
v 2.850070 1.919367 -5.252664
v 2.551844 2.402308 -5.088360
v 2.551844 2.402308 -5.088360
v 2.799501 1.771997 -5.319542
v 2.414217 2.405046 -5.103004
v 2.692400 1.636215 -5.385692
v 2.268983 2.340021 -5.145914
v 2.546755 1.568559 -5.428559
v 2.163755 2.214498 -5.209527
v 2.410714 1.559202 -5.448490
v 2.111314 2.056869 -5.278940
v 2.285565 1.617173 -5.437850
v 2.107252 1.893572 -5.348053
v 2.170020 1.733442 -5.404273
v 4.299677 8.664081 -7.062085
v 3.948419 7.164889 -6.727923
v 4.095171 6.866374 -6.918792
v 4.473799 8.299822 -7.276617
v 3.987322 8.949035 -6.918196
v 3.685164 7.399147 -6.598660
v 4.081700 6.512550 -7.161195
v 4.457816 7.867366 -7.550176
v 3.654484 9.068032 -6.881895
v 3.654484 9.068032 -6.881895
v 3.404644 7.497704 -6.564601
v 3.404644 7.497704 -6.564601
v 3.966896 6.220049 -7.380162
v 3.283758 9.082351 -6.919379
v 3.092193 7.510847 -6.595559
v 3.723746 5.952747 -7.591898
v 2.892543 8.930712 -7.064453
v 2.762474 7.388289 -6.721724
v 3.393091 5.824368 -7.719247
v 2.609089 8.628720 -7.293558
v 2.523576 7.142376 -6.922887
v 3.084242 5.813406 -7.767731
v 2.467829 8.244439 -7.553522
v 2.404521 6.828485 -7.152425
v 2.800118 5.936068 -7.716146
v 2.395300 6.501953 -7.384040
v 2.537800 6.176147 -7.585696
v 2.210535 2.472828 -6.089925
v 2.273303 2.361415 -6.217947
v 2.388848 2.276938 -6.304605
v 2.214597 2.580623 -5.949133
v 2.513997 2.231802 -6.342507
v 2.267038 2.683342 -5.810878
v 2.650038 2.230087 -6.320558
v 2.372266 2.761018 -5.693537
v 2.795683 2.267710 -6.249851
v 2.517499 2.796334 -5.624095
v 2.902785 2.353050 -6.125234
v 2.655127 2.786716 -5.612720
v 2.655127 2.786716 -5.612720
v 2.953353 2.448104 -5.994254
v 2.778689 2.749482 -5.640048
v 2.959287 2.566032 -5.845322
v 2.894646 2.667313 -5.725441
v 3.716543 5.432927 -6.560968
v 3.597162 5.665697 -6.393763
v 3.383005 5.849258 -6.279121
v 3.705584 5.157735 -6.772214
v 3.154805 5.927374 -6.247306
v 3.154805 5.927374 -6.247306
v 3.612192 4.931050 -6.961853
v 2.900629 5.939342 -6.271738
v 3.414392 4.724402 -7.144549
v 2.632404 5.845864 -6.378994
v 3.145406 4.626274 -7.253018
v 2.438064 5.656031 -6.552218
v 2.894161 4.619538 -7.292657
v 2.341213 5.412531 -6.751328
v 2.663028 4.716357 -7.245632
v 2.333712 5.158911 -6.952669
v 2.449634 4.904570 -7.129779
v 3.905857 6.149651 -6.739881
v 3.772790 6.415292 -6.560843
v 3.534085 6.624202 -6.438890
v 3.893642 5.835144 -6.966704
v 3.279725 6.712538 -6.405953
v 3.279725 6.712538 -6.405953
v 3.789544 5.575551 -7.171007
v 2.996411 6.725094 -6.433649
v 3.569069 5.338574 -7.368223
v 2.697439 6.617076 -6.550358
v 3.269249 5.225320 -7.486132
v 2.480820 6.399203 -6.737553
v 2.989201 5.216471 -7.530194
v 2.372867 6.120508 -6.951875
v 2.731573 5.326212 -7.480889
v 2.364506 5.830432 -7.168355
v 2.493717 5.540359 -7.357738
v -2.456888 7.844994 -7.815412
v -2.625966 7.447724 -8.041612
v -2.736936 7.558164 -8.015978
v -2.589565 7.905638 -7.820282
v -2.609089 8.628720 -7.293558
v -2.467829 8.244439 -7.553522
v -2.598566 8.255288 -7.588899
v -2.723474 8.596677 -7.359500
v -3.283758 9.082351 -6.919379
v -2.892543 8.930712 -7.064453
v -2.970191 8.855777 -7.160962
v -3.313981 8.996552 -7.028613
v -3.313981 8.996552 -7.028613
v -3.929601 8.879901 -7.027578
v -3.929601 8.879901 -7.027578
v -4.201432 8.622475 -7.158893
v -4.299677 8.664081 -7.062085
v -3.987322 8.949035 -6.918196
v -4.355095 8.308010 -7.342916
v -4.339805 7.925349 -7.585970
v -4.457816 7.867366 -7.550176
v -4.473799 8.299822 -7.276617
v -4.321599 7.509050 -7.798472
v -4.221185 7.609925 -7.803699
v -3.640775 7.022462 -8.185476
v -4.033100 7.181093 -8.039247
v -3.968178 7.324862 -8.013907
v -3.623277 7.177092 -8.147414
v -3.968178 7.324862 -8.013907
v -3.103473 6.158216 -6.872204
v -3.623277 7.177092 -8.147414
v -3.623277 7.177092 -8.147414
v -3.007658 7.293744 -8.148449
v -2.937208 7.155777 -8.186659
v -2.736936 7.558164 -8.015978
v -2.589565 7.905638 -7.820282
v -2.598566 8.255288 -7.588899
v -2.723474 8.596677 -7.359500
v -2.970191 8.855777 -7.160962
v -3.654484 9.068032 -6.881895
v -3.654484 9.068032 -6.881895
v -3.637800 8.974195 -7.002043
v -3.637800 8.974195 -7.002043
v -3.637800 8.974195 -7.002043
v -4.201432 8.622475 -7.158893
v -4.355095 8.308010 -7.342916
v -4.221185 7.609925 -7.803699
v -3.304248 7.172768 -8.192022
v -3.007658 7.293744 -8.148449
v -3.304248 7.172768 -8.192022
v -3.274324 7.007273 -8.242805
v -4.339805 7.925349 -7.585970
v -2.480947 1.988312 3.314627
v -2.791363 2.242794 -5.127331
v -2.856004 2.095495 -5.181483
v -2.675406 2.356431 -5.093712
v -2.850070 1.919367 -5.252664
v -2.551844 2.402308 -5.088360
v -2.551844 2.402308 -5.088360
v -2.799501 1.771997 -5.319542
v -2.414217 2.405046 -5.103004
v -2.692400 1.636215 -5.385692
v -2.268983 2.340021 -5.145914
v -2.546755 1.568559 -5.428559
v -2.163755 2.214498 -5.209527
v -2.410714 1.559202 -5.448490
v -2.111314 2.056869 -5.278940
v -2.285565 1.617173 -5.437850
v -2.107252 1.893572 -5.348053
v -2.170020 1.733442 -5.404273
v -4.299677 8.664081 -7.062085
v -4.473799 8.299822 -7.276617
v -4.095171 6.866374 -6.918792
v -3.948419 7.164889 -6.727923
v -3.987322 8.949035 -6.918196
v -3.685164 7.399147 -6.598660
v -4.457816 7.867366 -7.550176
v -4.081700 6.512550 -7.161195
v -3.654484 9.068032 -6.881895
v -3.654484 9.068032 -6.881895
v -3.404644 7.497704 -6.564601
v -3.404644 7.497704 -6.564601
v -3.966896 6.220049 -7.380162
v -3.283758 9.082351 -6.919379
v -3.092193 7.510847 -6.595559
v -3.723746 5.952747 -7.591898
v -2.892543 8.930712 -7.064453
v -2.762474 7.388289 -6.721724
v -3.393091 5.824368 -7.719247
v -2.609089 8.628720 -7.293558
v -2.523576 7.142376 -6.922887
v -3.084242 5.813406 -7.767731
v -2.467829 8.244439 -7.553522
v -2.404521 6.828485 -7.152425
v -2.800118 5.936068 -7.716146
v -2.395300 6.501953 -7.384040
v -2.537800 6.176147 -7.585696
v -2.210535 2.472828 -6.089925
v -2.273303 2.361415 -6.217947
v -2.388848 2.276938 -6.304605
v -2.214597 2.580623 -5.949133
v -2.513997 2.231802 -6.342507
v -2.267038 2.683342 -5.810878
v -2.650038 2.230087 -6.320558
v -2.372266 2.761018 -5.693537
v -2.795683 2.267710 -6.249851
v -2.517499 2.796334 -5.624095
v -2.902785 2.353050 -6.125234
v -2.655127 2.786716 -5.612720
v -2.655127 2.786716 -5.612720
v -2.953353 2.448104 -5.994254
v -2.778689 2.749482 -5.640048
v -2.959287 2.566032 -5.845322
v -2.894646 2.667313 -5.725441
v -3.597162 5.665697 -6.393763
v -3.716543 5.432927 -6.560968
v -3.383005 5.849258 -6.279121
v -3.705584 5.157735 -6.772214
v -3.154805 5.927374 -6.247306
v -3.154805 5.927374 -6.247306
v -3.612192 4.931050 -6.961853
v -2.900629 5.939342 -6.271738
v -3.414392 4.724402 -7.144549
v -2.632404 5.845864 -6.378994
v -3.145406 4.626274 -7.253018
v -2.438064 5.656031 -6.552218
v -2.894161 4.619538 -7.292657
v -2.341213 5.412531 -6.751328
v -2.663028 4.716357 -7.245632
v -2.333712 5.158911 -6.952669
v -2.449634 4.904570 -7.129779
v -3.772790 6.415292 -6.560843
v -3.905857 6.149651 -6.739881
v -3.534085 6.624202 -6.438890
v -3.893642 5.835144 -6.966704
v -3.279725 6.712538 -6.405953
v -3.279725 6.712538 -6.405953
v -3.789544 5.575551 -7.171007
v -2.996411 6.725094 -6.433649
v -3.569069 5.338574 -7.368223
v -2.697439 6.617076 -6.550358
v -3.269249 5.225320 -7.486132
v -2.480820 6.399203 -6.737553
v -2.989201 5.216471 -7.530194
v -2.372867 6.120508 -6.951875
v -2.731573 5.326212 -7.480889
v -2.364506 5.830432 -7.168355
v -2.493717 5.540359 -7.357738
vn -0.7104 0.2647 -0.6521
vn -0.2413 0.4746 -0.8465
vn -0.1706 0.3730 -0.9120
vn -0.5064 0.1129 -0.8549
vn -0.2250 0.6544 -0.7219
vn -0.2638 0.5697 -0.7784
vn -0.2637 0.5697 -0.7784
vn 0.0159 0.7805 -0.6250
vn 0.1416 0.4048 -0.9034
vn -0.1282 0.7377 -0.6628
vn 0.0189 0.4279 -0.9036
vn 0.2741 0.7322 -0.6234
vn 0.3826 0.6486 -0.6580
vn 0.4393 0.5345 -0.7221
vn 0.4393 0.5344 -0.7221
vn 0.4479 0.4288 -0.7845
vn 0.4479 0.4290 -0.7844
vn 0.7522 0.0141 -0.6588
vn 0.4029 0.3571 -0.8427
vn 0.2666 -0.0708 -0.9612
vn 0.1895 0.2632 -0.9459
vn 0.3058 0.2932 -0.9058
vn 0.5223 -0.0528 -0.8511
vn -0.2990 0.8012 0.5183
vn 0.1363 0.7100 -0.6908
vn -0.6474 0.7212 0.2466
vn -0.0774 0.3118 -0.9470
vn -0.2791 0.0200 -0.9601
vn 0.9669 0.2444 -0.0736
vn 0.8527 0.4458 0.2724
vn 0.7671 -0.0086 -0.6415
vn 0.9174 0.0883 -0.3880
vn 0.1416 0.4047 -0.9034
vn 0.5281 -0.0645 -0.8467
vn 0.1498 0.7776 -0.6107
vn 0.0793 0.4139 -0.9069
vn -0.7047 0.2663 -0.6576
vn -0.4924 0.1191 -0.8622
vn -0.8168 0.5695 -0.0926
vn 0.5667 0.6362 0.5235
vn 0.1452 0.7736 0.6168
vn 0.0793 0.4138 -0.9069
vn 0.0539 0.2758 -0.9597
vn -0.0077 -0.0404 -0.9992
vn -0.8232 0.4228 -0.3790
vn 0.9841 0.1251 0.1262
vn 0.8418 0.4845 0.2381
vn -0.0275 -0.0842 0.9961
vn 0.5525 0.7710 0.3166
vn 0.9790 -0.2032 0.0163
vn 0.1780 0.9227 0.3420
vn 0.8828 -0.4637 -0.0756
vn 0.1779 0.9227 0.3420
vn -0.2322 0.9210 0.3128
vn 0.6448 -0.7426 -0.1809
vn -0.6328 0.7406 0.2260
vn 0.2791 -0.9236 -0.2629
vn -0.8818 0.4564 0.1187
vn 0.0794 0.4139 -0.9069
vn 0.1499 0.7776 -0.6107
vn -0.1777 -0.9389 -0.2948
vn -0.9837 0.1779 0.0250
vn -0.2989 0.8012 0.5183
vn -0.5950 -0.7604 -0.2601
vn -0.9886 -0.1308 -0.0740
vn -0.8567 -0.4825 -0.1824
vn 0.6319 0.0245 0.7747
vn 0.6382 0.0219 0.7696
vn 0.8829 -0.1194 0.4541
vn 0.8798 -0.1170 0.4607
vn 0.3338 0.1269 0.9341
vn 0.3395 0.1254 0.9322
vn 0.9663 -0.2486 0.0662
vn 0.9663 -0.2474 0.0704
vn 0.0413 0.1912 0.9807
vn 0.0441 0.1907 0.9807
vn 0.8957 -0.3391 -0.2875
vn -0.2575 0.2245 0.9398
vn -0.2583 0.2244 0.9396
vn 0.0440 0.1907 0.9807
vn 0.6532 -0.3989 -0.6436
vn -0.5916 0.2219 0.7751
vn -0.5945 0.2216 0.7730
vn 0.3130 -0.4003 -0.8613
vn -0.8572 0.1708 0.4858
vn -0.8589 0.1703 0.4829
vn -0.0725 -0.3593 -0.9304
vn -0.9849 0.0870 0.1498
vn -0.9851 0.0864 0.1490
vn -0.4521 -0.2767 -0.8480
vn -0.9691 -0.0332 -0.2443
vn -0.7574 -0.1730 -0.6296
vn -0.9774 -0.0476 -0.2059
vn -0.8202 -0.2728 -0.5028
vn -0.5427 -0.4566 -0.7050
vn -0.9868 0.1440 0.0743
vn -0.1275 -0.5900 -0.7973
vn -0.8922 0.3077 0.3306
vn 0.3127 -0.6114 -0.7269
vn -0.6516 0.4633 0.6007
vn 0.6631 -0.5330 -0.5256
vn -0.2688 0.5439 0.7949
vn 0.8902 -0.3843 -0.2445
vn 0.1198 0.5169 0.8476
vn 0.9724 -0.2330 0.0097
vn 0.4826 0.3980 0.7802
vn 0.1199 0.5169 0.8476
vn 0.9520 -0.0317 0.3046
vn 0.7813 0.2018 0.5907
vn 0.8992 -0.1328 0.4170
vn 0.6731 0.0071 0.7395
vn 0.3725 0.1163 0.9207
vn 0.9660 -0.2550 0.0428
vn 0.0603 0.1879 0.9803
vn 0.8942 -0.3399 -0.2914
vn 0.0602 0.1879 0.9803
vn -0.2624 0.2246 0.9384
vn 0.6576 -0.3983 -0.6394
vn -0.6103 0.2203 0.7610
vn 0.3141 -0.4004 -0.8608
vn -0.8686 0.1667 0.4666
vn -0.0870 -0.3571 -0.9300
vn -0.9858 0.0856 0.1442
vn -0.4785 -0.2692 -0.8358
vn -0.9731 -0.0278 -0.2288
vn -0.7780 -0.1633 -0.6067
vn 0.8884 -0.1238 0.4421
vn 0.6495 0.0172 0.7602
vn 0.3496 0.1226 0.9289
vn 0.9663 -0.2507 0.0586
vn 0.0492 0.1898 0.9806
vn 0.8953 -0.3394 -0.2886
vn 0.0491 0.1899 0.9806
vn -0.2596 0.2245 0.9393
vn 0.6545 -0.3987 -0.6424
vn -0.5996 0.2214 0.7690
vn 0.3136 -0.4003 -0.8611
vn -0.8620 0.1689 0.4779
vn -0.0770 -0.3586 -0.9303
vn -0.9853 0.0864 0.1473
vn -0.4603 -0.2743 -0.8443
vn -0.9704 -0.0314 -0.2394
vn -0.7640 -0.1700 -0.6224
vn 0.7104 0.2647 -0.6521
vn 0.5064 0.1129 -0.8549
vn 0.1706 0.3730 -0.9120
vn 0.2413 0.4746 -0.8465
vn 0.2250 0.6544 -0.7219
vn 0.2637 0.5697 -0.7784
vn 0.2638 0.5697 -0.7784
vn -0.0159 0.7805 -0.6250
vn 0.1282 0.7377 -0.6628
vn -0.1416 0.4048 -0.9034
vn -0.0190 0.4279 -0.9036
vn -0.3826 0.6486 -0.6580
vn -0.2741 0.7322 -0.6234
vn -0.4393 0.5344 -0.7221
vn -0.4479 0.4290 -0.7844
vn -0.4479 0.4288 -0.7845
vn -0.7522 0.0141 -0.6588
vn -0.4029 0.3571 -0.8427
vn -0.2666 -0.0708 -0.9612
vn -0.5223 -0.0528 -0.8511
vn -0.3058 0.2932 -0.9058
vn -0.1895 0.2632 -0.9459
vn 0.6474 0.7212 0.2466
vn -0.1363 0.7100 -0.6908
vn 0.2990 0.8012 0.5183
vn 0.0774 0.3118 -0.9470
vn 0.2791 0.0200 -0.9601
vn -0.8527 0.4458 0.2724
vn -0.9669 0.2444 -0.0736
vn -0.9174 0.0883 -0.3880
vn -0.7671 -0.0087 -0.6415
vn -0.5281 -0.0645 -0.8467
vn -0.1416 0.4047 -0.9034
vn -0.1498 0.7776 -0.6107
vn -0.0793 0.4139 -0.9069
vn 0.4924 0.1191 -0.8622
vn 0.7047 0.2663 -0.6576
vn 0.8168 0.5695 -0.0926
vn -0.1449 0.7737 0.6168
vn -0.5667 0.6362 0.5235
vn -0.0189 0.4279 -0.9036
vn -0.0793 0.4138 -0.9069
vn -0.0539 0.2758 -0.9597
vn 0.0077 -0.0404 -0.9992
vn 0.8232 0.4228 -0.3790
vn 0.0275 -0.0842 0.9961
vn -0.8418 0.4845 0.2381
vn -0.9841 0.1251 0.1262
vn -0.5525 0.7710 0.3165
vn -0.9790 -0.2032 0.0163
vn -0.1780 0.9227 0.3420
vn -0.8828 -0.4637 -0.0756
vn 0.2322 0.9210 0.3128
vn -0.1779 0.9227 0.3420
vn -0.6448 -0.7426 -0.1809
vn 0.6328 0.7406 0.2260
vn -0.2791 -0.9236 -0.2629
vn 0.8818 0.4564 0.1187
vn -0.1499 0.7776 -0.6107
vn 0.1777 -0.9389 -0.2948
vn 0.9837 0.1779 0.0250
vn 0.2989 0.8012 0.5183
vn 0.5950 -0.7604 -0.2601
vn 0.9886 -0.1308 -0.0740
vn 0.8567 -0.4825 -0.1824
vn -0.6319 0.0245 0.7747
vn -0.8798 -0.1170 0.4607
vn -0.8829 -0.1194 0.4541
vn -0.6382 0.0219 0.7696
vn -0.3338 0.1269 0.9341
vn -0.3395 0.1254 0.9322
vn -0.9663 -0.2474 0.0704
vn -0.9663 -0.2486 0.0662
vn -0.0413 0.1912 0.9807
vn -0.0441 0.1907 0.9807
vn -0.8957 -0.3391 -0.2875
vn 0.2575 0.2245 0.9398
vn -0.0440 0.1907 0.9807
vn 0.2583 0.2244 0.9396
vn -0.6531 -0.3989 -0.6437
vn 0.5916 0.2219 0.7751
vn 0.5945 0.2216 0.7730
vn -0.3130 -0.4003 -0.8613
vn 0.8572 0.1707 0.4859
vn 0.8590 0.1701 0.4829
vn 0.0725 -0.3593 -0.9304
vn 0.9849 0.0870 0.1498
vn 0.9850 0.0868 0.1489
vn 0.4521 -0.2767 -0.8480
vn 0.9691 -0.0332 -0.2443
vn 0.7574 -0.1729 -0.6296
vn 0.9774 -0.0476 -0.2059
vn 0.8202 -0.2728 -0.5028
vn 0.5427 -0.4566 -0.7050
vn 0.9868 0.1440 0.0743
vn 0.1275 -0.5900 -0.7973
vn 0.8922 0.3077 0.3306
vn -0.3127 -0.6114 -0.7269
vn 0.6516 0.4633 0.6007
vn -0.6631 -0.5330 -0.5256
vn 0.2688 0.5439 0.7949
vn -0.8902 -0.3843 -0.2445
vn -0.1198 0.5169 0.8476
vn -0.9724 -0.2330 0.0097
vn -0.4826 0.3980 0.7802
vn -0.1199 0.5169 0.8476
vn -0.9520 -0.0317 0.3045
vn -0.7813 0.2018 0.5907
vn -0.6731 0.0071 0.7395
vn -0.8992 -0.1328 0.4170
vn -0.3725 0.1163 0.9207
vn -0.9660 -0.2550 0.0428
vn -0.0603 0.1879 0.9803
vn -0.8942 -0.3399 -0.2914
vn 0.2623 0.2246 0.9385
vn -0.0602 0.1879 0.9803
vn -0.6576 -0.3983 -0.6394
vn 0.6103 0.2203 0.7609
vn -0.3141 -0.4004 -0.8608
vn 0.8686 0.1667 0.4666
vn 0.0870 -0.3571 -0.9300
vn 0.9858 0.0856 0.1442
vn 0.4785 -0.2692 -0.8358
vn 0.9731 -0.0278 -0.2288
vn 0.7780 -0.1633 -0.6067
vn -0.6494 0.0172 0.7603
vn -0.8884 -0.1238 0.4421
vn -0.3499 0.1225 0.9287
vn -0.9663 -0.2507 0.0585
vn -0.0492 0.1898 0.9806
vn -0.8953 -0.3394 -0.2886
vn 0.2595 0.2245 0.9393
vn -0.0491 0.1898 0.9806
vn -0.6545 -0.3987 -0.6424
vn 0.5996 0.2214 0.7690
vn -0.3136 -0.4003 -0.8611
vn 0.8620 0.1689 0.4779
vn 0.0770 -0.3586 -0.9303
vn 0.9853 0.0864 0.1473
vn 0.4603 -0.2743 -0.8443
vn 0.9704 -0.0314 -0.2393
vn 0.7640 -0.1700 -0.6224
vt 0.055486 0.913186
vt 0.048294 0.913186
vt 0.048294 0.896284
vt 0.055486 0.896284
vt 0.055486 0.946883
vt 0.048294 0.946883
vt 0.048294 0.929848
vt 0.055486 0.929848
vt 0.055486 0.981133
vt 0.048294 0.981133
vt 0.048294 0.963905
vt 0.055486 0.963905
vt 0.048294 0.752616
vt 0.055486 0.752616
vt 0.055486 0.769451
vt 0.048294 0.769451
vt 0.048294 0.785240
vt 0.055486 0.785240
vt 0.055486 0.801869
vt 0.048294 0.801869
vt 0.055486 0.817295
vt 0.048294 0.817295
vt 0.055486 0.850510
vt 0.048294 0.850510
vt 0.048294 0.833962
vt 0.055486 0.833962
vt 0.858748 0.741809
vt 0.752073 0.991369
vt 0.845128 0.741809
vt 0.048294 0.879430
vt 0.055486 0.879430
vt 0.696489 0.741809
vt 0.682592 0.741809
vt 0.722314 0.741809
vt 0.709340 0.741809
vt 0.750667 0.741809
vt 0.735809 0.741809
vt 0.055486 0.995448
vt 0.048294 0.995448
vt 0.805350 0.741809
vt 0.792295 0.741809
vt 0.831017 0.741809
vt 0.667469 0.741809
vt 0.654152 0.741809
vt 0.764361 0.741809
vt 0.777300 0.741809
vt 0.048294 0.864980
vt 0.055486 0.864980
vt 0.818850 0.741809
vt 0.358344 0.785240
vt 0.358344 0.769451
vt 0.367221 0.867931
vt 0.358344 0.752616
vt 0.358344 0.801869
vt 0.358344 0.740129
vt 0.358344 0.817295
vt 0.358344 0.995448
vt 0.358344 0.981133
vt 0.358344 0.833962
vt 0.358344 0.963905
vt 0.358344 0.850510
vt 0.358344 0.946883
vt 0.048294 0.740129
vt 0.055486 0.740129
vt 0.358344 0.864980
vt 0.358344 0.929848
vt 0.642141 0.741809
vt 0.358344 0.879430
vt 0.358344 0.913186
vt 0.358344 0.896284
vt 0.128853 0.769451
vt 0.128853 0.785240
vt 0.128853 0.752616
vt 0.128853 0.801869
vt 0.128853 0.740129
vt 0.128853 0.817295
vt 0.128853 0.981133
vt 0.128853 0.995448
vt 0.128853 0.833962
vt 0.128853 0.963905
vt 0.128853 0.850510
vt 0.128853 0.946883
vt 0.128853 0.864980
vt 0.128853 0.929848
vt 0.128853 0.879430
vt 0.128853 0.913186
vt 0.128853 0.896284
vt 0.348957 0.913186
vt 0.348957 0.896284
vt 0.348957 0.879430
vt 0.348957 0.929848
vt 0.348957 0.864980
vt 0.348957 0.946883
vt 0.348957 0.850510
vt 0.348957 0.963905
vt 0.348957 0.833962
vt 0.348957 0.981133
vt 0.348957 0.817295
vt 0.348957 0.995448
vt 0.348957 0.801869
vt 0.348957 0.752616
vt 0.348957 0.740129
vt 0.348957 0.785240
vt 0.348957 0.769451
vt 0.202222 0.785240
vt 0.202222 0.769451
vt 0.202222 0.752616
vt 0.202222 0.801869
vt 0.202222 0.740129
vt 0.202222 0.817295
vt 0.202222 0.995448
vt 0.202222 0.981133
vt 0.202222 0.833962
vt 0.202222 0.963905
vt 0.202222 0.850510
vt 0.202222 0.946883
vt 0.202222 0.864980
vt 0.202222 0.929848
vt 0.202222 0.879430
vt 0.202222 0.913186
vt 0.202222 0.896284
vt 0.165538 0.785240
vt 0.165538 0.769451
vt 0.165538 0.752616
vt 0.165538 0.801869
vt 0.165538 0.740129
vt 0.165538 0.817295
vt 0.165538 0.995448
vt 0.165538 0.981133
vt 0.165538 0.833962
vt 0.165538 0.963905
vt 0.165538 0.850510
vt 0.165538 0.946883
vt 0.165538 0.864980
vt 0.165538 0.929848
vt 0.165538 0.879430
vt 0.165538 0.913186
vt 0.165538 0.896284
s 1
usemtl defaultMaterial_0.002
f 906/387/673 907/388/674 908/389/675
f 906/387/673 908/389/675 909/390/676
f 910/391/677 911/392/677 912/393/678
f 910/391/677 912/393/678 913/394/679
f 914/395/680 915/396/681 917/397/682
f 914/395/680 917/397/682 918/398/682
f 919/399/683 921/400/684 922/401/685
f 919/399/683 922/401/685 923/402/685
f 924/403/686 925/404/687 926/405/688
f 924/403/686 926/405/688 927/406/689
f 928/407/690 929/408/691 927/406/689
f 928/407/690 927/406/689 926/405/688
f 930/409/692 931/410/693 932/411/694
f 930/409/692 932/411/694 933/412/695
f 934/413/696 936/414/697 937/415/698
f 938/416/699 939/417/700 909/390/676
f 938/416/699 909/390/676 908/389/675
f 940/418/701 936/414/697 941/419/702
f 942/420/703 936/414/697 943/421/704
f 916/422/705 936/414/697 944/423/706
f 945/424/707 947/425/708 915/396/681
f 945/424/707 915/396/681 914/395/680
f 950/426/709 936/414/697 951/427/710
f 936/414/697 952/428/711 937/415/698
f 953/429/712 936/414/697 954/430/713
f 948/431/714 920/432/683 936/414/697
f 917/397/682 911/392/677 910/391/677
f 917/397/682 910/391/677 918/398/682
f 912/393/678 907/388/674 906/387/673
f 912/393/678 906/387/673 913/394/679
f 955/433/715 931/410/693 930/409/692
f 955/433/715 930/409/692 956/434/716
f 957/435/717 952/428/711 936/414/697
f 936/414/697 950/426/709 957/435/717
f 936/414/697 920/432/683 951/427/710
f 958/436/718 959/437/719 960/438/720
f 959/437/719 961/439/721 960/438/720
f 962/440/722 958/436/718 960/438/720
f 961/439/721 963/441/723 960/438/720
f 965/442/724 962/440/722 960/438/720
f 964/443/725 966/444/726 960/438/720
f 967/445/727 965/442/724 960/438/720
f 966/444/726 968/446/728 960/438/720
f 969/447/729 967/445/727 960/438/720
f 968/446/728 970/448/730 960/438/720
f 921/400/684 919/399/683 949/449/731
f 921/400/684 949/449/731 946/450/732
f 971/451/733 969/447/729 960/438/720
f 970/448/730 972/452/734 960/438/720
f 932/411/694 929/408/691 928/407/690
f 932/411/694 928/407/690 933/412/695
f 925/404/687 924/403/686 923/402/685
f 925/404/687 923/402/685 922/401/685
f 936/414/697 942/420/703 944/423/706
f 936/414/697 935/453/735 954/430/713
f 973/454/736 971/451/733 960/438/720
f 972/452/734 974/455/737 960/438/720
f 939/417/700 938/416/699 955/433/715
f 939/417/700 955/433/715 956/434/716
f 936/414/697 953/429/712 941/419/702
f 936/414/697 940/418/701 943/421/704
f 975/456/738 973/454/736 960/438/720
f 948/431/714 936/414/697 916/422/705
f 974/455/737 975/456/738 960/438/720
f 976/401/739 977/457/740 978/458/741
f 976/401/739 978/458/741 979/404/742
f 980/400/743 981/459/744 977/457/740
f 980/400/743 977/457/740 976/401/739
f 979/404/742 978/458/741 982/460/745
f 979/404/742 982/460/745 983/405/746
f 984/450/747 986/461/748 981/459/744
f 984/450/747 981/459/744 980/400/743
f 983/405/746 982/460/745 988/462/749
f 983/405/746 988/462/749 928/407/690
f 989/395/750 990/463/751 987/464/752
f 989/395/750 987/464/752 985/424/747
f 928/407/690 988/462/749 991/465/753
f 928/407/690 991/465/753 933/412/695
f 992/398/754 993/466/755 990/463/751
f 992/398/754 990/463/751 989/395/750
f 933/412/695 991/465/753 994/467/756
f 933/412/695 994/467/756 930/409/692
f 995/391/757 996/468/758 993/466/755
f 995/391/757 993/466/755 992/398/754
f 930/409/692 994/467/756 997/469/759
f 930/409/692 997/469/759 956/434/716
f 998/394/760 999/470/761 996/468/758
f 998/394/760 996/468/758 995/391/757
f 956/434/716 997/469/759 1000/471/762
f 956/434/716 1000/471/762 939/417/700
f 906/387/673 1001/472/763 999/470/761
f 906/387/673 999/470/761 998/394/760
f 939/417/700 1000/471/762 1002/473/764
f 939/417/700 1002/473/764 909/390/676
f 909/390/676 1002/473/764 1001/472/763
f 909/390/676 1001/472/763 906/387/673
f 1003/474/765 1004/475/766 975/456/738
f 1003/474/765 975/456/738 974/455/737
f 1004/475/766 1005/476/767 973/454/736
f 1004/475/766 973/454/736 975/456/738
f 1006/477/768 1003/474/765 974/455/737
f 1006/477/768 974/455/737 972/452/734
f 1005/476/767 1007/478/769 971/451/733
f 1005/476/767 971/451/733 973/454/736
f 1008/479/770 1006/477/768 972/452/734
f 1008/479/770 972/452/734 970/448/730
f 1007/478/769 1009/480/771 969/447/729
f 1007/478/769 969/447/729 971/451/733
f 1010/481/772 1008/479/770 970/448/730
f 1010/481/772 970/448/730 968/446/728
f 1009/480/771 1011/482/773 967/445/727
f 1009/480/771 967/445/727 969/447/729
f 1012/483/774 1010/481/772 968/446/728
f 1012/483/774 968/446/728 966/444/726
f 1011/482/773 1013/484/775 965/442/724
f 1011/482/773 965/442/724 967/445/727
f 1014/485/776 1012/483/774 966/444/726
f 1014/485/776 966/444/726 964/443/725
f 1013/484/775 1016/486/777 962/440/722
f 1013/484/775 962/440/722 965/442/724
f 1017/487/778 1015/488/779 963/441/723
f 1017/487/778 963/441/723 961/439/721
f 1016/486/777 1018/489/780 958/436/718
f 1016/486/777 958/436/718 962/440/722
f 1019/490/781 1017/487/778 961/439/721
f 1019/490/781 961/439/721 959/437/719
f 1018/489/780 1019/490/781 959/437/719
f 1018/489/780 959/437/719 958/436/718
f 1019/490/781 1018/489/780 1020/491/782
f 1019/490/781 1020/491/782 1021/492/783
f 1017/487/778 1019/490/781 1021/492/783
f 1017/487/778 1021/492/783 1022/493/784
f 1018/489/780 1016/486/777 1023/494/785
f 1018/489/780 1023/494/785 1020/491/782
f 1015/488/779 1017/487/778 1022/493/784
f 1015/488/779 1022/493/784 1024/495/786
f 1016/486/777 1013/484/775 1026/496/787
f 1016/486/777 1026/496/787 1023/494/785
f 1012/483/774 1014/485/776 1025/497/788
f 1012/483/774 1025/497/788 1027/498/789
f 1013/484/775 1011/482/773 1028/499/790
f 1013/484/775 1028/499/790 1026/496/787
f 1010/481/772 1012/483/774 1027/498/789
f 1010/481/772 1027/498/789 1029/500/791
f 1011/482/773 1009/480/771 1030/501/792
f 1011/482/773 1030/501/792 1028/499/790
f 1008/479/770 1010/481/772 1029/500/791
f 1008/479/770 1029/500/791 1031/502/793
f 1009/480/771 1007/478/769 1032/503/794
f 1009/480/771 1032/503/794 1030/501/792
f 1006/477/768 1008/479/770 1031/502/793
f 1006/477/768 1031/502/793 1033/504/795
f 1007/478/769 1005/476/767 1034/505/796
f 1007/478/769 1034/505/796 1032/503/794
f 1003/474/765 1006/477/768 1033/504/795
f 1003/474/765 1033/504/795 1035/506/797
f 1005/476/767 1004/475/766 1036/507/798
f 1005/476/767 1036/507/798 1034/505/796
f 1004/475/766 1003/474/765 1035/506/797
f 1004/475/766 1035/506/797 1036/507/798
f 1021/492/783 1020/491/782 1037/508/799
f 1021/492/783 1037/508/799 1038/509/800
f 1022/493/784 1021/492/783 1038/509/800
f 1022/493/784 1038/509/800 1039/510/801
f 1020/491/782 1023/494/785 1040/511/802
f 1020/491/782 1040/511/802 1037/508/799
f 1024/495/786 1022/493/784 1039/510/801
f 1024/495/786 1039/510/801 1041/512/803
f 1023/494/785 1026/496/787 1043/513/804
f 1023/494/785 1043/513/804 1040/511/802
f 1027/498/789 1025/497/788 1042/514/805
f 1027/498/789 1042/514/805 1044/515/806
f 1026/496/787 1028/499/790 1045/516/807
f 1026/496/787 1045/516/807 1043/513/804
f 1029/500/791 1027/498/789 1044/515/806
f 1029/500/791 1044/515/806 1046/517/808
f 1028/499/790 1030/501/792 1047/518/809
f 1028/499/790 1047/518/809 1045/516/807
f 1031/502/793 1029/500/791 1046/517/808
f 1031/502/793 1046/517/808 1048/519/810
f 1030/501/792 1032/503/794 1049/520/811
f 1030/501/792 1049/520/811 1047/518/809
f 1033/504/795 1031/502/793 1048/519/810
f 1033/504/795 1048/519/810 1050/521/812
f 1032/503/794 1034/505/796 1051/522/813
f 1032/503/794 1051/522/813 1049/520/811
f 1035/506/797 1033/504/795 1050/521/812
f 1035/506/797 1050/521/812 1052/523/814
f 1034/505/796 1036/507/798 1053/524/815
f 1034/505/796 1053/524/815 1051/522/813
f 1036/507/798 1035/506/797 1052/523/814
f 1036/507/798 1052/523/814 1053/524/815
f 978/458/741 977/457/740 1038/509/800
f 978/458/741 1038/509/800 1037/508/799
f 977/457/740 981/459/744 1039/510/801
f 977/457/740 1039/510/801 1038/509/800
f 982/460/745 978/458/741 1037/508/799
f 982/460/745 1037/508/799 1040/511/802
f 981/459/744 986/461/748 1041/512/803
f 981/459/744 1041/512/803 1039/510/801
f 988/462/749 982/460/745 1040/511/802
f 988/462/749 1040/511/802 1043/513/804
f 987/464/752 990/463/751 1044/515/806
f 987/464/752 1044/515/806 1042/514/805
f 991/465/753 988/462/749 1043/513/804
f 991/465/753 1043/513/804 1045/516/807
f 990/463/751 993/466/755 1046/517/808
f 990/463/751 1046/517/808 1044/515/806
f 994/467/756 991/465/753 1045/516/807
f 994/467/756 1045/516/807 1047/518/809
f 993/466/755 996/468/758 1048/519/810
f 993/466/755 1048/519/810 1046/517/808
f 997/469/759 994/467/756 1047/518/809
f 997/469/759 1047/518/809 1049/520/811
f 996/468/758 999/470/761 1050/521/812
f 996/468/758 1050/521/812 1048/519/810
f 1000/471/762 997/469/759 1049/520/811
f 1000/471/762 1049/520/811 1051/522/813
f 999/470/761 1001/472/763 1052/523/814
f 999/470/761 1052/523/814 1050/521/812
f 1002/473/764 1000/471/762 1051/522/813
f 1002/473/764 1051/522/813 1053/524/815
f 1001/472/763 1002/473/764 1053/524/815
f 1001/472/763 1053/524/815 1052/523/814
f 1054/387/816 1055/390/817 1056/389/818
f 1054/387/816 1056/389/818 1057/388/819
f 1058/391/820 1059/394/821 1060/393/822
f 1058/391/820 1060/393/822 1061/392/820
f 1062/395/823 1063/398/824 1064/397/824
f 1062/395/823 1064/397/824 1065/396/825
f 1067/399/826 1069/402/827 1070/401/827
f 1067/399/826 1070/401/827 1071/400/828
f 1072/403/829 1073/406/830 1074/405/831
f 1072/403/829 1074/405/831 1075/404/829
f 1076/407/832 1074/405/831 1073/406/830
f 1076/407/832 1073/406/830 1077/408/833
f 1078/409/834 1079/412/835 1080/411/836
f 1078/409/834 1080/411/836 1081/410/837
f 1082/415/838 1083/414/839 1084/413/840
f 1086/416/841 1056/389/818 1055/390/817
f 1086/416/841 1055/390/817 1087/417/842
f 1088/419/843 1083/414/839 1089/418/844
f 1090/421/845 1083/414/839 1091/420/846
f 1092/423/847 1083/414/839 1066/422/848
f 1093/424/849 1062/395/823 1065/396/825
f 1093/424/849 1065/396/825 1095/425/850
f 1098/427/851 1083/414/839 1099/426/852
f 1082/415/838 1100/428/853 1083/414/839
f 1101/430/854 1083/414/839 1102/429/855
f 1083/414/839 1068/432/856 1096/431/857
f 1064/397/824 1063/398/824 1058/391/820
f 1064/397/824 1058/391/820 1061/392/820
f 1060/393/822 1059/394/821 1054/387/816
f 1060/393/822 1054/387/816 1057/388/819
f 1103/433/858 1104/434/859 1078/409/834
f 1103/433/858 1078/409/834 1081/410/837
f 1083/414/839 1100/428/853 1105/435/860
f 1105/435/860 1099/426/852 1083/414/839
f 1098/427/851 1068/432/856 1083/414/839
f 1106/438/861 1107/437/862 1108/436/863
f 1106/438/861 1109/439/864 1107/437/862
f 1106/438/861 1108/436/863 1110/440/865
f 1106/438/861 1111/441/866 1109/439/864
f 1106/438/861 1110/440/865 1113/442/867
f 1106/438/861 1114/444/868 1112/443/869
f 1106/438/861 1113/442/867 1115/445/870
f 1106/438/861 1116/446/871 1114/444/868
f 1106/438/861 1115/445/870 1117/447/872
f 1106/438/861 1118/448/873 1116/446/871
f 1071/400/828 1094/450/874 1097/449/850
f 1071/400/828 1097/449/850 1067/399/826
f 1106/438/861 1117/447/872 1119/451/875
f 1106/438/861 1120/452/876 1118/448/873
f 1080/411/836 1079/412/835 1076/407/832
f 1080/411/836 1076/407/832 1077/408/833
f 1075/404/829 1070/401/827 1069/402/827
f 1075/404/829 1069/402/827 1072/403/829
f 1092/423/847 1091/420/846 1083/414/839
f 1101/430/854 1085/453/877 1083/414/839
f 1106/438/861 1119/451/875 1121/454/878
f 1106/438/861 1122/455/879 1120/452/876
f 1087/417/842 1104/434/859 1103/433/858
f 1087/417/842 1103/433/858 1086/416/841
f 1088/419/843 1102/429/855 1083/414/839
f 1090/421/845 1089/418/844 1083/414/839
f 1106/438/861 1121/454/878 1123/456/880
f 1066/422/848 1083/414/839 1096/431/857
f 1106/438/861 1123/456/880 1122/455/879
f 1124/401/881 1125/404/882 1126/458/883
f 1124/401/881 1126/458/883 1127/457/884
f 1128/400/885 1124/401/881 1127/457/884
f 1128/400/885 1127/457/884 1129/459/886
f 1125/404/882 1130/405/887 1131/460/888
f 1125/404/882 1131/460/888 1126/458/883
f 1132/450/889 1128/400/885 1129/459/886
f 1132/450/889 1129/459/886 1134/461/890
f 1130/405/887 1076/407/832 1136/462/891
f 1130/405/887 1136/462/891 1131/460/888
f 1137/395/892 1133/424/889 1135/464/893
f 1137/395/892 1135/464/893 1138/463/894
f 1076/407/832 1079/412/835 1139/465/895
f 1076/407/832 1139/465/895 1136/462/891
f 1140/398/896 1137/395/892 1138/463/894
f 1140/398/896 1138/463/894 1141/466/897
f 1079/412/835 1078/409/834 1142/467/898
f 1079/412/835 1142/467/898 1139/465/895
f 1143/391/899 1140/398/896 1141/466/897
f 1143/391/899 1141/466/897 1144/468/900
f 1078/409/834 1104/434/859 1145/469/901
f 1078/409/834 1145/469/901 1142/467/898
f 1146/394/902 1143/391/899 1144/468/900
f 1146/394/902 1144/468/900 1147/470/903
f 1104/434/859 1087/417/842 1148/471/904
f 1104/434/859 1148/471/904 1145/469/901
f 1054/387/816 1146/394/902 1147/470/903
f 1054/387/816 1147/470/903 1149/472/905
f 1087/417/842 1055/390/817 1150/473/906
f 1087/417/842 1150/473/906 1148/471/904
f 1055/390/817 1054/387/816 1149/472/905
f 1055/390/817 1149/472/905 1150/473/906
f 1151/474/907 1122/455/879 1123/456/880
f 1151/474/907 1123/456/880 1152/475/908
f 1152/475/908 1123/456/880 1121/454/878
f 1152/475/908 1121/454/878 1153/476/909
f 1154/477/910 1120/452/876 1122/455/879
f 1154/477/910 1122/455/879 1151/474/907
f 1153/476/909 1121/454/878 1119/451/875
f 1153/476/909 1119/451/875 1155/478/911
f 1156/479/912 1118/448/873 1120/452/876
f 1156/479/912 1120/452/876 1154/477/910
f 1155/478/911 1119/451/875 1117/447/872
f 1155/478/911 1117/447/872 1157/480/913
f 1158/481/914 1116/446/871 1118/448/873
f 1158/481/914 1118/448/873 1156/479/912
f 1157/480/913 1117/447/872 1115/445/870
f 1157/480/913 1115/445/870 1159/482/915
f 1160/483/916 1114/444/868 1116/446/871
f 1160/483/916 1116/446/871 1158/481/914
f 1159/482/915 1115/445/870 1113/442/867
f 1159/482/915 1113/442/867 1161/484/917
f 1162/485/918 1112/443/869 1114/444/868
f 1162/485/918 1114/444/868 1160/483/916
f 1161/484/917 1113/442/867 1110/440/865
f 1161/484/917 1110/440/865 1164/486/919
f 1165/487/920 1109/439/864 1111/441/866
f 1165/487/920 1111/441/866 1163/488/921
f 1164/486/919 1110/440/865 1108/436/863
f 1164/486/919 1108/436/863 1166/489/922
f 1167/490/923 1107/437/862 1109/439/864
f 1167/490/923 1109/439/864 1165/487/920
f 1166/489/922 1108/436/863 1107/437/862
f 1166/489/922 1107/437/862 1167/490/923
f 1167/490/923 1168/492/924 1169/491/925
f 1167/490/923 1169/491/925 1166/489/922
f 1165/487/920 1170/493/926 1168/492/924
f 1165/487/920 1168/492/924 1167/490/923
f 1166/489/922 1169/491/925 1171/494/927
f 1166/489/922 1171/494/927 1164/486/919
f 1163/488/921 1172/495/928 1170/493/926
f 1163/488/921 1170/493/926 1165/487/920
f 1164/486/919 1171/494/927 1174/496/929
f 1164/486/919 1174/496/929 1161/484/917
f 1160/483/916 1175/498/930 1173/497/931
f 1160/483/916 1173/497/931 1162/485/918
f 1161/484/917 1174/496/929 1176/499/932
f 1161/484/917 1176/499/932 1159/482/915
f 1158/481/914 1177/500/933 1175/498/930
f 1158/481/914 1175/498/930 1160/483/916
f 1159/482/915 1176/499/932 1178/501/934
f 1159/482/915 1178/501/934 1157/480/913
f 1156/479/912 1179/502/935 1177/500/933
f 1156/479/912 1177/500/933 1158/481/914
f 1157/480/913 1178/501/934 1180/503/936
f 1157/480/913 1180/503/936 1155/478/911
f 1154/477/910 1181/504/937 1179/502/935
f 1154/477/910 1179/502/935 1156/479/912
f 1155/478/911 1180/503/936 1182/505/938
f 1155/478/911 1182/505/938 1153/476/909
f 1151/474/907 1183/506/939 1181/504/937
f 1151/474/907 1181/504/937 1154/477/910
f 1153/476/909 1182/505/938 1184/507/940
f 1153/476/909 1184/507/940 1152/475/908
f 1152/475/908 1184/507/940 1183/506/939
f 1152/475/908 1183/506/939 1151/474/907
f 1168/492/924 1185/509/941 1186/508/942
f 1168/492/924 1186/508/942 1169/491/925
f 1170/493/926 1187/510/943 1185/509/941
f 1170/493/926 1185/509/941 1168/492/924
f 1169/491/925 1186/508/942 1188/511/944
f 1169/491/925 1188/511/944 1171/494/927
f 1172/495/928 1189/512/945 1187/510/943
f 1172/495/928 1187/510/943 1170/493/926
f 1171/494/927 1188/511/944 1191/513/946
f 1171/494/927 1191/513/946 1174/496/929
f 1175/498/930 1192/515/947 1190/514/948
f 1175/498/930 1190/514/948 1173/497/931
f 1174/496/929 1191/513/946 1193/516/949
f 1174/496/929 1193/516/949 1176/499/932
f 1177/500/933 1194/517/950 1192/515/947
f 1177/500/933 1192/515/947 1175/498/930
f 1176/499/932 1193/516/949 1195/518/951
f 1176/499/932 1195/518/951 1178/501/934
f 1179/502/935 1196/519/952 1194/517/950
f 1179/502/935 1194/517/950 1177/500/933
f 1178/501/934 1195/518/951 1197/520/953
f 1178/501/934 1197/520/953 1180/503/936
f 1181/504/937 1198/521/954 1196/519/952
f 1181/504/937 1196/519/952 1179/502/935
f 1180/503/936 1197/520/953 1199/522/955
f 1180/503/936 1199/522/955 1182/505/938
f 1183/506/939 1200/523/956 1198/521/954
f 1183/506/939 1198/521/954 1181/504/937
f 1182/505/938 1199/522/955 1201/524/957
f 1182/505/938 1201/524/957 1184/507/940
f 1184/507/940 1201/524/957 1200/523/956
f 1184/507/940 1200/523/956 1183/506/939
f 1126/458/883 1186/508/942 1185/509/941
f 1126/458/883 1185/509/941 1127/457/884
f 1127/457/884 1185/509/941 1187/510/943
f 1127/457/884 1187/510/943 1129/459/886
f 1131/460/888 1188/511/944 1186/508/942
f 1131/460/888 1186/508/942 1126/458/883
f 1129/459/886 1187/510/943 1189/512/945
f 1129/459/886 1189/512/945 1134/461/890
f 1136/462/891 1191/513/946 1188/511/944
f 1136/462/891 1188/511/944 1131/460/888
f 1135/464/893 1190/514/948 1192/515/947
f 1135/464/893 1192/515/947 1138/463/894
f 1139/465/895 1193/516/949 1191/513/946
f 1139/465/895 1191/513/946 1136/462/891
f 1138/463/894 1192/515/947 1194/517/950
f 1138/463/894 1194/517/950 1141/466/897
f 1142/467/898 1195/518/951 1193/516/949
f 1142/467/898 1193/516/949 1139/465/895
f 1141/466/897 1194/517/950 1196/519/952
f 1141/466/897 1196/519/952 1144/468/900
f 1145/469/901 1197/520/953 1195/518/951
f 1145/469/901 1195/518/951 1142/467/898
f 1144/468/900 1196/519/952 1198/521/954
f 1144/468/900 1198/521/954 1147/470/903
f 1148/471/904 1199/522/955 1197/520/953
f 1148/471/904 1197/520/953 1145/469/901
f 1147/470/903 1198/521/954 1200/523/956
f 1147/470/903 1200/523/956 1149/472/905
f 1150/473/906 1201/524/957 1199/522/955
f 1150/473/906 1199/522/955 1148/471/904
f 1149/472/905 1200/523/956 1201/524/957
f 1149/472/905 1201/524/957 1150/473/906
o defaultMaterial.006
v -6.443032 0.267609 -1.927745
v -6.443032 0.000589 -3.270145
v -6.443032 0.000589 -3.270145
v -6.443032 0.000589 -3.270145
v -4.094220 0.000589 -3.270145
v -4.094220 0.000589 -3.270145
v -4.094220 0.000589 -3.270145
v -4.094220 0.267609 -1.927745
v -4.094220 0.267609 -1.927745
v -6.443032 0.267609 -4.612545
v -6.443032 0.267609 -4.612545
v -6.443032 1.027924 -5.750669
v -6.443032 1.027924 -5.750669
v -4.094220 1.027924 -5.750669
v -4.094220 1.027924 -5.750669
v -4.094220 0.267609 -4.612545
v -4.094220 0.267609 -4.612545
v -6.443032 6.749289 -4.612545
v -6.443032 6.749289 -4.612545
v -6.443032 7.016309 -3.270145
v -6.443032 7.016309 -3.270145
v -4.094220 7.016309 -3.270145
v -4.094220 7.016309 -3.270145
v -4.094220 6.749289 -4.612545
v -4.094220 6.749289 -4.612545
v -6.443032 4.850848 -0.029305
v -6.443032 4.850848 -0.029305
v -6.443032 3.508449 0.238764
v -6.443032 3.508449 0.238764
v -4.094220 3.508449 0.238764
v -4.094220 3.508449 0.238764
v -4.094220 4.850848 -0.029305
v -4.094220 4.850848 -0.029305
v -6.443032 2.166049 -6.510984
v -6.443032 2.166049 -6.510984
v -6.443032 3.508449 -6.779056
v -6.443032 3.508449 -6.779056
v -4.094220 3.508449 -6.779056
v -4.094220 3.508449 -6.779056
v -4.094220 2.166049 -6.510984
v -4.094220 2.166049 -6.510984
v -6.443032 6.749289 -1.927745
v -6.443032 6.749289 -1.927745
v -6.443032 5.989623 -0.788972
v -6.443032 5.989623 -0.788972
v -4.094220 5.989623 -0.788972
v -4.094220 5.989623 -0.788972
v -4.094220 6.749289 -1.927745
v -4.094220 6.749289 -1.927745
v -4.094220 5.989623 -5.751318
v -4.094220 5.989623 -5.751318
v -6.443032 5.989623 -5.751318
v -6.443032 5.989623 -5.751318
v -4.094220 1.028017 -0.789713
v -4.094220 1.028017 -0.789713
v -6.443032 1.028017 -0.789713
v -6.443032 1.028017 -0.789713
v -6.443032 4.850848 -6.510984
v -6.443032 4.850848 -6.510984
v -4.094220 4.850848 -6.510984
v -4.094220 4.850848 -6.510984
v -6.443032 2.166049 -0.029305
v -6.443032 2.166049 -0.029305
v -4.094220 2.166049 -0.029305
v -4.094220 2.166049 -0.029305
v -6.791483 5.655493 -1.123116
v -6.791483 4.670078 -0.465754
v -6.791483 1.362069 -1.123757
v -6.791483 2.346842 -0.465754
v -6.529088 2.231087 -1.992738
v -6.529088 2.817169 -1.601132
v -6.529088 3.508498 -1.463077
v -6.529088 4.199827 -1.601132
v -6.529088 4.786290 -1.992356
v -6.791483 5.370164 -2.499018
v -6.529088 5.177516 -2.578820
v -6.529088 4.786290 -1.992356
v -6.791483 4.933781 -1.844862
v -6.791483 3.508460 -0.233786
v -6.791483 1.362069 -5.416539
v -6.791483 2.346842 -6.074543
v -6.529088 4.786290 -4.547940
v -6.529088 4.199827 -4.939165
v -6.529088 3.508498 -5.077220
v -6.529088 2.817169 -4.939165
v -6.529088 2.231087 -4.547559
v -6.791483 5.523552 -3.270149
v -6.529088 5.315029 -3.270149
v -6.791483 5.370164 -4.041278
v -6.529088 5.177516 -3.961478
v -6.791483 3.508460 -6.306513
v -6.791483 4.670078 -6.074543
v -6.791483 6.543915 -3.270149
v -6.791483 6.312854 -2.108531
v -6.791483 0.704065 -2.108531
v -6.443032 0.267609 -1.927745
v -6.529088 5.177516 -2.578820
v -6.529088 5.315029 -3.270149
v -6.529088 1.701967 -3.270149
v -6.529088 1.839481 -2.578820
v -6.791483 4.933781 -4.695436
v -6.529088 4.786290 -4.547940
v -6.791483 5.655493 -5.417181
v -6.791483 6.312854 -4.431767
v -6.791483 0.473005 -3.270149
v -6.791483 0.704065 -4.431767
v -6.529088 1.839481 -3.961478
v -6.529088 5.177516 -3.961478
v -6.791483 4.279623 -5.131820
v -6.529088 4.199827 -4.939165
v -6.791483 3.508493 -5.285811
v -6.529088 3.508498 -5.077220
v -6.791483 2.737364 -5.131820
v -6.529088 2.817169 -4.939165
v -6.791483 2.083632 -4.695010
v -6.529088 2.231087 -4.547559
v -6.791483 1.646821 -4.041278
v -6.529088 1.839481 -3.961478
v -6.791483 1.493434 -3.270149
v -6.529088 1.701967 -3.270149
v -6.791483 1.646821 -2.499018
v -6.529088 1.839481 -2.578820
v -6.791483 2.083632 -1.845286
v -6.529088 2.231087 -1.992738
v -6.791483 2.737364 -1.408477
v -6.529088 2.817169 -1.601132
v -6.791483 3.508493 -1.254487
v -6.529088 3.508498 -1.463077
v -6.791483 4.279623 -1.408477
v -6.529088 4.199827 -1.601132
v -6.791483 5.370164 -2.499018
v -6.791483 4.933781 -1.844862
v -6.791483 5.523552 -3.270149
v -6.791483 4.279623 -1.408477
v -6.791483 3.508493 -1.254487
v -6.791483 2.737364 -1.408477
v -6.791483 2.083632 -1.845286
v -6.791483 1.646821 -2.499018
v -6.791483 1.493434 -3.270149
v -6.791483 1.646821 -4.041278
v -6.791483 2.083632 -4.695010
v -6.791483 2.737364 -5.131820
v -6.791483 3.508493 -5.285811
v -6.791483 4.279623 -5.131820
v -6.791483 4.933781 -4.695436
v -6.791483 5.370164 -4.041278
v -3.745769 0.473005 -3.270149
v -3.745769 6.543915 -3.270149
v -3.745769 6.312854 -2.108531
v -3.745769 0.704065 -2.108531
v -3.745769 0.704065 -4.431767
v -3.745769 6.312854 -4.431767
v -3.745769 5.655493 -1.123116
v -3.745769 1.362069 -1.123757
v -3.745769 5.655493 -5.417181
v -3.745769 1.362069 -5.416539
v -3.745769 2.346842 -6.074543
v -3.745769 3.508460 -6.306513
v -3.745769 4.670078 -6.074543
v -3.745769 4.670078 -0.465754
v -3.745769 3.508460 -0.233786
v -3.745769 2.346842 -0.465754
vn -0.4536 -0.8234 0.3411
vn -0.4536 -0.8912 -0.0000
vn 0.4536 -0.8912 -0.0000
vn 0.4536 -0.8234 0.3410
vn -0.4536 -0.8234 -0.3410
vn -0.4536 -0.6302 -0.6302
vn 0.4536 -0.6302 -0.6302
vn 0.4536 -0.8234 -0.3410
vn -0.4536 0.8235 -0.3407
vn -0.4536 0.8912 -0.0000
vn 0.4536 0.8912 -0.0000
vn 0.4536 0.8235 -0.3407
vn -0.4536 0.3411 0.8234
vn -0.4537 -0.0000 0.8912
vn 0.4536 -0.0000 0.8912
vn 0.4535 0.3411 0.8234
vn -0.4536 -0.3413 -0.8233
vn -0.4537 -0.0000 -0.8912
vn 0.4536 -0.0000 -0.8912
vn 0.4536 -0.3413 -0.8232
vn -0.4536 0.8235 0.3407
vn -0.4537 0.6301 0.6302
vn 0.4536 0.6301 0.6302
vn 0.4536 0.8235 0.3407
vn 0.4537 0.6302 -0.6301
vn -0.4537 0.6301 -0.6302
vn 0.4536 -0.6302 0.6302
vn -0.4536 -0.6302 0.6302
vn -0.4536 0.3410 -0.8234
vn 0.4536 0.3411 -0.8234
vn -0.4536 -0.3414 0.8233
vn 0.4536 -0.3414 0.8232
vn -0.9503 0.2201 0.2201
vn -0.9503 0.1192 0.2877
vn -0.4537 0.6302 0.6301
vn -0.9503 -0.2202 0.2202
vn -0.4536 -0.6301 0.6302
vn -0.4536 -0.3414 0.8232
vn -0.9503 -0.1193 0.2876
vn -1.0000 -0.0000 -0.0000
vn -0.6222 -0.7234 -0.2993
vn -0.6223 -0.5535 -0.5535
vn -0.9503 -0.0000 0.3113
vn -0.9503 -0.2201 -0.2201
vn -0.9503 -0.1193 -0.2876
vn -0.4536 -0.3414 -0.8232
vn -0.4536 -0.6302 -0.6301
vn -0.6222 -0.7829 -0.0000
vn -0.6222 -0.7234 0.2994
vn -0.6222 -0.7234 0.2993
vn -0.9503 -0.0000 -0.3113
vn -0.9503 0.1192 -0.2877
vn -0.4536 0.3411 -0.8234
vn -0.9503 0.3114 -0.0000
vn -0.9503 0.2877 0.1190
vn -0.9503 -0.2877 0.1191
vn -0.4536 -0.8233 0.3411
vn -0.6223 -0.5535 0.5535
vn -0.9503 0.2201 -0.2201
vn -0.9503 0.2877 -0.1190
vn -0.9503 -0.3114 -0.0000
vn -0.9503 -0.2877 -0.1191
vn -0.6222 -0.2996 0.7233
vn -0.6223 -0.0000 0.7828
vn -0.6222 0.2999 0.7232
vn -0.6222 0.5536 0.5536
vn -0.6222 0.7233 0.2996
vn -0.6222 0.7829 -0.0000
vn -0.6222 0.7233 -0.2996
vn -0.6222 0.5536 -0.5536
vn -0.6222 0.2998 -0.7232
vn -0.6222 0.2999 -0.7232
vn -0.6223 -0.0000 -0.7828
vn -0.6222 -0.2996 -0.7233
vn 0.9503 -0.3114 -0.0000
vn 0.9503 0.3114 -0.0000
vn 0.9503 0.2877 0.1190
vn 0.9503 -0.2877 0.1192
vn 0.9503 -0.2877 -0.1191
vn 0.9503 0.2877 -0.1190
vn 0.9503 0.2201 0.2201
vn 0.9503 -0.2202 0.2202
vn 0.9503 0.2201 -0.2201
vn 0.9503 -0.2201 -0.2201
vn 0.9107 -0.1582 -0.3817
vn 0.9107 -0.0000 -0.4131
vn 0.9106 0.1581 -0.3817
vn 0.9106 0.1581 0.3817
vn 0.9107 -0.0000 0.4131
vn 0.9107 -0.1583 0.3816
vn 0.4536 0.3411 0.8234
vn 0.4537 -0.0000 0.8912
vn 0.4536 -0.3413 -0.8233
vn 0.4537 -0.0000 -0.8912
vn 0.4537 0.6301 0.6301
vn 0.4536 -0.6301 -0.6302
vn 0.4536 -0.6302 0.6301
vt 0.937823 0.253785
vt 1.000000 0.253785
vt 1.000000 0.004837
vt 0.937823 0.004836
vt 0.062521 0.253785
vt 0.125041 0.253785
vt 0.125041 0.004836
vt 0.062521 0.004836
vt 0.437650 0.253785
vt 0.500172 0.253785
vt 0.500172 0.004836
vt 0.437650 0.004836
vt 0.687739 0.253785
vt 0.750260 0.253785
vt 0.750260 0.004836
vt 0.687739 0.004836
vt 0.187562 0.253785
vt 0.250084 0.253785
vt 0.250084 0.004836
vt 0.187562 0.004836
vt 0.562694 0.253785
vt 0.625217 0.253785
vt 0.625217 0.004836
vt 0.562694 0.004836
vt 0.000000 0.004836
vt 0.000000 0.253785
vt 0.375127 0.004836
vt 0.375127 0.253785
vt 0.875303 0.004836
vt 0.875303 0.253785
vt 0.312605 0.253785
vt 0.312605 0.004836
vt 0.812782 0.253785
vt 0.812782 0.004836
vt 0.388948 0.361057
vt 0.431486 0.424823
vt 0.459729 0.413126
vt 0.410571 0.339436
vt 0.388907 0.638884
vt 0.410523 0.660501
vt 0.459729 0.586859
vt 0.431486 0.575159
vt 0.329885 0.579841
vt 0.354362 0.543210
vt 0.362990 0.500000
vt 0.354362 0.456790
vt 0.329909 0.420135
vt 0.297467 0.385427
vt 0.293254 0.395683
vt 0.337722 0.412281
vt 0.446497 0.499991
vt 0.477076 0.499992
vt 0.111121 0.638884
vt 0.068542 0.575159
vt 0.040300 0.586859
vt 0.089500 0.660507
vt 0.170179 0.420135
vt 0.145727 0.456790
vt 0.137098 0.500000
vt 0.145727 0.543210
vt 0.170203 0.579841
vt 0.250014 0.375988
vt 0.250044 0.387088
vt 0.202561 0.385427
vt 0.206834 0.395683
vt 0.053531 0.499991
vt 0.068542 0.424823
vt 0.040300 0.413126
vt 0.022954 0.499992
vt 0.250014 0.303567
vt 0.325182 0.318519
vt 0.336881 0.290278
vt 0.250015 0.272999
vt 0.325182 0.681463
vt 0.336881 0.709707
vt 0.250044 0.612912
vt 0.293254 0.604317
vt 0.162306 0.412281
vt 0.111080 0.361057
vt 0.174846 0.318519
vt 0.163148 0.290278
vt 0.089458 0.339436
vt 0.250014 0.696415
vt 0.174846 0.681463
vt 0.163148 0.709707
vt 0.250015 0.726985
vt 0.206834 0.604317
vt 0.135452 0.452536
vt 0.125976 0.499989
vt 0.135452 0.547442
vt 0.162332 0.587671
vt 0.202561 0.614551
vt 0.250014 0.623990
vt 0.297467 0.614551
vt 0.337696 0.587671
vt 0.364576 0.547442
vt 0.374052 0.499989
vt 0.364576 0.452536
vt 0.750553 0.696415
vt 0.750553 0.303567
vt 0.825721 0.318519
vt 0.825721 0.681463
vt 0.675385 0.681463
vt 0.675385 0.318519
vt 0.889487 0.361057
vt 0.889446 0.638884
vt 0.611619 0.361057
vt 0.611660 0.638884
vt 0.569081 0.575159
vt 0.554070 0.499991
vt 0.569081 0.424823
vt 0.932025 0.424823
vt 0.947036 0.499991
vt 0.932025 0.575159
vt 0.663687 0.290278
vt 0.750554 0.272999
vt 0.960268 0.413126
vt 0.977615 0.499992
vt 0.540839 0.586859
vt 0.523493 0.499992
vt 0.837420 0.290278
vt 0.911110 0.339436
vt 0.663687 0.709707
vt 0.590039 0.660507
vt 0.837420 0.709707
vt 0.750554 0.726986
vt 0.589998 0.339436
vt 0.540839 0.413126
vt 0.911062 0.660501
vt 0.960268 0.586859
s 1
usemtl defaultMaterial_0.002
f 1202/525/958 1203/526/959 1206/527/960
f 1202/525/958 1206/527/960 1209/528/961
f 1211/529/962 1213/530/963 1215/531/964
f 1211/529/962 1215/531/964 1217/532/965
f 1219/533/966 1221/534/967 1223/535/968
f 1219/533/966 1223/535/968 1225/536/969
f 1227/537/970 1229/538/971 1231/539/972
f 1227/537/970 1231/539/972 1233/540/973
f 1235/541/974 1237/542/975 1239/543/976
f 1235/541/974 1239/543/976 1241/544/977
f 1243/545/978 1245/546/979 1247/547/980
f 1243/545/978 1247/547/980 1249/548/981
f 1211/529/962 1217/532/965 1207/549/960
f 1211/529/962 1207/549/960 1204/550/959
f 1219/533/966 1225/536/969 1251/551/982
f 1219/533/966 1251/551/982 1253/552/983
f 1202/525/958 1209/528/961 1255/553/984
f 1202/525/958 1255/553/984 1257/554/985
f 1243/545/978 1249/548/981 1223/535/968
f 1243/545/978 1223/535/968 1221/534/967
f 1239/543/976 1237/542/975 1259/555/986
f 1239/543/976 1259/555/986 1261/556/987
f 1235/541/974 1241/544/977 1215/531/964
f 1235/541/974 1215/531/964 1213/530/963
f 1263/557/988 1265/558/989 1231/539/972
f 1263/557/988 1231/539/972 1229/538/971
f 1257/554/985 1255/553/984 1265/558/989
f 1257/554/985 1265/558/989 1263/557/988
f 1227/537/970 1233/540/973 1247/547/980
f 1227/537/970 1247/547/980 1245/546/979
f 1253/552/983 1251/551/982 1261/556/987
f 1253/552/983 1261/556/987 1259/555/986
f 1267/559/990 1268/560/991 1228/561/970
f 1267/559/990 1228/561/970 1246/562/992
f 1269/563/993 1258/564/994 1264/565/995
f 1269/563/993 1264/565/995 1270/566/996
s 0
f 1271/567/997 1272/568/997 1273/569/997
f 1271/567/997 1273/569/997 1274/570/997
f 1271/567/997 1274/570/997 1275/571/997
s 1
f 1276/572/998 1277/573/998 1278/571/999
f 1276/572/998 1278/571/999 1279/574/999
f 1280/575/1000 1270/566/996 1264/565/995
f 1280/575/1000 1264/565/995 1230/576/971
f 1281/577/1001 1282/578/1002 1236/579/1003
f 1281/577/1001 1236/579/1003 1214/580/1004
s 0
f 1283/581/997 1284/582/997 1285/583/997
f 1283/581/997 1285/583/997 1286/584/997
f 1283/581/997 1286/584/997 1287/585/997
s 1
f 1288/586/1005 1289/587/1005 1277/573/998
f 1288/586/1005 1277/573/998 1276/572/998
f 1290/588/1006 1291/589/1007 1289/587/1005
f 1290/588/1006 1289/587/1005 1288/586/1005
f 1292/590/1008 1293/591/1009 1260/592/1010
f 1292/590/1008 1260/592/1010 1238/593/975
f 1294/594/1011 1295/595/1012 1244/596/978
f 1294/594/1011 1244/596/978 1222/597/967
f 1269/563/993 1296/598/1013 1297/599/1014
f 1269/563/993 1297/599/1014 1258/564/994
s 0
f 1298/573/997 1299/587/997 1300/600/997
f 1298/573/997 1300/600/997 1301/601/997
s 1
f 1302/602/1015 1303/581/1015 1291/589/1007
f 1302/602/1015 1291/589/1007 1290/588/1006
f 1304/603/1016 1305/604/1017 1220/605/966
f 1304/603/1016 1220/605/966 1254/606/983
f 1306/607/1018 1307/608/1019 1212/609/962
f 1306/607/1018 1212/609/962 1205/610/959
s 0
f 1308/611/997 1309/589/997 1283/581/997
f 1308/611/997 1283/581/997 1287/585/997
s 1
f 1310/612/1020 1311/582/1020 1303/581/1015
f 1310/612/1020 1303/581/1015 1302/602/1015
f 1267/559/990 1246/562/992 1244/596/978
f 1267/559/990 1244/596/978 1295/595/1012
f 1292/590/1008 1238/593/975 1236/579/1003
f 1292/590/1008 1236/579/1003 1282/578/1002
f 1280/575/1000 1230/576/971 1228/561/970
f 1280/575/1000 1228/561/970 1268/560/991
f 1294/594/1011 1222/597/967 1220/605/966
f 1294/594/1011 1220/605/966 1305/604/1017
f 1312/613/1021 1313/583/1021 1311/582/1020
f 1312/613/1021 1311/582/1020 1310/612/1020
f 1281/577/1001 1214/580/1004 1212/609/962
f 1281/577/1001 1212/609/962 1307/608/1019
f 1306/607/1018 1205/610/959 1297/599/1014
f 1306/607/1018 1297/599/1014 1296/598/1013
f 1314/614/1022 1315/584/1022 1313/583/1021
f 1314/614/1022 1313/583/1021 1312/613/1021
s 0
f 1271/567/997 1275/571/997 1298/573/997
f 1271/567/997 1298/573/997 1301/601/997
f 1309/589/997 1308/611/997 1300/600/997
f 1309/589/997 1300/600/997 1299/587/997
s 1
f 1316/615/1023 1317/585/1023 1315/584/1022
f 1316/615/1023 1315/584/1022 1314/614/1022
f 1318/616/1024 1319/611/1024 1317/585/1023
f 1318/616/1024 1317/585/1023 1316/615/1023
f 1320/617/1025 1321/600/1025 1319/611/1024
f 1320/617/1025 1319/611/1024 1318/616/1024
f 1322/618/1026 1323/601/1026 1321/600/1025
f 1322/618/1026 1321/600/1025 1320/617/1025
f 1324/619/1027 1325/567/1027 1323/601/1026
f 1324/619/1027 1323/601/1026 1322/618/1026
f 1326/620/1028 1327/568/1029 1325/567/1027
f 1326/620/1028 1325/567/1027 1324/619/1027
f 1328/621/1030 1329/569/1030 1327/568/1029
f 1328/621/1030 1327/568/1029 1326/620/1028
f 1330/622/1031 1331/570/1031 1329/569/1030
f 1330/622/1031 1329/569/1030 1328/621/1030
f 1279/574/999 1278/571/999 1331/570/1031
f 1279/574/999 1331/570/1031 1330/622/1031
f 1295/595/1012 1332/572/997 1333/574/997
f 1295/595/1012 1333/574/997 1267/559/990
f 1294/594/1011 1334/586/997 1332/572/997
f 1294/594/1011 1332/572/997 1295/595/1012
f 1304/603/1016 1254/606/983 1260/592/1010
f 1304/603/1016 1260/592/1010 1293/591/1009
f 1267/559/990 1333/574/997 1335/622/997
f 1267/559/990 1335/622/997 1268/560/991
f 1268/560/991 1335/622/997 1336/621/997
f 1268/560/991 1336/621/997 1280/575/1000
f 1280/575/1000 1336/621/997 1337/620/997
f 1280/575/1000 1337/620/997 1270/566/996
f 1270/566/996 1337/620/997 1338/619/997
f 1270/566/996 1338/619/997 1269/563/993
f 1269/563/993 1338/619/997 1339/618/997
f 1269/563/993 1339/618/997 1296/598/1013
f 1296/598/1013 1339/618/997 1340/617/997
f 1296/598/1013 1340/617/997 1306/607/1018
f 1306/607/1018 1340/617/997 1341/616/997
f 1306/607/1018 1341/616/997 1307/608/1019
f 1307/608/1019 1341/616/997 1342/615/997
f 1307/608/1019 1342/615/997 1281/577/1001
f 1281/577/1001 1342/615/997 1343/614/997
f 1281/577/1001 1343/614/997 1282/578/1002
f 1282/578/1002 1343/614/997 1344/613/997
f 1282/578/1002 1344/613/997 1292/590/1008
f 1292/590/1008 1344/613/997 1345/612/997
f 1292/590/1008 1345/612/997 1293/591/1009
f 1293/591/1009 1345/612/997 1346/602/997
f 1293/591/1009 1346/602/997 1304/603/1016
f 1304/603/1016 1346/602/997 1347/588/997
f 1304/603/1016 1347/588/997 1305/604/1017
f 1305/604/1017 1347/588/997 1334/586/997
f 1305/604/1017 1334/586/997 1294/594/1011
f 1348/623/1032 1349/624/1033 1350/625/1034
f 1348/623/1032 1350/625/1034 1351/626/1035
f 1352/627/1036 1353/628/1037 1349/624/1033
f 1352/627/1036 1349/624/1033 1348/623/1032
f 1351/626/1035 1350/625/1034 1354/629/1038
f 1351/626/1035 1354/629/1038 1355/630/1039
f 1356/631/1040 1357/632/1041 1358/633/1042
f 1356/631/1040 1358/633/1042 1359/634/1043
f 1356/631/1040 1359/634/1043 1360/635/1044
f 1353/628/1037 1352/627/1036 1357/632/1041
f 1353/628/1037 1357/632/1041 1356/631/1040
f 1355/630/1039 1354/629/1038 1361/636/1045
f 1355/630/1039 1361/636/1045 1362/637/1046
f 1355/630/1039 1362/637/1046 1363/638/1047
f 1349/624/1033 1353/628/1037 1226/639/969
f 1349/624/1033 1226/639/969 1224/640/968
f 1362/637/1046 1361/636/1045 1234/641/1048
f 1362/637/1046 1234/641/1048 1232/642/1049
f 1359/634/1043 1358/633/1042 1242/643/1050
f 1359/634/1043 1242/643/1050 1240/644/1051
f 1354/629/1038 1350/625/1034 1250/645/981
f 1354/629/1038 1250/645/981 1248/646/1052
f 1357/632/1041 1352/627/1036 1218/647/965
f 1357/632/1041 1218/647/965 1216/648/1053
f 1348/623/1032 1351/626/1035 1210/649/961
f 1348/623/1032 1210/649/961 1208/650/960
f 1348/623/1032 1208/650/960 1218/647/965
f 1348/623/1032 1218/647/965 1352/627/1036
f 1356/631/1040 1252/651/982 1226/639/969
f 1356/631/1040 1226/639/969 1353/628/1037
f 1356/631/1040 1360/635/1044 1262/652/987
f 1356/631/1040 1262/652/987 1252/651/982
f 1355/630/1039 1256/653/1054 1210/649/961
f 1355/630/1039 1210/649/961 1351/626/1035
f 1354/629/1038 1248/646/1052 1234/641/1048
f 1354/629/1038 1234/641/1048 1361/636/1045
f 1355/630/1039 1363/638/1047 1266/654/989
f 1355/630/1039 1266/654/989 1256/653/1054
f 1349/624/1033 1224/640/968 1250/645/981
f 1349/624/1033 1250/645/981 1350/625/1034
f 1359/634/1043 1240/644/1051 1262/652/987
f 1359/634/1043 1262/652/987 1360/635/1044
f 1362/637/1046 1232/642/1049 1266/654/989
f 1362/637/1046 1266/654/989 1363/638/1047
f 1357/632/1041 1216/648/1053 1242/643/1050
f 1357/632/1041 1242/643/1050 1358/633/1042
o defaultMaterial.007
v 1.199334 4.138786 12.958607
v 0.974331 4.383100 13.202930
v 0.974331 4.383100 13.202930
v 0.974331 3.550435 13.758393
v 0.974331 3.550435 13.758393
v 1.199334 3.418257 13.439265
v 0.974331 0.755137 9.574968
v 0.974331 0.755137 9.574968
v 0.974331 0.199199 10.407158
v 0.974331 0.199199 10.407158
v -0.974332 0.199199 10.407158
v -0.974332 0.199199 10.407158
v -0.974332 0.755137 9.574968
v -0.974332 0.755137 9.574968
v 0.900712 1.669209 12.288418
v 0.900712 3.468896 12.288687
v 0.900712 3.055837 12.564236
v 0.900712 2.568919 12.661470
v 0.900712 2.082000 12.564236
v 0.974331 5.133805 11.388712
v 0.974331 5.133805 11.388712
v 0.974331 4.938562 10.407158
v 0.974331 4.938562 10.407158
v -0.974332 4.938562 10.407158
v -0.974332 4.938562 10.407158
v -0.974332 5.133805 11.388712
v -0.974332 5.133805 11.388712
v 1.199334 2.568889 13.608878
v 0.974331 2.568881 13.954404
v 0.974331 2.568881 13.954404
v 0.974331 1.587327 13.758393
v 0.974331 1.587327 13.758393
v 1.199334 1.719521 13.439265
v 1.199334 0.999461 9.819283
v 0.974331 1.587327 9.019032
v 0.974331 1.587327 9.019032
v 1.199334 1.719521 9.338155
v 0.900712 3.468897 10.488731
v 0.900712 1.669209 10.489000
v 0.900712 2.082000 10.213183
v 0.900712 2.568919 10.115948
v 0.900712 3.055837 10.213183
v 0.974331 4.938562 12.370266
v 0.974331 4.938562 12.370266
v -0.974332 4.938562 12.370266
v -0.974332 4.938562 12.370266
v -0.974332 4.383100 13.202930
v -0.974332 4.383100 13.202930
v 0.974331 4.383100 9.574494
v 0.974331 4.383100 9.574494
v -0.974332 4.383100 9.574494
v -0.974332 4.383100 9.574494
v 1.199334 2.568889 9.168539
v 0.974331 2.568881 8.823019
v 0.974331 2.568881 8.823019
v 0.974331 3.550435 9.019032
v 0.974331 3.550435 9.019032
v 1.199334 3.418257 9.338155
v 1.199334 4.788394 11.388710
v 1.199334 4.619444 12.238077
v 1.199334 0.999461 12.958138
v 0.974331 0.755205 13.202389
v 0.974331 0.755205 13.202389
v 0.974331 0.199199 12.370266
v 0.974331 0.199199 12.370266
v 1.199334 0.518333 12.238077
v 0.900712 1.296537 11.388710
v 0.900712 3.841299 11.388710
v 0.900712 3.744445 11.875628
v 0.900712 1.393393 11.875628
v -0.974332 0.755205 13.202389
v -0.974332 0.755205 13.202389
v -0.974332 0.199199 12.370266
v -0.974332 0.199199 12.370266
v 1.199334 4.138786 9.818813
v 1.199334 4.619444 10.539342
v 1.199334 0.349383 11.388710
v 0.974331 0.003956 11.388712
v 0.974331 0.003956 11.388712
v 0.974331 0.003956 11.388712
v 1.199334 0.518333 10.539342
v 0.900712 3.744445 10.901791
v 0.900712 1.393393 10.901791
v -0.974332 0.003956 11.388712
v -0.974332 0.003956 11.388712
v -0.974332 0.003956 11.388712
v -0.974332 3.550435 13.758393
v -0.974332 3.550435 13.758393
v -0.974332 2.568881 13.954404
v -0.974332 2.568881 13.954404
v -0.974332 1.587327 9.019032
v -0.974332 1.587327 9.019032
v -0.974332 2.568881 8.823019
v -0.974332 2.568881 8.823019
v -0.974332 3.550435 9.019032
v -0.974332 3.550435 9.019032
v -0.974332 1.587327 13.758393
v -0.974332 1.587327 13.758393
v 1.284747 3.744445 11.875628
v 1.284747 3.468896 12.288687
v 0.900712 3.468896 12.288687
v 0.900712 3.744445 11.875628
v 1.284747 3.841299 11.388710
v 0.900712 3.841299 11.388710
v 1.284747 3.055837 12.564236
v 1.284747 3.468896 12.288687
v 1.284747 2.568919 12.661470
v 1.284747 2.082000 12.564236
v 1.284747 1.669209 12.288418
v 1.284747 1.393393 11.875628
v 1.284747 1.296537 11.388710
v 1.284747 1.393393 10.901791
v 1.284747 1.669209 10.489000
v 1.284747 2.082000 10.213183
v 1.284747 2.568919 10.115948
v 1.284747 3.055837 10.213183
v 1.284747 3.468897 10.488731
v 1.284747 3.744445 10.901791
v 1.284747 3.841299 11.388710
v 1.284747 3.744445 11.875628
v 1.284747 3.055837 12.564236
v 0.900712 3.055837 12.564236
v 1.284747 2.568919 12.661470
v 0.900712 2.568919 12.661470
v 1.284747 2.082000 12.564236
v 0.900712 2.082000 12.564236
v 1.284747 1.669209 12.288418
v 0.900712 1.669209 12.288418
v 1.284747 1.393393 11.875628
v 0.900712 1.393393 11.875628
v 1.284747 1.296537 11.388710
v 0.900712 1.296537 11.388710
v 1.284747 1.393393 10.901791
v 0.900712 1.393393 10.901791
v 1.284747 1.669209 10.489000
v 0.900712 1.669209 10.489000
v 1.284747 2.082000 10.213183
v 0.900712 2.082000 10.213183
v 1.284747 2.568919 10.115948
v 0.900712 2.568919 10.115948
v 1.284747 3.055837 10.213183
v 0.900712 3.055837 10.213183
v 1.284747 3.468897 10.488731
v 0.900712 3.468897 10.488731
v 1.284747 3.744445 10.901791
v 0.900712 3.744445 10.901791
v -1.199335 4.138786 12.958607
v -1.199335 3.418257 13.439265
v -1.284748 3.744445 10.901791
v -0.900713 3.744445 10.901791
v -0.900713 3.841299 11.388710
v -1.284748 3.841299 11.388710
v -0.900713 1.669209 12.288418
v -0.900713 2.082000 12.564236
v -0.900713 2.568919 12.661470
v -0.900713 3.055837 12.564236
v -0.900713 3.468896 12.288687
v -1.284748 3.468897 10.488731
v -0.900713 3.468897 10.488731
v -1.199335 2.568889 13.608878
v -1.199335 1.719521 13.439265
v -1.199335 0.999461 9.819283
v -1.199335 1.719521 9.338155
v -0.900713 3.468897 10.488731
v -0.900713 3.055837 10.213183
v -0.900713 2.568919 10.115948
v -0.900713 2.082000 10.213183
v -0.900713 1.669209 10.489000
v -1.284748 3.055837 10.213183
v -0.900713 3.055837 10.213183
v -1.284748 2.568919 10.115948
v -0.900713 2.568919 10.115948
v -1.199335 2.568889 9.168539
v -1.199335 3.418257 9.338155
v -1.199335 4.788394 11.388710
v -1.199335 4.619444 12.238077
v -1.199335 0.999461 12.958138
v -1.199335 0.518333 12.238077
v -0.900713 1.296537 11.388710
v -0.900713 1.393393 11.875628
v -0.900713 3.744445 11.875628
v -0.900713 3.841299 11.388710
v -1.284748 2.082000 10.213183
v -0.900713 2.082000 10.213183
v -1.199335 4.138786 9.818813
v -1.199335 4.619444 10.539342
v -1.199335 0.349383 11.388710
v -1.199335 0.518333 10.539342
v -0.900713 1.393393 10.901791
v -0.900713 3.744445 10.901791
v -1.284748 1.669209 10.489000
v -0.900713 1.669209 10.489000
v -1.284748 1.393393 10.901791
v -0.900713 1.393393 10.901791
v -1.284748 1.296537 11.388710
v -0.900713 1.296537 11.388710
v -1.284748 1.393393 11.875628
v -0.900713 1.393393 11.875628
v -1.284748 1.669209 12.288418
v -0.900713 1.669209 12.288418
v -1.284748 2.082000 12.564236
v -0.900713 2.082000 12.564236
v -1.284748 2.568919 12.661470
v -0.900713 2.568919 12.661470
v -1.284748 3.055837 12.564236
v -0.900713 3.055837 12.564236
v -1.284748 3.468896 12.288687
v -0.900713 3.468896 12.288687
v -1.284748 3.744445 11.875628
v -1.284748 3.468896 12.288687
v -1.284748 3.841299 11.388710
v -1.284748 3.744445 11.875628
v -0.900713 3.744445 11.875628
v -1.284748 3.055837 12.564236
v -1.284748 2.568919 12.661470
v -1.284748 2.082000 12.564236
v -1.284748 1.669209 12.288418
v -1.284748 1.393393 11.875628
v -1.284748 1.296537 11.388710
v -1.284748 1.393393 10.901791
v -1.284748 1.669209 10.489000
v -1.284748 2.082000 10.213183
v -1.284748 2.568919 10.115948
v -1.284748 3.055837 10.213183
v -1.284748 3.468897 10.488731
v -1.284748 3.744445 10.901791
vn 0.9451 0.2311 0.2310
vn 0.4799 0.6204 0.6204
vn 0.4798 0.3358 0.8106
vn 0.9451 0.1251 0.3020
vn 0.4798 -0.6204 -0.6204
vn 0.4798 -0.8106 -0.3357
vn -0.4798 -0.8106 -0.3357
vn -0.4798 -0.6204 -0.6204
vn 1.0000 -0.0000 -0.0000
vn 0.4797 0.8774 -0.0000
vn 0.4797 0.8108 -0.3354
vn -0.4797 0.8108 -0.3354
vn -0.4798 0.8774 -0.0000
vn 0.9451 -0.0000 0.3268
vn 0.4799 -0.0000 0.8773
vn 0.4798 -0.3361 0.8105
vn 0.9451 -0.1252 0.3019
vn 0.9451 -0.2311 -0.2311
vn 0.4798 -0.3360 -0.8105
vn 0.9451 -0.1252 -0.3019
vn 0.4797 0.8108 0.3354
vn -0.4797 0.8108 0.3354
vn -0.4798 0.6204 0.6204
vn 0.4799 0.6204 -0.6204
vn -0.4798 0.6204 -0.6204
vn 0.9451 -0.0000 -0.3268
vn 0.4799 -0.0000 -0.8773
vn 0.4798 0.3358 -0.8106
vn 0.9451 0.1251 -0.3020
vn 0.9451 0.3268 -0.0000
vn 0.4798 0.8774 -0.0000
vn 0.4798 0.8107 0.3355
vn 0.9451 0.3020 0.1250
vn 0.9451 -0.2311 0.2311
vn 0.4798 -0.6204 0.6204
vn 0.4798 -0.8106 0.3358
vn 0.9451 -0.3020 0.1251
vn -0.4798 -0.6204 0.6204
vn -0.4798 -0.8106 0.3358
vn 0.4798 -0.8106 0.3357
vn 0.9451 0.2311 -0.2311
vn 0.4798 0.6204 -0.6204
vn 0.4798 0.8107 -0.3354
vn 0.9451 0.3020 -0.1250
vn 0.9451 -0.3268 -0.0000
vn 0.4798 -0.8774 -0.0000
vn 0.9451 -0.3019 -0.1251
vn 0.4797 -0.8774 -0.0000
vn -0.4798 -0.8774 -0.0000
vn -0.4798 0.3358 0.8106
vn -0.4799 -0.0000 0.8773
vn 0.4798 -0.3361 -0.8105
vn -0.4798 -0.3361 -0.8105
vn -0.4798 -0.0000 -0.8774
vn -0.4797 -0.8774 -0.0000
vn -0.4797 0.3358 -0.8106
vn 0.4797 0.3358 -0.8106
vn -0.4798 -0.3361 0.8105
vn 0.4797 -0.3361 0.8105
vn -0.0000 -0.9240 -0.3823
vn -0.0000 -0.7071 -0.7071
vn -0.0000 -1.0000 -0.0000
vn 0.9960 0.0344 0.0830
vn 0.9960 0.0635 0.0635
vn 0.9960 -0.0000 0.0898
vn 0.9960 -0.0344 0.0830
vn 0.9960 -0.0635 0.0635
vn 0.9960 -0.0830 0.0344
vn 0.9960 -0.0898 -0.0000
vn 0.9960 -0.0830 -0.0344
vn 0.9960 -0.0635 -0.0635
vn 0.9960 -0.0344 -0.0830
vn 0.9960 -0.0000 -0.0898
vn 0.9960 0.0344 -0.0830
vn 0.9960 0.0635 -0.0635
vn 0.9960 0.0830 -0.0343
vn 0.9960 0.0898 -0.0000
vn 0.9960 0.0830 0.0343
vn -0.0000 -0.3827 -0.9239
vn -0.0000 -0.0000 -1.0000
vn -0.0000 0.3830 -0.9237
vn -0.0000 0.7071 -0.7071
vn -0.0000 0.9239 -0.3827
vn -0.0000 1.0000 -0.0000
vn -0.0000 0.9239 0.3827
vn -0.0000 0.7071 0.7071
vn -0.0000 0.3830 0.9237
vn -0.0000 -0.0000 1.0000
vn -0.0000 -0.3827 0.9239
vn -0.0000 -0.7071 0.7071
vn -0.0000 -0.9240 0.3823
vn -0.9451 0.2311 0.2311
vn -0.9451 0.1251 0.3020
vn -0.4799 0.6204 0.6204
vn -1.0000 -0.0000 -0.0000
vn -0.9451 -0.0000 0.3268
vn -0.9451 -0.1252 0.3019
vn -0.9451 -0.2311 -0.2311
vn -0.9451 -0.1252 -0.3019
vn -0.9451 -0.0000 -0.3268
vn -0.9451 0.1251 -0.3020
vn -0.4798 0.3358 -0.8106
vn -0.4799 -0.0000 -0.8773
vn -0.9451 0.3268 -0.0000
vn -0.9451 0.3020 0.1250
vn -0.4798 0.8107 0.3354
vn -0.9451 -0.2311 0.2311
vn -0.9451 -0.3020 0.1251
vn -0.9451 0.2311 -0.2311
vn -0.9451 0.3020 -0.1250
vn -0.4798 0.8107 -0.3355
vn -0.9451 -0.3268 -0.0000
vn -0.9451 -0.3019 -0.1250
vn -0.9960 0.0830 0.0343
vn -0.9960 0.0635 0.0635
vn -0.9960 0.0898 -0.0000
vn -0.9960 0.0344 0.0830
vn -0.9960 -0.0000 0.0898
vn -0.9960 -0.0344 0.0830
vn -0.9960 -0.0635 0.0635
vn -0.9960 -0.0830 0.0344
vn -0.9960 -0.0898 -0.0000
vn -0.9960 -0.0830 -0.0344
vn -0.9960 -0.0635 -0.0635
vn -0.9960 -0.0344 -0.0830
vn -0.9960 -0.0000 -0.0898
vn -0.9960 0.0344 -0.0830
vn -0.9960 0.0635 -0.0635
vn -0.9960 0.0830 -0.0343
vt 0.111096 0.361057
vt 0.089473 0.339436
vt 0.040315 0.413126
vt 0.068558 0.424823
vt 0.125041 0.253785
vt 0.062521 0.253785
vt 0.062521 0.004837
vt 0.125041 0.004837
vt 0.172181 0.577838
vt 0.172157 0.422117
vt 0.148315 0.457857
vt 0.139902 0.499989
vt 0.148315 0.542120
vt 0.500172 0.253785
vt 0.437650 0.253785
vt 0.437650 0.004837
vt 0.500172 0.004837
vt 0.053548 0.499991
vt 0.022969 0.499992
vt 0.040315 0.586859
vt 0.068558 0.575159
vt 0.388923 0.638884
vt 0.410544 0.660507
vt 0.459744 0.586859
vt 0.431502 0.575159
vt 0.327901 0.422117
vt 0.327878 0.577838
vt 0.351744 0.542120
vt 0.360157 0.499989
vt 0.351744 0.457857
vt 0.625217 0.253785
vt 0.562694 0.253785
vt 0.562694 0.004837
vt 0.625217 0.004837
vt 0.375127 0.253785
vt 0.375127 0.004837
vt 0.446513 0.499991
vt 0.477091 0.499992
vt 0.459744 0.413126
vt 0.431502 0.424823
vt 0.250030 0.303567
vt 0.250030 0.272999
vt 0.163163 0.290278
vt 0.174862 0.318519
vt 0.111138 0.638884
vt 0.089521 0.660501
vt 0.163163 0.709707
vt 0.174862 0.681463
vt 0.250029 0.610084
vt 0.250029 0.389894
vt 0.207898 0.398275
vt 0.207898 0.601703
vt 0.875303 0.253785
vt 0.875303 0.004837
vt 0.937823 0.004837
vt 0.937823 0.253785
vt 0.388964 0.361057
vt 0.410586 0.339436
vt 0.336896 0.290278
vt 0.325198 0.318519
vt 0.250030 0.696415
vt 0.250030 0.726985
vt 0.336896 0.709707
vt 0.325198 0.681463
vt 0.292161 0.398275
vt 0.292161 0.601703
vt 1.000000 0.253785
vt 1.000000 0.004837
vt 0.687739 0.253785
vt 0.687739 0.004837
vt 0.750260 0.004837
vt 0.750260 0.253785
vt 0.250084 0.253785
vt 0.187562 0.253785
vt 0.187562 0.004837
vt 0.250084 0.004837
vt 0.000000 0.253785
vt 0.000000 0.004837
vt 0.312605 0.004837
vt 0.312605 0.253785
vt 0.812782 0.004837
vt 0.812782 0.253785
vt 0.200758 0.381034
vt 0.158959 0.408917
vt 0.250030 0.371233
vt 0.131075 0.450716
vt 0.121236 0.499989
vt 0.131075 0.549262
vt 0.158986 0.591033
vt 0.200758 0.618944
vt 0.250030 0.628745
vt 0.299303 0.618944
vt 0.341075 0.591033
vt 0.368986 0.549262
vt 0.378825 0.499989
vt 0.368986 0.450716
vt 0.341102 0.408917
vt 0.299303 0.381034
vt 0.299272 0.381109
vt 0.292281 0.397986
vt 0.250030 0.389582
vt 0.250030 0.371315
vt 0.171960 0.578059
vt 0.148026 0.542240
vt 0.139589 0.499989
vt 0.148026 0.457738
vt 0.171936 0.421896
vt 0.341044 0.408975
vt 0.328123 0.421896
vt 0.352033 0.457738
vt 0.360470 0.499989
vt 0.352033 0.542240
vt 0.328099 0.578059
vt 0.368910 0.450747
vt 0.378743 0.499989
vt 0.250030 0.610396
vt 0.207778 0.601992
vt 0.207778 0.397986
vt 0.368910 0.549230
vt 0.292281 0.601992
vt 0.341017 0.590975
vt 0.299272 0.618868
vt 0.250030 0.628663
vt 0.200789 0.618868
vt 0.159044 0.590975
vt 0.131151 0.549230
vt 0.121318 0.499989
vt 0.131151 0.450747
vt 0.159017 0.408975
vt 0.200789 0.381109
s 1
usemtl defaultMaterial_0.002
f 1364/655/1055 1365/656/1056 1367/657/1057
f 1364/655/1055 1367/657/1057 1369/658/1058
f 1370/659/1059 1372/660/1060 1374/661/1061
f 1370/659/1059 1374/661/1061 1376/662/1062
s 0
f 1378/663/1063 1379/664/1063 1380/665/1063
f 1378/663/1063 1380/665/1063 1381/666/1063
f 1378/663/1063 1381/666/1063 1382/667/1063
s 1
f 1383/668/1064 1385/669/1065 1387/670/1066
f 1383/668/1064 1387/670/1066 1389/671/1067
f 1391/672/1068 1392/673/1069 1394/674/1070
f 1391/672/1068 1394/674/1070 1396/675/1071
f 1397/676/1072 1371/677/1059 1398/678/1073
f 1397/676/1072 1398/678/1073 1400/679/1074
s 0
f 1401/680/1063 1402/681/1063 1403/682/1063
f 1401/680/1063 1403/682/1063 1404/683/1063
f 1401/680/1063 1404/683/1063 1405/684/1063
s 1
f 1366/685/1056 1406/686/1075 1408/687/1076
f 1366/685/1056 1408/687/1076 1410/688/1077
f 1412/689/1078 1414/690/1079 1387/670/1066
f 1412/689/1078 1387/670/1066 1385/669/1065
f 1416/691/1080 1417/692/1081 1419/693/1082
f 1416/691/1080 1419/693/1082 1421/694/1083
f 1422/695/1084 1384/696/1085 1407/697/1086
f 1422/695/1084 1407/697/1086 1423/698/1087
f 1424/699/1088 1425/700/1089 1427/701/1090
f 1424/699/1088 1427/701/1090 1429/702/1091
s 0
f 1430/703/1063 1431/704/1063 1432/705/1063
f 1430/703/1063 1432/705/1063 1433/706/1063
s 1
f 1426/707/1089 1434/708/1092 1436/709/1093
f 1426/707/1089 1436/709/1093 1428/710/1094
f 1438/711/1095 1413/712/1096 1386/713/1097
f 1438/711/1095 1386/713/1097 1439/714/1098
f 1440/715/1099 1441/716/1100 1373/717/1060
f 1440/715/1099 1373/717/1060 1444/718/1101
s 0
f 1402/681/1063 1401/680/1063 1445/719/1063
f 1402/681/1063 1445/719/1063 1446/720/1063
s 1
f 1442/721/1102 1428/710/1094 1436/709/1093
f 1442/721/1102 1436/709/1093 1447/722/1103
f 1364/655/1055 1423/698/1087 1407/697/1086
f 1364/655/1055 1407/697/1086 1365/656/1056
f 1416/691/1080 1400/679/1074 1398/678/1073
f 1416/691/1080 1398/678/1073 1417/692/1081
f 1391/672/1068 1369/658/1058 1367/657/1057
f 1391/672/1068 1367/657/1057 1392/673/1069
f 1422/695/1084 1439/714/1098 1386/713/1097
f 1422/695/1084 1386/713/1097 1384/696/1085
f 1368/723/1057 1450/724/1104 1452/725/1105
f 1368/723/1057 1452/725/1105 1393/726/1069
f 1397/676/1072 1444/718/1101 1373/717/1060
f 1397/676/1072 1373/717/1060 1371/677/1059
f 1440/715/1099 1429/702/1091 1427/701/1090
f 1440/715/1099 1427/701/1090 1441/716/1100
f 1418/727/1081 1399/728/1106 1454/729/1107
f 1418/727/1081 1454/729/1107 1456/730/1108
s 0
f 1378/663/1063 1433/706/1063 1432/705/1063
f 1378/663/1063 1432/705/1063 1379/664/1063
f 1430/703/1063 1446/720/1063 1445/719/1063
f 1430/703/1063 1445/719/1063 1431/704/1063
s 1
f 1443/731/1100 1448/732/1109 1374/661/1061
f 1443/731/1100 1374/661/1061 1372/660/1060
f 1383/668/1064 1389/671/1067 1408/687/1076
f 1383/668/1064 1408/687/1076 1406/686/1075
f 1418/727/1081 1456/730/1108 1458/733/1110
f 1418/727/1081 1458/733/1110 1420/734/1111
f 1458/733/1110 1414/690/1079 1412/689/1078
f 1458/733/1110 1412/689/1078 1420/734/1111
f 1370/659/1059 1376/662/1062 1454/729/1107
f 1370/659/1059 1454/729/1107 1399/728/1106
f 1393/726/1069 1452/725/1105 1460/735/1112
f 1393/726/1069 1460/735/1112 1395/736/1113
f 1460/735/1112 1434/708/1092 1426/707/1089
f 1460/735/1112 1426/707/1089 1395/736/1113
f 1366/685/1056 1410/688/1077 1450/724/1104
f 1366/685/1056 1450/724/1104 1368/723/1057
f 1424/699/1088 1396/675/1071 1394/674/1070
f 1424/699/1088 1394/674/1070 1425/700/1089
f 1462/737/1114 1463/738/1115 1464/664/1115
f 1462/737/1114 1464/664/1115 1465/705/1114
f 1466/739/1116 1462/737/1114 1465/705/1114
f 1466/739/1116 1465/705/1114 1467/704/1116
f 1438/711/1095 1421/694/1083 1419/693/1082
f 1438/711/1095 1419/693/1082 1413/712/1096
f 1364/655/1055 1369/658/1058 1468/740/1117
f 1364/655/1055 1468/740/1117 1469/738/1118
f 1369/658/1058 1391/672/1068 1470/741/1119
f 1369/658/1058 1470/741/1119 1468/740/1117
f 1391/672/1068 1396/675/1071 1471/742/1120
f 1391/672/1068 1471/742/1120 1470/741/1119
f 1396/675/1071 1424/699/1088 1472/743/1121
f 1396/675/1071 1472/743/1121 1471/742/1120
f 1424/699/1088 1429/702/1091 1473/744/1122
f 1424/699/1088 1473/744/1122 1472/743/1121
f 1429/702/1091 1440/715/1099 1474/745/1123
f 1429/702/1091 1474/745/1123 1473/744/1122
f 1440/715/1099 1444/718/1101 1475/746/1124
f 1440/715/1099 1475/746/1124 1474/745/1123
f 1444/718/1101 1397/676/1072 1476/747/1125
f 1444/718/1101 1476/747/1125 1475/746/1124
f 1397/676/1072 1400/679/1074 1477/748/1126
f 1397/676/1072 1477/748/1126 1476/747/1125
f 1400/679/1074 1416/691/1080 1478/749/1127
f 1400/679/1074 1478/749/1127 1477/748/1126
f 1416/691/1080 1421/694/1083 1479/750/1128
f 1416/691/1080 1479/750/1128 1478/749/1127
f 1421/694/1083 1438/711/1095 1480/751/1129
f 1421/694/1083 1480/751/1129 1479/750/1128
f 1438/711/1095 1439/714/1098 1481/752/1130
f 1438/711/1095 1481/752/1130 1480/751/1129
f 1439/714/1098 1422/695/1084 1482/739/1131
f 1439/714/1098 1482/739/1131 1481/752/1130
f 1422/695/1084 1423/698/1087 1483/737/1132
f 1422/695/1084 1483/737/1132 1482/739/1131
f 1423/698/1087 1364/655/1055 1469/738/1118
f 1423/698/1087 1469/738/1118 1483/737/1132
f 1463/738/1115 1484/740/1133 1485/665/1133
f 1463/738/1115 1485/665/1133 1464/664/1115
f 1484/740/1133 1486/741/1134 1487/666/1134
f 1484/740/1133 1487/666/1134 1485/665/1133
f 1486/741/1134 1488/742/1135 1489/667/1135
f 1486/741/1134 1489/667/1135 1487/666/1134
f 1488/742/1135 1490/743/1136 1491/663/1136
f 1488/742/1135 1491/663/1136 1489/667/1135
f 1490/743/1136 1492/744/1137 1493/706/1137
f 1490/743/1136 1493/706/1137 1491/663/1136
f 1492/744/1137 1494/745/1138 1495/703/1138
f 1492/744/1137 1495/703/1138 1493/706/1137
f 1494/745/1138 1496/746/1139 1497/720/1139
f 1494/745/1138 1497/720/1139 1495/703/1138
f 1496/746/1139 1498/747/1140 1499/681/1140
f 1496/746/1139 1499/681/1140 1497/720/1139
f 1498/747/1140 1500/748/1141 1501/682/1141
f 1498/747/1140 1501/682/1141 1499/681/1140
f 1500/748/1141 1502/749/1142 1503/683/1142
f 1500/748/1141 1503/683/1142 1501/682/1141
f 1502/749/1142 1504/750/1143 1505/684/1143
f 1502/749/1142 1505/684/1143 1503/683/1142
f 1504/750/1143 1506/751/1144 1507/680/1144
f 1504/750/1143 1507/680/1144 1505/684/1143
f 1506/751/1144 1508/752/1145 1509/719/1145
f 1506/751/1144 1509/719/1145 1507/680/1144
f 1508/752/1145 1466/739/1116 1467/704/1116
f 1508/752/1145 1467/704/1116 1509/719/1145
f 1510/655/1146 1511/658/1147 1451/657/1104
f 1510/655/1146 1451/657/1104 1411/656/1148
f 1512/753/1145 1513/754/1145 1514/755/1116
f 1512/753/1145 1514/755/1116 1515/756/1116
s 0
f 1516/757/1149 1517/758/1149 1518/759/1149
f 1516/757/1149 1518/759/1149 1519/760/1149
f 1516/757/1149 1519/760/1149 1520/761/1149
s 1
f 1521/762/1144 1522/763/1144 1513/754/1145
f 1521/762/1144 1513/754/1145 1512/753/1145
f 1523/672/1150 1524/675/1151 1461/674/1112
f 1523/672/1150 1461/674/1112 1453/673/1105
f 1525/676/1152 1526/679/1153 1455/678/1107
f 1525/676/1152 1455/678/1107 1377/677/1062
s 0
f 1527/763/1149 1528/764/1149 1529/765/1149
f 1527/763/1149 1529/765/1149 1530/766/1149
f 1527/763/1149 1530/766/1149 1531/767/1149
s 1
f 1532/768/1143 1533/764/1143 1522/763/1144
f 1532/768/1143 1522/763/1144 1521/762/1144
f 1534/769/1142 1535/765/1142 1533/764/1143
f 1534/769/1142 1533/764/1143 1532/768/1143
f 1536/691/1154 1537/694/1155 1459/693/1156
f 1536/691/1154 1459/693/1156 1457/692/1157
f 1538/695/1158 1539/698/1159 1409/697/1160
f 1538/695/1158 1409/697/1160 1390/696/1067
f 1540/699/1161 1541/702/1162 1437/701/1093
f 1540/699/1161 1437/701/1093 1435/700/1092
s 0
f 1542/770/1149 1543/771/1149 1544/772/1149
f 1542/770/1149 1544/772/1149 1545/755/1149
s 1
f 1546/773/1141 1547/766/1141 1535/765/1142
f 1546/773/1141 1535/765/1142 1534/769/1142
f 1548/711/1163 1549/714/1164 1388/713/1165
f 1548/711/1163 1388/713/1165 1415/712/1079
f 1550/715/1166 1551/718/1167 1375/717/1061
f 1550/715/1166 1375/717/1061 1449/716/1103
s 0
f 1531/767/1149 1552/774/1149 1553/754/1149
f 1531/767/1149 1553/754/1149 1527/763/1149
s 1
f 1554/775/1140 1555/767/1140 1547/766/1141
f 1554/775/1140 1547/766/1141 1546/773/1141
f 1510/655/1146 1411/656/1148 1409/697/1160
f 1510/655/1146 1409/697/1160 1539/698/1159
f 1536/691/1154 1457/692/1157 1455/678/1107
f 1536/691/1154 1455/678/1107 1526/679/1153
f 1523/672/1150 1453/673/1105 1451/657/1104
f 1523/672/1150 1451/657/1104 1511/658/1147
f 1538/695/1158 1390/696/1067 1388/713/1165
f 1538/695/1158 1388/713/1165 1549/714/1164
f 1556/776/1139 1557/774/1139 1555/767/1140
f 1556/776/1139 1555/767/1140 1554/775/1140
f 1525/676/1152 1377/677/1062 1375/717/1061
f 1525/676/1152 1375/717/1061 1551/718/1167
f 1550/715/1166 1449/716/1103 1437/701/1093
f 1550/715/1166 1437/701/1093 1541/702/1162
f 1558/777/1138 1559/770/1138 1557/774/1139
f 1558/777/1138 1557/774/1139 1556/776/1139
s 0
f 1516/757/1149 1520/761/1149 1544/772/1149
f 1516/757/1149 1544/772/1149 1543/771/1149
f 1542/770/1149 1545/755/1149 1553/754/1149
f 1542/770/1149 1553/754/1149 1552/774/1149
s 1
f 1560/778/1137 1561/771/1137 1559/770/1138
f 1560/778/1137 1559/770/1138 1558/777/1138
f 1562/779/1136 1563/757/1136 1561/771/1137
f 1562/779/1136 1561/771/1137 1560/778/1137
f 1564/780/1135 1565/758/1135 1563/757/1136
f 1564/780/1135 1563/757/1136 1562/779/1136
f 1566/781/1134 1567/759/1134 1565/758/1135
f 1566/781/1134 1565/758/1135 1564/780/1135
f 1568/782/1133 1569/760/1133 1567/759/1134
f 1568/782/1133 1567/759/1134 1566/781/1134
f 1570/783/1115 1571/761/1115 1569/760/1133
f 1570/783/1115 1569/760/1133 1568/782/1133
f 1539/698/1159 1572/784/1168 1573/783/1169
f 1539/698/1159 1573/783/1169 1510/655/1146
f 1538/695/1158 1574/756/1170 1572/784/1168
f 1538/695/1158 1572/784/1168 1539/698/1159
f 1540/699/1161 1435/700/1092 1461/674/1112
f 1540/699/1161 1461/674/1112 1524/675/1151
f 1575/784/1114 1576/772/1114 1571/761/1115
f 1575/784/1114 1571/761/1115 1570/783/1115
f 1515/756/1116 1514/755/1116 1576/772/1114
f 1515/756/1116 1576/772/1114 1575/784/1114
f 1548/711/1163 1415/712/1079 1459/693/1156
f 1548/711/1163 1459/693/1156 1537/694/1155
f 1510/655/1146 1573/783/1169 1577/782/1171
f 1510/655/1146 1577/782/1171 1511/658/1147
f 1511/658/1147 1577/782/1171 1578/781/1172
f 1511/658/1147 1578/781/1172 1523/672/1150
f 1523/672/1150 1578/781/1172 1579/780/1173
f 1523/672/1150 1579/780/1173 1524/675/1151
f 1524/675/1151 1579/780/1173 1580/779/1174
f 1524/675/1151 1580/779/1174 1540/699/1161
f 1540/699/1161 1580/779/1174 1581/778/1175
f 1540/699/1161 1581/778/1175 1541/702/1162
f 1541/702/1162 1581/778/1175 1582/777/1176
f 1541/702/1162 1582/777/1176 1550/715/1166
f 1550/715/1166 1582/777/1176 1583/776/1177
f 1550/715/1166 1583/776/1177 1551/718/1167
f 1551/718/1167 1583/776/1177 1584/775/1178
f 1551/718/1167 1584/775/1178 1525/676/1152
f 1525/676/1152 1584/775/1178 1585/773/1179
f 1525/676/1152 1585/773/1179 1526/679/1153
f 1526/679/1153 1585/773/1179 1586/769/1180
f 1526/679/1153 1586/769/1180 1536/691/1154
f 1536/691/1154 1586/769/1180 1587/768/1181
f 1536/691/1154 1587/768/1181 1537/694/1155
f 1537/694/1155 1587/768/1181 1588/762/1182
f 1537/694/1155 1588/762/1182 1548/711/1163
f 1548/711/1163 1588/762/1182 1589/753/1183
f 1548/711/1163 1589/753/1183 1549/714/1164
f 1549/714/1164 1589/753/1183 1574/756/1170
f 1549/714/1164 1574/756/1170 1538/695/1158
o defaultMaterial.008
v 6.443032 0.267609 -1.927744
v 4.094220 0.267609 -1.927744
v 4.094220 0.267609 -1.927744
v 4.094220 0.000589 -3.270145
v 4.094220 0.000589 -3.270145
v 4.094220 0.000589 -3.270145
v 6.443032 0.000589 -3.270145
v 6.443032 0.000589 -3.270145
v 6.443032 0.000589 -3.270145
v 6.443032 0.267609 -4.612545
v 6.443032 0.267609 -4.612545
v 4.094220 0.267609 -4.612545
v 4.094220 0.267609 -4.612545
v 4.094220 1.027924 -5.750669
v 4.094220 1.027924 -5.750669
v 6.443032 1.027924 -5.750669
v 6.443032 1.027924 -5.750669
v 6.443032 6.749289 -4.612545
v 6.443032 6.749289 -4.612545
v 4.094220 6.749289 -4.612545
v 4.094220 6.749289 -4.612545
v 4.094220 7.016309 -3.270145
v 4.094220 7.016309 -3.270145
v 6.443032 7.016309 -3.270145
v 6.443032 7.016309 -3.270145
v 6.443032 4.850848 -0.029305
v 6.443032 4.850848 -0.029305
v 4.094220 4.850848 -0.029305
v 4.094220 4.850848 -0.029305
v 4.094220 3.508449 0.238764
v 4.094220 3.508449 0.238764
v 6.443032 3.508449 0.238764
v 6.443032 3.508449 0.238764
v 6.443032 2.166049 -6.510984
v 6.443032 2.166049 -6.510984
v 4.094220 2.166049 -6.510984
v 4.094220 2.166049 -6.510984
v 4.094220 3.508449 -6.779056
v 4.094220 3.508449 -6.779056
v 6.443032 3.508449 -6.779056
v 6.443032 3.508449 -6.779056
v 6.443032 6.749289 -1.927744
v 6.443032 6.749289 -1.927744
v 4.094220 6.749289 -1.927744
v 4.094220 6.749289 -1.927744
v 4.094220 5.989622 -0.788972
v 4.094220 5.989622 -0.788972
v 6.443032 5.989622 -0.788972
v 6.443032 5.989622 -0.788972
v 6.443032 5.989622 -5.751317
v 6.443032 5.989622 -5.751317
v 4.094220 5.989622 -5.751317
v 4.094220 5.989622 -5.751317
v 6.443032 1.028017 -0.789713
v 6.443032 1.028017 -0.789713
v 4.094220 1.028017 -0.789713
v 4.094220 1.028017 -0.789713
v 4.094220 4.850848 -6.510984
v 4.094220 4.850848 -6.510984
v 6.443032 4.850848 -6.510984
v 6.443032 4.850848 -6.510984
v 6.443032 2.166049 -0.029305
v 6.443032 2.166049 -0.029305
v 4.094220 2.166049 -0.029305
v 4.094220 2.166049 -0.029305
v 6.791483 5.655493 -1.123116
v 6.791483 4.670078 -0.465753
v 6.791483 1.362069 -1.123757
v 6.791483 2.346842 -0.465753
v 6.529088 2.231087 -1.992738
v 6.529088 4.786290 -1.992356
v 6.529088 4.199827 -1.601131
v 6.529088 3.508498 -1.463077
v 6.529088 2.817169 -1.601131
v 6.791483 5.370165 -2.499019
v 6.791483 4.933781 -1.844860
v 6.529088 4.786290 -1.992356
v 6.529088 5.177515 -2.578820
v 6.791483 3.508460 -0.233785
v 6.791483 1.362069 -5.416539
v 6.791483 2.346842 -6.074543
v 6.529088 4.786290 -4.547940
v 6.529088 2.231087 -4.547558
v 6.529088 2.817169 -4.939165
v 6.529088 3.508498 -5.077220
v 6.529088 4.199827 -4.939165
v 6.791483 5.523552 -3.270149
v 6.529088 5.315028 -3.270149
v 6.791483 5.370165 -4.041278
v 6.529088 5.177515 -3.961478
v 6.791483 3.508460 -6.306513
v 6.791483 4.670078 -6.074543
v 6.791483 6.543916 -3.270149
v 6.791483 6.312855 -2.108531
v 6.443032 0.267609 -1.927744
v 6.791483 0.704065 -2.108531
v 6.529088 5.177515 -2.578820
v 6.529088 1.839481 -2.578820
v 6.529088 1.701967 -3.270149
v 6.529088 5.315028 -3.270149
v 6.791483 4.933781 -4.695436
v 6.529088 4.786290 -4.547940
v 6.791483 5.655493 -5.417180
v 6.791483 6.312855 -4.431767
v 6.791483 0.473004 -3.270149
v 6.791483 0.704065 -4.431767
v 6.529088 1.839481 -3.961478
v 6.529088 5.177515 -3.961478
v 6.791483 4.279623 -5.131820
v 6.529088 4.199827 -4.939165
v 6.791483 3.508493 -5.285811
v 6.529088 3.508498 -5.077220
v 6.791483 2.737364 -5.131820
v 6.529088 2.817169 -4.939165
v 6.791483 2.083632 -4.695010
v 6.529088 2.231087 -4.547558
v 6.791483 1.646821 -4.041278
v 6.529088 1.839481 -3.961478
v 6.791483 1.493434 -3.270149
v 6.529088 1.701967 -3.270149
v 6.791483 1.646821 -2.499019
v 6.529088 1.839481 -2.578820
v 6.791483 2.083632 -1.845286
v 6.529088 2.231087 -1.992738
v 6.791483 2.737364 -1.408476
v 6.529088 2.817169 -1.601131
v 6.791483 3.508493 -1.254487
v 6.529088 3.508498 -1.463077
v 6.791483 4.279623 -1.408476
v 6.529088 4.199827 -1.601131
v 6.791483 4.933781 -1.844860
v 6.791483 5.370165 -2.499019
v 6.791483 5.523552 -3.270149
v 6.791483 4.279623 -1.408476
v 6.791483 3.508493 -1.254487
v 6.791483 2.737364 -1.408476
v 6.791483 2.083632 -1.845286
v 6.791483 1.646821 -2.499019
v 6.791483 1.493434 -3.270149
v 6.791483 1.646821 -4.041278
v 6.791483 2.083632 -4.695010
v 6.791483 2.737364 -5.131820
v 6.791483 3.508493 -5.285811
v 6.791483 4.279623 -5.131820
v 6.791483 4.933781 -4.695436
v 6.791483 5.370165 -4.041278
v 3.745769 0.473004 -3.270149
v 3.745769 0.704065 -2.108531
v 3.745769 6.312855 -2.108531
v 3.745769 6.543916 -3.270149
v 3.745769 0.704065 -4.431767
v 3.745769 6.312855 -4.431767
v 3.745769 1.362069 -1.123757
v 3.745769 5.655493 -1.123116
v 3.745769 5.655493 -5.417180
v 3.745769 4.670078 -6.074543
v 3.745769 3.508460 -6.306513
v 3.745769 2.346842 -6.074543
v 3.745769 1.362069 -5.416539
v 3.745769 2.346842 -0.465753
v 3.745769 3.508460 -0.233785
v 3.745769 4.670078 -0.465753
vn 0.4536 -0.8234 0.3410
vn -0.4536 -0.8234 0.3411
vn -0.4536 -0.8912 -0.0000
vn 0.4536 -0.8912 -0.0000
vn 0.4536 -0.8234 -0.3410
vn -0.4536 -0.8234 -0.3410
vn -0.4536 -0.6302 -0.6302
vn 0.4536 -0.6302 -0.6302
vn 0.4536 0.8235 -0.3407
vn -0.4536 0.8235 -0.3407
vn -0.4536 0.8912 -0.0000
vn 0.4536 0.8912 -0.0000
vn 0.4536 0.3411 0.8234
vn -0.4535 0.3411 0.8234
vn -0.4536 -0.0000 0.8912
vn 0.4537 -0.0000 0.8912
vn 0.4536 -0.3413 -0.8233
vn -0.4536 -0.3413 -0.8232
vn -0.4536 -0.0000 -0.8912
vn 0.4537 -0.0000 -0.8912
vn 0.4536 0.8235 0.3407
vn -0.4536 0.8235 0.3407
vn -0.4536 0.6302 0.6301
vn 0.4537 0.6301 0.6302
vn 0.4537 0.6301 -0.6302
vn -0.4537 0.6302 -0.6301
vn 0.4536 -0.6302 0.6302
vn -0.4536 -0.6302 0.6302
vn -0.4536 0.3411 -0.8234
vn 0.4536 0.3410 -0.8234
vn 0.4536 -0.3414 0.8232
vn -0.4536 -0.3414 0.8232
vn 0.9503 0.2201 0.2201
vn 0.4537 0.6301 0.6301
vn 0.9503 0.1192 0.2877
vn 0.9503 -0.2202 0.2202
vn 0.9503 -0.1193 0.2876
vn 0.4536 -0.6302 0.6301
vn 1.0000 -0.0000 -0.0000
vn 0.6222 -0.7234 -0.2993
vn 0.6223 -0.5535 -0.5535
vn 0.9503 -0.0000 0.3113
vn 0.9503 -0.2202 -0.2201
vn 0.4536 -0.6301 -0.6302
vn 0.9503 -0.1193 -0.2876
vn 0.6222 -0.7829 -0.0000
vn 0.6222 -0.7234 0.2994
vn 0.6222 -0.7234 0.2993
vn 0.9503 -0.0000 -0.3113
vn 0.4536 0.3411 -0.8234
vn 0.9503 0.1192 -0.2877
vn 0.9503 0.3114 -0.0000
vn 0.9503 0.2877 0.1190
vn 0.9503 -0.2877 0.1192
vn 0.6223 -0.5535 0.5535
vn 0.9503 0.2201 -0.2201
vn 0.4537 0.6302 -0.6301
vn 0.9503 0.2877 -0.1190
vn 0.9503 -0.3114 -0.0000
vn 0.9503 -0.2877 -0.1191
vn 0.6222 -0.2996 0.7233
vn 0.6223 -0.0000 0.7828
vn 0.6222 0.2999 0.7232
vn 0.6222 0.5536 0.5536
vn 0.6222 0.7233 0.2996
vn 0.6222 0.7829 -0.0000
vn 0.6222 0.7233 -0.2996
vn 0.6222 0.5536 -0.5536
vn 0.6222 0.2998 -0.7232
vn 0.6222 0.2999 -0.7232
vn 0.6223 -0.0000 -0.7828
vn 0.6222 -0.2996 -0.7233
vn -0.9503 -0.3114 -0.0000
vn -0.9503 -0.2877 0.1192
vn -0.9503 0.2877 0.1190
vn -0.9503 0.3114 -0.0000
vn -0.9503 -0.2877 -0.1191
vn -0.9503 0.2877 -0.1190
vn -0.9503 -0.2202 0.2202
vn -0.9503 0.2201 0.2201
vn -0.9503 0.2201 -0.2201
vn -0.9106 0.1581 -0.3817
vn -0.9107 -0.0000 -0.4131
vn -0.9107 -0.1582 -0.3817
vn -0.9503 -0.2201 -0.2201
vn -0.9107 -0.1583 0.3816
vn -0.9107 -0.0000 0.4131
vn -0.9106 0.1581 0.3817
vn -0.4537 -0.0000 0.8912
vn -0.4536 0.3411 0.8234
vn -0.4537 -0.0000 -0.8912
vn -0.4536 -0.3414 -0.8232
vn -0.4537 0.6302 0.6301
vn -0.4536 -0.8233 0.3411
vn -0.4537 0.6301 -0.6302
vn -0.4536 -0.6301 0.6302
vt 0.937823 0.004837
vt 0.937823 0.253785
vt 1.000000 0.253785
vt 1.000000 0.004837
vt 0.062521 0.004837
vt 0.062521 0.253785
vt 0.125041 0.253785
vt 0.125041 0.004837
vt 0.437650 0.004837
vt 0.437650 0.253785
vt 0.500172 0.253785
vt 0.500172 0.004837
vt 0.687739 0.004837
vt 0.687739 0.253785
vt 0.750260 0.253785
vt 0.750260 0.004837
vt 0.187562 0.004837
vt 0.187562 0.253785
vt 0.250084 0.253785
vt 0.250084 0.004837
vt 0.562694 0.004837
vt 0.562694 0.253785
vt 0.625217 0.253785
vt 0.625217 0.004837
vt 0.000000 0.004837
vt 0.000000 0.253785
vt 0.375127 0.004837
vt 0.375127 0.253785
vt 0.875303 0.004837
vt 0.875303 0.253785
vt 0.312605 0.253785
vt 0.312605 0.004837
vt 0.812782 0.004837
vt 0.812782 0.253785
vt 0.111096 0.361057
vt 0.089473 0.339436
vt 0.040315 0.413126
vt 0.068558 0.424823
vt 0.111138 0.638884
vt 0.068558 0.575159
vt 0.040315 0.586859
vt 0.089521 0.660501
vt 0.170159 0.579841
vt 0.170135 0.420135
vt 0.145683 0.456790
vt 0.137054 0.500000
vt 0.145683 0.543210
vt 0.202577 0.385427
vt 0.162322 0.412281
vt 0.206790 0.395683
vt 0.053548 0.499991
vt 0.022969 0.499992
vt 0.388923 0.638884
vt 0.410544 0.660507
vt 0.459744 0.586859
vt 0.431502 0.575159
vt 0.329865 0.420135
vt 0.329841 0.579841
vt 0.354317 0.543210
vt 0.362946 0.500000
vt 0.354317 0.456790
vt 0.250030 0.375988
vt 0.250000 0.387088
vt 0.297483 0.385427
vt 0.293210 0.395683
vt 0.446513 0.499991
vt 0.477091 0.499992
vt 0.459744 0.413126
vt 0.431502 0.424823
vt 0.250030 0.303567
vt 0.250030 0.272999
vt 0.163163 0.290278
vt 0.174862 0.318519
vt 0.163163 0.709707
vt 0.174862 0.681463
vt 0.206790 0.604317
vt 0.250000 0.612912
vt 0.337738 0.412281
vt 0.388964 0.361057
vt 0.410586 0.339436
vt 0.336896 0.290278
vt 0.325198 0.318519
vt 0.250030 0.696415
vt 0.250030 0.726985
vt 0.336896 0.709707
vt 0.325198 0.681463
vt 0.293210 0.604317
vt 0.364592 0.452536
vt 0.374068 0.499989
vt 0.364592 0.547442
vt 0.337712 0.587671
vt 0.297483 0.614551
vt 0.250030 0.623990
vt 0.202577 0.614551
vt 0.162348 0.587671
vt 0.135468 0.547442
vt 0.125992 0.499989
vt 0.135468 0.452536
vt 0.750554 0.696415
vt 0.675385 0.681463
vt 0.675385 0.318519
vt 0.750554 0.303567
vt 0.825722 0.681463
vt 0.825722 0.318519
vt 0.611661 0.638884
vt 0.611619 0.361057
vt 0.889488 0.361057
vt 0.932026 0.424823
vt 0.947037 0.499991
vt 0.932026 0.575159
vt 0.889446 0.638884
vt 0.569082 0.575159
vt 0.554071 0.499991
vt 0.569082 0.424823
vt 0.750553 0.272999
vt 0.837419 0.290278
vt 0.523492 0.499992
vt 0.540839 0.413126
vt 0.977614 0.499992
vt 0.960267 0.586859
vt 0.589997 0.339436
vt 0.663686 0.290278
vt 0.911067 0.660507
vt 0.837419 0.709707
vt 0.750553 0.726986
vt 0.663686 0.709707
vt 0.911109 0.339436
vt 0.960267 0.413126
vt 0.590045 0.660501
vt 0.540839 0.586859
s 1
usemtl defaultMaterial_0.002
f 1590/785/1184 1591/786/1185 1593/787/1186
f 1590/785/1184 1593/787/1186 1596/788/1187
f 1599/789/1188 1601/790/1189 1603/791/1190
f 1599/789/1188 1603/791/1190 1605/792/1191
f 1607/793/1192 1609/794/1193 1611/795/1194
f 1607/793/1192 1611/795/1194 1613/796/1195
f 1615/797/1196 1617/798/1197 1619/799/1198
f 1615/797/1196 1619/799/1198 1621/800/1199
f 1623/801/1200 1625/802/1201 1627/803/1202
f 1623/801/1200 1627/803/1202 1629/804/1203
f 1631/805/1204 1633/806/1205 1635/807/1206
f 1631/805/1204 1635/807/1206 1637/808/1207
f 1599/789/1188 1597/809/1187 1594/810/1186
f 1599/789/1188 1594/810/1186 1601/790/1189
f 1607/793/1192 1639/811/1208 1641/812/1209
f 1607/793/1192 1641/812/1209 1609/794/1193
f 1590/785/1184 1643/813/1210 1645/814/1211
f 1590/785/1184 1645/814/1211 1591/786/1185
f 1631/805/1204 1613/796/1195 1611/795/1194
f 1631/805/1204 1611/795/1194 1633/806/1205
f 1627/803/1202 1647/815/1212 1649/816/1213
f 1627/803/1202 1649/816/1213 1629/804/1203
f 1623/801/1200 1605/792/1191 1603/791/1190
f 1623/801/1200 1603/791/1190 1625/802/1201
f 1651/817/1214 1621/800/1199 1619/799/1198
f 1651/817/1214 1619/799/1198 1653/818/1215
f 1643/813/1210 1651/817/1214 1653/818/1215
f 1643/813/1210 1653/818/1215 1645/814/1211
f 1615/797/1196 1637/808/1207 1635/807/1206
f 1615/797/1196 1635/807/1206 1617/798/1197
f 1639/811/1208 1649/816/1213 1647/815/1212
f 1639/811/1208 1647/815/1212 1641/812/1209
f 1655/819/1216 1638/820/1217 1616/821/1196
f 1655/819/1216 1616/821/1196 1656/822/1218
f 1657/823/1219 1658/824/1220 1652/825/1214
f 1657/823/1219 1652/825/1214 1644/826/1221
s 0
f 1659/827/1222 1660/828/1222 1661/829/1222
f 1659/827/1222 1661/829/1222 1662/830/1222
f 1659/827/1222 1662/830/1222 1663/831/1222
s 1
f 1664/832/1223 1665/833/1224 1666/828/1224
f 1664/832/1223 1666/828/1224 1667/834/1223
f 1668/835/1225 1622/836/1199 1652/825/1214
f 1668/835/1225 1652/825/1214 1658/824/1220
f 1669/837/1226 1606/838/1227 1624/839/1200
f 1669/837/1226 1624/839/1200 1670/840/1228
s 0
f 1671/841/1222 1672/842/1222 1673/843/1222
f 1671/841/1222 1673/843/1222 1674/844/1222
f 1671/841/1222 1674/844/1222 1675/845/1222
s 1
f 1676/846/1229 1664/832/1223 1667/834/1223
f 1676/846/1229 1667/834/1223 1677/847/1229
f 1678/848/1230 1676/846/1229 1677/847/1229
f 1678/848/1230 1677/847/1229 1679/849/1231
f 1680/850/1232 1630/851/1203 1650/852/1233
f 1680/850/1232 1650/852/1233 1681/853/1234
f 1682/854/1235 1614/855/1195 1632/856/1204
f 1682/854/1235 1632/856/1204 1683/857/1236
f 1657/823/1219 1644/826/1221 1684/858/1184
f 1657/823/1219 1684/858/1184 1685/859/1237
s 0
f 1686/834/1222 1687/860/1222 1688/861/1222
f 1686/834/1222 1688/861/1222 1689/847/1222
s 1
f 1690/862/1238 1678/848/1230 1679/849/1231
f 1690/862/1238 1679/849/1231 1691/841/1238
f 1692/863/1239 1640/864/1240 1608/865/1192
f 1692/863/1239 1608/865/1192 1693/866/1241
f 1694/867/1242 1598/868/1187 1600/869/1188
f 1694/867/1242 1600/869/1188 1695/870/1243
s 0
f 1696/871/1222 1672/842/1222 1671/841/1222
f 1696/871/1222 1671/841/1222 1697/849/1222
s 1
f 1698/872/1244 1690/862/1238 1691/841/1238
f 1698/872/1244 1691/841/1238 1699/845/1244
f 1655/819/1216 1683/857/1236 1632/856/1204
f 1655/819/1216 1632/856/1204 1638/820/1217
f 1680/850/1232 1670/840/1228 1624/839/1200
f 1680/850/1232 1624/839/1200 1630/851/1203
f 1668/835/1225 1656/822/1218 1616/821/1196
f 1668/835/1225 1616/821/1196 1622/836/1199
f 1682/854/1235 1693/866/1241 1608/865/1192
f 1682/854/1235 1608/865/1192 1614/855/1195
f 1700/873/1245 1698/872/1244 1699/845/1244
f 1700/873/1245 1699/845/1244 1701/844/1245
f 1669/837/1226 1695/870/1243 1600/869/1188
f 1669/837/1226 1600/869/1188 1606/838/1227
f 1694/867/1242 1685/859/1237 1684/858/1184
f 1694/867/1242 1684/858/1184 1598/868/1187
f 1702/874/1246 1700/873/1245 1701/844/1245
f 1702/874/1246 1701/844/1245 1703/843/1246
s 0
f 1659/827/1222 1687/860/1222 1686/834/1222
f 1659/827/1222 1686/834/1222 1660/828/1222
f 1697/849/1222 1689/847/1222 1688/861/1222
f 1697/849/1222 1688/861/1222 1696/871/1222
s 1
f 1704/875/1247 1702/874/1246 1703/843/1246
f 1704/875/1247 1703/843/1246 1705/842/1247
f 1706/876/1248 1704/875/1247 1705/842/1247
f 1706/876/1248 1705/842/1247 1707/871/1248
f 1708/877/1249 1706/876/1248 1707/871/1248
f 1708/877/1249 1707/871/1248 1709/861/1249
f 1710/878/1250 1708/877/1249 1709/861/1249
f 1710/878/1250 1709/861/1249 1711/860/1250
f 1712/879/1251 1710/878/1250 1711/860/1250
f 1712/879/1251 1711/860/1250 1713/827/1251
f 1714/880/1252 1712/879/1251 1713/827/1251
f 1714/880/1252 1713/827/1251 1715/831/1253
f 1716/881/1254 1714/880/1252 1715/831/1253
f 1716/881/1254 1715/831/1253 1717/830/1254
f 1718/882/1255 1716/881/1254 1717/830/1254
f 1718/882/1255 1717/830/1254 1719/829/1255
f 1665/833/1224 1718/882/1255 1719/829/1255
f 1665/833/1224 1719/829/1255 1666/828/1224
f 1683/857/1236 1655/819/1216 1720/833/1222
f 1683/857/1236 1720/833/1222 1721/832/1222
f 1682/854/1235 1683/857/1236 1721/832/1222
f 1682/854/1235 1721/832/1222 1722/846/1222
f 1692/863/1239 1681/853/1234 1650/852/1233
f 1692/863/1239 1650/852/1233 1640/864/1240
f 1655/819/1216 1656/822/1218 1723/882/1222
f 1655/819/1216 1723/882/1222 1720/833/1222
f 1656/822/1218 1668/835/1225 1724/881/1222
f 1656/822/1218 1724/881/1222 1723/882/1222
f 1668/835/1225 1658/824/1220 1725/880/1222
f 1668/835/1225 1725/880/1222 1724/881/1222
f 1658/824/1220 1657/823/1219 1726/879/1222
f 1658/824/1220 1726/879/1222 1725/880/1222
f 1657/823/1219 1685/859/1237 1727/878/1222
f 1657/823/1219 1727/878/1222 1726/879/1222
f 1685/859/1237 1694/867/1242 1728/877/1222
f 1685/859/1237 1728/877/1222 1727/878/1222
f 1694/867/1242 1695/870/1243 1729/876/1222
f 1694/867/1242 1729/876/1222 1728/877/1222
f 1695/870/1243 1669/837/1226 1730/875/1222
f 1695/870/1243 1730/875/1222 1729/876/1222
f 1669/837/1226 1670/840/1228 1731/874/1222
f 1669/837/1226 1731/874/1222 1730/875/1222
f 1670/840/1228 1680/850/1232 1732/873/1222
f 1670/840/1228 1732/873/1222 1731/874/1222
f 1680/850/1232 1681/853/1234 1733/872/1222
f 1680/850/1232 1733/872/1222 1732/873/1222
f 1681/853/1234 1692/863/1239 1734/862/1222
f 1681/853/1234 1734/862/1222 1733/872/1222
f 1692/863/1239 1693/866/1241 1735/848/1222
f 1692/863/1239 1735/848/1222 1734/862/1222
f 1693/866/1241 1682/854/1235 1722/846/1222
f 1693/866/1241 1722/846/1222 1735/848/1222
f 1736/883/1256 1737/884/1257 1738/885/1258
f 1736/883/1256 1738/885/1258 1739/886/1259
f 1740/887/1260 1736/883/1256 1739/886/1259
f 1740/887/1260 1739/886/1259 1741/888/1261
f 1737/884/1257 1742/889/1262 1743/890/1263
f 1737/884/1257 1743/890/1263 1738/885/1258
f 1744/891/1264 1745/892/1265 1746/893/1266
f 1744/891/1264 1746/893/1266 1747/894/1267
f 1744/891/1264 1747/894/1267 1748/895/1268
f 1741/888/1261 1744/891/1264 1748/895/1268
f 1741/888/1261 1748/895/1268 1740/887/1260
f 1742/889/1262 1749/896/1269 1750/897/1270
f 1742/889/1262 1750/897/1270 1751/898/1271
f 1742/889/1262 1751/898/1271 1743/890/1263
f 1739/886/1259 1612/899/1194 1610/900/1193
f 1739/886/1259 1610/900/1193 1741/888/1261
f 1750/897/1270 1620/901/1272 1618/902/1273
f 1750/897/1270 1618/902/1273 1751/898/1271
f 1746/893/1266 1628/903/1274 1626/904/1275
f 1746/893/1266 1626/904/1275 1747/894/1267
f 1743/890/1263 1636/905/1276 1634/906/1205
f 1743/890/1263 1634/906/1205 1738/885/1258
f 1748/895/1268 1604/907/1190 1602/908/1189
f 1748/895/1268 1602/908/1189 1740/887/1260
f 1736/883/1256 1595/909/1186 1592/910/1277
f 1736/883/1256 1592/910/1277 1737/884/1257
f 1736/883/1256 1740/887/1260 1602/908/1189
f 1736/883/1256 1602/908/1189 1595/909/1186
f 1744/891/1264 1741/888/1261 1610/900/1193
f 1744/891/1264 1610/900/1193 1642/911/1278
f 1744/891/1264 1642/911/1278 1648/912/1212
f 1744/891/1264 1648/912/1212 1745/892/1265
f 1742/889/1262 1737/884/1257 1592/910/1277
f 1742/889/1262 1592/910/1277 1646/913/1279
f 1743/890/1263 1751/898/1271 1618/902/1273
f 1743/890/1263 1618/902/1273 1636/905/1276
f 1742/889/1262 1646/913/1279 1654/914/1215
f 1742/889/1262 1654/914/1215 1749/896/1269
f 1739/886/1259 1738/885/1258 1634/906/1205
f 1739/886/1259 1634/906/1205 1612/899/1194
f 1746/893/1266 1745/892/1265 1648/912/1212
f 1746/893/1266 1648/912/1212 1628/903/1274
f 1750/897/1270 1749/896/1269 1654/914/1215
f 1750/897/1270 1654/914/1215 1620/901/1272
f 1748/895/1268 1747/894/1267 1626/904/1275
f 1748/895/1268 1626/904/1275 1604/907/1190
o defaultMaterial.009
v 0.441135 5.600881 3.027321
v 0.000000 5.548247 3.002778
v 0.000000 5.497334 2.740855
v 0.481727 5.554811 2.767657
v 0.375456 5.857880 3.056185
v 0.375456 5.857880 3.056185
v 0.000000 5.813084 3.035296
v 0.000000 5.813084 3.035296
v 0.375456 5.970645 2.814359
v 0.000000 5.925848 2.793470
v 0.441135 5.783339 2.636039
v 0.000000 5.730704 2.611496
v 0.852194 5.755195 3.099279
v 0.930612 5.723324 2.846236
v 0.725311 5.989218 3.117428
v 0.725311 5.989218 3.117428
v 0.725311 6.101983 2.875603
v 0.852194 5.937652 2.707997
v 1.205178 6.000671 3.213747
v 1.316078 5.991392 2.971238
v 1.025739 6.198145 3.214853
v 1.025739 6.198145 3.214853
v 1.025739 6.310911 2.973027
v 1.205178 6.183129 2.822465
v 1.476032 6.320583 3.362924
v 1.611856 6.340742 3.134143
v 1.256265 6.470426 3.341819
v 1.256265 6.470426 3.341819
v 1.256265 6.583190 3.099994
v 1.476032 6.503042 2.971642
v 1.646299 6.693130 3.536645
v 1.797790 6.747570 3.323849
v 1.401180 6.787502 3.489675
v 1.401180 6.787502 3.489675
v 1.401180 6.900267 3.247849
v 1.646299 6.875587 3.145363
v 1.704373 7.092921 3.723071
v 1.861209 7.184150 3.527430
v 1.450607 7.127767 3.648343
v 1.450607 7.127767 3.648343
v 1.450607 7.240533 3.406517
v 1.704373 7.275379 3.331789
v 0.000000 8.870965 4.314005
v 0.481727 8.813488 4.287203
v 0.441135 8.767419 4.027539
v 0.000000 8.820052 4.052082
v 0.375456 8.510420 3.998675
v 0.000000 8.555216 4.019564
v 0.375456 8.397654 4.240501
v 0.375456 8.397654 4.240501
v 0.000000 8.442451 4.261390
v 0.000000 8.442451 4.261390
v 0.441135 8.584961 4.418821
v 0.000000 8.637595 4.443364
v 0.930612 8.644975 4.208624
v 0.852194 8.613105 3.955581
v 0.725311 8.379082 3.937432
v 0.725311 8.266317 4.179257
v 0.725311 8.266317 4.179257
v 0.852194 8.430648 4.346863
v 1.316078 8.376908 4.083622
v 1.205178 8.367628 3.841113
v 1.025739 8.170154 3.840007
v 1.025739 8.057389 4.081833
v 1.025739 8.057389 4.081833
v 1.205178 8.185170 4.232395
v 1.611856 8.027558 3.920717
v 1.476032 8.047716 3.691936
v 1.256265 7.897874 3.713041
v 1.256265 7.785109 3.954866
v 1.256265 7.785109 3.954866
v 1.476032 7.865258 4.083218
v 1.797790 7.620730 3.731011
v 1.646299 7.675170 3.518215
v 1.401180 7.580798 3.565185
v 1.401180 7.468033 3.807011
v 1.401180 7.468033 3.807011
v 1.646299 7.492712 3.909497
v -0.441135 5.600881 3.027321
v -0.481727 5.554811 2.767657
v -0.375456 5.857880 3.056185
v -0.375456 5.857880 3.056185
v -0.375456 5.970645 2.814359
v -0.441135 5.783339 2.636039
v -0.852194 5.755195 3.099279
v -0.930612 5.723324 2.846236
v -0.725311 5.989218 3.117428
v -0.725311 5.989218 3.117428
v -0.725311 6.101983 2.875603
v -0.852194 5.937652 2.707997
v -1.205178 6.000671 3.213747
v -1.316078 5.991392 2.971238
v -1.025739 6.198145 3.214853
v -1.025739 6.198145 3.214853
v -1.025739 6.310911 2.973027
v -1.205178 6.183129 2.822465
v -1.476032 6.320583 3.362924
v -1.611856 6.340742 3.134143
v -1.256265 6.470426 3.341819
v -1.256265 6.470426 3.341819
v -1.256265 6.583190 3.099994
v -1.476032 6.503042 2.971642
v -1.646299 6.693130 3.536645
v -1.797790 6.747570 3.323849
v -1.401180 6.787502 3.489675
v -1.401180 6.787502 3.489675
v -1.401180 6.900267 3.247849
v -1.646299 6.875587 3.145363
v -1.704373 7.092921 3.723071
v -1.861209 7.184150 3.527430
v -1.450607 7.127767 3.648343
v -1.450607 7.127767 3.648343
v -1.450607 7.240533 3.406517
v -1.704373 7.275379 3.331789
v -0.441135 8.767419 4.027539
v -0.481727 8.813488 4.287203
v -0.375456 8.510420 3.998675
v -0.375456 8.397654 4.240501
v -0.375456 8.397654 4.240501
v -0.441135 8.584961 4.418821
v -0.852194 8.613105 3.955581
v -0.930612 8.644975 4.208624
v -0.725311 8.379082 3.937432
v -0.725311 8.266317 4.179257
v -0.725311 8.266317 4.179257
v -0.852194 8.430648 4.346863
v -1.205178 8.367628 3.841113
v -1.316078 8.376908 4.083622
v -1.025739 8.170154 3.840007
v -1.025739 8.057389 4.081833
v -1.025739 8.057389 4.081833
v -1.205178 8.185170 4.232395
v -1.476032 8.047716 3.691936
v -1.611856 8.027558 3.920717
v -1.256265 7.897874 3.713041
v -1.256265 7.785109 3.954866
v -1.256265 7.785109 3.954866
v -1.476032 7.865258 4.083218
v -1.646299 7.675170 3.518215
v -1.797790 7.620730 3.731011
v -1.401180 7.580798 3.565185
v -1.401180 7.468033 3.807011
v -1.401180 7.468033 3.807011
v -1.646299 7.492712 3.909497
vn 0.0796 -0.6713 0.7369
vn -0.0000 -0.6807 0.7325
vn -0.0000 -0.9063 -0.4226
vn 0.2588 -0.8754 -0.4082
vn -0.2089 0.4575 0.8643
vn -0.0000 0.4824 0.8760
vn -0.2090 0.9562 -0.2052
vn -0.0000 0.9811 -0.1936
vn -0.0000 0.4823 0.8760
vn -0.2090 0.4574 0.8644
vn 0.0796 0.1331 -0.9879
vn -0.0000 0.1236 -0.9923
vn 0.1537 -0.6434 0.7499
vn 0.5000 -0.7849 -0.3660
vn -0.4037 0.3844 0.8303
vn -0.4037 0.8831 -0.2393
vn -0.4036 0.3843 0.8303
vn 0.1537 0.1609 -0.9749
vn 0.2174 -0.5991 0.7706
vn 0.7071 -0.6409 -0.2988
vn -0.5709 0.2681 0.7760
vn -0.5709 0.7668 -0.2935
vn -0.5709 0.2680 0.7761
vn 0.2174 0.2052 -0.9543
vn 0.2662 -0.5414 0.7975
vn 0.8660 -0.4532 -0.2113
vn -0.6992 0.1165 0.7054
vn -0.6992 0.6152 -0.3642
vn 0.2662 0.2629 -0.9274
vn 0.2969 -0.4743 0.8288
vn 0.9659 -0.2346 -0.1094
vn -0.7799 -0.0599 0.6231
vn -0.7798 0.4388 -0.4465
vn -0.7798 -0.0600 0.6231
vn 0.2969 0.3301 -0.8960
vn 0.3074 -0.4022 0.8624
vn 1.0000 -0.0000 -0.0000
vn -0.8074 -0.2493 0.5348
vn -0.8074 0.2494 -0.5348
vn -0.8073 -0.2494 0.5348
vn 0.3074 0.4022 -0.8624
vn -0.0000 0.9063 0.4226
vn 0.2588 0.8754 0.4082
vn 0.0796 0.6713 -0.7369
vn -0.0000 0.6807 -0.7325
vn -0.2090 -0.4574 -0.8644
vn -0.0000 -0.4823 -0.8760
vn -0.2090 -0.9561 0.2052
vn -0.0000 -0.9811 0.1936
vn -0.2090 -0.9562 0.2052
vn 0.0796 -0.1331 0.9879
vn -0.0000 -0.1236 0.9923
vn 0.5000 0.7849 0.3660
vn 0.1537 0.6434 -0.7499
vn -0.4037 -0.3843 -0.8303
vn -0.4037 -0.8830 0.2393
vn 0.1537 -0.1609 0.9749
vn 0.7071 0.6409 0.2988
vn 0.2174 0.5991 -0.7706
vn -0.5709 -0.2680 -0.7761
vn -0.5709 -0.7668 0.2935
vn -0.5709 -0.7667 0.2935
vn 0.2174 -0.2052 0.9543
vn 0.8660 0.4532 0.2113
vn 0.2662 0.5414 -0.7975
vn -0.6992 -0.1165 -0.7054
vn -0.6992 -0.6152 0.3642
vn 0.2662 -0.2629 0.9274
vn 0.9659 0.2346 0.1094
vn 0.2969 0.4743 -0.8288
vn -0.7798 0.0600 -0.6231
vn -0.7798 -0.4387 0.4465
vn -0.7799 -0.4387 0.4465
vn 0.2969 -0.3300 0.8961
vn -0.0796 -0.6713 0.7369
vn -0.2588 -0.8754 -0.4082
vn 0.2090 0.4574 0.8643
vn 0.2090 0.9562 -0.2052
vn 0.2089 0.4574 0.8644
vn -0.0796 0.1331 -0.9879
vn -0.1537 -0.6434 0.7499
vn -0.5000 -0.7849 -0.3660
vn 0.4037 0.3843 0.8302
vn 0.4037 0.8831 -0.2393
vn 0.4036 0.3843 0.8303
vn -0.1537 0.1609 -0.9749
vn -0.2174 -0.5991 0.7706
vn -0.7071 -0.6409 -0.2988
vn 0.5709 0.2680 0.7760
vn 0.5709 0.7668 -0.2935
vn 0.5709 0.2680 0.7761
vn -0.2174 0.2052 -0.9543
vn -0.2662 -0.5414 0.7975
vn -0.8660 -0.4532 -0.2113
vn 0.6992 0.1165 0.7053
vn 0.6992 0.6152 -0.3642
vn 0.6992 0.1164 0.7054
vn -0.2662 0.2629 -0.9274
vn -0.2969 -0.4743 0.8288
vn -0.9659 -0.2346 -0.1094
vn 0.7799 -0.0600 0.6230
vn 0.7798 0.4388 -0.4465
vn 0.7798 -0.0600 0.6231
vn -0.2969 0.3301 -0.8961
vn -0.3074 -0.4022 0.8624
vn -1.0000 -0.0000 -0.0000
vn 0.8074 -0.2494 0.5347
vn 0.8074 0.2494 -0.5348
vn 0.8073 -0.2494 0.5348
vn -0.3074 0.4022 -0.8624
vn -0.0796 0.6713 -0.7369
vn -0.2588 0.8754 0.4082
vn 0.2090 -0.4574 -0.8644
vn 0.2090 -0.9561 0.2052
vn -0.0796 -0.1331 0.9879
vn 0.2089 -0.9562 0.2052
vn -0.1537 0.6434 -0.7499
vn -0.5000 0.7849 0.3660
vn 0.4037 -0.3843 -0.8303
vn 0.4037 -0.8831 0.2393
vn -0.1537 -0.1609 0.9749
vn 0.4037 -0.8831 0.2392
vn -0.2174 0.5991 -0.7706
vn -0.7071 0.6409 0.2988
vn 0.5709 -0.2680 -0.7761
vn 0.5709 -0.7668 0.2936
vn -0.2174 -0.2052 0.9543
vn 0.5709 -0.7668 0.2935
vn -0.2662 0.5414 -0.7975
vn -0.8660 0.4532 0.2113
vn 0.6992 -0.1165 -0.7054
vn 0.6992 -0.6152 0.3642
vn -0.2662 -0.2629 0.9274
vn 0.6992 -0.6153 0.3641
vn -0.2969 0.4743 -0.8288
vn -0.9659 0.2346 0.1094
vn 0.7798 0.0600 -0.6231
vn 0.7798 -0.4388 0.4465
vn -0.2969 -0.3300 0.8961
vn 0.7799 -0.4388 0.4464
vt 0.692889 0.046853
vt 0.716634 0.046853
vt 0.716634 0.067304
vt 0.692889 0.067304
vt 0.692889 0.026402
vt 0.716634 0.026402
vt 0.716634 0.005952
vt 0.692889 0.005952
vt 0.669144 0.046853
vt 0.669144 0.067304
vt 0.669144 0.026402
vt 0.669144 0.005952
vt 0.645399 0.046853
vt 0.645399 0.067304
vt 0.645399 0.026402
vt 0.645399 0.005952
vt 0.621654 0.046853
vt 0.621654 0.067304
vt 0.621654 0.026402
vt 0.621654 0.005952
vt 0.597909 0.046853
vt 0.597909 0.067304
vt 0.597909 0.026402
vt 0.597909 0.005952
vt 0.574163 0.046853
vt 0.574163 0.067304
vt 0.574163 0.026402
vt 0.574163 0.005952
vt 0.431693 0.067304
vt 0.455438 0.067304
vt 0.455438 0.046853
vt 0.431693 0.046853
vt 0.455438 0.026402
vt 0.431693 0.026402
vt 0.455438 0.005952
vt 0.431693 0.005952
vt 0.479183 0.067304
vt 0.479183 0.046853
vt 0.479183 0.026402
vt 0.479183 0.005952
vt 0.502928 0.067304
vt 0.502928 0.046853
vt 0.502928 0.026402
vt 0.502928 0.005952
vt 0.526673 0.067304
vt 0.526673 0.046853
vt 0.526673 0.026402
vt 0.526673 0.005952
vt 0.550418 0.067304
vt 0.550418 0.046853
vt 0.550418 0.026402
vt 0.550418 0.005952
s 1
usemtl defaultMaterial.002
f 1752/915/1280 1753/916/1281 1754/917/1282
f 1752/915/1280 1754/917/1282 1755/918/1283
f 1756/919/1284 1758/920/1285 1753/916/1281
f 1756/919/1284 1753/916/1281 1752/915/1280
f 1760/919/1286 1761/920/1287 1759/921/1288
f 1760/919/1286 1759/921/1288 1757/922/1289
f 1762/915/1290 1763/916/1291 1761/920/1287
f 1762/915/1290 1761/920/1287 1760/919/1286
f 1755/918/1283 1754/917/1282 1763/916/1291
f 1755/918/1283 1763/916/1291 1762/915/1290
f 1764/923/1292 1752/915/1280 1755/918/1283
f 1764/923/1292 1755/918/1283 1765/924/1293
f 1766/925/1294 1756/919/1284 1752/915/1280
f 1766/925/1294 1752/915/1280 1764/923/1292
f 1768/925/1295 1760/919/1286 1757/922/1289
f 1768/925/1295 1757/922/1289 1767/926/1296
f 1769/923/1297 1762/915/1290 1760/919/1286
f 1769/923/1297 1760/919/1286 1768/925/1295
f 1765/924/1293 1755/918/1283 1762/915/1290
f 1765/924/1293 1762/915/1290 1769/923/1297
f 1770/927/1298 1764/923/1292 1765/924/1293
f 1770/927/1298 1765/924/1293 1771/928/1299
f 1772/929/1300 1766/925/1294 1764/923/1292
f 1772/929/1300 1764/923/1292 1770/927/1298
f 1774/929/1301 1768/925/1295 1767/926/1296
f 1774/929/1301 1767/926/1296 1773/930/1302
f 1775/927/1303 1769/923/1297 1768/925/1295
f 1775/927/1303 1768/925/1295 1774/929/1301
f 1771/928/1299 1765/924/1293 1769/923/1297
f 1771/928/1299 1769/923/1297 1775/927/1303
f 1776/931/1304 1770/927/1298 1771/928/1299
f 1776/931/1304 1771/928/1299 1777/932/1305
f 1778/933/1306 1772/929/1300 1770/927/1298
f 1778/933/1306 1770/927/1298 1776/931/1304
f 1780/933/1307 1774/929/1301 1773/930/1302
f 1780/933/1307 1773/930/1302 1779/934/1306
f 1781/931/1308 1775/927/1303 1774/929/1301
f 1781/931/1308 1774/929/1301 1780/933/1307
f 1777/932/1305 1771/928/1299 1775/927/1303
f 1777/932/1305 1775/927/1303 1781/931/1308
f 1782/935/1309 1776/931/1304 1777/932/1305
f 1782/935/1309 1777/932/1305 1783/936/1310
f 1784/937/1311 1778/933/1306 1776/931/1304
f 1784/937/1311 1776/931/1304 1782/935/1309
f 1786/937/1312 1780/933/1307 1779/934/1306
f 1786/937/1312 1779/934/1306 1785/938/1313
f 1787/935/1314 1781/931/1308 1780/933/1307
f 1787/935/1314 1780/933/1307 1786/937/1312
f 1783/936/1310 1777/932/1305 1781/931/1308
f 1783/936/1310 1781/931/1308 1787/935/1314
f 1788/939/1315 1782/935/1309 1783/936/1310
f 1788/939/1315 1783/936/1310 1789/940/1316
f 1790/941/1317 1784/937/1311 1782/935/1309
f 1790/941/1317 1782/935/1309 1788/939/1315
f 1792/941/1318 1786/937/1312 1785/938/1313
f 1792/941/1318 1785/938/1313 1791/942/1319
f 1793/939/1320 1787/935/1314 1786/937/1312
f 1793/939/1320 1786/937/1312 1792/941/1318
f 1789/940/1316 1783/936/1310 1787/935/1314
f 1789/940/1316 1787/935/1314 1793/939/1320
f 1794/943/1321 1795/944/1322 1796/945/1323
f 1794/943/1321 1796/945/1323 1797/946/1324
f 1797/946/1324 1796/945/1323 1798/947/1325
f 1797/946/1324 1798/947/1325 1799/948/1326
f 1799/948/1326 1798/947/1325 1800/949/1327
f 1799/948/1326 1800/949/1327 1802/950/1328
f 1803/948/1328 1801/947/1329 1804/945/1330
f 1803/948/1328 1804/945/1330 1805/946/1331
f 1805/946/1331 1804/945/1330 1795/944/1322
f 1805/946/1331 1795/944/1322 1794/943/1321
f 1795/944/1322 1806/951/1332 1807/952/1333
f 1795/944/1322 1807/952/1333 1796/945/1323
f 1796/945/1323 1807/952/1333 1808/953/1334
f 1796/945/1323 1808/953/1334 1798/947/1325
f 1798/947/1325 1808/953/1334 1809/954/1335
f 1798/947/1325 1809/954/1335 1800/949/1327
f 1801/947/1329 1810/953/1335 1811/952/1336
f 1801/947/1329 1811/952/1336 1804/945/1330
f 1804/945/1330 1811/952/1336 1806/951/1332
f 1804/945/1330 1806/951/1332 1795/944/1322
f 1806/951/1332 1812/955/1337 1813/956/1338
f 1806/951/1332 1813/956/1338 1807/952/1333
f 1807/952/1333 1813/956/1338 1814/957/1339
f 1807/952/1333 1814/957/1339 1808/953/1334
f 1808/953/1334 1814/957/1339 1815/958/1340
f 1808/953/1334 1815/958/1340 1809/954/1335
f 1810/953/1335 1816/957/1341 1817/956/1342
f 1810/953/1335 1817/956/1342 1811/952/1336
f 1811/952/1336 1817/956/1342 1812/955/1337
f 1811/952/1336 1812/955/1337 1806/951/1332
f 1812/955/1337 1818/959/1343 1819/960/1344
f 1812/955/1337 1819/960/1344 1813/956/1338
f 1813/956/1338 1819/960/1344 1820/961/1345
f 1813/956/1338 1820/961/1345 1814/957/1339
f 1814/957/1339 1820/961/1345 1821/962/1346
f 1814/957/1339 1821/962/1346 1815/958/1340
f 1816/957/1341 1822/961/1346 1823/960/1347
f 1816/957/1341 1823/960/1347 1817/956/1342
f 1817/956/1342 1823/960/1347 1818/959/1343
f 1817/956/1342 1818/959/1343 1812/955/1337
f 1818/959/1343 1824/963/1348 1825/964/1349
f 1818/959/1343 1825/964/1349 1819/960/1344
f 1819/960/1344 1825/964/1349 1826/965/1350
f 1819/960/1344 1826/965/1350 1820/961/1345
f 1820/961/1345 1826/965/1350 1827/966/1351
f 1820/961/1345 1827/966/1351 1821/962/1346
f 1822/961/1346 1828/965/1352 1829/964/1353
f 1822/961/1346 1829/964/1353 1823/960/1347
f 1823/960/1347 1829/964/1353 1824/963/1348
f 1823/960/1347 1824/963/1348 1818/959/1343
f 1824/963/1348 1789/940/1316 1793/939/1320
f 1824/963/1348 1793/939/1320 1825/964/1349
f 1825/964/1349 1793/939/1320 1792/941/1318
f 1825/964/1349 1792/941/1318 1826/965/1350
f 1826/965/1350 1792/941/1318 1791/942/1319
f 1826/965/1350 1791/942/1319 1827/966/1351
f 1828/965/1352 1790/941/1317 1788/939/1315
f 1828/965/1352 1788/939/1315 1829/964/1353
f 1829/964/1353 1788/939/1315 1789/940/1316
f 1829/964/1353 1789/940/1316 1824/963/1348
f 1830/915/1354 1831/918/1355 1754/917/1282
f 1830/915/1354 1754/917/1282 1753/916/1281
f 1832/919/1356 1830/915/1354 1753/916/1281
f 1832/919/1356 1753/916/1281 1758/920/1285
f 1834/919/1357 1833/922/1358 1759/921/1288
f 1834/919/1357 1759/921/1288 1761/920/1287
f 1835/915/1359 1834/919/1357 1761/920/1287
f 1835/915/1359 1761/920/1287 1763/916/1291
f 1831/918/1355 1835/915/1359 1763/916/1291
f 1831/918/1355 1763/916/1291 1754/917/1282
f 1836/923/1360 1837/924/1361 1831/918/1355
f 1836/923/1360 1831/918/1355 1830/915/1354
f 1838/925/1362 1836/923/1360 1830/915/1354
f 1838/925/1362 1830/915/1354 1832/919/1356
f 1840/925/1363 1839/926/1364 1833/922/1358
f 1840/925/1363 1833/922/1358 1834/919/1357
f 1841/923/1365 1840/925/1363 1834/919/1357
f 1841/923/1365 1834/919/1357 1835/915/1359
f 1837/924/1361 1841/923/1365 1835/915/1359
f 1837/924/1361 1835/915/1359 1831/918/1355
f 1842/927/1366 1843/928/1367 1837/924/1361
f 1842/927/1366 1837/924/1361 1836/923/1360
f 1844/929/1368 1842/927/1366 1836/923/1360
f 1844/929/1368 1836/923/1360 1838/925/1362
f 1846/929/1369 1845/930/1370 1839/926/1364
f 1846/929/1369 1839/926/1364 1840/925/1363
f 1847/927/1371 1846/929/1369 1840/925/1363
f 1847/927/1371 1840/925/1363 1841/923/1365
f 1843/928/1367 1847/927/1371 1841/923/1365
f 1843/928/1367 1841/923/1365 1837/924/1361
f 1848/931/1372 1849/932/1373 1843/928/1367
f 1848/931/1372 1843/928/1367 1842/927/1366
f 1850/933/1374 1848/931/1372 1842/927/1366
f 1850/933/1374 1842/927/1366 1844/929/1368
f 1852/933/1375 1851/934/1376 1845/930/1370
f 1852/933/1375 1845/930/1370 1846/929/1369
f 1853/931/1377 1852/933/1375 1846/929/1369
f 1853/931/1377 1846/929/1369 1847/927/1371
f 1849/932/1373 1853/931/1377 1847/927/1371
f 1849/932/1373 1847/927/1371 1843/928/1367
f 1854/935/1378 1855/936/1379 1849/932/1373
f 1854/935/1378 1849/932/1373 1848/931/1372
f 1856/937/1380 1854/935/1378 1848/931/1372
f 1856/937/1380 1848/931/1372 1850/933/1374
f 1858/937/1381 1857/938/1382 1851/934/1376
f 1858/937/1381 1851/934/1376 1852/933/1375
f 1859/935/1383 1858/937/1381 1852/933/1375
f 1859/935/1383 1852/933/1375 1853/931/1377
f 1855/936/1379 1859/935/1383 1853/931/1377
f 1855/936/1379 1853/931/1377 1849/932/1373
f 1860/939/1384 1861/940/1385 1855/936/1379
f 1860/939/1384 1855/936/1379 1854/935/1378
f 1862/941/1386 1860/939/1384 1854/935/1378
f 1862/941/1386 1854/935/1378 1856/937/1380
f 1864/941/1387 1863/942/1388 1857/938/1382
f 1864/941/1387 1857/938/1382 1858/937/1381
f 1865/939/1389 1864/941/1387 1858/937/1381
f 1865/939/1389 1858/937/1381 1859/935/1383
f 1861/940/1385 1865/939/1389 1859/935/1383
f 1861/940/1385 1859/935/1383 1855/936/1379
f 1794/943/1321 1797/946/1324 1866/945/1390
f 1794/943/1321 1866/945/1390 1867/944/1391
f 1797/946/1324 1799/948/1326 1868/947/1392
f 1797/946/1324 1868/947/1392 1866/945/1390
f 1799/948/1326 1802/950/1328 1869/949/1393
f 1799/948/1326 1869/949/1393 1868/947/1392
f 1803/948/1328 1805/946/1331 1871/945/1394
f 1803/948/1328 1871/945/1394 1870/947/1395
f 1805/946/1331 1794/943/1321 1867/944/1391
f 1805/946/1331 1867/944/1391 1871/945/1394
f 1867/944/1391 1866/945/1390 1872/952/1396
f 1867/944/1391 1872/952/1396 1873/951/1397
f 1866/945/1390 1868/947/1392 1874/953/1398
f 1866/945/1390 1874/953/1398 1872/952/1396
f 1868/947/1392 1869/949/1393 1875/954/1399
f 1868/947/1392 1875/954/1399 1874/953/1398
f 1870/947/1395 1871/945/1394 1877/952/1400
f 1870/947/1395 1877/952/1400 1876/953/1401
f 1871/945/1394 1867/944/1391 1873/951/1397
f 1871/945/1394 1873/951/1397 1877/952/1400
f 1873/951/1397 1872/952/1396 1878/956/1402
f 1873/951/1397 1878/956/1402 1879/955/1403
f 1872/952/1396 1874/953/1398 1880/957/1404
f 1872/952/1396 1880/957/1404 1878/956/1402
f 1874/953/1398 1875/954/1399 1881/958/1405
f 1874/953/1398 1881/958/1405 1880/957/1404
f 1876/953/1401 1877/952/1400 1883/956/1406
f 1876/953/1401 1883/956/1406 1882/957/1407
f 1877/952/1400 1873/951/1397 1879/955/1403
f 1877/952/1400 1879/955/1403 1883/956/1406
f 1879/955/1403 1878/956/1402 1884/960/1408
f 1879/955/1403 1884/960/1408 1885/959/1409
f 1878/956/1402 1880/957/1404 1886/961/1410
f 1878/956/1402 1886/961/1410 1884/960/1408
f 1880/957/1404 1881/958/1405 1887/962/1411
f 1880/957/1404 1887/962/1411 1886/961/1410
f 1882/957/1407 1883/956/1406 1889/960/1412
f 1882/957/1407 1889/960/1412 1888/961/1413
f 1883/956/1406 1879/955/1403 1885/959/1409
f 1883/956/1406 1885/959/1409 1889/960/1412
f 1885/959/1409 1884/960/1408 1890/964/1414
f 1885/959/1409 1890/964/1414 1891/963/1415
f 1884/960/1408 1886/961/1410 1892/965/1416
f 1884/960/1408 1892/965/1416 1890/964/1414
f 1886/961/1410 1887/962/1411 1893/966/1417
f 1886/961/1410 1893/966/1417 1892/965/1416
f 1888/961/1413 1889/960/1412 1895/964/1418
f 1888/961/1413 1895/964/1418 1894/965/1419
f 1889/960/1412 1885/959/1409 1891/963/1415
f 1889/960/1412 1891/963/1415 1895/964/1418
f 1891/963/1415 1890/964/1414 1865/939/1389
f 1891/963/1415 1865/939/1389 1861/940/1385
f 1890/964/1414 1892/965/1416 1864/941/1387
f 1890/964/1414 1864/941/1387 1865/939/1389
f 1892/965/1416 1893/966/1417 1863/942/1388
f 1892/965/1416 1863/942/1388 1864/941/1387
f 1894/965/1419 1895/964/1418 1860/939/1384
f 1894/965/1419 1860/939/1384 1862/941/1386
f 1895/964/1418 1891/963/1415 1861/940/1385
f 1895/964/1418 1861/940/1385 1860/939/1384
o defaultMaterial.010
v 0.414910 7.067245 3.778134
v 0.359322 6.879227 3.690460
v 0.359322 6.996132 3.439756
v 0.414910 7.184150 3.527430
v -0.000504 7.470175 3.828079
v -1.496821 7.334082 3.775565
v -1.642101 7.019646 3.650321
v -0.337296 6.912138 3.592080
v -1.471361 7.319800 3.669684
v -1.471361 7.319800 3.669684
v 0.000369 7.443321 3.730381
v 0.000369 7.443321 3.730381
v -0.292386 6.991119 3.522891
v -1.614167 7.090896 3.560970
v -0.292386 6.991119 3.522891
v -0.117659 5.828074 2.970522
v -0.135524 5.620962 2.973166
v -0.337296 6.912138 3.592080
v 0.117659 5.828074 2.970522
v -0.117659 5.828074 2.970522
v -0.292386 6.991119 3.522891
v 0.292837 6.992083 3.520712
v -0.292386 6.991119 3.522891
v -0.337296 6.912138 3.592080
v -1.642101 7.019646 3.650321
v -1.614167 7.090896 3.560970
v 1.496870 7.334082 3.775565
v -0.000504 7.470175 3.828079
v 0.336909 6.913249 3.589570
v 1.642150 7.019646 3.650321
v 0.292837 6.992083 3.520712
v 0.336909 6.913249 3.589570
v 0.135573 5.620962 2.973166
v 0.117659 5.828074 2.970522
v 0.336909 6.913249 3.589570
v -0.337296 6.912138 3.592080
v -0.135524 5.620962 2.973166
v 0.135573 5.620962 2.973166
v 0.000000 7.443280 3.953483
v 0.207455 7.392901 3.929991
v 0.207455 7.509806 3.679286
v 0.000000 7.560186 3.702778
v 0.207455 6.741588 3.626278
v 0.207455 6.858494 3.375574
v 0.000000 7.443280 3.953483
v -0.207455 7.392901 3.929991
v 0.207455 7.392901 3.929991
v 0.000000 6.691209 3.602786
v 0.000000 6.691209 3.602786
v 0.000000 6.808114 3.352082
v 0.000000 6.808114 3.352082
v -0.207455 7.392901 3.929991
v -0.207455 7.509806 3.679286
v 0.292837 6.992083 3.520712
v 1.614168 7.090896 3.560970
v 1.642150 7.019646 3.650321
v 0.336909 6.913249 3.589570
v 0.000000 6.691209 3.602786
v 0.207455 6.741588 3.626278
v -0.207455 6.741588 3.626278
v 0.000369 7.443321 3.730381
v 0.000369 7.443321 3.730381
v 1.471362 7.319800 3.669684
v 1.471362 7.319800 3.669684
v 1.614168 7.090896 3.560970
v 0.292837 6.992083 3.520712
v -0.207455 6.741588 3.626278
v -0.207455 6.858494 3.375574
v -0.414910 7.067245 3.778134
v 0.414910 7.067245 3.778134
v 0.359322 7.255262 3.865809
v -0.359322 7.255262 3.865809
v -0.359322 6.879227 3.690460
v -0.359322 6.996132 3.439756
v 0.000000 6.808114 3.352082
v -0.207455 6.858494 3.375574
v 0.207455 6.858494 3.375574
v -0.359322 7.255262 3.865809
v -0.359322 7.372168 3.615104
v -0.000504 7.470175 3.828079
v 1.496870 7.334082 3.775565
v -0.359322 6.996132 3.439756
v 0.359322 6.996132 3.439756
v -0.359322 7.372168 3.615104
v 0.359322 7.372168 3.615104
v 0.414910 7.184150 3.527430
v -0.414910 7.184150 3.527430
v 0.359322 6.879227 3.690460
v -0.359322 6.879227 3.690460
v -0.207455 7.509806 3.679286
v 0.207455 7.509806 3.679286
v 0.000000 7.560186 3.702778
v 0.359322 7.255262 3.865809
v 0.359322 7.372168 3.615104
v -1.496821 7.334082 3.775565
v -0.000504 7.470175 3.828079
v -0.414910 7.067245 3.778134
v -0.414910 7.184150 3.527430
vn 1.0000 -0.0000 -0.0000
vn 0.8660 -0.4532 -0.2113
vn 0.0058 -0.3853 0.9228
vn -0.0412 0.7803 -0.6240
vn 0.0038 0.4191 -0.9079
vn -0.8872 0.0807 -0.4542
vn -0.8873 0.0806 -0.4542
vn -0.0028 0.4282 -0.9037
vn -0.0029 0.4282 -0.9037
vn -0.0031 0.4281 -0.9037
vn -0.0030 0.4281 -0.9037
vn -0.0815 -0.7045 -0.7050
vn -0.0814 -0.7045 -0.7050
vn -0.0068 -0.3885 0.9214
vn -0.0068 -0.3884 0.9215
vn 0.8879 0.0791 -0.4532
vn 0.0029 -0.4314 0.9022
vn -0.0000 0.9063 0.4226
vn 0.5000 0.7849 0.3660
vn 0.5000 -0.7849 -0.3660
vn -0.0000 -0.4226 0.9063
vn 0.0001 -0.9063 -0.4226
vn 0.0001 -0.9063 -0.4225
vn -0.5000 0.7849 0.3660
vn 0.0821 -0.7041 -0.7053
vn 0.0821 -0.7041 -0.7054
vn 0.0416 0.7816 -0.6223
vn 0.0417 0.7817 -0.6223
vn -0.0029 0.4224 -0.9064
vn -0.0001 -0.9063 -0.4226
vn -0.5000 -0.7849 -0.3660
vn -0.8660 -0.4532 -0.2113
vn -0.0000 0.4226 -0.9063
vn -0.8660 0.4532 0.2113
vn 0.0774 0.9754 -0.2065
vn 0.0774 0.9754 -0.2064
vn 0.8660 0.4532 0.2113
vn -0.0774 0.9753 -0.2071
vn -1.0000 -0.0000 -0.0000
vt 0.687859 0.087741
vt 0.695527 0.087741
vt 0.695527 0.075383
vt 0.687859 0.075383
vt 0.718710 0.124952
vt 0.634013 0.108928
vt 0.634013 0.093625
vt 0.718710 0.089656
vt 0.718710 0.130890
vt 0.634013 0.114866
vt 0.664854 0.087741
vt 0.672522 0.087741
vt 0.672522 0.075383
vt 0.664854 0.075383
vt 0.703195 0.087741
vt 0.703195 0.075383
vt 0.453445 0.077459
vt 0.471118 0.082195
vt 0.435772 0.082195
vt 0.710863 0.087741
vt 0.710863 0.075383
vt 0.657186 0.087741
vt 0.657186 0.075383
vt 0.453445 0.148151
vt 0.435772 0.143415
vt 0.471118 0.143415
vt 0.618845 0.087741
vt 0.626513 0.087741
vt 0.626513 0.075383
vt 0.618845 0.075383
vt 0.488791 0.112805
vt 0.418100 0.112805
vt 0.422835 0.095132
vt 0.484056 0.095132
vt 0.634181 0.087741
vt 0.634181 0.075383
vt 0.649518 0.087741
vt 0.649518 0.075383
vt 0.484056 0.130478
vt 0.422835 0.130478
vt 0.680190 0.087741
vt 0.680190 0.075383
vt 0.641850 0.087741
vt 0.641850 0.075383
s 1
usemtl defaultMaterial.002
f 1896/967/1420 1897/968/1421 1898/969/1421
f 1896/967/1420 1898/969/1421 1899/970/1420
f 1900/971/1422 1901/972/1422 1902/973/1422
f 1900/971/1422 1902/973/1422 1903/974/1422
f 1904/972/1423 1906/971/1423 1908/974/1424
f 1904/972/1423 1908/974/1424 1909/973/1424
f 1910/975/1425 1911/976/1425 1912/972/1426
f 1910/975/1425 1912/972/1426 1913/971/1426
f 1914/973/1427 1915/972/1428 1916/971/1429
f 1914/973/1427 1916/971/1429 1917/974/1430
f 1918/975/1431 1919/971/1431 1920/972/1432
f 1918/975/1431 1920/972/1432 1921/976/1432
f 1922/973/1433 1923/974/1433 1924/971/1434
f 1922/973/1433 1924/971/1434 1925/972/1434
f 1926/975/1435 1927/971/1435 1928/972/1435
f 1926/975/1435 1928/972/1435 1929/976/1435
f 1930/974/1436 1931/971/1436 1932/972/1436
f 1930/974/1436 1932/972/1436 1933/973/1436
f 1934/977/1437 1935/978/1438 1936/979/1438
f 1934/977/1437 1936/979/1438 1937/980/1437
f 1897/968/1421 1938/981/1439 1939/982/1439
f 1897/968/1421 1939/982/1439 1898/969/1421
s 0
f 1940/983/1440 1941/984/1440 1942/985/1440
s 1
f 1938/981/1439 1943/986/1441 1945/987/1442
f 1938/981/1439 1945/987/1442 1939/982/1439
f 1947/988/1443 1934/977/1437 1937/980/1437
f 1947/988/1443 1937/980/1437 1948/989/1443
f 1949/971/1444 1950/972/1444 1951/976/1444
f 1949/971/1444 1951/976/1444 1952/975/1445
s 0
f 1953/990/1440 1954/991/1440 1955/992/1440
s 1
f 1956/974/1446 1958/973/1447 1960/972/1448
f 1956/974/1446 1960/972/1448 1961/971/1448
f 1944/993/1449 1962/994/1450 1963/995/1450
f 1944/993/1449 1963/995/1450 1946/996/1449
s 0
f 1964/997/1440 1965/998/1440 1966/999/1440
f 1964/997/1440 1966/999/1440 1967/1000/1440
s 1
f 1962/994/1450 1968/1001/1451 1969/1002/1451
f 1962/994/1450 1969/1002/1451 1963/995/1450
s 0
f 1970/990/1452 1971/992/1452 1972/991/1452
s 1
f 1973/1003/1453 1947/988/1443 1948/989/1443
f 1973/1003/1453 1948/989/1443 1974/1004/1453
f 1957/975/1447 1975/971/1454 1976/972/1455
f 1957/975/1447 1976/972/1455 1959/976/1447
f 1972/991/1452 1971/992/1452 1977/1005/1452
s 0
f 1972/991/1452 1977/1005/1452 1978/1006/1452
s 1
f 1979/1000/1452 1980/999/1452 1981/998/1452
s 0
f 1979/1000/1452 1981/998/1452 1982/997/1452
s 1
f 1955/992/1440 1954/991/1440 1983/1006/1440
s 0
f 1955/992/1440 1983/1006/1440 1984/1005/1440
f 1984/1005/1440 1983/1006/1440 1965/998/1440
f 1984/1005/1440 1965/998/1440 1964/997/1440
s 1
f 1978/1006/1452 1977/1005/1452 1982/997/1452
s 0
f 1978/1006/1452 1982/997/1452 1981/998/1452
s 1
f 1985/984/1452 1986/985/1452 1980/999/1452
s 0
f 1985/984/1452 1980/999/1452 1979/1000/1452
f 1942/985/1440 1941/984/1440 1967/1000/1440
f 1942/985/1440 1967/1000/1440 1966/999/1440
f 1987/983/1452 1986/985/1452 1985/984/1452
s 1
f 1935/978/1438 1988/1007/1456 1989/1008/1456
f 1935/978/1438 1989/1008/1456 1936/979/1438
f 1988/1007/1456 1896/967/1420 1899/970/1420
f 1988/1007/1456 1899/970/1420 1989/1008/1456
f 1907/975/1423 1905/976/1423 1990/972/1457
f 1907/975/1423 1990/972/1457 1991/971/1457
f 1968/1001/1451 1992/1009/1458 1993/1010/1458
f 1968/1001/1451 1993/1010/1458 1969/1002/1451
f 1992/1009/1458 1973/1003/1453 1974/1004/1453
f 1992/1009/1458 1974/1004/1453 1993/1010/1458
o defaultMaterial.011
v 0.435447 3.809663 -6.081834
v 0.435447 1.768045 -6.080988
v 0.329475 1.768045 -5.863445
v 0.329475 3.672748 -5.863445
v 0.329475 3.672748 -5.863445
v 0.329475 1.768045 -5.863445
v 0.000000 1.768045 -5.863445
v 0.000000 3.621491 -5.863445
v 2.018187 3.665142 -5.516533
v 1.685731 2.834328 -5.577553
v 1.555257 2.869188 -5.641530
v 1.852924 3.612807 -5.587761
v 0.000000 1.768045 -5.798718
v -1.428655 1.768045 -5.638009
v -1.555257 2.869188 -5.641530
v -2.018187 3.665142 -5.516533
v -1.852924 3.612807 -5.587761
v -1.555257 2.869188 -5.641530
v -1.685731 2.834328 -5.577553
v 0.939452 6.278256 -6.080988
v 0.440003 5.919572 -6.080988
v 0.000000 6.278256 -6.080988
v 1.064712 5.306122 -6.080988
v 1.501147 5.000725 -6.080988
v 1.147786 4.870365 -6.080988
v -0.329475 3.672748 -5.863445
v -0.329475 1.768045 -5.863445
v -0.435447 3.809663 -6.081834
v -0.329475 3.672748 -5.863445
v -0.329475 1.768045 -5.863445
v -0.435447 1.768045 -6.080988
v -1.147786 4.870365 -6.080988
v -1.064712 5.306122 -6.080988
v -0.972795 5.268208 -5.989759
v -1.048697 4.870069 -5.989759
v 0.000000 5.997996 -6.081089
v 1.555257 2.869188 -5.641530
v 0.000000 4.824953 -5.795372
v 0.808420 5.670429 -6.080988
v -0.440003 5.919572 -6.080988
v -0.808420 5.670429 -6.080988
v -0.939452 6.278256 -6.080988
v -1.501147 5.000725 -6.080988
v -1.060157 4.431082 -6.080988
v -0.973500 3.723785 -6.080988
v -0.800050 4.062709 -6.080988
v -0.435447 3.809663 -6.081834
v -1.852924 3.612807 -5.587761
v -0.968633 4.468710 -5.989759
v -1.060157 4.431082 -6.080988
v 1.013243 6.392117 -5.992523
v 0.939452 6.278256 -6.080988
v 0.000000 6.278256 -6.080988
v 0.000000 6.392117 -5.992523
v 1.624999 5.000725 -5.992523
v 1.093603 3.714712 -5.992523
v 0.973500 3.723785 -6.080988
v 1.501147 5.000725 -6.080988
v 0.000000 3.829098 -5.992855
v 0.397854 3.902136 -5.991306
v 0.435447 3.809663 -6.081834
v 0.000000 3.731034 -6.084375
v 0.730981 4.132139 -5.989759
v 0.800050 4.062709 -6.080988
v 1.060157 4.431082 -6.080988
v 0.968633 4.468710 -5.989759
v 0.000000 5.899863 -5.989759
v 0.000000 5.997996 -6.081089
v 0.440003 5.919572 -6.080988
v 0.402017 5.828697 -5.989759
v 1.093603 1.768045 -5.992523
v 0.973500 1.768045 -6.080988
v -0.440003 5.919572 -6.080988
v -0.402017 5.828697 -5.989759
v -0.738629 5.601063 -5.989759
v -0.808420 5.670429 -6.080988
v 0.000000 4.986505 -5.751033
v 0.000000 4.824953 -5.795372
v 0.973500 3.723785 -6.080988
v 1.060157 4.431082 -6.080988
v 0.800050 4.062709 -6.080988
v 0.435447 3.809663 -6.081834
v 1.048697 4.870069 -5.989759
v 1.147786 4.870365 -6.080988
v 0.808420 5.670429 -6.080988
v 0.738629 5.601063 -5.989759
v -1.013243 6.392117 -5.992523
v -0.939452 6.278256 -6.080988
v 0.972795 5.268208 -5.989759
v 1.064712 5.306122 -6.080988
v 1.542169 1.768045 -5.577553
v 1.428655 1.768045 -5.638009
v 0.000000 3.731034 -6.084375
v 0.000000 3.621491 -5.863445
v -1.093603 3.714712 -5.992523
v -0.973500 3.723785 -6.080988
v -0.973500 1.768045 -6.080988
v -1.093603 1.768045 -5.992523
v -1.624999 5.000725 -5.992523
v -1.501147 5.000725 -6.080988
v -0.435447 3.809663 -6.081834
v -0.397854 3.902136 -5.991306
v -0.730981 4.132139 -5.989759
v -0.800050 4.062709 -6.080988
v -1.064712 5.306122 -6.080988
v 1.852924 3.612807 -5.587761
v 1.428655 1.768045 -5.638009
v -1.428655 1.768045 -5.638009
v -1.542169 1.768045 -5.577553
v -1.147786 4.870365 -6.080988
v 0.435447 1.768045 -6.080988
v 0.973500 1.768045 -6.080988
v -0.435447 1.768045 -6.080988
v -0.973500 1.768045 -6.080988
vn -0.5133 -0.6014 -0.6122
vn -0.8994 -0.0001 -0.4371
vn -0.8993 -0.0001 -0.4372
vn -0.0000 -0.0000 -1.0000
vn 0.3592 0.0887 -0.9290
vn 0.4330 -0.0795 -0.8979
vn -0.0000 -0.0074 -1.0000
vn -0.1118 -0.0160 -0.9936
vn -0.1123 0.0022 -0.9937
vn -0.3592 0.0887 -0.9290
vn -0.4330 -0.0795 -0.8979
vn 0.5133 -0.6014 -0.6122
vn 0.8993 -0.0001 -0.4372
vn 0.8994 -0.0001 -0.4371
vn 0.6773 0.0030 -0.7357
vn 0.6225 -0.2638 -0.7368
vn 0.6224 -0.2640 -0.7368
vn 0.6773 0.0034 -0.7357
vn 0.0003 0.0004 -1.0000
vn 0.1123 0.0022 -0.9937
vn -0.0000 0.0114 -0.9999
vn -0.0011 0.0001 -1.0000
vn -0.0007 0.0004 -1.0000
vn -0.0012 0.0004 -1.0000
vn -0.1253 0.0216 -0.9919
vn 0.6227 0.2680 -0.7352
vn 0.6227 0.2678 -0.7352
vn 0.2989 0.4571 -0.8377
vn -0.0000 0.6135 -0.7897
vn 0.5812 0.0072 -0.8137
vn 0.5832 -0.1176 -0.8038
vn 0.5812 0.0074 -0.8137
vn -0.0000 0.6784 -0.7347
vn -0.2560 0.6251 -0.7373
vn -0.4780 0.4835 -0.7334
vn -0.4779 0.4835 -0.7334
vn -0.6227 0.2678 -0.7352
vn -0.6227 0.2680 -0.7352
vn -0.0000 -0.6821 -0.7313
vn -0.2553 -0.6294 -0.7339
vn -0.2550 -0.6295 -0.7340
vn 0.5931 -0.0000 -0.8052
vn 0.2553 -0.6294 -0.7339
vn 0.2550 -0.6295 -0.7340
vn 0.4762 -0.4853 -0.7333
vn -0.0000 0.2875 -0.9578
vn 0.0011 0.0001 -1.0000
vn 0.0007 0.0004 -1.0000
vn 0.0012 0.0004 -1.0000
vn -0.6773 0.0034 -0.7357
vn -0.6773 0.0029 -0.7357
vn -0.4762 -0.4853 -0.7333
vn -0.2990 0.4571 -0.8377
vn -0.2989 0.4571 -0.8377
vn -0.6224 -0.2640 -0.7368
vn -0.6225 -0.2638 -0.7368
vn 0.4471 -0.0572 -0.8927
vn -0.0000 -0.8873 -0.4611
vn -0.5832 -0.1176 -0.8038
vn -0.5931 -0.0000 -0.8052
vn -0.5812 0.0072 -0.8137
vn -0.5812 0.0074 -0.8137
vn 0.2560 0.6251 -0.7373
vn 0.4780 0.4835 -0.7334
vn 0.4779 0.4834 -0.7334
vn 0.1253 0.0216 -0.9919
vn 0.1118 -0.0160 -0.9936
vn -0.0003 0.0004 -1.0000
vn -0.4471 -0.0572 -0.8927
vn 0.0007 -0.0002 -1.0000
vn 0.0006 -0.0002 -1.0000
vn -0.0007 -0.0002 -1.0000
vn -0.0006 -0.0002 -1.0000
vt 0.466812 0.861664
vt 0.466812 0.996814
vt 0.474888 0.996855
vt 0.474888 0.872140
vt 0.500000 0.996855
vt 0.500000 0.876046
vt 0.592088 0.852316
vt 0.617427 0.915627
vt 0.627372 0.912958
vt 0.604684 0.856292
vt 0.745909 0.996855
vt 0.854796 0.996884
vt 0.864446 0.912958
vt 0.899729 0.852316
vt 0.887133 0.856292
vt 0.874390 0.915627
vt 0.428398 0.673516
vt 0.466464 0.700853
vt 0.500000 0.673516
vt 0.418851 0.747609
vt 0.385587 0.770885
vt 0.412519 0.780821
vt 0.525112 0.872140
vt 0.525112 0.996855
vt 0.533188 0.861664
vt 0.533188 0.996814
vt 0.587481 0.780821
vt 0.581149 0.747609
vt 0.566929 0.753491
vt 0.572151 0.780883
vt 0.500000 0.694876
vt 0.745909 0.763868
vt 0.438385 0.719842
vt 0.533536 0.700853
vt 0.561615 0.719842
vt 0.571602 0.673516
vt 0.614413 0.770885
vt 0.580802 0.814301
vt 0.574197 0.868209
vt 0.560977 0.842378
vt 0.566643 0.808497
vt 0.422774 0.664854
vt 0.500000 0.664854
vt 0.376147 0.770901
vt 0.416649 0.868917
vt 0.425803 0.868209
vt 0.500000 0.852502
vt 0.472627 0.847478
vt 0.500000 0.867656
vt 0.449708 0.831653
vt 0.439023 0.842378
vt 0.419198 0.814301
vt 0.433357 0.808497
vt 0.500000 0.710033
vt 0.472341 0.714929
vt 0.416649 0.996831
vt 0.425803 0.996814
vt 0.527659 0.714929
vt 0.550818 0.730590
vt 0.745909 0.751563
vt 0.427849 0.780883
vt 0.449182 0.730590
vt 0.577226 0.664854
vt 0.433071 0.753491
vt 0.628369 0.996896
vt 0.637021 0.996884
vt 0.583351 0.868917
vt 0.574197 0.996814
vt 0.583351 0.996831
vt 0.623853 0.770901
vt 0.527373 0.847478
vt 0.550292 0.831653
vt 0.863448 0.996896
s 1
usemtl defaultMaterial_0.002
f 1994/1011/1459 1995/1012/1460 1996/1013/1461
f 1994/1011/1459 1996/1013/1461 1997/1014/1459
s 0
f 1998/1014/1462 1999/1013/1462 2000/1015/1462
f 1998/1014/1462 2000/1015/1462 2001/1016/1462
s 1
f 2002/1017/1463 2003/1018/1464 2004/1019/1464
f 2002/1017/1463 2004/1019/1464 2005/1020/1463
f 2006/1021/1465 2007/1022/1466 2008/1023/1467
f 2009/1024/1468 2010/1025/1468 2011/1023/1469
f 2009/1024/1468 2011/1023/1469 2012/1026/1469
s 0
f 2013/1027/1462 2014/1028/1462 2015/1029/1462
f 2016/1030/1462 2017/1031/1462 2018/1032/1462
f 2019/1033/1462 2001/1016/1462 2000/1015/1462
f 2019/1033/1462 2000/1015/1462 2020/1034/1462
s 1
f 2021/1035/1470 2022/1033/1470 2023/1034/1471
f 2021/1035/1470 2023/1034/1471 2024/1036/1472
f 2025/1037/1473 2026/1038/1474 2027/1039/1475
f 2025/1037/1473 2027/1039/1475 2028/1040/1476
s 0
f 2015/1029/1477 2014/1028/1477 2029/1041/1477
s 1
f 2030/1019/1478 2006/1021/1465 2031/1042/1479
s 0
f 2016/1030/1462 2032/1043/1462 2013/1027/1462
f 2016/1030/1462 2013/1027/1462 2017/1031/1462
f 2033/1044/1462 2034/1045/1462 2035/1046/1462
s 1
f 2036/1047/1462 2037/1048/1462 2038/1049/1480
f 2038/1049/1480 2037/1048/1462 2039/1050/1481
f 2039/1050/1481 2040/1035/1482 2038/1049/1480
f 2031/1042/1479 2008/1023/1467 2041/1025/1483
f 2028/1040/1476 2042/1051/1484 2043/1048/1485
f 2028/1040/1476 2043/1048/1485 2025/1037/1473
f 2044/1052/1486 2045/1027/1486 2046/1029/1487
f 2044/1052/1486 2046/1029/1487 2047/1053/1487
f 2048/1054/1488 2049/1055/1489 2050/1056/1489
f 2048/1054/1488 2050/1056/1489 2051/1031/1490
f 2052/1057/1491 2053/1058/1492 2054/1011/1492
f 2052/1057/1491 2054/1011/1492 2055/1059/1491
f 2056/1060/1493 2057/1061/1494 2054/1011/1492
f 2056/1060/1493 2054/1011/1492 2053/1058/1492
f 2058/1062/1495 2057/1061/1494 2056/1060/1493
f 2058/1062/1495 2056/1060/1493 2059/1063/1496
f 2060/1064/1497 2061/1041/1497 2062/1028/1498
f 2060/1064/1497 2062/1028/1498 2063/1065/1499
f 2049/1055/1489 2064/1066/1500 2065/1067/1500
f 2049/1055/1489 2065/1067/1500 2050/1056/1489
f 2044/1052/1486 2048/1054/1488 2051/1031/1490
f 2044/1052/1486 2051/1031/1490 2045/1027/1486
f 2066/1044/1501 2067/1068/1502 2068/1069/1503
f 2066/1044/1501 2068/1069/1503 2069/1045/1503
f 2070/1070/1504 2002/1017/1463 2005/1020/1463
f 2070/1070/1504 2005/1020/1463 2071/1042/1504
s 0
f 2013/1027/1462 2032/1043/1462 2014/1028/1462
s 1
f 2072/1056/1505 2073/1062/1462 2017/1031/1462
f 2074/1061/1506 2073/1062/1462 2072/1056/1505
f 2072/1056/1505 2075/1011/1507 2074/1061/1506
f 2076/1071/1508 2077/1032/1509 2058/1062/1495
f 2076/1071/1508 2058/1062/1495 2059/1063/1496
f 2062/1028/1498 2078/1043/1510 2079/1072/1510
f 2062/1028/1498 2079/1072/1510 2063/1065/1499
f 2080/1073/1511 2047/1053/1487 2046/1029/1487
f 2080/1073/1511 2046/1029/1487 2081/1046/1512
f 2077/1032/1509 2076/1071/1508 2082/1074/1513
f 2077/1032/1509 2082/1074/1513 2083/1030/1514
f 2083/1030/1514 2082/1074/1513 2079/1072/1510
f 2083/1030/1514 2079/1072/1510 2078/1043/1510
f 2003/1018/1464 2084/1075/1515 2085/1076/1515
f 2003/1018/1464 2085/1076/1515 2004/1019/1464
f 2022/1033/1470 2021/1035/1470 2086/1059/1516
f 2022/1033/1470 2086/1059/1516 2087/1016/1516
f 2088/1077/1517 2089/1049/1517 2090/1078/1518
f 2088/1077/1517 2090/1078/1518 2091/1079/1518
f 2092/1080/1519 2093/1047/1520 2089/1049/1517
f 2092/1080/1519 2089/1049/1517 2088/1077/1517
f 2080/1073/1511 2081/1046/1512 2093/1047/1520
f 2080/1073/1511 2093/1047/1520 2092/1080/1519
f 2052/1057/1491 2055/1059/1491 2094/1035/1521
f 2052/1057/1491 2094/1035/1521 2095/1081/1521
f 2096/1082/1522 2095/1081/1521 2094/1035/1521
f 2096/1082/1522 2094/1035/1521 2097/1050/1523
s 0
f 2017/1031/1462 2073/1062/1462 2018/1032/1462
s 1
f 2043/1048/1485 2042/1051/1484 2096/1082/1522
f 2043/1048/1485 2096/1082/1522 2097/1050/1523
s 0
f 2098/1038/1462 2036/1047/1462 2035/1046/1462
f 2098/1038/1462 2035/1046/1462 2034/1045/1462
s 1
f 2070/1070/1504 2071/1042/1504 2010/1025/1468
f 2070/1070/1504 2010/1025/1468 2009/1024/1468
f 2031/1042/1479 2006/1021/1465 2008/1023/1467
f 2060/1064/1497 2067/1068/1502 2066/1044/1501
f 2060/1064/1497 2066/1044/1501 2061/1041/1497
f 2099/1020/1524 2030/1019/1478 2031/1042/1479
f 2030/1019/1478 2100/1076/1525 2006/1021/1465
s 0
f 2029/1041/1526 2033/1044/1526 2015/1029/1526
s 1
f 1997/1014/1459 2087/1016/1516 2086/1059/1516
f 1997/1014/1459 2086/1059/1516 1994/1011/1459
f 2012/1026/1469 2011/1023/1469 2101/1022/1527
f 2012/1026/1469 2101/1022/1527 2102/1083/1527
f 2026/1038/1474 2069/1045/1503 2068/1069/1503
f 2026/1038/1474 2068/1069/1503 2027/1039/1475
s 0
f 2103/1037/1462 2036/1047/1462 2098/1038/1462
s 1
f 2104/1012/1528 2075/1011/1507 2072/1056/1505
f 2104/1012/1528 2072/1056/1505 2105/1067/1529
s 0
f 2015/1029/1462 2033/1044/1462 2035/1046/1462
s 1
f 2106/1036/1530 2107/1078/1531 2038/1049/1480
f 2106/1036/1530 2038/1049/1480 2040/1035/1482
s 0
f 2103/1037/1462 2037/1048/1462 2036/1047/1462
o defaultMaterial.012
v 1.070357 6.588982 -5.994696
v 1.049137 6.477915 -6.068763
v 0.000000 6.477915 -6.068763
v 0.000000 6.588982 -5.994696
v 1.740724 4.846808 -6.068763
v 1.177841 6.493586 -5.994696
v 1.914281 4.846661 -5.994696
v 1.013243 6.392115 -2.465430
v 1.070357 6.588982 -2.465430
v 0.000000 6.588982 -2.465430
v 0.000000 6.392115 -2.465430
v 1.049137 6.477915 -6.068763
v 1.013243 6.392115 -5.983348
v 1.013243 6.392115 -5.983348
v 0.000000 6.392115 -5.983348
v 0.000000 6.392115 -5.983348
v 0.000000 6.477915 -6.068763
v 1.049137 6.477915 -6.068763
v 1.740724 4.846808 -6.068763
v 1.681170 4.846808 -5.983348
v 1.681170 4.846808 -5.983348
v 1.013243 6.392115 -5.983348
v 1.013243 6.392115 -5.983348
v 1.851423 4.846661 -2.465430
v 1.914281 4.846661 -5.994696
v 1.177841 6.493586 -5.994696
v 1.149897 6.493586 -2.465430
v 1.013243 6.392115 -2.465430
v 0.000000 6.392115 -2.465430
v 1.681170 4.846808 -2.465430
v 1.013243 6.392115 -2.465430
v 1.681170 4.846808 -2.465430
v 1.851423 4.846661 -2.465430
v 1.149897 6.493586 -2.465430
v 1.070357 6.588982 -2.465430
v 1.070357 6.588982 -5.994696
v 0.000000 6.588982 -5.994696
v 0.000000 6.588982 -2.465430
v 1.914281 4.846661 -5.994696
v 1.681170 4.846808 -5.983348
v 1.740724 4.846808 -6.068763
v 1.851423 4.846661 -2.465430
v 1.681170 4.846808 -2.465430
v -1.070357 6.588982 -5.994696
v -1.049137 6.477915 -6.068763
v -1.740724 4.846808 -6.068763
v -1.914281 4.846661 -5.994696
v -1.177841 6.493586 -5.994696
v -1.013243 6.392115 -2.465430
v -1.070357 6.588982 -2.465430
v -1.049137 6.477915 -6.068763
v -1.013243 6.392115 -5.983348
v -1.013243 6.392115 -5.983348
v -1.049137 6.477915 -6.068763
v -1.013243 6.392115 -5.983348
v -1.013243 6.392115 -5.983348
v -1.681170 4.846808 -5.983348
v -1.681170 4.846808 -5.983348
v -1.740724 4.846808 -6.068763
v -1.851423 4.846661 -2.465430
v -1.149897 6.493586 -2.465430
v -1.177841 6.493586 -5.994696
v -1.914281 4.846661 -5.994696
v -1.013243 6.392115 -2.465430
v -1.681170 4.846808 -2.465430
v -1.013243 6.392115 -2.465430
v -1.681170 4.846808 -2.465430
v -1.149897 6.493586 -2.465430
v -1.851423 4.846661 -2.465430
v -1.070357 6.588982 -2.465430
v -1.070357 6.588982 -5.994696
v -1.740724 4.846808 -6.068763
v -1.681170 4.846808 -5.983348
v -1.914281 4.846661 -5.994696
v -1.851423 4.846661 -2.465430
v -1.681170 4.846808 -2.465430
vn 0.2057 0.5154 -0.8319
vn 0.2850 0.4111 -0.8659
vn -0.0000 0.5548 -0.8320
vn 0.4248 0.1851 -0.8862
vn 0.4179 0.3225 -0.8493
vn -0.0000 -0.0000 1.0000
vn -0.0000 -0.7055 -0.7087
vn -0.0000 -0.9234 -0.3837
vn -0.7491 -0.3206 -0.5796
vn -0.7492 -0.3206 -0.5796
vn -0.8750 -0.3765 -0.3043
vn -0.8750 -0.3766 -0.3042
vn 0.9164 0.4001 0.0118
vn 0.8289 0.5593 0.0074
vn 0.8290 0.5593 0.0074
vn -0.0000 -1.0000 -0.0000
vn -0.0000 -0.9235 -0.3837
vn -0.9179 -0.3968 -0.0000
vn 0.3873 0.9219 0.0015
vn 0.3873 0.9220 0.0015
vn -0.0000 1.0000 -0.0000
vn -0.0007 -1.0000 -0.0005
vn -0.0009 -1.0000 -0.0000
vn -0.0007 -1.0000 -0.0003
vn -0.0006 -1.0000 -0.0000
vn -0.2057 0.5154 -0.8319
vn -0.2850 0.4111 -0.8659
vn -0.4248 0.1850 -0.8862
vn -0.4248 0.1851 -0.8862
vn -0.4179 0.3225 -0.8493
vn 0.7491 -0.3206 -0.5796
vn 0.8750 -0.3766 -0.3042
vn 0.8750 -0.3765 -0.3043
vn 0.7492 -0.3206 -0.5796
vn -0.9164 0.4001 0.0118
vn -0.8290 0.5593 0.0074
vn -0.8290 0.5593 0.0071
vn 0.9179 -0.3968 -0.0000
vn -0.3873 0.9219 0.0015
vn -0.3873 0.9220 0.0015
vn 0.0007 -1.0000 -0.0005
vn 0.0006 -1.0000 -0.0000
vn 0.0009 -1.0000 -0.0000
vn 0.0007 -1.0000 -0.0003
vt 0.974866 0.056663
vt 0.985016 0.056486
vt 0.985016 0.003584
vt 0.974866 0.003584
vt 0.985016 0.137905
vt 0.974866 0.064259
vt 0.974866 0.145165
vt 0.836784 0.056662
vt 0.850344 0.056663
vt 0.850344 0.003584
vt 0.836784 0.003584
vt 0.995280 0.056613
vt 0.995280 0.003584
vt 0.995280 0.137497
vt 0.850344 0.145165
vt 0.850344 0.064259
vt 0.806101 0.003584
vt 0.806101 0.056662
vt 0.836784 0.145154
vt 0.806101 0.145154
vt 0.974653 0.159868
vt 0.985016 0.159809
vt 0.850344 0.159868
s 1
usemtl defaultMaterial.002
f 2108/1084/1532 2109/1085/1533 2110/1086/1534
f 2108/1084/1532 2110/1086/1534 2111/1087/1534
f 2112/1088/1535 2109/1085/1533 2113/1089/1536
f 2112/1088/1535 2113/1089/1536 2114/1090/1535
s 0
f 2115/1091/1537 2116/1092/1537 2117/1093/1537
f 2115/1091/1537 2117/1093/1537 2118/1094/1537
s 1
f 2113/1089/1536 2109/1085/1533 2108/1084/1532
f 2119/1085/1538 2120/1095/1539 2122/1096/1539
f 2119/1085/1538 2122/1096/1539 2124/1086/1538
f 2125/1085/1540 2126/1088/1541 2127/1097/1542
f 2125/1085/1540 2127/1097/1542 2129/1095/1543
f 2131/1098/1544 2132/1090/1544 2133/1089/1545
f 2131/1098/1544 2133/1089/1545 2134/1099/1546
f 2135/1091/1547 2136/1094/1547 2123/1100/1548
f 2135/1091/1547 2123/1100/1548 2121/1101/1548
f 2137/1102/1549 2138/1091/1549 2130/1101/1543
f 2137/1102/1549 2130/1101/1543 2128/1103/1543
s 0
f 2139/1102/1537 2140/1098/1537 2141/1099/1537
f 2139/1102/1537 2141/1099/1537 2115/1091/1537
f 2116/1092/1537 2115/1091/1537 2141/1099/1537
s 1
f 2142/1092/1550 2143/1084/1551 2144/1087/1552
f 2142/1092/1550 2144/1087/1552 2145/1093/1552
f 2133/1089/1545 2143/1084/1551 2142/1092/1550
f 2133/1089/1545 2142/1092/1550 2134/1099/1546
s 0
f 2146/1090/1553 2147/1104/1553 2148/1105/1553
f 2149/1098/1554 2150/1106/1554 2147/1104/1555
f 2149/1098/1556 2147/1104/1556 2146/1090/1556
s 1
f 2151/1084/1557 2111/1087/1534 2110/1086/1534
f 2151/1084/1557 2110/1086/1534 2152/1085/1558
f 2153/1088/1559 2154/1090/1560 2155/1089/1561
f 2153/1088/1559 2155/1089/1561 2152/1085/1558
s 0
f 2156/1091/1537 2118/1094/1537 2117/1093/1537
f 2156/1091/1537 2117/1093/1537 2157/1092/1537
s 1
f 2151/1084/1557 2152/1085/1558 2155/1089/1561
f 2158/1085/1538 2124/1086/1538 2122/1096/1539
f 2158/1085/1538 2122/1096/1539 2159/1095/1539
f 2161/1085/1562 2162/1095/1563 2164/1097/1564
f 2161/1085/1562 2164/1097/1564 2166/1088/1565
f 2167/1098/1566 2168/1099/1567 2169/1089/1568
f 2167/1098/1566 2169/1089/1568 2170/1090/1566
f 2171/1091/1547 2160/1101/1548 2123/1100/1548
f 2171/1091/1547 2123/1100/1548 2136/1094/1547
f 2172/1102/1569 2165/1103/1563 2163/1101/1563
f 2172/1102/1569 2163/1101/1563 2173/1091/1569
s 0
f 2174/1102/1537 2156/1091/1537 2175/1099/1537
f 2174/1102/1537 2175/1099/1537 2176/1098/1537
f 2175/1099/1537 2156/1091/1537 2157/1092/1537
s 1
f 2177/1092/1570 2145/1093/1552 2144/1087/1552
f 2177/1092/1570 2144/1087/1552 2178/1084/1571
f 2169/1089/1568 2168/1099/1567 2177/1092/1570
f 2169/1089/1568 2177/1092/1570 2178/1084/1571
s 0
f 2179/1105/1572 2180/1104/1572 2181/1090/1572
f 2182/1098/1573 2181/1090/1573 2180/1104/1573
f 2182/1098/1574 2180/1104/1575 2183/1106/1574
o defaultMaterial.013
v 2.388999 4.366278 2.928880
v 2.385135 4.614162 -1.005581
v 0.000000 4.614162 -1.005581
v 0.000000 4.366278 2.928880
v 1.577987 8.062453 -3.016888
v 1.580425 8.267281 -2.538893
v 1.935107 8.025956 -2.457417
v 1.941083 7.827108 -2.927273
v 2.349272 3.762177 -1.640886
v 0.000000 3.762177 -1.640886
v 0.000000 7.381494 -2.981936
v 1.950905 7.739818 -2.172287
v 0.000000 7.739818 -2.172287
v 1.967640 7.381494 -2.981936
v 1.792386 7.686152 -3.096149
v 1.792386 7.686152 -3.096149
v 0.000000 8.062453 -3.016888
v 0.000000 8.267281 -2.538893
v 2.388999 3.762177 3.449394
v 2.388999 4.252760 3.138694
v 0.000000 4.252760 3.138694
v 0.000000 3.762177 3.449394
v 2.150912 7.682662 -2.338794
v 2.547739 4.444508 -1.115134
v 2.543874 3.762177 -1.427958
v 2.152353 7.482483 -2.804620
v 1.781095 7.982360 -2.263891
v 1.781095 7.982360 -2.263891
v 1.474810 8.189716 -2.350523
v 1.474810 8.189716 -2.350523
v 0.000000 8.189716 -2.350523
v 0.000000 8.189716 -2.350523
v 1.482589 7.884732 -3.172196
v 1.482589 7.884732 -3.172196
v 2.543874 4.194174 2.971381
v 2.543874 3.762177 3.237598
v 2.543874 3.762177 3.237598
v 0.000000 7.884732 -3.172196
v 0.000000 7.884732 -3.172196
v -2.388999 4.366278 2.928880
v -2.385135 4.614162 -1.005581
v -1.577987 8.062453 -3.016888
v -1.941083 7.827108 -2.927273
v -1.935107 8.025956 -2.457417
v -1.580425 8.267281 -2.538893
v -2.349272 3.762177 -1.640886
v -1.950905 7.739818 -2.172287
v -1.792386 7.686152 -3.096149
v -1.792386 7.686152 -3.096149
v -1.967640 7.381494 -2.981936
v -2.388999 3.762177 3.449394
v -2.388999 4.252760 3.138694
v -2.150912 7.682662 -2.338794
v -2.152353 7.482483 -2.804620
v -2.543874 3.762177 -1.427958
v -2.547739 4.444508 -1.115134
v -1.781095 7.982360 -2.263891
v -1.781095 7.982360 -2.263891
v -1.474810 8.189716 -2.350523
v -1.474810 8.189716 -2.350523
v -1.482589 7.884732 -3.172196
v -1.482589 7.884732 -3.172196
v -2.543874 4.194174 2.971381
v -2.543874 3.762177 3.237598
v -2.543874 3.762177 3.237598
vn 0.3805 0.8876 0.2598
vn 0.4432 0.7295 0.5210
vn -0.0000 0.8031 0.5958
vn -0.0000 0.9612 0.2758
vn 0.2816 0.7451 -0.6046
vn 0.2760 0.9598 0.0506
vn 0.6763 0.7201 0.1550
vn 0.6911 0.4780 -0.5421
vn 0.2621 -0.3109 -0.9136
vn -0.0000 -0.3474 -0.9377
vn -0.0000 -0.3510 -0.9364
vn 0.3466 0.4381 0.8294
vn -0.0000 0.3629 0.9318
vn 0.3842 -0.2031 -0.9006
vn 0.3183 -0.0417 -0.9471
vn -0.0000 0.8088 -0.5881
vn -0.0000 1.0000 -0.0071
vn 0.4123 0.4857 0.7708
vn 0.3888 0.6777 0.6242
vn -0.0000 0.7310 0.6824
vn -0.0000 0.5350 0.8448
vn 0.8763 0.4089 0.2546
vn 0.9409 0.2972 0.1622
vn 0.9630 -0.0334 -0.2674
vn 0.8798 0.1371 -0.4551
vn 0.2619 0.5605 0.7857
vn 0.1048 0.6608 0.7433
vn -0.0000 0.7023 0.7118
vn 0.1356 0.1093 -0.9847
vn 0.2618 0.5605 0.7857
vn 0.8492 0.4588 0.2615
vn 0.9360 0.1852 0.2993
vn 0.1357 0.1093 -0.9847
vn -0.0000 0.1774 -0.9841
vn 0.3184 -0.0417 -0.9470
vn -0.0000 0.7024 0.7118
vn 0.1048 0.6608 0.7432
vn -0.3805 0.8875 0.2598
vn -0.4432 0.7295 0.5210
vn -0.2816 0.7451 -0.6046
vn -0.6911 0.4780 -0.5421
vn -0.6763 0.7201 0.1550
vn -0.2760 0.9598 0.0506
vn -0.2621 -0.3108 -0.9136
vn -0.3466 0.4381 0.8294
vn -0.3183 -0.0417 -0.9471
vn -0.3842 -0.2031 -0.9006
vn -0.4123 0.4857 0.7708
vn -0.3888 0.6777 0.6242
vn -0.8763 0.4089 0.2546
vn -0.8798 0.1371 -0.4551
vn -0.9630 -0.0334 -0.2674
vn -0.9409 0.2972 0.1622
vn -0.2619 0.5605 0.7857
vn -0.1048 0.6608 0.7433
vn -0.1357 0.1093 -0.9847
vn -0.2618 0.5605 0.7857
vn -0.8492 0.4588 0.2615
vn -0.9360 0.1852 0.2993
vn -0.3184 -0.0417 -0.9470
vn -0.1048 0.6608 0.7432
vn -0.9360 0.1852 0.2994
vt 0.930630 0.445507
vt 0.932971 0.330245
vt 0.996089 0.330245
vt 0.996089 0.445283
vt 0.906326 0.212913
vt 0.924221 0.212913
vt 0.924221 0.229595
vt 0.906326 0.229595
vt 0.900548 0.347289
vt 0.831934 0.347289
vt 0.831934 0.243572
vt 0.942459 0.242452
vt 0.996089 0.240499
vt 0.889402 0.243572
vt 0.884283 0.234429
vt 0.906327 0.170026
vt 0.924222 0.170026
vt 0.929140 0.472202
vt 0.932365 0.451713
vt 0.996089 0.451363
vt 0.996089 0.472738
vt 0.924422 0.242676
vt 0.924126 0.332812
vt 0.906231 0.347289
vt 0.906527 0.242676
vt 0.940768 0.230252
vt 0.955977 0.227137
vt 0.996089 0.225870
vt 0.875235 0.228469
vt 0.947166 0.234322
vt 0.924343 0.448739
vt 0.906231 0.454776
vt 0.889301 0.213606
vt 0.889301 0.169844
vt 0.889301 0.231126
vt 0.831934 0.228469
vt 0.940768 0.170683
vt 0.940768 0.213571
vt 0.919905 0.469008
s 1
usemtl defaultMaterial.002
f 2184/1107/1576 2185/1108/1577 2186/1109/1578
f 2184/1107/1576 2186/1109/1578 2187/1110/1579
f 2188/1111/1580 2189/1112/1581 2190/1113/1582
f 2188/1111/1580 2190/1113/1582 2191/1114/1583
f 2192/1115/1584 2193/1116/1585 2194/1117/1586
f 2185/1108/1577 2195/1118/1587 2196/1119/1588
f 2185/1108/1577 2196/1119/1588 2186/1109/1578
f 2197/1120/1589 2194/1117/1586 2198/1121/1590
f 2189/1112/1581 2188/1111/1580 2200/1122/1591
f 2189/1112/1581 2200/1122/1591 2201/1123/1592
f 2202/1124/1593 2203/1125/1594 2204/1126/1595
f 2202/1124/1593 2204/1126/1595 2205/1127/1596
f 2206/1128/1597 2207/1129/1598 2208/1130/1599
f 2206/1128/1597 2208/1130/1599 2209/1131/1600
f 2210/1132/1601 2195/1118/1587 2206/1128/1597
f 2210/1132/1601 2206/1128/1597 2190/1113/1582
f 2212/1133/1602 2214/1134/1603 2196/1119/1588
f 2216/1135/1604 2198/1121/1590 2194/1117/1586
f 2212/1133/1602 2196/1119/1588 2211/1136/1605
f 2218/1137/1606 2219/1138/1607 2208/1130/1599
f 2218/1137/1606 2208/1130/1599 2207/1129/1598
f 2200/1122/1591 2188/1111/1580 2217/1139/1608
f 2200/1122/1591 2217/1139/1608 2221/1140/1609
f 2188/1111/1580 2191/1114/1583 2199/1141/1610
f 2188/1111/1580 2199/1141/1610 2217/1139/1608
f 2209/1131/1600 2197/1120/1589 2199/1141/1610
f 2209/1131/1600 2199/1141/1610 2191/1114/1583
f 2216/1135/1604 2194/1117/1586 2222/1142/1609
f 2197/1120/1589 2192/1115/1584 2194/1117/1586
f 2209/1131/1600 2208/1130/1599 2192/1115/1584
f 2209/1131/1600 2192/1115/1584 2197/1120/1589
f 2206/1128/1597 2209/1131/1600 2191/1114/1583
f 2206/1128/1597 2191/1114/1583 2190/1113/1582
f 2203/1125/1594 2218/1137/1606 2184/1107/1576
f 2215/1143/1611 2213/1144/1612 2189/1112/1581
f 2215/1143/1611 2189/1112/1581 2201/1123/1592
f 2218/1137/1606 2207/1129/1598 2185/1108/1577
f 2218/1137/1606 2185/1108/1577 2184/1107/1576
f 2213/1144/1612 2210/1132/1601 2190/1113/1582
f 2213/1144/1612 2190/1113/1582 2189/1112/1581
f 2207/1129/1598 2206/1128/1597 2195/1118/1587
f 2207/1129/1598 2195/1118/1587 2185/1108/1577
f 2204/1126/1595 2203/1125/1594 2184/1107/1576
f 2204/1126/1595 2184/1107/1576 2187/1110/1579
f 2220/1145/1607 2218/1137/1606 2203/1125/1594
f 2220/1145/1607 2203/1125/1594 2202/1124/1593
f 2195/1118/1587 2211/1136/1605 2196/1119/1588
f 2223/1107/1613 2187/1110/1579 2186/1109/1578
f 2223/1107/1613 2186/1109/1578 2224/1108/1614
f 2225/1111/1615 2226/1114/1616 2227/1113/1617
f 2225/1111/1615 2227/1113/1617 2228/1112/1618
f 2194/1117/1586 2193/1116/1585 2229/1115/1619
f 2224/1108/1614 2186/1109/1578 2196/1119/1588
f 2224/1108/1614 2196/1119/1588 2230/1118/1620
f 2231/1121/1621 2194/1117/1586 2233/1120/1622
f 2228/1112/1618 2201/1123/1592 2200/1122/1591
f 2228/1112/1618 2200/1122/1591 2225/1111/1615
f 2234/1124/1623 2205/1127/1596 2204/1126/1595
f 2234/1124/1623 2204/1126/1595 2235/1125/1624
f 2236/1128/1625 2237/1131/1626 2238/1130/1627
f 2236/1128/1625 2238/1130/1627 2239/1129/1628
f 2240/1132/1629 2227/1113/1617 2236/1128/1625
f 2240/1132/1629 2236/1128/1625 2230/1118/1620
f 2196/1119/1588 2214/1134/1603 2242/1133/1630
f 2194/1117/1586 2231/1121/1621 2244/1135/1631
f 2241/1136/1632 2196/1119/1588 2242/1133/1630
f 2246/1137/1633 2239/1129/1628 2238/1130/1627
f 2246/1137/1633 2238/1130/1627 2247/1138/1634
f 2200/1122/1591 2221/1140/1609 2245/1139/1631
f 2200/1122/1591 2245/1139/1631 2225/1111/1615
f 2225/1111/1615 2245/1139/1631 2232/1141/1635
f 2225/1111/1615 2232/1141/1635 2226/1114/1616
f 2237/1131/1626 2226/1114/1616 2232/1141/1635
f 2237/1131/1626 2232/1141/1635 2233/1120/1622
f 2222/1142/1609 2194/1117/1586 2244/1135/1631
f 2194/1117/1586 2229/1115/1619 2233/1120/1622
f 2237/1131/1626 2233/1120/1622 2229/1115/1619
f 2237/1131/1626 2229/1115/1619 2238/1130/1627
f 2236/1128/1625 2227/1113/1617 2226/1114/1616
f 2236/1128/1625 2226/1114/1616 2237/1131/1626
f 2223/1107/1613 2246/1137/1633 2235/1125/1624
f 2215/1143/1611 2201/1123/1592 2228/1112/1618
f 2215/1143/1611 2228/1112/1618 2243/1144/1636
f 2246/1137/1633 2223/1107/1613 2224/1108/1614
f 2246/1137/1633 2224/1108/1614 2239/1129/1628
f 2243/1144/1636 2228/1112/1618 2227/1113/1617
f 2243/1144/1636 2227/1113/1617 2240/1132/1629
f 2239/1129/1628 2224/1108/1614 2230/1118/1620
f 2239/1129/1628 2230/1118/1620 2236/1128/1625
f 2204/1126/1595 2187/1110/1579 2223/1107/1613
f 2204/1126/1595 2223/1107/1613 2235/1125/1624
f 2248/1145/1637 2234/1124/1623 2235/1125/1624
f 2248/1145/1637 2235/1125/1624 2246/1137/1633
f 2196/1119/1588 2241/1136/1632 2230/1118/1620
o defaultMaterial.014
v 1.987771 3.461010 -4.057593
v -1.987771 3.461010 -4.057593
v -1.987771 3.228696 -3.496738
v 1.987771 3.228696 -3.496738
v -1.987771 2.667840 -3.264423
v -1.987771 2.667840 -3.264423
v 1.987771 2.667840 -3.264423
v 1.987771 2.667840 -3.264423
v 1.987771 3.228696 -3.496738
v 1.987771 3.228696 -4.618449
v 1.987771 3.461010 -4.057593
v -1.987771 2.106983 -3.496738
v 1.987771 2.106983 -3.496738
v -1.987771 1.874669 -4.057593
v 1.987771 1.874669 -4.057593
v -1.987771 2.106983 -3.496738
v -1.987771 2.106983 -4.618449
v -1.987771 1.874669 -4.057593
v -1.987771 2.106983 -4.618449
v 1.987771 2.106983 -4.618449
v -1.987771 2.667840 -4.850763
v 1.987771 2.667840 -4.850763
v 1.987771 3.228696 -4.618449
v -1.987771 3.228696 -4.618449
v -1.987771 3.461010 -4.057593
v -1.987771 3.228696 -4.618449
v -1.987771 3.228696 -3.496738
v -1.987771 2.667840 -4.850763
v -1.987771 2.667840 -3.264423
v 1.987771 2.667840 -3.264423
v 1.987771 2.667840 -4.850763
v 1.987771 2.106983 -3.496738
v 1.987771 2.106983 -4.618449
v 1.987771 1.874669 -4.057593
v -1.093603 3.714712 -2.541670
v -1.093603 1.768045 -2.541670
v 1.093603 1.768045 -2.541670
v 1.093603 3.714712 -2.541670
v 1.607733 5.096009 -2.541670
v -1.607733 5.096009 -2.541670
v 2.018187 3.665142 -2.848098
v 1.685731 2.834328 -2.848098
v 1.685731 2.834328 -5.577553
v 2.018187 3.665142 -5.516533
v 0.000000 4.986505 -5.751033
v 0.000000 4.986505 -2.848098
v 2.018187 3.665142 -2.848098
v 2.018187 3.665142 -5.516533
v 1.542169 1.768045 -2.848098
v 1.542169 1.768045 -5.577553
v 0.000000 4.986505 -2.848098
v 1.542169 1.768045 -2.848098
v 1.685731 2.834328 -2.848098
v 1.093603 3.714712 -5.992523
v 1.093603 3.714712 -2.541670
v 1.093603 1.768045 -2.541670
v 1.093603 1.768045 -5.992523
v 1.624999 5.000725 -5.992523
v 1.607733 5.096009 -2.541670
v 1.003915 6.321385 -2.541670
v -1.003915 6.321385 -2.541670
v 2.018187 3.665142 -2.848098
v 0.000000 1.768045 -2.848098
v -2.018187 3.665142 -2.848098
v -2.018187 3.665142 -5.516533
v -1.685731 2.834328 -5.577553
v -1.685731 2.834328 -2.848098
v 0.000000 4.986505 -5.751033
v -2.018187 3.665142 -5.516533
v -2.018187 3.665142 -2.848098
v 0.000000 4.986505 -2.848098
v -1.542169 1.768045 -5.577553
v -1.542169 1.768045 -2.848098
v -1.685731 2.834328 -2.848098
v -1.542169 1.768045 -2.848098
v -1.093603 3.714712 -5.992523
v -1.093603 1.768045 -5.992523
v -1.093603 1.768045 -2.541670
v -1.093603 3.714712 -2.541670
v -1.607733 5.096009 -2.541670
v -1.624999 5.000725 -5.992523
v -2.018187 3.665142 -2.848098
v 1.876645 3.757769 -3.376364
v 1.959004 3.703847 -3.614021
v 1.962497 3.866695 -3.614021
v 1.901281 3.906775 -3.437373
v 1.396624 4.072053 -3.614021
v 1.478983 4.018130 -3.376364
v 1.605703 4.100298 -3.437373
v 1.544487 4.140378 -3.614021
v 1.605703 4.100298 -3.437373
v 1.753492 4.003536 -3.364204
v 1.901281 3.906775 -3.437373
v 1.962497 3.866695 -3.614021
v 1.901281 3.906775 -3.790669
v 1.753492 4.003536 -3.863838
v 1.605703 4.100298 -3.790669
v 1.544487 4.140378 -3.614021
v 1.876645 3.757769 -3.851678
v 1.677814 3.887950 -3.950119
v 1.753492 4.003536 -3.863838
v 1.901281 3.906775 -3.790669
v 1.677814 3.887950 -3.277923
v 1.753492 4.003536 -3.364204
v 1.478983 4.018130 -3.851678
v 1.605703 4.100298 -3.790669
v 1.876645 3.757769 -4.644705
v 1.959004 3.703847 -4.882362
v 1.962497 3.866695 -4.882362
v 1.901281 3.906775 -4.705715
v 1.605703 4.100298 -4.705715
v 1.753492 4.003536 -4.632546
v 1.901281 3.906775 -4.705715
v 1.962497 3.866695 -4.882362
v 1.901281 3.906775 -5.059011
v 1.753492 4.003536 -5.132180
v 1.605703 4.100298 -5.059011
v 1.544487 4.140378 -4.882362
v 1.876645 3.757769 -5.120019
v 1.901281 3.906775 -5.059011
v 1.677814 3.887950 -4.546265
v 1.753492 4.003536 -4.632546
v 1.396624 4.072053 -4.882362
v 1.478983 4.018130 -4.644705
v 1.605703 4.100298 -4.705715
v 1.544487 4.140378 -4.882362
v 1.677814 3.887950 -5.218462
v 1.753492 4.003536 -5.132180
v 1.478983 4.018130 -5.120019
v 1.605703 4.100298 -5.059011
v -1.876645 3.757769 -3.376364
v -1.901281 3.906775 -3.437373
v -1.962497 3.866695 -3.614021
v -1.959004 3.703847 -3.614021
v -1.396624 4.072053 -3.614021
v -1.544487 4.140378 -3.614021
v -1.605703 4.100298 -3.437373
v -1.478983 4.018130 -3.376364
v -1.605703 4.100298 -3.437373
v -1.544487 4.140378 -3.614021
v -1.605703 4.100298 -3.790669
v -1.753492 4.003536 -3.863838
v -1.901281 3.906775 -3.790669
v -1.962497 3.866695 -3.614021
v -1.901281 3.906775 -3.437373
v -1.753492 4.003536 -3.364204
v -1.876645 3.757769 -3.851678
v -1.901281 3.906775 -3.790669
v -1.753492 4.003536 -3.863838
v -1.677814 3.887950 -3.950119
v -1.753492 4.003536 -3.364204
v -1.677814 3.887950 -3.277923
v -1.478983 4.018130 -3.851678
v -1.605703 4.100298 -3.790669
v -1.876645 3.757769 -4.644705
v -1.901281 3.906775 -4.705715
v -1.962497 3.866695 -4.882362
v -1.959004 3.703847 -4.882362
v -1.605703 4.100298 -4.705715
v -1.544487 4.140378 -4.882362
v -1.605703 4.100298 -5.059011
v -1.753492 4.003536 -5.132180
v -1.901281 3.906775 -5.059011
v -1.962497 3.866695 -4.882362
v -1.901281 3.906775 -4.705715
v -1.753492 4.003536 -4.632546
v -1.901281 3.906775 -5.059011
v -1.876645 3.757769 -5.120019
v -1.677814 3.887950 -4.546265
v -1.753492 4.003536 -4.632546
v -1.396624 4.072053 -4.882362
v -1.544487 4.140378 -4.882362
v -1.605703 4.100298 -4.705715
v -1.478983 4.018130 -4.644705
v -1.753492 4.003536 -5.132180
v -1.677814 3.887950 -5.218462
v -1.478983 4.018130 -5.120019
v -1.605703 4.100298 -5.059011
vn -0.0000 1.0000 -0.0000
vn -0.0000 0.7071 0.7071
vn -0.0000 -0.0000 1.0000
vn 1.0000 -0.0000 -0.0000
vn -0.0000 -0.7071 0.7071
vn -0.0000 -1.0000 -0.0000
vn -1.0000 -0.0000 -0.0000
vn -0.0000 -0.7071 -0.7071
vn -0.0000 -0.0000 -1.0000
vn -0.0000 0.7071 -0.7071
vn 0.9284 -0.3715 -0.0000
vn 0.9671 -0.2544 -0.0000
vn 0.5478 0.8366 -0.0000
vn 0.9911 -0.1334 -0.0000
vn 0.9826 -0.1857 0.0037
vn 0.9826 -0.1857 0.0038
vn 0.9310 -0.3649 0.0074
vn -0.9284 -0.3715 -0.0000
vn -0.9671 -0.2544 -0.0000
vn -0.5478 0.8366 -0.0000
vn -0.9911 -0.1334 -0.0000
vn -0.9826 -0.1857 0.0037
vn -0.9826 -0.1857 0.0038
vn -0.9310 -0.3649 0.0074
vn 0.7919 0.1146 0.5998
vn 0.9998 -0.0214 -0.0000
vn -0.4195 0.9078 -0.0000
vn -0.2116 0.7717 0.5998
vn 0.7919 0.1146 -0.5998
vn 0.2901 0.4432 -0.8482
vn 0.2902 0.4432 -0.8482
vn 0.2902 0.4432 0.8482
vn -0.2116 0.7717 -0.5998
vn -0.7919 0.1146 0.5998
vn -0.9998 -0.0214 -0.0000
vn 0.4195 0.9078 -0.0000
vn 0.2116 0.7717 0.5998
vn -0.7919 0.1146 -0.5998
vn -0.2902 0.4432 -0.8482
vn -0.2901 0.4432 -0.8482
vn -0.2902 0.4432 0.8482
vn 0.2116 0.7717 -0.5998
vt 0.824191 0.974074
vt 0.645790 0.974074
vt 0.645790 0.983834
vt 0.824191 0.983834
vt 0.645790 0.993593
vt 0.824191 0.993593
vt 0.524359 0.932598
vt 0.574736 0.932598
vt 0.549547 0.922165
vt 0.645790 0.915517
vt 0.645790 0.925277
vt 0.824191 0.925277
vt 0.824191 0.915517
vt 0.645790 0.935036
vt 0.824191 0.935036
vt 0.524359 0.982976
vt 0.574736 0.982976
vt 0.549547 0.993410
vt 0.645790 0.944796
vt 0.824191 0.944796
vt 0.645790 0.954555
vt 0.824191 0.954555
vt 0.824191 0.964315
vt 0.645790 0.964315
vt 0.585170 0.957787
vt 0.513925 0.957787
vt 0.224841 0.070842
vt 0.224841 0.101324
vt 0.177303 0.101324
vt 0.177303 0.070842
vt 0.166129 0.038431
vt 0.236016 0.038431
vt 0.070647 0.347165
vt 0.070647 0.371933
vt 0.146349 0.371933
vt 0.146349 0.347165
vt 0.146349 0.280427
vt 0.070647 0.280427
vt 0.070647 0.401705
vt 0.146349 0.401705
vt 0.467713 0.154988
vt 0.394151 0.308495
vt 0.387303 0.257638
vt 0.157087 0.345189
vt 0.240777 0.345189
vt 0.240777 0.299946
vt 0.156887 0.299946
vt 0.157215 0.378498
vt 0.240777 0.378498
vt 0.179252 0.009678
vt 0.222892 0.009678
vt 0.371445 0.218011
vt 0.467713 0.308495
vt 0.770084 0.048875
vt 0.777757 0.030351
vt 0.771032 0.030351
vt 0.765329 0.044119
vt 0.725364 0.030351
vt 0.733037 0.048875
vt 0.737792 0.044119
vt 0.732089 0.030351
vt 0.751560 0.049822
vt 0.765329 0.016583
vt 0.751560 0.010880
vt 0.737792 0.016583
vt 0.770084 0.011827
vt 0.751560 0.004155
vt 0.751560 0.056547
vt 0.733037 0.011827
s 1
usemtl defaultMaterial.002
f 2249/1146/1638 2250/1147/1638 2251/1148/1639
f 2249/1146/1638 2251/1148/1639 2252/1149/1639
f 2252/1149/1639 2251/1148/1639 2253/1150/1640
f 2252/1149/1639 2253/1150/1640 2255/1151/1640
s 0
f 2257/1152/1641 2258/1153/1641 2259/1154/1641
s 1
f 2254/1155/1640 2260/1156/1642 2261/1157/1642
f 2254/1155/1640 2261/1157/1642 2256/1158/1640
f 2260/1156/1642 2262/1159/1643 2263/1160/1643
f 2260/1156/1642 2263/1160/1643 2261/1157/1642
s 0
f 2264/1161/1644 2265/1162/1644 2266/1163/1644
s 1
f 2262/1159/1643 2267/1164/1645 2268/1165/1645
f 2262/1159/1643 2268/1165/1645 2263/1160/1643
f 2267/1164/1645 2269/1166/1646 2270/1167/1646
f 2267/1164/1645 2270/1167/1646 2268/1165/1645
f 2249/1146/1638 2271/1168/1647 2272/1169/1647
f 2249/1146/1638 2272/1169/1647 2250/1147/1638
f 2269/1166/1646 2272/1169/1647 2271/1168/1647
f 2269/1166/1646 2271/1168/1647 2270/1167/1646
s 0
f 2273/1154/1644 2274/1153/1644 2275/1152/1644
f 2275/1152/1644 2274/1153/1644 2276/1170/1644
f 2275/1152/1644 2276/1170/1644 2277/1171/1644
f 2277/1171/1644 2276/1170/1644 2265/1162/1644
f 2277/1171/1644 2265/1162/1644 2264/1161/1644
f 2278/1171/1641 2279/1170/1641 2258/1153/1641
f 2278/1171/1641 2258/1153/1641 2257/1152/1641
f 2280/1161/1641 2281/1162/1641 2279/1170/1641
f 2280/1161/1641 2279/1170/1641 2278/1171/1641
f 2282/1163/1641 2281/1162/1641 2280/1161/1641
f 2283/1172/1640 2284/1173/1640 2285/1174/1640
f 2283/1172/1640 2285/1174/1640 2286/1175/1640
f 2286/1175/1640 2287/1176/1640 2288/1177/1640
f 2286/1175/1640 2288/1177/1640 2283/1172/1640
s 1
f 2289/1178/1648 2290/1179/1649 2291/1180/1649
f 2289/1178/1648 2291/1180/1649 2292/1181/1648
s 0
f 2293/1182/1650 2294/1183/1650 2295/1178/1650
f 2293/1182/1650 2295/1178/1650 2296/1181/1650
s 1
f 2291/1180/1649 2290/1179/1649 2297/1184/1651
f 2291/1180/1649 2297/1184/1651 2298/1185/1651
s 0
f 2299/1186/1640 2300/1187/1640 2301/1188/1640
s 1
f 2302/1189/1652 2303/1190/1653 2304/1191/1641
f 2302/1189/1652 2304/1191/1641 2305/1192/1641
f 2303/1190/1653 2302/1189/1652 2306/1193/1654
f 2303/1190/1653 2306/1193/1654 2307/1194/1654
s 0
f 2287/1176/1640 2308/1195/1640 2309/1196/1640
f 2287/1176/1640 2309/1196/1640 2288/1177/1640
f 2310/1197/1640 2299/1186/1640 2301/1188/1640
f 2300/1187/1640 2299/1186/1640 2311/1198/1640
s 1
f 2312/1178/1655 2313/1181/1655 2314/1180/1656
f 2312/1178/1655 2314/1180/1656 2315/1179/1656
s 0
f 2316/1182/1657 2317/1181/1657 2318/1178/1657
f 2316/1182/1657 2318/1178/1657 2319/1183/1657
s 1
f 2314/1180/1656 2320/1185/1658 2321/1184/1658
f 2314/1180/1656 2321/1184/1658 2315/1179/1656
s 0
f 2322/1188/1640 2323/1187/1640 2299/1186/1640
s 1
f 2324/1189/1659 2325/1192/1644 2326/1191/1644
f 2324/1189/1659 2326/1191/1644 2327/1190/1660
f 2327/1190/1660 2328/1194/1661 2329/1193/1661
f 2327/1190/1660 2329/1193/1661 2324/1189/1659
s 0
f 2322/1188/1640 2299/1186/1640 2330/1197/1640
f 2311/1198/1640 2299/1186/1640 2323/1187/1640
s 1
f 2331/1199/1662 2332/1200/1663 2333/1201/1663
f 2331/1199/1662 2333/1201/1663 2334/1202/1662
f 2335/1203/1664 2336/1204/1665 2337/1205/1665
f 2335/1203/1664 2337/1205/1665 2338/1206/1664
s 0
f 2339/1205/1650 2340/1207/1650 2341/1202/1650
f 2339/1205/1650 2341/1202/1650 2342/1201/1650
f 2339/1205/1650 2342/1201/1650 2343/1208/1650
f 2339/1205/1650 2343/1208/1650 2344/1209/1650
f 2339/1205/1650 2344/1209/1650 2345/1210/1650
f 2339/1205/1650 2345/1210/1650 2346/1206/1650
s 1
f 2347/1211/1666 2348/1212/1667 2349/1209/1668
f 2347/1211/1666 2349/1209/1668 2350/1208/1666
f 2336/1204/1665 2351/1213/1669 2352/1207/1669
f 2336/1204/1665 2352/1207/1669 2337/1205/1665
f 2353/1214/1670 2335/1203/1664 2338/1206/1664
f 2353/1214/1670 2338/1206/1664 2354/1210/1670
f 2332/1200/1663 2347/1211/1666 2350/1208/1666
f 2332/1200/1663 2350/1208/1666 2333/1201/1663
f 2351/1213/1669 2331/1199/1662 2334/1202/1662
f 2351/1213/1669 2334/1202/1662 2352/1207/1669
f 2348/1212/1667 2353/1214/1670 2354/1210/1670
f 2348/1212/1667 2354/1210/1670 2349/1209/1668
f 2355/1199/1662 2356/1200/1663 2357/1201/1663
f 2355/1199/1662 2357/1201/1663 2358/1202/1662
s 0
f 2359/1205/1650 2360/1207/1650 2361/1202/1650
f 2359/1205/1650 2361/1202/1650 2362/1201/1650
f 2359/1205/1650 2362/1201/1650 2363/1208/1650
f 2359/1205/1650 2363/1208/1650 2364/1209/1650
f 2359/1205/1650 2364/1209/1650 2365/1210/1650
f 2359/1205/1650 2365/1210/1650 2366/1206/1650
s 1
f 2356/1200/1663 2367/1211/1666 2368/1208/1666
f 2356/1200/1663 2368/1208/1666 2357/1201/1663
f 2369/1213/1669 2355/1199/1662 2358/1202/1662
f 2369/1213/1669 2358/1202/1662 2370/1207/1669
f 2371/1203/1664 2372/1204/1665 2373/1205/1665
f 2371/1203/1664 2373/1205/1665 2374/1206/1664
f 2367/1211/1666 2375/1212/1667 2376/1209/1668
f 2367/1211/1666 2376/1209/1668 2368/1208/1666
f 2372/1204/1665 2369/1213/1669 2370/1207/1669
f 2372/1204/1665 2370/1207/1669 2373/1205/1665
f 2377/1214/1670 2371/1203/1664 2374/1206/1664
f 2377/1214/1670 2374/1206/1664 2378/1210/1670
f 2375/1212/1667 2377/1214/1670 2378/1210/1670
f 2375/1212/1667 2378/1210/1670 2376/1209/1668
f 2379/1199/1671 2380/1202/1671 2381/1201/1672
f 2379/1199/1671 2381/1201/1672 2382/1200/1672
f 2383/1203/1673 2384/1206/1673 2385/1205/1674
f 2383/1203/1673 2385/1205/1674 2386/1204/1674
s 0
f 2387/1205/1657 2388/1206/1657 2389/1210/1657
f 2387/1205/1657 2389/1210/1657 2390/1209/1657
f 2387/1205/1657 2390/1209/1657 2391/1208/1657
f 2387/1205/1657 2391/1208/1657 2392/1201/1657
f 2387/1205/1657 2392/1201/1657 2393/1202/1657
f 2387/1205/1657 2393/1202/1657 2394/1207/1657
s 1
f 2395/1211/1675 2396/1208/1675 2397/1209/1676
f 2395/1211/1675 2397/1209/1676 2398/1212/1677
f 2386/1204/1674 2385/1205/1674 2399/1207/1678
f 2386/1204/1674 2399/1207/1678 2400/1213/1678
f 2401/1214/1679 2402/1210/1679 2384/1206/1673
f 2401/1214/1679 2384/1206/1673 2383/1203/1673
f 2382/1200/1672 2381/1201/1672 2396/1208/1675
f 2382/1200/1672 2396/1208/1675 2395/1211/1675
f 2400/1213/1678 2399/1207/1678 2380/1202/1671
f 2400/1213/1678 2380/1202/1671 2379/1199/1671
f 2398/1212/1677 2397/1209/1676 2402/1210/1679
f 2398/1212/1677 2402/1210/1679 2401/1214/1679
f 2403/1199/1671 2404/1202/1671 2405/1201/1672
f 2403/1199/1671 2405/1201/1672 2406/1200/1672
s 0
f 2407/1205/1657 2408/1206/1657 2409/1210/1657
f 2407/1205/1657 2409/1210/1657 2410/1209/1657
f 2407/1205/1657 2410/1209/1657 2411/1208/1657
f 2407/1205/1657 2411/1208/1657 2412/1201/1657
f 2407/1205/1657 2412/1201/1657 2413/1202/1657
f 2407/1205/1657 2413/1202/1657 2414/1207/1657
s 1
f 2406/1200/1672 2405/1201/1672 2415/1208/1675
f 2406/1200/1672 2415/1208/1675 2416/1211/1675
f 2417/1213/1678 2418/1207/1678 2404/1202/1671
f 2417/1213/1678 2404/1202/1671 2403/1199/1671
f 2419/1203/1673 2420/1206/1673 2421/1205/1674
f 2419/1203/1673 2421/1205/1674 2422/1204/1674
f 2416/1211/1675 2415/1208/1675 2423/1209/1676
f 2416/1211/1675 2423/1209/1676 2424/1212/1677
f 2422/1204/1674 2421/1205/1674 2418/1207/1678
f 2422/1204/1674 2418/1207/1678 2417/1213/1678
f 2425/1214/1679 2426/1210/1679 2420/1206/1673
f 2425/1214/1679 2420/1206/1673 2419/1203/1673
f 2424/1212/1677 2423/1209/1676 2426/1210/1679
f 2424/1212/1677 2426/1210/1679 2425/1214/1679
o defaultMaterial.015
v 1.048697 4.870069 -5.989759
v 0.968633 4.468710 -5.989759
v 0.972795 5.268208 -5.989759
v 0.730981 4.132139 -5.989759
v 0.738629 5.601063 -5.989759
v 0.397854 3.902136 -5.991306
v 0.402017 5.828697 -5.989759
v 0.000000 3.829098 -5.992855
v 0.000000 5.899863 -5.989759
v -0.397854 3.902136 -5.991306
v -0.402017 5.828697 -5.989759
v -0.730981 4.132139 -5.989759
v -0.738629 5.601063 -5.989759
v -0.968633 4.468710 -5.989759
v -0.972795 5.268208 -5.989759
v -1.048697 4.870069 -5.989759
vn -0.0000 -0.0000 -1.0000
vn 0.0013 0.0002 -1.0000
vn 0.0010 0.0004 -1.0000
vn 0.0022 0.0008 -1.0000
vn 0.0021 0.0008 -1.0000
vn -0.0002 0.0012 -1.0000
vn -0.0022 0.0008 -1.0000
vn -0.0020 0.0008 -1.0000
vn -0.0012 0.0002 -1.0000
vn -0.0011 0.0002 -1.0000
vt 0.000000 0.497335
vt 0.038173 0.688696
vt 0.036189 0.307510
vt 0.151481 0.849167
vt 0.147835 0.148810
vt 0.310310 0.958829
vt 0.308326 0.040278
vt 0.500000 0.993652
vt 0.500000 0.006348
vt 0.689690 0.958829
vt 0.691674 0.040278
vt 0.848519 0.849167
vt 0.852165 0.148810
vt 0.961827 0.688696
vt 0.963811 0.307510
vt 1.000000 0.497335
s 0
usemtl defaultMaterial_1.002
f 2427/1215/1680 2428/1216/1680 2429/1217/1680
s 1
f 2429/1217/1680 2428/1216/1680 2430/1218/1681
f 2429/1217/1680 2430/1218/1681 2431/1219/1682
f 2432/1220/1683 2433/1221/1684 2431/1219/1682
f 2432/1220/1683 2431/1219/1682 2430/1218/1681
f 2434/1222/1685 2435/1223/1685 2433/1221/1684
f 2434/1222/1685 2433/1221/1684 2432/1220/1683
f 2436/1224/1686 2437/1225/1687 2435/1223/1685
f 2436/1224/1686 2435/1223/1685 2434/1222/1685
f 2438/1226/1688 2439/1227/1689 2437/1225/1687
f 2438/1226/1688 2437/1225/1687 2436/1224/1686
f 2440/1228/1680 2441/1229/1680 2439/1227/1689
f 2440/1228/1680 2439/1227/1689 2438/1226/1688
s 0
f 2442/1230/1680 2441/1229/1680 2440/1228/1680
o defaultMaterial.016
v 1.327337 2.197090 11.950271
v 1.432564 2.262496 12.026558
v 1.432564 2.262496 12.026558
v 1.432536 2.395518 11.912511
v 1.432536 2.395518 11.912511
v 1.327308 2.330112 11.836224
v 1.327308 2.330112 11.836224
v 1.327337 1.949893 11.661944
v 1.327337 1.949893 11.661944
v 1.327337 2.197090 11.950271
v 1.327337 2.197090 11.950271
v 1.327308 2.082916 11.547896
v 1.713032 2.129802 11.871786
v 1.713032 2.129802 11.871786
v 1.713003 2.262825 11.757739
v 1.432564 1.884488 11.585657
v 1.432564 1.884488 11.585657
v 1.432536 2.017510 11.471610
v 1.287097 2.367033 11.872105
v 1.287097 2.367033 11.872105
v 1.287097 2.367033 11.872105
v 1.287097 5.108221 9.521946
v 1.287097 5.108221 9.521946
v 1.287097 4.794281 9.155771
v 1.287097 2.053094 11.505930
v 1.287097 2.053094 11.505930
v 1.420735 2.450099 11.968990
v 1.420735 2.450099 11.968990
v 1.420735 1.970029 11.409045
v 1.420735 1.970029 11.409045
v 1.776929 2.138551 11.605605
v 1.776929 2.138551 11.605605
v 1.776929 2.281578 11.772429
v 1.776929 2.281578 11.772429
v 1.420735 4.711216 9.058887
v 1.776929 4.879737 9.255446
v 1.776929 5.022764 9.422271
v 1.420735 5.191285 9.618831
v 1.420735 5.191285 9.618831
v 1.713032 2.017183 11.740429
v 1.713032 2.017183 11.740429
v 1.713003 2.150204 11.626382
v -1.327337 2.197090 11.950271
v -1.327337 2.197090 11.950271
v -1.327337 2.197090 11.950271
v -1.327308 2.330112 11.836224
v -1.327308 2.330112 11.836224
v -1.432536 2.395518 11.912511
v -1.432536 2.395518 11.912511
v -1.432564 2.262496 12.026558
v -1.432564 2.262496 12.026558
v -1.327337 1.949893 11.661944
v -1.327337 1.949893 11.661944
v -1.327308 2.082916 11.547896
v -1.713003 2.262825 11.757739
v -1.713032 2.129802 11.871786
v -1.713032 2.129802 11.871786
v -1.432564 1.884488 11.585657
v -1.432564 1.884488 11.585657
v -1.432536 2.017510 11.471610
v -1.287097 2.367033 11.872105
v -1.287097 2.367033 11.872105
v -1.287097 2.367033 11.872105
v -1.287097 2.053094 11.505930
v -1.287097 2.053094 11.505930
v -1.287097 4.794281 9.155771
v -1.287097 5.108221 9.521946
v -1.287097 5.108221 9.521946
v -1.420735 2.450099 11.968990
v -1.420735 2.450099 11.968990
v -1.776929 2.281578 11.772429
v -1.776929 2.281578 11.772429
v -1.776929 2.138551 11.605605
v -1.776929 2.138551 11.605605
v -1.420735 1.970029 11.409045
v -1.420735 1.970029 11.409045
v -1.776929 4.879737 9.255446
v -1.420735 4.711216 9.058887
v -1.420735 5.191285 9.618831
v -1.420735 5.191285 9.618831
v -1.776929 5.022764 9.422271
v -1.713003 2.150204 11.626382
v -1.713032 2.017183 11.740429
v -1.713032 2.017183 11.740429
vn -0.8076 -0.1379 0.5733
vn -0.0408 -0.2067 0.9776
vn -0.0668 0.6495 0.7574
vn -0.9194 0.2559 0.2987
vn -0.8077 -0.5876 0.0487
vn -0.9194 0.2558 0.2987
vn -0.9194 -0.2561 -0.2985
vn -0.0407 -0.2066 0.9776
vn 0.7771 -0.1138 0.6190
vn 0.8911 0.2955 0.3445
vn -0.0669 0.6494 0.7575
vn -0.0407 -0.9977 0.0550
vn -0.0669 -0.6494 -0.7575
vn -0.8077 -0.1378 0.5733
vn -0.9194 0.2559 0.2986
vn -0.9194 -0.2560 -0.2986
vn 0.7770 -0.6292 0.0180
vn 0.7771 -0.1139 0.6190
vn 0.8911 -0.2954 -0.3446
vn 0.7771 -0.6291 0.0180
vn -0.0407 -0.2067 0.9776
vn 0.8911 0.2954 0.3446
vn -0.0668 0.6494 0.7575
vn -0.9194 0.2560 0.2986
vn 0.7771 -0.6291 0.0179
vn 0.8911 -0.2953 -0.3447
vn 0.7771 -0.1138 0.6189
vn -0.8076 -0.1379 0.5734
vn -0.8077 -0.5876 0.0488
vn 0.8076 -0.1379 0.5733
vn 0.9194 0.2559 0.2987
vn 0.0668 0.6494 0.7575
vn 0.0408 -0.2067 0.9776
vn 0.8076 -0.5877 0.0487
vn 0.9194 -0.2561 -0.2985
vn 0.9194 0.2558 0.2987
vn 0.0406 -0.2067 0.9776
vn 0.0669 0.6495 0.7574
vn -0.8911 0.2955 0.3445
vn -0.7771 -0.1138 0.6190
vn 0.0407 -0.9977 0.0550
vn 0.0669 -0.6494 -0.7575
vn 0.8077 -0.1378 0.5733
vn 0.8077 -0.5876 0.0487
vn 0.9194 -0.2560 -0.2986
vn 0.9194 0.2559 0.2986
vn 0.0407 -0.2067 0.9776
vn -0.7770 -0.1138 0.6191
vn -0.7771 -0.6291 0.0181
vn 0.0408 -0.9977 0.0550
vn -0.7771 -0.6291 0.0180
vn -0.8911 -0.2954 -0.3446
vn 0.0669 0.6494 0.7575
vn -0.8911 0.2954 0.3446
vn 0.8077 -0.5876 0.0486
vn 0.8077 -0.1379 0.5732
vn 0.9194 0.2560 0.2986
vn -0.8911 -0.2953 -0.3447
vn -0.7771 -0.6291 0.0179
vn 0.8077 -0.1380 0.5733
vt 0.917462 0.995922
vt 0.924631 0.995922
vt 0.924613 0.985392
vt 0.917445 0.985392
vt 0.974596 0.995922
vt 0.993437 0.995922
vt 0.993420 0.985392
vt 0.974586 0.985392
vt 0.941878 0.995922
vt 0.941890 0.985392
vt 0.924643 0.985392
vt 0.967533 0.995922
vt 0.967535 0.985392
vt 0.996087 0.980589
vt 0.996038 0.757982
vt 0.973756 0.757994
vt 0.973781 0.980596
vt 0.961803 0.692048
vt 0.961803 0.751503
vt 0.990516 0.730632
vt 0.990516 0.712919
vt 0.965752 0.980601
vt 0.965757 0.757995
vt 0.945593 0.757987
vt 0.945559 0.980601
vt 0.915087 0.980564
vt 0.935695 0.980576
vt 0.935752 0.758000
vt 0.915157 0.757987
vt 0.951030 0.702335
vt 0.951030 0.741216
vt 0.915025 0.758018
vt 0.906606 0.757994
vt 0.906655 0.980601
vt 0.950369 0.995922
vt 0.950379 0.985392
vt 0.962757 0.698367
vt 0.962757 0.745183
vt 0.985365 0.728749
vt 0.985365 0.714801
vt 0.954274 0.706468
vt 0.954274 0.737083
s 1
usemtl defaultMaterial_0.002
f 2443/1231/1690 2444/1232/1691 2446/1233/1692
f 2443/1231/1690 2446/1233/1692 2448/1234/1693
f 2450/1235/1694 2452/1236/1690 2449/1237/1695
f 2450/1235/1694 2449/1237/1695 2454/1238/1696
f 2444/1232/1697 2455/1239/1698 2457/1240/1699
f 2444/1232/1697 2457/1240/1699 2447/1241/1700
f 2458/1242/1701 2450/1235/1694 2454/1238/1696
f 2458/1242/1701 2454/1238/1696 2460/1243/1702
f 2461/1244/1703 2464/1245/1704 2466/1246/1705
f 2461/1244/1703 2466/1246/1705 2467/1247/1694
f 2469/1248/1691 2471/1249/1701 2473/1250/1706
f 2469/1248/1691 2473/1250/1706 2475/1251/1707
f 2472/1252/1701 2477/1253/1702 2478/1254/1708
f 2472/1252/1701 2478/1254/1708 2474/1255/1709
f 2470/1256/1710 2476/1257/1698 2479/1258/1711
f 2470/1256/1710 2479/1258/1711 2480/1259/1700
f 2479/1258/1711 2476/1257/1698 2474/1255/1709
f 2479/1258/1711 2474/1255/1709 2478/1254/1708
f 2471/1249/1701 2469/1248/1691 2462/1260/1703
f 2471/1249/1701 2462/1260/1703 2468/1261/1694
f 2470/1256/1710 2481/1262/1712 2465/1263/1713
f 2470/1256/1710 2465/1263/1713 2463/1264/1703
f 2455/1239/1698 2482/1265/1714 2484/1266/1715
f 2455/1239/1698 2484/1266/1715 2457/1240/1699
f 2477/1253/1702 2472/1252/1701 2467/1247/1694
f 2477/1253/1702 2467/1247/1694 2466/1246/1705
f 2445/1267/1691 2459/1268/1701 2483/1269/1714
f 2445/1267/1691 2483/1269/1714 2456/1270/1716
f 2459/1268/1701 2445/1267/1691 2453/1271/1717
f 2459/1268/1701 2453/1271/1717 2451/1272/1718
f 2482/1265/1714 2458/1242/1701 2460/1243/1702
f 2482/1265/1714 2460/1243/1702 2484/1266/1715
f 2485/1231/1719 2488/1234/1720 2490/1233/1721
f 2485/1231/1719 2490/1233/1721 2492/1232/1722
f 2494/1235/1723 2496/1238/1724 2489/1237/1725
f 2494/1235/1723 2489/1237/1725 2486/1236/1719
f 2492/1232/1726 2491/1241/1727 2497/1240/1728
f 2492/1232/1726 2497/1240/1728 2498/1239/1729
f 2500/1242/1730 2502/1243/1731 2496/1238/1724
f 2500/1242/1730 2496/1238/1724 2494/1235/1723
f 2503/1244/1732 2506/1247/1733 2508/1246/1734
f 2503/1244/1732 2508/1246/1734 2509/1245/1735
f 2511/1248/1736 2513/1251/1737 2515/1250/1738
f 2511/1248/1736 2515/1250/1738 2517/1249/1739
f 2518/1252/1730 2516/1255/1740 2519/1254/1741
f 2518/1252/1730 2519/1254/1741 2520/1253/1731
f 2512/1256/1736 2521/1259/1742 2523/1258/1743
f 2512/1256/1736 2523/1258/1743 2514/1257/1729
f 2523/1258/1743 2519/1254/1741 2516/1255/1740
f 2523/1258/1743 2516/1255/1740 2514/1257/1729
f 2517/1249/1739 2507/1261/1744 2504/1260/1745
f 2517/1249/1739 2504/1260/1745 2511/1248/1736
f 2512/1256/1736 2505/1264/1732 2510/1263/1746
f 2512/1256/1736 2510/1263/1746 2522/1262/1721
f 2498/1239/1729 2497/1240/1728 2524/1266/1747
f 2498/1239/1729 2524/1266/1747 2525/1265/1748
f 2520/1253/1731 2508/1246/1734 2506/1247/1733
f 2520/1253/1731 2506/1247/1733 2518/1252/1730
f 2493/1267/1736 2499/1270/1729 2526/1269/1740
f 2493/1267/1736 2526/1269/1740 2501/1268/1739
f 2501/1268/1739 2495/1272/1723 2487/1271/1749
f 2501/1268/1739 2487/1271/1749 2493/1267/1736
f 2525/1265/1748 2524/1266/1747 2502/1243/1731
f 2525/1265/1748 2502/1243/1731 2500/1242/1730
o defaultMaterial.017
v 1.523325 2.395134 11.388709
v 1.523325 2.482012 11.539185
v -1.523325 2.482012 11.539185
v -1.523325 2.395134 11.388709
v -1.523325 2.395134 11.388709
v 1.523325 2.655767 11.539185
v -1.523325 2.655767 11.539185
v 1.523325 2.482012 11.238234
v 1.523325 2.395134 11.388709
v -1.523325 2.482012 11.238234
v 1.523325 2.655767 11.238234
v -1.523325 2.655767 11.238234
v 1.523325 2.742644 11.388709
v -1.523325 2.742644 11.388709
vn -0.0000 -1.0000 -0.0000
vn -0.0000 -0.5000 0.8660
vn -0.0000 0.5000 0.8660
vn -0.0000 -0.5000 -0.8660
vn -0.0000 0.5000 -0.8660
vn -0.0000 1.0000 -0.0000
vt 0.055932 0.980150
vt 0.055932 0.982864
vt 0.177840 0.982864
vt 0.177840 0.980150
vt 0.055932 0.985577
vt 0.177840 0.985577
vt 0.055932 0.993719
vt 0.055932 0.996432
vt 0.177840 0.996432
vt 0.177840 0.993719
vt 0.055932 0.991005
vt 0.177840 0.991005
vt 0.055932 0.988291
vt 0.177840 0.988291
s 1
usemtl defaultMaterial.002
f 2527/1273/1750 2528/1274/1751 2529/1275/1751
f 2527/1273/1750 2529/1275/1751 2530/1276/1750
f 2528/1274/1751 2532/1277/1752 2533/1278/1752
f 2528/1274/1751 2533/1278/1752 2529/1275/1751
f 2534/1279/1753 2535/1280/1750 2531/1281/1750
f 2534/1279/1753 2531/1281/1750 2536/1282/1753
f 2537/1283/1754 2534/1279/1753 2536/1282/1753
f 2537/1283/1754 2536/1282/1753 2538/1284/1754
f 2532/1277/1752 2539/1285/1755 2540/1286/1755
f 2532/1277/1752 2540/1286/1755 2533/1278/1752
f 2539/1285/1755 2537/1283/1754 2538/1284/1754
f 2539/1285/1755 2538/1284/1754 2540/1286/1755
