# Blender 5.1.2
# www.blender.org
mtllib Untitled.mtl
o defaultMaterial
v -4.475174 1.825518 -5.467676
v -4.281960 1.825518 -5.467676
v -4.281960 1.744439 -5.271933
v -4.475174 1.744439 -5.271933
v -4.475174 2.298086 -5.271933
v -4.281960 2.298086 -5.271933
v -4.281960 2.217006 -5.467676
v -4.475174 2.217006 -5.467676
v -4.475174 1.825518 -5.076189
v -4.281960 1.825518 -5.076189
v -4.281960 2.021263 -4.995110
v -4.475174 2.021263 -4.995110
v -4.475174 2.021263 -5.548756
v -4.281960 2.021263 -5.548756
v -4.475174 2.217006 -5.076189
v -4.281960 2.217006 -5.076189
v -4.281960 1.825518 -5.467676
v -4.281960 2.021263 -5.271933
v -4.281960 1.744439 -5.271933
v -4.281960 1.825518 -5.076189
v -4.281960 2.217006 -5.467676
v -4.281960 2.298086 -5.271933
v -4.281960 2.021263 -4.995110
v -4.281960 2.217006 -5.076189
v -4.281960 2.021263 -5.548756
v -6.414995 2.744009 -3.526928
v -6.019182 2.794683 -3.404583
v -6.019182 3.450835 -3.842297
v -6.414995 3.357172 -3.935964
v -6.414995 0.685637 -3.936363
v -6.019182 0.591996 -3.842725
v -6.019182 1.247721 -3.404583
v -6.414995 1.298400 -3.526928
v -6.019182 2.021203 -3.250124
v -6.414995 2.021204 -3.382588
v -6.414995 1.298400 -7.016934
v -6.019182 1.247721 -7.139277
v -6.019182 0.591857 -6.701275
v -6.414995 0.685587 -6.607549
v -6.414995 3.357172 -6.607898
v -6.019182 3.450836 -6.701562
v -6.019182 2.794683 -7.139277
v -6.414995 2.744009 -7.016934
v -6.019182 2.021203 -7.293737
v -6.414995 2.021204 -7.161275
v -6.414995 3.766208 -4.549127
v -6.019182 3.888549 -4.498450
v -6.019182 4.042404 -5.271930
v -6.414995 3.909983 -5.271931
v -6.414995 0.276201 -4.549127
v -6.019182 0.153855 -4.498450
v -6.414995 3.766208 -5.994735
v -6.019182 3.888549 -6.045410
v -6.414995 0.276201 -5.994735
v -6.019182 0.153855 -6.045410
v -6.019182 0.000000 -5.271930
v -6.019182 0.000000 -5.271930
v -6.414995 0.132426 -5.271931
v -6.414995 0.132426 -5.271931
v -6.670510 2.725069 -4.568096
v -6.670510 2.940565 -4.891133
v -7.618280 2.251089 -5.176733
v -7.618280 2.197215 -5.095974
v -7.618280 2.116455 -5.042100
v -6.670510 2.402032 -4.352600
v -6.670510 2.021232 -4.276556
v -7.618280 2.021255 -5.023089
v -6.670510 1.640430 -4.352600
v -7.618280 1.926055 -5.042100
v -6.549536 3.264275 -4.028867
v -6.549536 2.693750 -3.648274
v -6.414995 2.744009 -3.526928
v -6.414995 3.357172 -3.935964
v -6.670510 1.317604 -4.568306
v -7.618280 1.845348 -5.096026
v -4.596148 0.778581 -4.029073
v -4.596148 0.778581 -4.029073
v -4.596148 1.348809 -3.648059
v -4.596148 1.348809 -3.648059
v -4.730690 1.298400 -3.526928
v -4.730690 0.685637 -3.936363
v -6.549536 2.021208 -3.513971
v -6.549536 1.348665 -3.648274
v -6.414995 1.298400 -3.526928
v -6.414995 2.021204 -3.382588
v -6.549536 0.778512 -6.514628
v -6.549536 1.348665 -6.895593
v -6.414995 1.298400 -7.016934
v -6.414995 0.685587 -6.607549
v -6.670510 1.101898 -4.891133
v -7.618280 1.791422 -5.176733
v -4.596148 3.264670 -6.515161
v -4.596148 3.264670 -6.515161
v -4.596148 2.694070 -6.895803
v -4.596148 2.694070 -6.895803
v -4.730690 2.744009 -7.016934
v -4.730690 3.357172 -6.607898
v -6.549536 2.021208 -7.029896
v -6.549536 2.693750 -6.895593
v -6.414995 2.744009 -7.016934
v -6.414995 2.021204 -7.161275
v -6.549536 3.778644 -5.271933
v -6.549536 3.644867 -4.599391
v -6.414995 3.766208 -4.549127
v -6.414995 3.909983 -5.271931
v -6.549536 0.778512 -4.029238
v -6.549536 0.397548 -4.599391
v -6.414995 0.276201 -4.549127
v -6.414995 0.685637 -3.936363
v -6.670510 1.026152 -5.271933
v -7.618280 1.772485 -5.271933
v -6.549536 3.264275 -6.514999
v -6.549536 3.644867 -5.944474
v -6.414995 3.766208 -5.994735
v -6.414995 3.357172 -6.607898
v -6.549536 0.263771 -5.271933
v -6.549536 0.397548 -5.944474
v -6.414995 0.276201 -5.994735
v -6.414995 0.132426 -5.271931
v -6.670510 1.101898 -5.652733
v -7.618280 1.791422 -5.367133
v -6.670510 1.317604 -5.975560
v -7.618280 1.845348 -5.447840
v -6.670510 1.640430 -6.191267
v -7.618280 1.926055 -5.501766
v -4.596148 0.397567 -4.599301
v -4.596148 0.397567 -4.599301
v -4.730690 0.276201 -4.549127
v -4.730690 0.132426 -5.271931
v -4.596148 0.263773 -5.271931
v -4.596148 0.263773 -5.271931
v -4.596148 0.397567 -5.944561
v -4.596148 0.397567 -5.944561
v -4.730690 0.276201 -5.994735
v -4.730690 0.685287 -6.607848
v -4.596148 0.778395 -6.514976
v -4.596148 0.778395 -6.514976
v -4.596148 3.645312 -5.944561
v -4.596148 3.645312 -5.944561
v -4.730690 3.766208 -5.994735
v -4.730690 3.909983 -5.271931
v -4.596148 3.779107 -5.271931
v -4.596148 3.779107 -5.271931
v -4.596148 2.694070 -3.648059
v -4.596148 2.694070 -3.648059
v -4.730690 2.744009 -3.526928
v -4.730690 2.021204 -3.382588
v -4.596148 2.021440 -3.513739
v -4.596148 2.021440 -3.513739
v -4.596148 1.348809 -6.895803
v -4.596148 1.348809 -6.895803
v -4.730690 1.298400 -7.016934
v -4.730690 2.021204 -7.161275
v -4.596148 2.021440 -7.030125
v -4.596148 2.021440 -7.030125
v -4.596148 3.645312 -4.599301
v -4.596148 3.645312 -4.599301
v -4.730690 3.766208 -4.549127
v -4.730690 3.357172 -3.935964
v -4.596148 3.264670 -4.028702
v -4.596148 3.264670 -4.028702
v -6.863724 2.889788 -4.403371
v -6.863724 2.491147 -4.137441
v -6.863724 2.021224 -4.043600
v -6.863724 1.551302 -4.137441
v -6.863724 1.152921 -4.403630
v -6.863724 0.886732 -4.802011
v -6.863724 0.793259 -5.271933
v -6.863724 0.886732 -5.741855
v -6.863724 1.152921 -6.140236
v -6.863724 1.551302 -6.406425
v -6.863724 2.021224 -6.500267
v -6.863724 2.491147 -6.406425
v -6.863724 2.889788 -6.140495
v -6.863724 3.155717 -5.741855
v -6.863724 3.249191 -5.271933
v -6.863724 3.155717 -4.802011
v -6.863724 2.889788 -4.403371
v -6.670510 2.725069 -4.568096
v -6.670510 2.402032 -4.352600
v -6.863724 2.491147 -4.137441
v -6.670510 2.021232 -4.276556
v -6.863724 2.021224 -4.043600
v -6.670510 1.640430 -4.352600
v -6.863724 1.551302 -4.137441
v -6.670510 1.317604 -4.568306
v -6.863724 1.152921 -4.403630
v -6.670510 1.101898 -4.891133
v -6.863724 0.886732 -4.802011
v -6.670510 1.026152 -5.271933
v -6.863724 0.793259 -5.271933
v -6.670510 1.101898 -5.652733
v -6.863724 0.886732 -5.741855
v -6.670510 1.317604 -5.975560
v -6.863724 1.152921 -6.140236
v -6.670510 1.640430 -6.191267
v -6.863724 1.551302 -6.406425
v -6.670510 2.021232 -6.267311
v -6.863724 2.021224 -6.500267
v -6.670510 2.402032 -6.191267
v -6.863724 2.491147 -6.406425
v -6.670510 2.725069 -5.975770
v -6.863724 2.889788 -6.140495
v -6.670510 2.940565 -5.652733
v -6.863724 3.155717 -5.741855
v -6.670510 3.016310 -5.271933
v -6.863724 3.249191 -5.271933
v -6.670510 2.940565 -4.891133
v -6.863724 3.155717 -4.802011
v -4.730690 0.132426 -5.271931
v -4.730690 0.132426 -5.271931
v -4.730690 0.276201 -4.549127
v -5.126503 0.153855 -4.498450
v -5.126503 0.000000 -5.271930
v -5.126503 0.000000 -5.271930
v -4.730690 0.685287 -6.607848
v -4.730690 0.276201 -5.994735
v -5.126503 0.153855 -6.045410
v -5.126503 0.591708 -6.701424
v -4.730690 3.909983 -5.271931
v -4.730690 3.766208 -5.994735
v -5.126503 3.888549 -6.045410
v -5.126503 4.042404 -5.271930
v -4.730690 2.021204 -3.382588
v -4.730690 2.744009 -3.526928
v -5.126503 2.794683 -3.404583
v -5.126503 2.021203 -3.250124
v -4.730690 2.021204 -7.161275
v -4.730690 1.298400 -7.016934
v -5.126503 1.247721 -7.139277
v -5.126503 2.021203 -7.293737
v -4.730690 3.357172 -3.935964
v -4.730690 3.766208 -4.549127
v -5.126503 3.888549 -4.498450
v -5.126503 3.450835 -3.842297
v -4.730690 3.357172 -6.607898
v -5.126503 3.450836 -6.701562
v -4.730690 0.685637 -3.936363
v -5.126503 0.591996 -3.842725
v -4.730690 2.744009 -7.016934
v -5.126503 2.794683 -7.139277
v -4.730690 1.298400 -3.526928
v -5.126503 1.247721 -3.404583
v -6.670510 2.021232 -6.267311
v -7.618280 2.021255 -5.520777
v -7.618280 2.116455 -5.501766
v -6.670510 2.402032 -6.191267
v -6.670510 2.725069 -5.975770
v -7.618280 2.197215 -5.447892
v -6.670510 2.940565 -5.652733
v -7.618280 2.251089 -5.367133
v -6.670510 3.016310 -5.271933
v -7.618280 2.270025 -5.271933
v -4.475174 3.016773 -5.271931
v -4.475174 2.941027 -4.891131
v -4.475174 2.021726 -5.271931
v -4.475174 2.941027 -5.652731
v -4.475174 2.725532 -5.975769
v -4.475174 2.402494 -6.191265
v -4.475174 2.021693 -6.267308
v -4.475174 1.640893 -6.191265
v -4.475174 1.318066 -5.975558
v -4.475174 1.102360 -5.652731
v -4.475174 1.026614 -5.271931
v -4.475174 1.102360 -4.891131
v -4.475174 1.318066 -4.568304
v -4.475174 1.640893 -4.352598
v -4.475174 2.021693 -4.276555
v -4.475174 2.402494 -4.352598
v -4.475174 2.725532 -4.568094
v -4.281960 2.021688 -6.500266
v -4.281960 2.491610 -6.406424
v -4.475174 2.402494 -6.191265
v -4.475174 2.021693 -6.267308
v -4.281960 1.551765 -6.406424
v -4.475174 1.640893 -6.191265
v -4.281960 1.153384 -6.140234
v -4.475174 1.318066 -5.975558
v -4.281960 0.887195 -5.741853
v -4.475174 1.102360 -5.652731
v -4.281960 0.793721 -5.271931
v -4.475174 1.026614 -5.271931
v -4.281960 0.887195 -4.802009
v -4.475174 1.102360 -4.891131
v -4.281960 1.153384 -4.403628
v -4.475174 1.318066 -4.568304
v -4.281960 1.551765 -4.137439
v -4.475174 1.640893 -4.352598
v -4.281960 2.021688 -4.043598
v -4.475174 2.021693 -4.276555
v -4.281960 2.491610 -4.137439
v -4.475174 2.402494 -4.352598
v -4.281960 2.890250 -4.403369
v -4.475174 2.725532 -4.568094
v -4.281960 2.491610 -4.137439
v -4.281960 2.890250 -4.403369
v -4.281960 3.156180 -4.802009
v -4.281960 3.156180 -4.802009
v -4.475174 2.941027 -4.891131
v -4.281960 3.249653 -5.271931
v -4.475174 3.016773 -5.271931
v -4.281960 3.156180 -5.741853
v -4.475174 2.941027 -5.652731
v -4.281960 2.890250 -6.140493
v -4.475174 2.725532 -5.975769
v -4.281960 1.551765 -6.406424
v -4.281960 1.153384 -6.140234
v -4.281960 0.887195 -5.741853
v -4.281960 0.793721 -5.271931
v -4.281960 0.887195 -4.802009
v -4.281960 1.153384 -4.403628
v -4.281960 1.551765 -4.137439
v -4.281960 2.021688 -4.043598
v -4.281960 3.249653 -5.271931
v -4.281960 3.156180 -5.741853
v -4.281960 2.890250 -6.140493
v -4.281960 2.491610 -6.406424
v -4.281960 2.021688 -6.500266
v -7.934203 2.021263 -5.271933
vn -0.0000 -0.7071 -0.7071
vn -0.0000 -1.0000 -0.0000
vn -0.0000 1.0000 -0.0000
vn -0.0000 0.7071 -0.7071
vn -0.0000 -0.7071 0.7071
vn -0.0000 -0.0000 1.0000
vn -0.0000 -0.0000 -1.0000
vn -0.0000 0.7071 0.7071
vn 1.0000 -0.0000 -0.0000
vn -0.3173 0.3629 0.8761
vn -0.1609 0.3777 0.9118
vn -0.1609 0.6979 0.6979
vn -0.3174 0.6706 0.6706
vn -0.3173 -0.6706 0.6706
vn -0.1609 -0.6979 0.6979
vn -0.1609 -0.3780 0.9117
vn -0.3173 -0.3633 0.8760
vn -0.1609 -0.0000 0.9870
vn -0.3174 -0.0000 0.9483
vn -0.3173 -0.3632 -0.8760
vn -0.1609 -0.3779 -0.9117
vn -0.1610 -0.6979 -0.6979
vn -0.3175 -0.6706 -0.6705
vn -0.3174 0.6706 -0.6706
vn -0.1609 0.6979 -0.6979
vn -0.1609 0.3777 -0.9118
vn -0.3173 0.3629 -0.8761
vn -0.1609 -0.0000 -0.9870
vn -0.3174 -0.0000 -0.9483
vn -0.3173 0.8763 0.3626
vn -0.1609 0.9120 0.3774
vn -0.1608 0.9870 -0.0000
vn -0.3173 0.9483 -0.0000
vn -0.3173 -0.8761 0.3629
vn -0.1609 -0.9118 0.3777
vn -0.3173 0.8763 -0.3626
vn -0.1609 0.9120 -0.3774
vn -0.3173 -0.8762 -0.3629
vn -0.1609 -0.9119 -0.3776
vn -0.1609 -0.9870 -0.0000
vn -0.3173 -0.9483 -0.0001
vn -0.3173 -0.9483 0.0001
vn -0.6188 0.5555 0.5555
vn -0.6186 0.7260 0.3004
vn -0.6187 0.3007 0.7259
vn -0.6188 -0.0000 0.7856
vn -0.6187 -0.3009 0.7257
vn -0.7863 0.4369 0.4369
vn -0.7862 0.2365 0.5709
vn -0.6985 0.2738 0.6611
vn -0.6987 0.5059 0.5059
vn -0.6187 -0.5555 0.5555
vn 0.7862 -0.4370 0.4370
vn 0.7861 -0.2368 0.5710
vn 0.6982 -0.2743 0.6613
vn 0.6984 -0.5062 0.5061
vn -0.7863 -0.0000 0.6179
vn -0.7862 -0.2367 0.5709
vn -0.6986 -0.2741 0.6610
vn -0.6987 -0.0000 0.7155
vn -0.7862 -0.4369 -0.4369
vn -0.7862 -0.2367 -0.5708
vn -0.6986 -0.2741 -0.6610
vn -0.6987 -0.5058 -0.5058
vn -0.6187 -0.7258 0.3007
vn 0.7858 0.4373 -0.4373
vn 0.7858 0.2367 -0.5714
vn 0.6977 0.2744 -0.6618
vn 0.6976 0.5066 -0.5067
vn -0.7863 -0.0000 -0.6179
vn -0.7862 0.2365 -0.5710
vn -0.6985 0.2738 -0.6611
vn -0.6986 -0.0000 -0.7155
vn -0.7862 0.6180 -0.0000
vn -0.7862 0.5710 0.2363
vn -0.6985 0.6612 0.2736
vn -0.6985 0.7156 -0.0000
vn -0.7862 -0.4370 0.4370
vn -0.7862 -0.5709 0.2365
vn -0.6986 -0.6611 0.2738
vn -0.6986 -0.5060 0.5060
vn -0.6187 -0.7857 -0.0000
vn -0.7863 0.4369 -0.4369
vn -0.7862 0.5711 -0.2363
vn -0.6985 0.6612 -0.2736
vn -0.6986 0.5059 -0.5059
vn -0.7862 -0.6180 -0.0000
vn -0.7862 -0.5709 -0.2365
vn -0.6986 -0.6611 -0.2738
vn -0.6986 -0.7156 -0.0000
vn -0.6187 -0.7258 -0.3007
vn -0.6187 -0.5555 -0.5555
vn -0.6187 -0.3009 -0.7257
vn 0.7863 -0.5708 0.2365
vn 0.6985 -0.6611 0.2738
vn 0.6986 -0.7156 -0.0000
vn 0.7863 -0.6178 -0.0000
vn 0.7863 -0.5708 -0.2363
vn 0.6985 -0.6612 -0.2736
vn 0.6986 -0.5059 -0.5060
vn 0.7864 -0.4368 -0.4368
vn 0.7857 0.5717 -0.2365
vn 0.6973 0.6623 -0.2741
vn 0.6973 0.7168 -0.0000
vn 0.7856 0.6187 -0.0000
vn 0.7858 0.2367 0.5714
vn 0.6977 0.2741 0.6619
vn 0.6980 -0.0001 0.7161
vn 0.7860 -0.0000 0.6182
vn 0.7862 -0.2366 -0.5710
vn 0.6984 -0.2738 -0.6613
vn 0.6980 -0.0001 -0.7161
vn 0.7861 -0.0000 -0.6181
vn 0.7857 0.5717 0.2365
vn 0.6973 0.6623 0.2741
vn 0.6976 0.5066 0.5067
vn 0.7858 0.4373 0.4373
vn -0.8600 0.3608 0.3608
vn -0.8600 0.1953 0.4715
vn -0.8601 -0.0000 0.5102
vn -0.8600 -0.1955 0.4714
vn -0.8600 -0.3608 0.3608
vn -0.8600 -0.4715 0.1953
vn -0.8600 -0.5103 -0.0000
vn -0.8600 -0.4715 -0.1953
vn -0.8600 -0.3608 -0.3608
vn -0.8600 -0.1955 -0.4714
vn -0.8601 -0.0000 -0.5102
vn -0.8600 0.1953 -0.4715
vn -0.8600 0.3608 -0.3608
vn -0.8600 0.4716 -0.1951
vn -0.8600 0.5103 -0.0000
vn -0.8600 0.4716 0.1951
vn -0.7697 -0.4514 -0.4514
vn -0.7696 -0.2444 -0.5899
vn -0.7696 -0.2443 -0.5899
vn -0.7697 -0.0000 -0.6384
vn -0.7696 0.2446 -0.5898
vn -0.7696 0.4515 -0.4515
vn -0.7696 0.5899 -0.2443
vn -0.7696 0.6385 -0.0000
vn -0.7696 0.5899 0.2443
vn -0.7696 0.4515 0.4515
vn -0.7696 0.2446 0.5898
vn -0.7696 0.2445 0.5898
vn -0.7697 -0.0000 0.6384
vn -0.7696 -0.2444 0.5899
vn -0.7696 -0.2443 0.5899
vn -0.7697 -0.4514 0.4514
vn -0.7696 -0.5900 0.2441
vn -0.7696 -0.6385 -0.0000
vn -0.7696 -0.5900 -0.2441
vn -0.7696 -0.5900 -0.2442
vn 0.3173 -0.9483 0.0001
vn 0.3173 -0.8761 0.3629
vn 0.1609 -0.9118 0.3777
vn 0.1609 -0.9870 -0.0000
vn 0.3171 -0.6706 -0.6706
vn 0.3173 -0.8763 -0.3626
vn 0.1608 -0.9119 -0.3775
vn 0.1608 -0.6979 -0.6979
vn 0.3173 0.9483 -0.0000
vn 0.3173 0.8763 -0.3626
vn 0.1609 0.9120 -0.3774
vn 0.1608 0.9870 -0.0000
vn 0.3174 -0.0000 0.9483
vn 0.3173 0.3629 0.8761
vn 0.1609 0.3777 0.9118
vn 0.1609 -0.0000 0.9870
vn 0.3174 -0.0000 -0.9483
vn 0.3172 -0.3630 -0.8761
vn 0.1608 -0.3778 -0.9118
vn 0.1609 -0.0000 -0.9870
vn 0.3174 0.6706 0.6706
vn 0.3173 0.8763 0.3626
vn 0.1609 0.9120 0.3774
vn 0.1609 0.6979 0.6979
vn 0.3173 -0.9483 -0.0001
vn 0.3174 0.6706 -0.6706
vn 0.1609 0.6979 -0.6979
vn 0.3173 -0.6706 0.6706
vn 0.1609 -0.6979 0.6979
vn 0.3173 0.3629 -0.8761
vn 0.1609 0.3777 -0.9118
vn 0.3173 -0.3633 0.8760
vn 0.1609 -0.3780 0.9117
vn -0.6188 -0.0000 -0.7856
vn -0.6187 0.3007 -0.7259
vn -0.6188 0.5555 -0.5555
vn -0.6186 0.7260 -0.3004
vn -0.6186 0.7857 -0.0000
vn 0.7697 -0.0000 0.6384
vn 0.7696 -0.2443 0.5899
vn 0.7696 -0.2444 0.5899
vn 0.7696 0.2445 0.5898
vn 0.7696 0.2446 0.5898
vn 0.7696 0.4515 0.4515
vn 0.7696 0.5899 0.2443
vn 0.7696 0.6385 -0.0000
vn 0.7696 0.5899 -0.2443
vn 0.7696 0.4515 -0.4515
vn 0.7696 0.2446 -0.5898
vn 0.7697 -0.0000 -0.6384
vn 0.7696 -0.2443 -0.5899
vn 0.7697 -0.4514 -0.4514
vn 0.7859 0.4373 0.4373
vn 0.7859 0.2367 0.5713
vn 0.8600 0.1953 0.4714
vn 0.8601 0.3608 0.3607
vn 0.7857 0.5716 0.2365
vn 0.8600 0.4716 0.1951
vn 0.7696 -0.5900 -0.2441
vn 0.7696 -0.6385 -0.0000
vn 0.7696 -0.5900 0.2441
vn 0.7697 -0.4514 0.4514
vn 0.7864 -0.4367 -0.4368
vn 0.7862 -0.2365 -0.5709
vn 0.8601 -0.1953 -0.4712
vn 0.8602 -0.3606 -0.3605
vn 0.7864 -0.5707 -0.2363
vn 0.8602 -0.4712 -0.1952
vn 0.8602 -0.5100 -0.0000
vn 0.7863 -0.5708 0.2364
vn 0.8602 -0.4712 0.1952
vn 0.7863 -0.4369 0.4369
vn 0.8602 -0.3606 0.3607
vn 0.7861 -0.2367 0.5709
vn 0.8601 -0.1954 0.4712
vn 0.7861 -0.0000 0.6181
vn 0.8602 -0.0000 0.5100
vn 0.7857 0.6187 -0.0000
vn 0.8600 0.5103 -0.0000
vn 0.7857 0.5716 -0.2365
vn 0.8600 0.4716 -0.1951
vn 0.7859 0.4373 -0.4373
vn 0.8601 0.3608 -0.3607
vn 0.7859 0.2367 -0.5713
vn 0.8600 0.1953 -0.4714
vn 0.8602 -0.0000 -0.5100
vn -1.0000 -0.0000 -0.0000
vt 0.062500 0.812500
vt 0.062500 0.750000
vt 0.000000 0.750000
vt 0.000000 0.812500
vt 0.250000 0.812500
vt 0.250000 0.750000
vt 0.187500 0.750000
vt 0.187500 0.812500
vt 0.125000 0.750000
vt 0.125000 0.812500
vt 0.228845 0.521171
vt 0.250031 0.499985
vt 0.250031 0.529946
vt 0.271217 0.521171
vt 0.228845 0.478800
vt 0.250031 0.470024
vt 0.279992 0.499985
vt 0.271216 0.478800
vt 0.220070 0.499985
vt 0.687739 0.001048
vt 0.687739 0.068721
vt 0.625217 0.068721
vt 0.625217 0.001048
vt 0.875303 0.001048
vt 0.875303 0.068721
vt 0.812782 0.068721
vt 0.812782 0.001048
vt 0.750260 0.068721
vt 0.750260 0.001048
vt 0.187562 0.001048
vt 0.187562 0.068721
vt 0.125041 0.068721
vt 0.125041 0.001048
vt 0.375127 0.001048
vt 0.375127 0.068721
vt 0.312605 0.068721
vt 0.312605 0.001048
vt 0.250084 0.068721
vt 0.250084 0.001048
vt 0.562694 0.001048
vt 0.562694 0.068721
vt 0.500172 0.068721
vt 0.500172 0.001048
vt 0.937823 0.001048
vt 0.937823 0.068721
vt 0.437650 0.001048
vt 0.437650 0.068721
vt 0.062521 0.001048
vt 0.062521 0.068721
vt 0.000000 0.068721
vt 0.000000 0.001048
vt 1.000000 0.001048
vt 1.000000 0.068721
vt 0.184237 0.434195
vt 0.214433 0.414051
vt 0.241131 0.478502
vt 0.233581 0.483538
vt 0.228546 0.491087
vt 0.164092 0.464392
vt 0.156984 0.499988
vt 0.226768 0.499986
vt 0.164092 0.535584
vt 0.228545 0.508885
vt 0.111096 0.361056
vt 0.068559 0.424822
vt 0.040316 0.413125
vt 0.089473 0.339435
vt 0.184256 0.565762
vt 0.233586 0.516429
vt 0.889449 0.638885
vt 0.932028 0.575161
vt 0.960271 0.586860
vt 0.911065 0.660501
vt 0.053548 0.499991
vt 0.068559 0.575159
vt 0.040315 0.586858
vt 0.022969 0.499992
vt 0.388923 0.638883
vt 0.431503 0.575159
vt 0.459744 0.586858
vt 0.410544 0.660506
vt 0.214433 0.585925
vt 0.241131 0.521470
vt 0.611622 0.361059
vt 0.569084 0.424824
vt 0.540842 0.413127
vt 0.590000 0.339437
vt 0.446513 0.499991
vt 0.431503 0.424822
vt 0.459744 0.413125
vt 0.477091 0.499992
vt 0.250031 0.303567
vt 0.174862 0.318519
vt 0.163163 0.290277
vt 0.250030 0.272999
vt 0.111138 0.638883
vt 0.174862 0.681463
vt 0.163163 0.709706
vt 0.089521 0.660500
vt 0.250030 0.593006
vt 0.250030 0.523241
vt 0.388965 0.361056
vt 0.325199 0.318519
vt 0.336896 0.290277
vt 0.410586 0.339435
vt 0.250031 0.696415
vt 0.325199 0.681463
vt 0.336896 0.709706
vt 0.250030 0.726985
vt 0.285626 0.585926
vt 0.258929 0.521470
vt 0.315803 0.565762
vt 0.266473 0.516430
vt 0.335967 0.535584
vt 0.271514 0.508885
vt 0.825725 0.681465
vt 0.837423 0.709707
vt 0.750556 0.726986
vt 0.750556 0.696417
vt 0.675388 0.681465
vt 0.663690 0.709707
vt 0.590006 0.660543
vt 0.611622 0.638927
vt 0.675388 0.318521
vt 0.663690 0.290279
vt 0.750556 0.273000
vt 0.750556 0.303569
vt 0.932028 0.424825
vt 0.960271 0.413127
vt 0.977617 0.499993
vt 0.947039 0.499993
vt 0.569084 0.575161
vt 0.540842 0.586860
vt 0.523495 0.499993
vt 0.554074 0.499993
vt 0.825725 0.318521
vt 0.837423 0.290279
vt 0.911113 0.339437
vt 0.889491 0.361059
vt 0.173085 0.423042
vt 0.149527 0.458358
vt 0.141213 0.499988
vt 0.149527 0.541618
vt 0.173108 0.576910
vt 0.208400 0.600492
vt 0.250031 0.608773
vt 0.291661 0.600492
vt 0.326953 0.576910
vt 0.350535 0.541618
vt 0.358848 0.499988
vt 0.350535 0.458358
vt 0.326976 0.423042
vt 0.291661 0.399484
vt 0.250031 0.391203
vt 0.208400 0.399484
vt 0.343076 0.499988
vt 0.335967 0.464392
vt 0.315823 0.434195
vt 0.285626 0.414051
vt 0.250030 0.406970
vt 1.000000 0.253785
vt 0.937823 0.253785
vt 0.937823 0.186112
vt 1.000000 0.186112
vt 0.125041 0.253785
vt 0.062521 0.253785
vt 0.062521 0.186112
vt 0.125041 0.186112
vt 0.500172 0.253785
vt 0.437650 0.253785
vt 0.437650 0.186112
vt 0.500172 0.186112
vt 0.750260 0.253785
vt 0.687739 0.253785
vt 0.687739 0.186112
vt 0.750260 0.186112
vt 0.250084 0.253785
vt 0.187562 0.253785
vt 0.187562 0.186112
vt 0.250084 0.186112
vt 0.625217 0.253785
vt 0.562694 0.253785
vt 0.562694 0.186112
vt 0.625217 0.186112
vt 0.000000 0.253785
vt 0.000000 0.186112
vt 0.375127 0.253785
vt 0.375127 0.186112
vt 0.875303 0.253785
vt 0.875303 0.186112
vt 0.312605 0.253785
vt 0.312605 0.186112
vt 0.812782 0.253785
vt 0.812782 0.186112
vt 0.273291 0.499986
vt 0.271514 0.491087
vt 0.266478 0.483538
vt 0.258929 0.478502
vt 0.250030 0.476732
vt 0.750556 0.406977
vt 0.786152 0.414058
vt 0.750556 0.499993
vt 0.714959 0.414058
vt 0.684763 0.434202
vt 0.664619 0.464399
vt 0.657510 0.499995
vt 0.664619 0.535592
vt 0.684782 0.565769
vt 0.714960 0.585933
vt 0.750556 0.593013
vt 0.786152 0.585933
vt 0.816330 0.565769
vt 0.836493 0.535592
vt 0.843602 0.499995
vt 0.836493 0.464399
vt 0.816349 0.434202
vt 0.641738 0.499995
vt 0.650051 0.458365
vt 0.650051 0.541625
vt 0.673633 0.576918
vt 0.708925 0.600499
vt 0.750555 0.608780
vt 0.792185 0.600499
vt 0.827478 0.576918
vt 0.851059 0.541625
vt 0.859373 0.499995
vt 0.851059 0.458365
vt 0.827501 0.423050
vt 0.889489 0.361064
vt 0.932027 0.424830
vt 0.825723 0.318526
vt 0.792185 0.399491
vt 0.750555 0.391210
vt 0.708925 0.399491
vt 0.673610 0.423050
vt 0.611663 0.638891
vt 0.569083 0.575166
vt 0.675387 0.681470
vt 0.750555 0.696422
vt 0.825723 0.681470
vt 0.889448 0.638891
vt 0.932027 0.575166
vt 0.947038 0.499998
vt 0.750555 0.303574
vt 0.675387 0.318526
vt 0.611621 0.361064
vt 0.569083 0.424830
vt 0.554072 0.499998
vt 0.250030 0.499985
s 1
usemtl defaultMaterial.004
f 1/1/1 2/2/1 3/3/2
f 1/1/1 3/3/2 4/4/2
f 5/5/3 6/6/3 7/7/4
f 5/5/3 7/7/4 8/8/4
f 9/1/5 10/2/5 11/9/6
f 9/1/5 11/9/6 12/10/6
f 4/4/2 3/3/2 10/2/5
f 4/4/2 10/2/5 9/1/5
f 13/10/7 14/9/7 2/2/1
f 13/10/7 2/2/1 1/1/1
f 8/8/4 7/7/4 14/9/7
f 8/8/4 14/9/7 13/10/7
f 15/8/8 16/7/8 6/6/3
f 15/8/8 6/6/3 5/5/3
f 12/10/6 11/9/6 16/7/8
f 12/10/6 16/7/8 15/8/8
s 0
f 17/11/9 18/12/9 19/13/9
f 19/13/9 18/12/9 20/14/9
f 18/12/9 21/15/9 22/16/9
f 23/17/9 18/12/9 24/18/9
f 21/15/9 18/12/9 25/19/9
f 20/14/9 18/12/9 23/17/9
f 18/12/9 17/11/9 25/19/9
f 24/18/9 18/12/9 22/16/9
s 1
f 26/20/10 27/21/11 28/22/12
f 26/20/10 28/22/12 29/23/13
f 30/24/14 31/25/15 32/26/16
f 30/24/14 32/26/16 33/27/17
f 33/27/17 32/26/16 34/28/18
f 33/27/17 34/28/18 35/29/19
f 36/30/20 37/31/21 38/32/22
f 36/30/20 38/32/22 39/33/23
f 40/34/24 41/35/25 42/36/26
f 40/34/24 42/36/26 43/37/27
f 43/37/27 42/36/26 44/38/28
f 43/37/27 44/38/28 45/39/29
f 46/40/30 47/41/31 48/42/32
f 46/40/30 48/42/32 49/43/33
f 50/44/34 51/45/35 31/25/15
f 50/44/34 31/25/15 30/24/14
f 52/46/36 53/47/37 41/35/25
f 52/46/36 41/35/25 40/34/24
f 54/48/38 55/49/39 56/50/40
f 54/48/38 56/50/40 58/51/41
f 29/23/13 28/22/12 47/41/31
f 29/23/13 47/41/31 46/40/30
f 45/39/29 44/38/28 37/31/21
f 45/39/29 37/31/21 36/30/20
f 35/29/19 34/28/18 27/21/11
f 35/29/19 27/21/11 26/20/10
f 49/43/33 48/42/32 53/47/37
f 49/43/33 53/47/37 52/46/36
f 39/33/23 38/32/22 55/49/39
f 39/33/23 55/49/39 54/48/38
f 59/52/42 57/53/40 51/45/35
f 59/52/42 51/45/35 50/44/34
f 60/54/43 61/55/44 62/56/44
f 60/54/43 62/56/44 63/57/43
f 60/54/43 63/57/43 64/58/45
f 60/54/43 64/58/45 65/59/45
f 66/60/46 65/59/45 64/58/45
f 66/60/46 64/58/45 67/61/46
f 68/62/47 66/60/46 67/61/46
f 68/62/47 67/61/46 69/63/47
f 70/64/48 71/65/49 72/66/50
f 70/64/48 72/66/50 73/67/51
f 74/68/52 68/62/47 69/63/47
f 74/68/52 69/63/47 75/69/52
f 76/70/53 78/71/54 80/72/55
f 76/70/53 80/72/55 81/73/56
f 82/74/57 83/75/58 84/76/59
f 82/74/57 84/76/59 85/77/60
f 86/78/61 87/79/62 88/80/63
f 86/78/61 88/80/63 89/81/64
f 90/82/65 74/68/52 75/69/52
f 90/82/65 75/69/52 91/83/65
f 92/84/66 94/85/67 96/86/68
f 92/84/66 96/86/68 97/87/69
f 98/88/70 99/89/71 100/90/72
f 98/88/70 100/90/72 101/91/73
f 102/92/74 103/93/75 104/94/76
f 102/92/74 104/94/76 105/95/77
f 106/96/78 107/97/79 108/98/80
f 106/96/78 108/98/80 109/99/81
f 110/100/82 90/82/65 91/83/65
f 110/100/82 91/83/65 111/101/82
f 112/102/83 113/103/84 114/104/85
f 112/102/83 114/104/85 115/105/86
f 116/106/87 117/107/88 118/108/89
f 116/106/87 118/108/89 119/109/90
f 120/110/91 110/100/82 111/101/82
f 120/110/91 111/101/82 121/111/91
f 70/64/48 73/67/51 104/94/76
f 70/64/48 104/94/76 103/93/75
f 98/88/70 101/91/73 88/80/63
f 98/88/70 88/80/63 87/79/62
f 82/74/57 85/77/60 72/66/50
f 82/74/57 72/66/50 71/65/49
f 102/92/74 105/95/77 114/104/85
f 102/92/74 114/104/85 113/103/84
f 86/78/61 89/81/64 118/108/89
f 86/78/61 118/108/89 117/107/88
f 116/106/87 119/109/90 108/98/80
f 116/106/87 108/98/80 107/97/79
f 122/112/92 120/110/91 121/111/91
f 122/112/92 121/111/91 123/113/92
f 124/114/93 122/112/92 123/113/92
f 124/114/93 123/113/92 125/115/93
f 126/116/94 128/117/95 129/118/96
f 126/116/94 129/118/96 130/119/97
f 132/120/98 134/121/99 135/122/100
f 132/120/98 135/122/100 136/123/101
f 138/124/102 140/125/103 141/126/104
f 138/124/102 141/126/104 142/127/105
f 144/128/106 146/129/107 147/130/108
f 144/128/106 147/130/108 148/131/109
f 150/132/110 152/133/111 153/134/112
f 150/132/110 153/134/112 154/135/113
f 156/136/114 158/137/115 159/138/116
f 156/136/114 159/138/116 160/139/117
f 130/119/97 129/118/96 134/121/99
f 130/119/97 134/121/99 132/120/98
f 92/84/66 97/87/69 140/125/103
f 92/84/66 140/125/103 138/124/102
f 76/70/53 81/73/56 128/117/95
f 76/70/53 128/117/95 126/116/94
f 142/127/105 141/126/104 158/137/115
f 142/127/105 158/137/115 156/136/114
f 154/135/113 153/134/112 96/86/68
f 154/135/113 96/86/68 94/85/67
f 112/102/83 115/105/86 100/90/72
f 112/102/83 100/90/72 99/89/71
f 70/64/48 162/140/118 163/141/119
f 70/64/48 163/141/119 71/65/49
f 71/65/49 163/141/119 164/142/120
f 71/65/49 164/142/120 82/74/57
f 82/74/57 164/142/120 165/143/121
f 82/74/57 165/143/121 83/75/58
f 83/75/58 165/143/121 166/144/122
f 83/75/58 166/144/122 106/96/78
f 106/96/78 166/144/122 167/145/123
f 106/96/78 167/145/123 107/97/79
f 107/97/79 167/145/123 168/146/124
f 107/97/79 168/146/124 116/106/87
f 116/106/87 168/146/124 169/147/125
f 116/106/87 169/147/125 117/107/88
f 117/107/88 169/147/125 170/148/126
f 117/107/88 170/148/126 86/78/61
f 86/78/61 170/148/126 171/149/127
f 86/78/61 171/149/127 87/79/62
f 87/79/62 171/149/127 172/150/128
f 87/79/62 172/150/128 98/88/70
f 98/88/70 172/150/128 173/151/129
f 98/88/70 173/151/129 99/89/71
f 99/89/71 173/151/129 174/152/130
f 99/89/71 174/152/130 112/102/83
f 112/102/83 174/152/130 175/153/131
f 112/102/83 175/153/131 113/103/84
f 113/103/84 175/153/131 176/154/132
f 113/103/84 176/154/132 102/92/74
f 102/92/74 176/154/132 177/155/133
f 102/92/74 177/155/133 103/93/75
f 103/93/75 177/155/133 162/140/118
f 103/93/75 162/140/118 70/64/48
f 178/140/134 179/54/134 180/59/135
f 178/140/134 180/59/135 181/141/136
f 181/141/136 180/59/135 182/60/137
f 181/141/136 182/60/137 183/142/137
f 183/142/137 182/60/137 184/62/138
f 183/142/137 184/62/138 185/143/138
f 185/143/138 184/62/138 186/68/139
f 185/143/138 186/68/139 187/144/139
f 187/144/139 186/68/139 188/82/140
f 187/144/139 188/82/140 189/145/140
f 189/145/140 188/82/140 190/100/141
f 189/145/140 190/100/141 191/146/141
f 191/146/141 190/100/141 192/110/142
f 191/146/141 192/110/142 193/147/142
f 193/147/142 192/110/142 194/112/143
f 193/147/142 194/112/143 195/148/143
f 195/148/143 194/112/143 196/114/144
f 195/148/143 196/114/144 197/149/145
f 197/149/145 196/114/144 198/156/146
f 197/149/145 198/156/146 199/150/146
f 199/150/146 198/156/146 200/157/147
f 199/150/146 200/157/147 201/151/148
f 201/151/148 200/157/147 202/158/149
f 201/151/148 202/158/149 203/152/149
f 203/152/149 202/158/149 204/159/150
f 203/152/149 204/159/150 205/153/150
f 205/153/150 204/159/150 206/160/151
f 205/153/150 206/160/151 207/154/151
f 207/154/151 206/160/151 208/55/152
f 207/154/151 208/55/152 209/155/153
f 209/155/153 208/55/152 179/54/134
f 209/155/153 179/54/134 178/140/134
f 136/123/101 135/122/100 152/133/111
f 136/123/101 152/133/111 150/132/110
f 148/131/109 147/130/108 80/72/55
f 148/131/109 80/72/55 78/71/54
f 106/96/78 109/99/81 84/76/59
f 106/96/78 84/76/59 83/75/58
f 160/139/117 159/138/116 146/129/107
f 160/139/117 146/129/107 144/128/106
f 210/161/154 212/162/155 213/163/156
f 210/161/154 213/163/156 214/164/157
f 216/165/158 217/166/159 218/167/160
f 216/165/158 218/167/160 219/168/161
f 220/169/162 221/170/163 222/171/164
f 220/169/162 222/171/164 223/172/165
f 224/173/166 225/174/167 226/175/168
f 224/173/166 226/175/168 227/176/169
f 228/177/170 229/178/171 230/179/172
f 228/177/170 230/179/172 231/180/173
f 232/181/174 233/182/175 234/183/176
f 232/181/174 234/183/176 235/184/177
f 217/166/159 211/185/178 215/186/157
f 217/166/159 215/186/157 218/167/160
f 221/170/163 236/187/179 237/188/180
f 221/170/163 237/188/180 222/171/164
f 212/162/155 238/189/181 239/190/182
f 212/162/155 239/190/182 213/163/156
f 233/182/175 220/169/162 223/172/165
f 233/182/175 223/172/165 234/183/176
f 240/191/183 228/177/170 231/180/173
f 240/191/183 231/180/173 241/192/184
f 236/187/179 240/191/183 241/192/184
f 236/187/179 241/192/184 237/188/180
f 229/178/171 216/165/158 219/168/161
f 229/178/171 219/168/161 230/179/172
f 242/193/185 224/173/166 227/176/169
f 242/193/185 227/176/169 243/194/186
f 238/189/181 242/193/185 243/194/186
f 238/189/181 243/194/186 239/190/182
f 225/174/167 232/181/174 235/184/177
f 225/174/167 235/184/177 226/175/168
f 244/156/187 124/114/93 125/115/93
f 244/156/187 125/115/93 245/195/187
f 244/156/187 245/195/187 246/196/188
f 244/156/187 246/196/188 247/157/188
f 248/158/189 247/157/188 246/196/188
f 248/158/189 246/196/188 249/197/189
f 250/159/190 248/158/189 249/197/189
f 250/159/190 249/197/189 251/198/190
f 252/160/191 250/159/190 251/198/190
f 252/160/191 251/198/190 253/199/191
f 61/55/44 252/160/191 253/199/191
f 61/55/44 253/199/191 62/56/44
f 27/21/11 226/175/168 235/184/177
f 27/21/11 235/184/177 28/22/12
f 31/25/15 239/190/182 243/194/186
f 31/25/15 243/194/186 32/26/16
f 32/26/16 243/194/186 227/176/169
f 32/26/16 227/176/169 34/28/18
f 37/31/21 230/179/172 219/168/161
f 37/31/21 219/168/161 38/32/22
f 41/35/25 237/188/180 241/192/184
f 41/35/25 241/192/184 42/36/26
f 42/36/26 241/192/184 231/180/173
f 42/36/26 231/180/173 44/38/28
f 234/183/176 223/172/165 48/42/32
f 234/183/176 48/42/32 47/41/31
f 51/45/35 213/163/156 239/190/182
f 51/45/35 239/190/182 31/25/15
f 53/47/37 222/171/164 237/188/180
f 53/47/37 237/188/180 41/35/25
f 55/49/39 218/167/160 215/186/157
f 55/49/39 215/186/157 56/50/40
f 28/22/12 235/184/177 234/183/176
f 28/22/12 234/183/176 47/41/31
f 44/38/28 231/180/173 230/179/172
f 44/38/28 230/179/172 37/31/21
f 34/28/18 227/176/169 226/175/168
f 34/28/18 226/175/168 27/21/11
f 223/172/165 222/171/164 53/47/37
f 223/172/165 53/47/37 48/42/32
f 38/32/22 219/168/161 218/167/160
f 38/32/22 218/167/160 55/49/39
f 57/53/40 214/164/157 213/163/156
f 57/53/40 213/163/156 51/45/35
s 0
f 254/200/9 255/201/9 256/202/9
f 257/203/9 254/200/9 256/202/9
f 258/204/9 257/203/9 256/202/9
f 259/205/9 258/204/9 256/202/9
f 260/206/9 259/205/9 256/202/9
f 261/207/9 260/206/9 256/202/9
f 262/208/9 261/207/9 256/202/9
f 263/209/9 262/208/9 256/202/9
f 264/210/9 263/209/9 256/202/9
f 265/211/9 264/210/9 256/202/9
f 266/212/9 265/211/9 256/202/9
f 267/213/9 266/212/9 256/202/9
f 268/214/9 267/213/9 256/202/9
f 269/215/9 268/214/9 256/202/9
f 270/216/9 269/215/9 256/202/9
f 255/201/9 270/216/9 256/202/9
s 1
f 271/217/192 272/218/193 273/205/194
f 271/217/192 273/205/194 274/206/192
f 275/219/195 271/217/192 274/206/192
f 275/219/195 274/206/192 276/207/196
f 277/220/197 275/219/195 276/207/196
f 277/220/197 276/207/196 278/208/197
f 279/221/198 277/220/197 278/208/197
f 279/221/198 278/208/197 280/209/198
f 281/222/199 279/221/198 280/209/198
f 281/222/199 280/209/198 282/210/199
f 283/223/200 281/222/199 282/210/199
f 283/223/200 282/210/199 284/211/200
f 285/224/201 283/223/200 284/211/200
f 285/224/201 284/211/200 286/212/201
f 287/225/202 285/224/201 286/212/201
f 287/225/202 286/212/201 288/213/202
f 289/226/203 287/225/202 288/213/202
f 289/226/203 288/213/202 290/214/203
f 291/227/204 289/226/203 290/214/203
f 291/227/204 290/214/203 292/215/204
f 293/228/205 291/227/204 292/215/204
f 293/228/205 292/215/204 294/216/205
f 161/229/206 145/230/207 295/227/208
f 161/229/206 295/227/208 296/228/209
f 157/231/210 161/229/206 296/228/209
f 157/231/210 296/228/209 297/232/211
f 298/232/212 293/228/205 294/216/205
f 298/232/212 294/216/205 299/201/212
f 300/233/213 298/232/212 299/201/212
f 300/233/213 299/201/212 301/200/213
f 302/234/214 300/233/213 301/200/213
f 302/234/214 301/200/213 303/203/214
f 304/235/215 302/234/214 303/203/214
f 304/235/215 303/203/214 305/204/215
f 272/218/193 304/235/215 305/204/215
f 272/218/193 305/204/215 273/205/194
f 137/236/216 151/237/217 306/219/218
f 137/236/216 306/219/218 307/220/219
f 133/238/220 137/236/216 307/220/219
f 133/238/220 307/220/219 308/221/221
f 131/239/97 133/238/220 308/221/221
f 131/239/97 308/221/221 309/222/222
f 127/240/223 131/239/97 309/222/222
f 127/240/223 309/222/222 310/223/224
f 77/241/225 127/240/223 310/223/224
f 77/241/225 310/223/224 311/224/226
f 79/242/227 77/241/225 311/224/226
f 79/242/227 311/224/226 312/225/228
f 149/243/229 79/242/227 312/225/228
f 149/243/229 312/225/228 313/226/230
f 145/230/207 149/243/229 313/226/230
f 145/230/207 313/226/230 295/227/208
f 143/244/231 157/231/210 297/232/211
f 143/244/231 297/232/211 314/233/232
f 139/245/233 143/244/231 314/233/232
f 139/245/233 314/233/232 315/234/234
f 93/246/235 139/245/233 315/234/234
f 93/246/235 315/234/234 316/235/236
f 95/247/237 93/246/235 316/235/236
f 95/247/237 316/235/236 317/218/238
f 155/248/113 95/247/237 317/218/238
f 155/248/113 317/218/238 318/217/239
f 151/237/217 155/248/113 318/217/239
f 151/237/217 318/217/239 306/219/218
f 62/56/44 253/199/191 319/249/240
f 253/199/191 251/198/190 319/249/240
f 251/198/190 249/197/189 319/249/240
f 249/197/189 246/196/188 319/249/240
f 246/196/188 245/195/187 319/249/240
f 245/195/187 125/115/93 319/249/240
f 125/115/93 123/113/92 319/249/240
f 123/113/92 121/111/91 319/249/240
f 121/111/91 111/101/82 319/249/240
f 111/101/82 91/83/65 319/249/240
f 91/83/65 75/69/52 319/249/240
f 75/69/52 69/63/47 319/249/240
f 69/63/47 67/61/46 319/249/240
f 67/61/46 64/58/45 319/249/240
f 64/58/45 63/57/43 319/249/240
f 63/57/43 62/56/44 319/249/240
o defaultMaterial.001
v -0.011951 6.544860 2.826177
v 1.276777 6.042827 2.592074
v 1.276777 6.002076 2.679465
v -0.011951 6.504109 2.913567
v 0.126041 8.204134 3.706301
v -0.126013 8.204134 3.706301
v -0.290656 6.941613 3.117578
v 0.290685 6.941613 3.117578
v 0.290685 6.982363 3.030188
v -0.290656 6.982363 3.030188
v -0.126013 8.244884 3.618911
v 0.126041 8.244884 3.618911
v -0.278690 7.001148 3.038946
v 0.011980 6.544860 2.826177
v -1.276748 6.042827 2.592074
v -1.402775 6.240660 2.684325
v 0.278719 7.001148 3.038946
v 0.278719 6.960397 3.126337
v 1.402803 6.199909 2.771716
v 1.402803 6.240660 2.684325
v -1.402775 6.199909 2.771716
v -1.276748 6.002076 2.679465
v 0.011980 6.504109 2.913567
v -0.278690 6.960397 3.126337
v -0.204367 7.075061 3.304630
v 0.000014 7.124694 3.327774
v 0.000014 7.239867 3.080784
v -0.204367 7.190235 3.057640
v -0.204367 6.433398 3.005417
v 0.204396 6.433398 3.005417
v 0.354013 6.568997 3.068648
v -0.353984 6.568997 3.068648
v 0.354013 6.568997 3.068648
v 0.204396 6.433398 3.005417
v 0.204396 6.548571 2.758427
v 0.354013 6.684170 2.821658
v 0.204396 7.075061 3.304630
v 0.204396 7.190235 3.057640
v 0.408777 6.754229 3.155024
v 0.408777 6.869403 2.908034
v 0.354013 6.939462 3.241398
v 0.354013 7.054635 2.994408
v -0.290656 6.982363 3.030188
v -0.290656 6.941613 3.117578
v -0.126013 8.204134 3.706301
v -0.126013 8.244884 3.618911
v 0.290685 6.982363 3.030188
v 0.126041 8.244884 3.618911
v 0.126041 8.204134 3.706301
v 0.290685 6.941613 3.117578
v -0.353984 6.568997 3.068648
v -0.408748 6.754229 3.155024
v -0.408748 6.869403 2.908034
v -0.353984 6.684170 2.821658
v -0.278690 7.001148 3.038946
v -1.402775 6.240660 2.684325
v -1.402775 6.199909 2.771716
v -0.278690 6.960397 3.126337
v 1.276777 6.002076 2.679465
v 1.402803 6.199909 2.771716
v 0.278719 6.960397 3.126337
v -0.011951 6.504109 2.913567
v -0.011951 6.544860 2.826177
v 0.278719 7.001148 3.038946
v 1.402803 6.240660 2.684325
v 1.276777 6.042827 2.592074
v 0.204396 7.075061 3.304630
v -0.204367 7.075061 3.304630
v -0.353984 6.939462 3.241398
v 0.354013 6.939462 3.241398
v 0.011980 6.544860 2.826177
v 0.011980 6.504109 2.913567
v -1.276748 6.002076 2.679465
v -1.276748 6.042827 2.592074
v -0.353984 7.054635 2.994408
v 0.354013 7.054635 2.994408
v 0.408777 6.869403 2.908034
v -0.408748 6.869403 2.908034
v -0.353984 6.939462 3.241398
v -0.353984 7.054635 2.994408
v 0.000014 6.498939 2.735283
v -0.204367 6.548571 2.758427
v 0.204396 6.548571 2.758427
v 0.000014 6.383765 2.982274
v 0.000014 6.383765 2.982274
v -0.204367 6.433398 3.005417
v -0.204367 6.548571 2.758427
v 0.000014 6.498939 2.735283
v 0.000014 6.498939 2.735283
v 0.000014 7.124694 3.327774
v -0.408748 6.754229 3.155024
v 0.408777 6.754229 3.155024
v 0.000014 6.383765 2.982274
v -0.353984 6.684170 2.821658
v 0.354013 6.684170 2.821658
v -0.204367 7.190235 3.057640
v 0.204396 7.190235 3.057640
v 0.000014 7.239867 3.080784
vn -0.3949 -0.8326 -0.3883
vn -0.0000 -0.4226 0.9063
vn -0.0000 0.4226 -0.9063
vn 0.5982 0.7263 0.3387
vn -0.5000 0.7849 0.3660
vn -0.0000 0.9063 0.4226
vn 0.8660 -0.4532 -0.2113
vn 0.5000 -0.7849 -0.3660
vn 0.8660 -0.4531 -0.2113
vn 0.5000 0.7849 0.3660
vn 1.0000 -0.0000 -0.0000
vn 0.8660 0.4531 0.2113
vn 0.8660 0.4532 0.2113
vn -0.9931 0.1064 0.0496
vn 0.9931 0.1064 0.0496
vn -0.8660 -0.4531 -0.2113
vn -1.0000 -0.0000 -0.0000
vn -0.8660 -0.4532 -0.2113
vn -0.5982 0.7263 0.3387
vn 0.3949 -0.8326 -0.3883
vn -0.8660 0.4532 0.2113
vn -0.8660 0.4531 0.2113
vn -0.0001 -0.9063 -0.4227
vn -0.5000 -0.7849 -0.3660
vn -0.0001 -0.9063 -0.4226
vn 0.0001 -0.9063 -0.4226
vt 0.472256 0.894160
vt 0.363222 0.881292
vt 0.363222 0.873647
vt 0.472256 0.886516
vt 0.363222 0.853947
vt 0.472256 0.841078
vt 0.291943 0.916960
vt 0.303742 0.916960
vt 0.303742 0.897944
vt 0.291943 0.897944
vt 0.232674 0.893598
vt 0.193687 0.893598
vt 0.179417 0.879328
vt 0.246944 0.879328
vt 0.350938 0.916960
vt 0.362737 0.916960
vt 0.362737 0.897944
vt 0.350938 0.897944
vt 0.315541 0.916960
vt 0.315541 0.897944
vt 0.339139 0.916960
vt 0.339139 0.897944
vt 0.327340 0.916960
vt 0.327340 0.897944
vt 0.256546 0.916960
vt 0.268345 0.916960
vt 0.268345 0.897944
vt 0.256546 0.897944
vt 0.193687 0.826071
vt 0.232674 0.826071
vt 0.246944 0.840341
vt 0.179417 0.840341
vt 0.174193 0.859834
vt 0.252167 0.859834
vt 0.280144 0.916960
vt 0.280144 0.897944
vt 0.213180 0.898821
vt 0.232949 0.916960
vt 0.244747 0.916960
vt 0.244747 0.897944
vt 0.232949 0.897944
vt 0.213180 0.820847
vt 0.374536 0.916960
vt 0.374536 0.897944
s 0
usemtl defaultMaterial_0.004
f 320/250/241 321/251/241 322/252/241
f 320/250/241 322/252/241 323/253/241
s 1
f 324/252/242 325/254/242 326/255/242
s 0
f 324/252/242 326/255/242 327/253/242
f 328/253/243 329/255/243 330/254/243
f 328/253/243 330/254/243 331/252/243
s 1
f 332/253/243 333/255/243 334/254/243
s 0
f 332/253/243 334/254/243 335/252/243
f 336/250/244 337/253/244 338/252/244
f 336/250/244 338/252/244 339/251/244
s 1
f 340/252/242 341/254/242 342/255/242
s 0
f 340/252/242 342/255/242 343/253/242
s 1
f 344/256/245 345/257/246 346/258/246
f 344/256/245 346/258/246 347/259/245
s 0
f 348/260/242 349/261/242 350/262/242
f 348/260/242 350/262/242 351/263/242
s 1
f 352/264/247 353/265/248 354/266/248
f 352/264/247 354/266/248 355/267/249
f 345/257/246 356/268/250 357/269/250
f 345/257/246 357/269/250 346/258/246
f 358/270/251 352/264/247 355/267/249
f 358/270/251 355/267/249 359/271/251
f 360/272/252 358/270/251 359/271/251
f 360/272/252 359/271/251 361/273/253
s 0
f 362/250/254 363/253/254 364/252/254
f 362/250/254 364/252/254 365/251/254
s 1
f 366/250/255 367/251/255 368/252/255
s 0
f 366/250/255 368/252/255 369/253/255
s 1
f 370/274/256 371/275/257 372/276/257
f 370/274/256 372/276/257 373/277/258
s 0
f 374/250/259 375/251/259 376/252/259
f 374/250/259 376/252/259 377/253/259
s 1
f 378/252/242 379/254/242 380/255/242
s 0
f 378/252/242 380/255/242 381/253/242
f 382/253/243 383/255/243 384/254/243
f 382/253/243 384/254/243 385/252/243
s 1
f 386/278/242 387/279/242 388/280/242
f 386/278/242 388/280/242 389/281/242
s 0
f 390/250/260 391/253/260 392/252/260
f 390/250/260 392/252/260 393/251/260
s 1
f 394/280/243 395/281/243 396/282/243
s 0
f 394/280/243 396/282/243 397/283/243
s 1
f 398/284/261 344/256/245 347/259/245
f 398/284/261 347/259/245 399/285/262
f 400/286/243 401/260/243 402/261/243
f 403/287/263 405/288/264 406/289/264
f 403/287/263 406/289/264 407/290/265
f 409/291/242 387/279/242 386/278/242
f 371/275/257 398/284/261 399/285/262
f 371/275/257 399/285/262 372/276/257
f 353/265/248 404/292/266 408/293/266
f 353/265/248 408/293/266 354/266/248
f 405/288/264 370/274/256 373/277/258
f 405/288/264 373/277/258 406/289/264
s 0
f 410/283/242 411/282/242 389/281/242
f 410/283/242 389/281/242 388/280/242
s 1
f 351/263/242 350/262/242 411/282/242
s 0
f 351/263/242 411/282/242 410/283/242
f 412/286/242 349/261/242 348/260/242
s 1
f 402/261/243 401/260/243 413/263/243
f 402/261/243 413/263/243 414/262/243
f 414/262/243 413/263/243 397/283/243
f 414/262/243 397/283/243 396/282/243
s 0
f 415/279/243 416/278/243 395/281/243
f 415/279/243 395/281/243 394/280/243
s 1
f 417/291/243 416/278/243 415/279/243
f 356/268/250 360/272/252 361/273/253
f 356/268/250 361/273/253 357/269/250
o defaultMaterial.002
v 0.434599 5.265828 2.547211
v 0.000000 5.213975 2.523031
v 0.000000 5.163816 2.264989
v 0.474589 5.220441 2.291394
v 0.369893 5.519019 2.575646
v 0.369893 5.519019 2.575646
v 0.000000 5.474887 2.555067
v 0.000000 5.474887 2.555067
v 0.369893 5.630114 2.337404
v 0.000000 5.585981 2.316825
v 0.434599 5.445583 2.161726
v 0.000000 5.393729 2.137546
v 0.839568 5.417856 2.618102
v 0.916823 5.386457 2.368809
v 0.714565 5.648411 2.635983
v 0.714565 5.648411 2.635983
v 0.714565 5.759506 2.397740
v 0.839568 5.597610 2.232617
v 1.187322 5.659696 2.730874
v 1.296578 5.650552 2.491958
v 1.010541 5.854244 2.731964
v 1.010541 5.854244 2.731964
v 1.010541 5.965338 2.493722
v 1.187322 5.839450 2.345389
v 1.454163 5.974868 2.877841
v 1.587974 5.994728 2.652449
v 1.237652 6.122489 2.857049
v 1.237652 6.122489 2.857049
v 1.237652 6.233584 2.618807
v 1.454163 6.154623 2.492357
v 1.621907 6.341895 3.048989
v 1.771154 6.395527 2.839345
v 1.380419 6.434868 3.002714
v 1.380419 6.434868 3.002714
v 1.380419 6.545963 2.764472
v 1.621907 6.521649 2.663504
v 1.679121 6.735762 3.232652
v 1.833633 6.825639 3.039910
v 1.429115 6.770092 3.159031
v 1.429115 6.770092 3.159031
v 1.429115 6.881186 2.920789
v 1.679121 6.915517 2.847167
v 0.000000 8.487462 3.814831
v 0.474589 8.430838 3.788426
v 0.434599 8.385450 3.532609
v 0.000000 8.437304 3.556788
v 0.369893 8.132258 3.504173
v 0.000000 8.176392 3.524753
v 0.369893 8.021164 3.742415
v 0.369893 8.021164 3.742415
v 0.000000 8.065297 3.762995
v 0.000000 8.065297 3.762995
v 0.434599 8.205696 3.918093
v 0.000000 8.257549 3.942273
v 0.916823 8.264820 3.711011
v 0.839568 8.233423 3.461717
v 0.714565 8.002867 3.443837
v 0.714565 7.891773 3.682079
v 0.714565 7.891773 3.682079
v 0.839568 8.053669 3.847202
v 1.296578 8.000726 3.587862
v 1.187322 7.991583 3.348945
v 1.010541 7.797035 3.347856
v 1.010541 7.685941 3.586098
v 1.010541 7.685941 3.586098
v 1.187322 7.811829 3.734430
v 1.587974 7.656550 3.427370
v 1.454163 7.676411 3.201977
v 1.237652 7.528789 3.222771
v 1.237652 7.417695 3.461013
v 1.237652 7.417695 3.461013
v 1.454163 7.496656 3.587462
v 1.771154 7.255750 3.240474
v 1.621907 7.309384 3.030830
v 1.380419 7.216410 3.077106
v 1.380419 7.105316 3.315348
v 1.380419 7.105316 3.315348
v 1.621907 7.129630 3.416315
v -0.434599 5.265828 2.547211
v -0.474589 5.220441 2.291394
v -0.369893 5.519019 2.575646
v -0.369893 5.519019 2.575646
v -0.369893 5.630114 2.337404
v -0.434599 5.445583 2.161726
v -0.839568 5.417856 2.618102
v -0.916823 5.386457 2.368809
v -0.714565 5.648411 2.635983
v -0.714565 5.648411 2.635983
v -0.714565 5.759506 2.397740
v -0.839568 5.597610 2.232617
v -1.187322 5.659696 2.730874
v -1.296578 5.650552 2.491958
v -1.010541 5.854244 2.731964
v -1.010541 5.854244 2.731964
v -1.010541 5.965338 2.493722
v -1.187322 5.839450 2.345389
v -1.454163 5.974868 2.877841
v -1.587974 5.994728 2.652449
v -1.237652 6.122489 2.857049
v -1.237652 6.122489 2.857049
v -1.237652 6.233584 2.618807
v -1.454163 6.154623 2.492357
v -1.621907 6.341895 3.048989
v -1.771154 6.395527 2.839345
v -1.380419 6.434868 3.002714
v -1.380419 6.434868 3.002714
v -1.380419 6.545963 2.764472
v -1.621907 6.521649 2.663504
v -1.679121 6.735762 3.232652
v -1.833633 6.825639 3.039910
v -1.429115 6.770092 3.159031
v -1.429115 6.770092 3.159031
v -1.429115 6.881186 2.920789
v -1.679121 6.915517 2.847167
v -0.434599 8.385450 3.532609
v -0.474589 8.430838 3.788426
v -0.369893 8.132258 3.504173
v -0.369893 8.021164 3.742415
v -0.369893 8.021164 3.742415
v -0.434599 8.205696 3.918093
v -0.839568 8.233423 3.461717
v -0.916823 8.264820 3.711011
v -0.714565 8.002867 3.443837
v -0.714565 7.891773 3.682079
v -0.714565 7.891773 3.682079
v -0.839568 8.053669 3.847202
v -1.187322 7.991583 3.348945
v -1.296578 8.000726 3.587862
v -1.010541 7.797035 3.347856
v -1.010541 7.685941 3.586098
v -1.010541 7.685941 3.586098
v -1.187322 7.811829 3.734430
v -1.454163 7.676411 3.201977
v -1.587974 7.656550 3.427370
v -1.237652 7.528789 3.222771
v -1.237652 7.417695 3.461013
v -1.237652 7.417695 3.461013
v -1.454163 7.496656 3.587462
v -1.621907 7.309384 3.030830
v -1.771154 7.255750 3.240474
v -1.380419 7.216410 3.077106
v -1.380419 7.105316 3.315348
v -1.380419 7.105316 3.315348
v -1.621907 7.129630 3.416315
vn 0.0796 -0.6713 0.7369
vn -0.0000 -0.6807 0.7325
vn -0.0000 -0.9063 -0.4226
vn 0.2588 -0.8754 -0.4082
vn -0.2089 0.4575 0.8643
vn -0.0000 0.4824 0.8760
vn -0.2090 0.9562 -0.2052
vn -0.0000 0.9811 -0.1936
vn -0.0000 0.4823 0.8760
vn -0.2089 0.4574 0.8644
vn 0.0796 0.1331 -0.9879
vn -0.0000 0.1236 -0.9923
vn 0.1537 -0.6434 0.7499
vn 0.5000 -0.7849 -0.3660
vn -0.4037 0.3844 0.8303
vn -0.4037 0.8831 -0.2393
vn -0.4037 0.3843 0.8303
vn 0.1537 0.1609 -0.9749
vn 0.2174 -0.5991 0.7706
vn 0.7071 -0.6409 -0.2988
vn -0.5709 0.2681 0.7760
vn -0.5709 0.7668 -0.2935
vn -0.5709 0.2680 0.7761
vn 0.2174 0.2052 -0.9543
vn 0.2662 -0.5415 0.7975
vn 0.8660 -0.4532 -0.2113
vn -0.6992 0.1165 0.7054
vn -0.6992 0.6152 -0.3642
vn -0.6992 0.1164 0.7054
vn 0.2662 0.2629 -0.9274
vn 0.2969 -0.4743 0.8288
vn 0.9659 -0.2346 -0.1094
vn -0.7799 -0.0599 0.6231
vn -0.7798 0.4388 -0.4465
vn -0.7798 -0.0600 0.6231
vn 0.2969 0.3301 -0.8961
vn 0.3074 -0.4022 0.8624
vn 1.0000 -0.0000 -0.0000
vn -0.8074 -0.2493 0.5348
vn -0.8074 0.2494 -0.5348
vn -0.8073 -0.2494 0.5348
vn 0.3074 0.4022 -0.8624
vn -0.0000 0.9063 0.4226
vn 0.2588 0.8754 0.4082
vn 0.0796 0.6713 -0.7369
vn -0.0000 0.6807 -0.7325
vn -0.2090 -0.4574 -0.8644
vn -0.0000 -0.4823 -0.8760
vn -0.2089 -0.9562 0.2052
vn -0.0000 -0.9811 0.1936
vn -0.2090 -0.9562 0.2052
vn 0.0796 -0.1331 0.9879
vn -0.0000 -0.1236 0.9923
vn 0.5000 0.7849 0.3660
vn 0.1537 0.6434 -0.7499
vn -0.4037 -0.3843 -0.8303
vn -0.4037 -0.8830 0.2393
vn 0.1537 -0.1609 0.9749
vn 0.7071 0.6409 0.2988
vn 0.2174 0.5991 -0.7706
vn -0.5709 -0.2680 -0.7761
vn -0.5709 -0.7668 0.2935
vn -0.5709 -0.7667 0.2935
vn 0.2174 -0.2052 0.9543
vn 0.8660 0.4532 0.2113
vn 0.2662 0.5415 -0.7975
vn -0.6992 -0.1165 -0.7054
vn -0.6992 -0.6152 0.3642
vn 0.2662 -0.2629 0.9274
vn 0.9659 0.2346 0.1094
vn 0.2969 0.4743 -0.8288
vn -0.7798 0.0600 -0.6231
vn -0.7798 -0.4387 0.4465
vn -0.7799 -0.4387 0.4465
vn 0.2969 -0.3300 0.8961
vn -0.0796 -0.6713 0.7369
vn -0.2588 -0.8754 -0.4082
vn 0.2090 0.4574 0.8643
vn 0.2090 0.9562 -0.2052
vn 0.2089 0.4574 0.8644
vn -0.0796 0.1331 -0.9879
vn -0.1537 -0.6434 0.7499
vn -0.5000 -0.7849 -0.3660
vn 0.4037 0.3843 0.8302
vn 0.4037 0.8831 -0.2393
vn 0.4037 0.3843 0.8303
vn -0.1537 0.1609 -0.9749
vn -0.2174 -0.5991 0.7706
vn -0.7071 -0.6409 -0.2988
vn 0.5709 0.2680 0.7760
vn 0.5709 0.7668 -0.2935
vn 0.5709 0.2680 0.7761
vn -0.2174 0.2052 -0.9543
vn -0.2662 -0.5414 0.7975
vn -0.8660 -0.4532 -0.2113
vn 0.6992 0.1165 0.7053
vn 0.6992 0.6152 -0.3642
vn 0.6992 0.1165 0.7054
vn -0.2662 0.2629 -0.9274
vn -0.2969 -0.4743 0.8288
vn -0.9659 -0.2346 -0.1094
vn 0.7799 -0.0600 0.6230
vn 0.7798 0.4388 -0.4465
vn 0.7798 -0.0600 0.6231
vn -0.2969 0.3301 -0.8961
vn -0.3074 -0.4022 0.8624
vn -1.0000 -0.0000 -0.0000
vn 0.8074 -0.2494 0.5347
vn 0.8074 0.2494 -0.5348
vn 0.8073 -0.2494 0.5348
vn -0.3074 0.4022 -0.8624
vn -0.0796 0.6713 -0.7369
vn -0.2588 0.8754 0.4082
vn 0.2090 -0.4574 -0.8644
vn 0.2090 -0.9561 0.2052
vn -0.0796 -0.1331 0.9879
vn 0.2089 -0.9562 0.2052
vn -0.1537 0.6434 -0.7499
vn -0.5000 0.7849 0.3660
vn 0.4037 -0.3843 -0.8303
vn 0.4037 -0.8830 0.2393
vn -0.1537 -0.1609 0.9749
vn 0.4037 -0.8831 0.2392
vn -0.2174 0.5991 -0.7706
vn -0.7071 0.6409 0.2988
vn 0.5709 -0.2680 -0.7761
vn 0.5709 -0.7668 0.2936
vn -0.2174 -0.2052 0.9543
vn 0.5709 -0.7668 0.2935
vn -0.2662 0.5414 -0.7975
vn -0.8660 0.4532 0.2113
vn 0.6992 -0.1165 -0.7054
vn 0.6992 -0.6152 0.3642
vn -0.2662 -0.2629 0.9274
vn 0.6992 -0.6153 0.3641
vn -0.2969 0.4743 -0.8288
vn -0.9659 0.2346 0.1094
vn 0.7798 0.0600 -0.6231
vn 0.7798 -0.4387 0.4465
vn -0.2969 -0.3300 0.8961
vn 0.7799 -0.4388 0.4464
vt 0.473466 0.971677
vt 0.495245 0.971677
vt 0.495245 0.996080
vt 0.473466 0.996080
vt 0.473466 0.947275
vt 0.495245 0.947275
vt 0.495245 0.922873
vt 0.473466 0.922873
vt 0.451687 0.971677
vt 0.451687 0.996080
vt 0.451687 0.947275
vt 0.451687 0.922873
vt 0.429908 0.971677
vt 0.429908 0.996080
vt 0.429908 0.947275
vt 0.429908 0.922873
vt 0.408129 0.971677
vt 0.408129 0.996080
vt 0.408129 0.947275
vt 0.408129 0.922873
vt 0.386350 0.971677
vt 0.386350 0.996080
vt 0.386350 0.947275
vt 0.386350 0.922873
vt 0.364571 0.971677
vt 0.364571 0.996080
vt 0.364571 0.947275
vt 0.364571 0.922873
vt 0.233897 0.996080
vt 0.255676 0.996080
vt 0.255676 0.971677
vt 0.233897 0.971677
vt 0.255676 0.947275
vt 0.233897 0.947275
vt 0.255676 0.922873
vt 0.233897 0.922873
vt 0.277455 0.996080
vt 0.277455 0.971677
vt 0.277455 0.947275
vt 0.277455 0.922873
vt 0.299234 0.996080
vt 0.299234 0.971677
vt 0.299234 0.947275
vt 0.299234 0.922873
vt 0.321013 0.996080
vt 0.321013 0.971677
vt 0.321013 0.947275
vt 0.321013 0.922873
vt 0.342792 0.996080
vt 0.342792 0.971677
vt 0.342792 0.947275
vt 0.342792 0.922873
s 1
usemtl defaultMaterial_0.004
f 418/294/267 419/295/268 420/296/269
f 418/294/267 420/296/269 421/297/270
f 422/298/271 424/299/272 419/295/268
f 422/298/271 419/295/268 418/294/267
f 426/298/273 427/299/274 425/300/275
f 426/298/273 425/300/275 423/301/276
f 428/294/277 429/295/278 427/299/274
f 428/294/277 427/299/274 426/298/273
f 421/297/270 420/296/269 429/295/278
f 421/297/270 429/295/278 428/294/277
f 430/302/279 418/294/267 421/297/270
f 430/302/279 421/297/270 431/303/280
f 432/304/281 422/298/271 418/294/267
f 432/304/281 418/294/267 430/302/279
f 434/304/282 426/298/273 423/301/276
f 434/304/282 423/301/276 433/305/283
f 435/302/284 428/294/277 426/298/273
f 435/302/284 426/298/273 434/304/282
f 431/303/280 421/297/270 428/294/277
f 431/303/280 428/294/277 435/302/284
f 436/306/285 430/302/279 431/303/280
f 436/306/285 431/303/280 437/307/286
f 438/308/287 432/304/281 430/302/279
f 438/308/287 430/302/279 436/306/285
f 440/308/288 434/304/282 433/305/283
f 440/308/288 433/305/283 439/309/289
f 441/306/290 435/302/284 434/304/282
f 441/306/290 434/304/282 440/308/288
f 437/307/286 431/303/280 435/302/284
f 437/307/286 435/302/284 441/306/290
f 442/310/291 436/306/285 437/307/286
f 442/310/291 437/307/286 443/311/292
f 444/312/293 438/308/287 436/306/285
f 444/312/293 436/306/285 442/310/291
f 446/312/294 440/308/288 439/309/289
f 446/312/294 439/309/289 445/313/295
f 447/310/296 441/306/290 440/308/288
f 447/310/296 440/308/288 446/312/294
f 443/311/292 437/307/286 441/306/290
f 443/311/292 441/306/290 447/310/296
f 448/314/297 442/310/291 443/311/292
f 448/314/297 443/311/292 449/315/298
f 450/316/299 444/312/293 442/310/291
f 450/316/299 442/310/291 448/314/297
f 452/316/300 446/312/294 445/313/295
f 452/316/300 445/313/295 451/317/301
f 453/314/302 447/310/296 446/312/294
f 453/314/302 446/312/294 452/316/300
f 449/315/298 443/311/292 447/310/296
f 449/315/298 447/310/296 453/314/302
f 454/318/303 448/314/297 449/315/298
f 454/318/303 449/315/298 455/319/304
f 456/320/305 450/316/299 448/314/297
f 456/320/305 448/314/297 454/318/303
f 458/320/306 452/316/300 451/317/301
f 458/320/306 451/317/301 457/321/307
f 459/318/308 453/314/302 452/316/300
f 459/318/308 452/316/300 458/320/306
f 455/319/304 449/315/298 453/314/302
f 455/319/304 453/314/302 459/318/308
f 460/322/309 461/323/310 462/324/311
f 460/322/309 462/324/311 463/325/312
f 463/325/312 462/324/311 464/326/313
f 463/325/312 464/326/313 465/327/314
f 465/327/314 464/326/313 466/328/315
f 465/327/314 466/328/315 468/329/316
f 469/327/316 467/326/317 470/324/318
f 469/327/316 470/324/318 471/325/319
f 471/325/319 470/324/318 461/323/310
f 471/325/319 461/323/310 460/322/309
f 461/323/310 472/330/320 473/331/321
f 461/323/310 473/331/321 462/324/311
f 462/324/311 473/331/321 474/332/322
f 462/324/311 474/332/322 464/326/313
f 464/326/313 474/332/322 475/333/323
f 464/326/313 475/333/323 466/328/315
f 467/326/317 476/332/323 477/331/324
f 467/326/317 477/331/324 470/324/318
f 470/324/318 477/331/324 472/330/320
f 470/324/318 472/330/320 461/323/310
f 472/330/320 478/334/325 479/335/326
f 472/330/320 479/335/326 473/331/321
f 473/331/321 479/335/326 480/336/327
f 473/331/321 480/336/327 474/332/322
f 474/332/322 480/336/327 481/337/328
f 474/332/322 481/337/328 475/333/323
f 476/332/323 482/336/329 483/335/330
f 476/332/323 483/335/330 477/331/324
f 477/331/324 483/335/330 478/334/325
f 477/331/324 478/334/325 472/330/320
f 478/334/325 484/338/331 485/339/332
f 478/334/325 485/339/332 479/335/326
f 479/335/326 485/339/332 486/340/333
f 479/335/326 486/340/333 480/336/327
f 480/336/327 486/340/333 487/341/334
f 480/336/327 487/341/334 481/337/328
f 482/336/329 488/340/334 489/339/335
f 482/336/329 489/339/335 483/335/330
f 483/335/330 489/339/335 484/338/331
f 483/335/330 484/338/331 478/334/325
f 484/338/331 490/342/336 491/343/337
f 484/338/331 491/343/337 485/339/332
f 485/339/332 491/343/337 492/344/338
f 485/339/332 492/344/338 486/340/333
f 486/340/333 492/344/338 493/345/339
f 486/340/333 493/345/339 487/341/334
f 488/340/334 494/344/340 495/343/341
f 488/340/334 495/343/341 489/339/335
f 489/339/335 495/343/341 490/342/336
f 489/339/335 490/342/336 484/338/331
f 490/342/336 455/319/304 459/318/308
f 490/342/336 459/318/308 491/343/337
f 491/343/337 459/318/308 458/320/306
f 491/343/337 458/320/306 492/344/338
f 492/344/338 458/320/306 457/321/307
f 492/344/338 457/321/307 493/345/339
f 494/344/340 456/320/305 454/318/303
f 494/344/340 454/318/303 495/343/341
f 495/343/341 454/318/303 455/319/304
f 495/343/341 455/319/304 490/342/336
f 496/294/342 497/297/343 420/296/269
f 496/294/342 420/296/269 419/295/268
f 498/298/344 496/294/342 419/295/268
f 498/298/344 419/295/268 424/299/272
f 500/298/345 499/301/346 425/300/275
f 500/298/345 425/300/275 427/299/274
f 501/294/347 500/298/345 427/299/274
f 501/294/347 427/299/274 429/295/278
f 497/297/343 501/294/347 429/295/278
f 497/297/343 429/295/278 420/296/269
f 502/302/348 503/303/349 497/297/343
f 502/302/348 497/297/343 496/294/342
f 504/304/350 502/302/348 496/294/342
f 504/304/350 496/294/342 498/298/344
f 506/304/351 505/305/352 499/301/346
f 506/304/351 499/301/346 500/298/345
f 507/302/353 506/304/351 500/298/345
f 507/302/353 500/298/345 501/294/347
f 503/303/349 507/302/353 501/294/347
f 503/303/349 501/294/347 497/297/343
f 508/306/354 509/307/355 503/303/349
f 508/306/354 503/303/349 502/302/348
f 510/308/356 508/306/354 502/302/348
f 510/308/356 502/302/348 504/304/350
f 512/308/357 511/309/358 505/305/352
f 512/308/357 505/305/352 506/304/351
f 513/306/359 512/308/357 506/304/351
f 513/306/359 506/304/351 507/302/353
f 509/307/355 513/306/359 507/302/353
f 509/307/355 507/302/353 503/303/349
f 514/310/360 515/311/361 509/307/355
f 514/310/360 509/307/355 508/306/354
f 516/312/362 514/310/360 508/306/354
f 516/312/362 508/306/354 510/308/356
f 518/312/363 517/313/364 511/309/358
f 518/312/363 511/309/358 512/308/357
f 519/310/365 518/312/363 512/308/357
f 519/310/365 512/308/357 513/306/359
f 515/311/361 519/310/365 513/306/359
f 515/311/361 513/306/359 509/307/355
f 520/314/366 521/315/367 515/311/361
f 520/314/366 515/311/361 514/310/360
f 522/316/368 520/314/366 514/310/360
f 522/316/368 514/310/360 516/312/362
f 524/316/369 523/317/370 517/313/364
f 524/316/369 517/313/364 518/312/363
f 525/314/371 524/316/369 518/312/363
f 525/314/371 518/312/363 519/310/365
f 521/315/367 525/314/371 519/310/365
f 521/315/367 519/310/365 515/311/361
f 526/318/372 527/319/373 521/315/367
f 526/318/372 521/315/367 520/314/366
f 528/320/374 526/318/372 520/314/366
f 528/320/374 520/314/366 522/316/368
f 530/320/375 529/321/376 523/317/370
f 530/320/375 523/317/370 524/316/369
f 531/318/377 530/320/375 524/316/369
f 531/318/377 524/316/369 525/314/371
f 527/319/373 531/318/377 525/314/371
f 527/319/373 525/314/371 521/315/367
f 460/322/309 463/325/312 532/324/378
f 460/322/309 532/324/378 533/323/379
f 463/325/312 465/327/314 534/326/380
f 463/325/312 534/326/380 532/324/378
f 465/327/314 468/329/316 535/328/381
f 465/327/314 535/328/381 534/326/380
f 469/327/316 471/325/319 537/324/382
f 469/327/316 537/324/382 536/326/383
f 471/325/319 460/322/309 533/323/379
f 471/325/319 533/323/379 537/324/382
f 533/323/379 532/324/378 538/331/384
f 533/323/379 538/331/384 539/330/385
f 532/324/378 534/326/380 540/332/386
f 532/324/378 540/332/386 538/331/384
f 534/326/380 535/328/381 541/333/387
f 534/326/380 541/333/387 540/332/386
f 536/326/383 537/324/382 543/331/388
f 536/326/383 543/331/388 542/332/389
f 537/324/382 533/323/379 539/330/385
f 537/324/382 539/330/385 543/331/388
f 539/330/385 538/331/384 544/335/390
f 539/330/385 544/335/390 545/334/391
f 538/331/384 540/332/386 546/336/392
f 538/331/384 546/336/392 544/335/390
f 540/332/386 541/333/387 547/337/393
f 540/332/386 547/337/393 546/336/392
f 542/332/389 543/331/388 549/335/394
f 542/332/389 549/335/394 548/336/395
f 543/331/388 539/330/385 545/334/391
f 543/331/388 545/334/391 549/335/394
f 545/334/391 544/335/390 550/339/396
f 545/334/391 550/339/396 551/338/397
f 544/335/390 546/336/392 552/340/398
f 544/335/390 552/340/398 550/339/396
f 546/336/392 547/337/393 553/341/399
f 546/336/392 553/341/399 552/340/398
f 548/336/395 549/335/394 555/339/400
f 548/336/395 555/339/400 554/340/401
f 549/335/394 545/334/391 551/338/397
f 549/335/394 551/338/397 555/339/400
f 551/338/397 550/339/396 556/343/402
f 551/338/397 556/343/402 557/342/403
f 550/339/396 552/340/398 558/344/404
f 550/339/396 558/344/404 556/343/402
f 552/340/398 553/341/399 559/345/405
f 552/340/398 559/345/405 558/344/404
f 554/340/401 555/339/400 561/343/406
f 554/340/401 561/343/406 560/344/407
f 555/339/400 551/338/397 557/342/403
f 555/339/400 557/342/403 561/343/406
f 557/342/403 556/343/402 531/318/377
f 557/342/403 531/318/377 527/319/373
f 556/343/402 558/344/404 530/320/375
f 556/343/402 530/320/375 531/318/377
f 558/344/404 559/345/405 529/321/376
f 558/344/404 529/321/376 530/320/375
f 560/344/407 561/343/406 526/318/372
f 560/344/407 526/318/372 528/320/374
f 561/343/406 557/342/403 527/319/373
f 561/343/406 527/319/373 526/318/372
o defaultMaterial.003
v 0.104325 6.102822 4.943919
v 0.208650 5.938505 4.868035
v 0.208650 6.749475 3.178813
v 0.104325 6.913190 3.255287
v -0.104325 6.102822 4.943919
v 0.104325 6.102822 4.943919
v 0.104325 6.913190 3.255287
v -0.104325 6.913190 3.255287
v 0.104325 5.774330 4.790918
v 0.104325 6.585760 3.102336
v 0.104325 5.774330 4.790918
v -0.104325 5.774330 4.790918
v -0.104325 6.585760 3.102336
v 0.104325 6.585760 3.102336
v -0.208650 5.938505 4.868035
v -0.104325 6.102822 4.943919
v -0.104325 6.913190 3.255287
v -0.208650 6.749475 3.178813
v -0.104325 5.774330 4.790918
v -0.104325 6.585760 3.102336
vn 0.8663 0.4503 0.2162
vn 1.0000 0.0002 -0.0000
vn 1.0000 0.0003 -0.0000
vn 0.8660 0.4508 0.2163
vn -0.0000 0.9016 0.4327
vn 0.8664 -0.4501 -0.2162
vn 0.8664 -0.4502 -0.2162
vn -0.0000 -0.9013 -0.4331
vn -1.0000 0.0002 -0.0000
vn -0.8662 0.4505 0.2162
vn -0.8660 0.4507 0.2164
vn -1.0000 0.0003 0.0001
vn -0.8664 -0.4501 -0.2162
vt 0.489713 0.903867
vt 0.489713 0.910104
vt 0.377798 0.910104
vt 0.377798 0.903867
vt 0.489713 0.897510
vt 0.377798 0.897510
vt 0.489713 0.916798
vt 0.377798 0.916798
s 1
usemtl defaultMaterial_0.004
f 562/346/408 563/347/409 564/348/410
f 562/346/408 564/348/410 565/349/411
s 0
f 566/350/412 567/346/412 568/349/412
f 566/350/412 568/349/412 569/351/412
s 1
f 563/347/409 570/352/413 571/353/414
f 563/347/409 571/353/414 564/348/410
s 0
f 572/352/415 573/347/415 574/348/415
f 572/352/415 574/348/415 575/353/415
s 1
f 576/346/416 577/350/417 578/351/418
f 576/346/416 578/351/418 579/349/419
f 580/347/420 576/346/416 579/349/419
f 580/347/420 579/349/419 581/348/420
o defaultMaterial.004
v 4.475175 1.825518 -5.467676
v 4.475175 1.744439 -5.271933
v 4.281961 1.744439 -5.271933
v 4.281961 1.825518 -5.467676
v 4.475175 2.298086 -5.271933
v 4.475175 2.217006 -5.467676
v 4.281961 2.217006 -5.467676
v 4.281961 2.298086 -5.271933
v 4.475175 1.825518 -5.076189
v 4.475175 2.021263 -4.995110
v 4.281961 2.021263 -4.995110
v 4.281961 1.825518 -5.076189
v 4.475175 2.021263 -5.548756
v 4.281961 2.021263 -5.548756
v 4.475175 2.217006 -5.076189
v 4.281961 2.217006 -5.076189
v 4.281961 1.744439 -5.271933
v 4.281961 2.021263 -5.271933
v 4.281961 1.825518 -5.467676
v 4.281961 1.825518 -5.076189
v 4.281961 2.298086 -5.271933
v 4.281961 2.217006 -5.467676
v 4.281961 2.217006 -5.076189
v 4.281961 2.021263 -4.995110
v 4.281961 2.021263 -5.548756
v 6.414996 2.744009 -3.526928
v 6.414996 3.357172 -3.935964
v 6.019183 3.450835 -3.842297
v 6.019183 2.794683 -3.404583
v 6.414996 0.685637 -3.936363
v 6.414996 1.298400 -3.526928
v 6.019183 1.247721 -3.404583
v 6.019183 0.591996 -3.842725
v 6.414996 2.021204 -3.382588
v 6.019183 2.021203 -3.250124
v 6.414996 1.298400 -7.016934
v 6.414996 0.685587 -6.607549
v 6.019183 0.591857 -6.701275
v 6.019183 1.247721 -7.139277
v 6.414996 3.357172 -6.607898
v 6.414996 2.744009 -7.016934
v 6.019183 2.794683 -7.139277
v 6.019183 3.450836 -6.701562
v 6.414996 2.021204 -7.161275
v 6.019183 2.021203 -7.293737
v 6.414996 3.766208 -4.549127
v 6.414996 3.909983 -5.271931
v 6.019183 4.042404 -5.271930
v 6.019183 3.888549 -4.498450
v 6.414996 0.276201 -4.549127
v 6.019183 0.153855 -4.498450
v 6.414996 3.766208 -5.994735
v 6.019183 3.888549 -6.045410
v 6.414996 0.276201 -5.994735
v 6.414996 0.132426 -5.271931
v 6.414996 0.132426 -5.271931
v 6.019183 0.000000 -5.271930
v 6.019183 0.000000 -5.271930
v 6.019183 0.153855 -6.045410
v 6.670511 2.725069 -4.568096
v 7.618281 2.197215 -5.095974
v 7.618281 2.251089 -5.176733
v 6.670511 2.940565 -4.891133
v 6.670511 2.402032 -4.352600
v 7.618281 2.116455 -5.042100
v 6.670511 2.021232 -4.276556
v 7.618281 2.021255 -5.023089
v 6.670511 1.640430 -4.352600
v 7.618281 1.926055 -5.042100
v 6.549537 3.264275 -4.028867
v 6.414996 3.357172 -3.935964
v 6.414996 2.744009 -3.526928
v 6.549537 2.693750 -3.648274
v 6.670511 1.317604 -4.568306
v 7.618281 1.845348 -5.096026
v 4.596149 0.778581 -4.029073
v 4.596149 0.778581 -4.029073
v 4.730691 0.685637 -3.936363
v 4.730691 1.298400 -3.526928
v 4.596149 1.348809 -3.648059
v 4.596149 1.348809 -3.648059
v 6.549537 2.021208 -3.513971
v 6.414996 2.021204 -3.382588
v 6.414996 1.298400 -3.526928
v 6.549537 1.348665 -3.648274
v 6.549537 0.778512 -6.514628
v 6.414996 0.685587 -6.607549
v 6.414996 1.298400 -7.016934
v 6.549537 1.348665 -6.895593
v 6.670511 1.101898 -4.891133
v 7.618281 1.791422 -5.176733
v 4.596149 3.264670 -6.515161
v 4.596149 3.264670 -6.515161
v 4.730691 3.357172 -6.607898
v 4.730691 2.744009 -7.016934
v 4.596149 2.694070 -6.895803
v 4.596149 2.694070 -6.895803
v 6.549537 2.021208 -7.029896
v 6.414996 2.021204 -7.161275
v 6.414996 2.744009 -7.016934
v 6.549537 2.693750 -6.895593
v 6.549537 3.778644 -5.271933
v 6.414996 3.909983 -5.271931
v 6.414996 3.766208 -4.549127
v 6.549537 3.644867 -4.599391
v 6.549537 0.778512 -4.029238
v 6.414996 0.685637 -3.936363
v 6.414996 0.276201 -4.549127
v 6.549537 0.397548 -4.599391
v 6.670511 1.026152 -5.271933
v 7.618281 1.772485 -5.271933
v 6.549537 3.264275 -6.514999
v 6.414996 3.357172 -6.607898
v 6.414996 3.766208 -5.994735
v 6.549537 3.644867 -5.944474
v 6.549537 0.263771 -5.271933
v 6.414996 0.132426 -5.271931
v 6.414996 0.276201 -5.994735
v 6.549537 0.397548 -5.944474
v 6.670511 1.101898 -5.652733
v 7.618281 1.791422 -5.367133
v 6.670511 1.317604 -5.975560
v 7.618281 1.845348 -5.447840
v 6.670511 1.640430 -6.191267
v 7.618281 1.926055 -5.501766
v 4.596149 0.397567 -4.599301
v 4.596149 0.397567 -4.599301
v 4.596149 0.263773 -5.271931
v 4.596149 0.263773 -5.271931
v 4.730691 0.132426 -5.271931
v 4.730691 0.276201 -4.549127
v 4.596149 0.397567 -5.944561
v 4.596149 0.397567 -5.944561
v 4.596149 0.778395 -6.514976
v 4.596149 0.778395 -6.514976
v 4.730691 0.685287 -6.607848
v 4.730691 0.276201 -5.994735
v 4.596149 3.645312 -5.944561
v 4.596149 3.645312 -5.944561
v 4.596149 3.779107 -5.271931
v 4.596149 3.779107 -5.271931
v 4.730691 3.909983 -5.271931
v 4.730691 3.766208 -5.994735
v 4.596149 2.694070 -3.648059
v 4.596149 2.694070 -3.648059
v 4.596149 2.021440 -3.513739
v 4.596149 2.021440 -3.513739
v 4.730691 2.021204 -3.382588
v 4.730691 2.744009 -3.526928
v 4.596149 1.348809 -6.895803
v 4.596149 1.348809 -6.895803
v 4.596149 2.021440 -7.030125
v 4.596149 2.021440 -7.030125
v 4.730691 2.021204 -7.161275
v 4.730691 1.298400 -7.016934
v 4.596149 3.645312 -4.599301
v 4.596149 3.645312 -4.599301
v 4.596149 3.264670 -4.028702
v 4.596149 3.264670 -4.028702
v 4.730691 3.357172 -3.935964
v 4.730691 3.766208 -4.549127
v 6.863725 2.491147 -4.137441
v 6.863725 2.889788 -4.403371
v 6.863725 2.021224 -4.043600
v 6.863725 1.551302 -4.137441
v 6.863725 1.152921 -4.403630
v 6.863725 0.886732 -4.802011
v 6.863725 0.793259 -5.271933
v 6.863725 0.886732 -5.741855
v 6.863725 1.152921 -6.140236
v 6.863725 1.551302 -6.406425
v 6.863725 2.021224 -6.500267
v 6.863725 2.491147 -6.406425
v 6.863725 2.889788 -6.140495
v 6.863725 3.155717 -5.741855
v 6.863725 3.249191 -5.271933
v 6.863725 3.155717 -4.802011
v 6.863725 2.889788 -4.403371
v 6.863725 2.491147 -4.137441
v 6.670511 2.402032 -4.352600
v 6.670511 2.725069 -4.568096
v 6.863725 2.021224 -4.043600
v 6.670511 2.021232 -4.276556
v 6.863725 1.551302 -4.137441
v 6.670511 1.640430 -4.352600
v 6.863725 1.152921 -4.403630
v 6.670511 1.317604 -4.568306
v 6.863725 0.886732 -4.802011
v 6.670511 1.101898 -4.891133
v 6.863725 0.793259 -5.271933
v 6.670511 1.026152 -5.271933
v 6.863725 0.886732 -5.741855
v 6.670511 1.101898 -5.652733
v 6.863725 1.152921 -6.140236
v 6.670511 1.317604 -5.975560
v 6.863725 1.551302 -6.406425
v 6.670511 1.640430 -6.191267
v 6.863725 2.021224 -6.500267
v 6.670511 2.021232 -6.267311
v 6.863725 2.491147 -6.406425
v 6.670511 2.402032 -6.191267
v 6.863725 2.889788 -6.140495
v 6.670511 2.725069 -5.975770
v 6.863725 3.155717 -5.741855
v 6.670511 2.940565 -5.652733
v 6.863725 3.249191 -5.271933
v 6.670511 3.016310 -5.271933
v 6.863725 3.155717 -4.802011
v 6.670511 2.940565 -4.891133
v 4.730691 0.132426 -5.271931
v 4.730691 0.132426 -5.271931
v 5.126504 0.000000 -5.271930
v 5.126504 0.000000 -5.271930
v 5.126504 0.153855 -4.498450
v 4.730691 0.276201 -4.549127
v 4.730691 0.685287 -6.607848
v 5.126504 0.591708 -6.701424
v 5.126504 0.153855 -6.045410
v 4.730691 0.276201 -5.994735
v 4.730691 3.909983 -5.271931
v 5.126504 4.042404 -5.271930
v 5.126504 3.888549 -6.045410
v 4.730691 3.766208 -5.994735
v 4.730691 2.021204 -3.382588
v 5.126504 2.021203 -3.250124
v 5.126504 2.794683 -3.404583
v 4.730691 2.744009 -3.526928
v 4.730691 2.021204 -7.161275
v 5.126504 2.021203 -7.293737
v 5.126504 1.247721 -7.139277
v 4.730691 1.298400 -7.016934
v 4.730691 3.357172 -3.935964
v 5.126504 3.450835 -3.842297
v 5.126504 3.888549 -4.498450
v 4.730691 3.766208 -4.549127
v 5.126504 3.450836 -6.701562
v 4.730691 3.357172 -6.607898
v 5.126504 0.591996 -3.842725
v 4.730691 0.685637 -3.936363
v 4.730691 2.744009 -7.016934
v 5.126504 2.794683 -7.139277
v 4.730691 1.298400 -3.526928
v 5.126504 1.247721 -3.404583
v 6.670511 2.021232 -6.267311
v 7.618281 2.021255 -5.520777
v 6.670511 2.402032 -6.191267
v 7.618281 2.116455 -5.501766
v 6.670511 2.725069 -5.975770
v 7.618281 2.197215 -5.447892
v 6.670511 2.940565 -5.652733
v 7.618281 2.251089 -5.367133
v 6.670511 3.016310 -5.271933
v 7.618281 2.270025 -5.271933
v 4.475175 2.021726 -5.271931
v 4.475175 2.941027 -4.891131
v 4.475175 3.016773 -5.271931
v 4.475175 2.941027 -5.652731
v 4.475175 2.725532 -5.975769
v 4.475175 2.402494 -6.191265
v 4.475175 2.021693 -6.267308
v 4.475175 1.640893 -6.191265
v 4.475175 1.318066 -5.975558
v 4.475175 1.102360 -5.652731
v 4.475175 1.026614 -5.271931
v 4.475175 1.102360 -4.891131
v 4.475175 1.318066 -4.568304
v 4.475175 1.640893 -4.352598
v 4.475175 2.021693 -4.276555
v 4.475175 2.402494 -4.352598
v 4.475175 2.725532 -4.568094
v 4.281961 2.021688 -6.500266
v 4.475175 2.021693 -6.267308
v 4.475175 2.402494 -6.191265
v 4.281961 2.491610 -6.406424
v 4.281961 1.551765 -6.406424
v 4.475175 1.640893 -6.191265
v 4.281961 1.153384 -6.140234
v 4.475175 1.318066 -5.975558
v 4.281961 0.887195 -5.741853
v 4.475175 1.102360 -5.652731
v 4.281961 0.793721 -5.271931
v 4.475175 1.026614 -5.271931
v 4.281961 0.887195 -4.802009
v 4.475175 1.102360 -4.891131
v 4.281961 1.153384 -4.403628
v 4.475175 1.318066 -4.568304
v 4.281961 1.551765 -4.137439
v 4.475175 1.640893 -4.352598
v 4.281961 2.021688 -4.043598
v 4.475175 2.021693 -4.276555
v 4.281961 2.491610 -4.137439
v 4.475175 2.402494 -4.352598
v 4.281961 2.890250 -4.403369
v 4.475175 2.725532 -4.568094
v 4.281961 2.890250 -4.403369
v 4.281961 2.491610 -4.137439
v 4.281961 3.156180 -4.802009
v 4.281961 3.156180 -4.802009
v 4.475175 2.941027 -4.891131
v 4.281961 3.249653 -5.271931
v 4.475175 3.016773 -5.271931
v 4.281961 3.156180 -5.741853
v 4.475175 2.941027 -5.652731
v 4.281961 2.890250 -6.140493
v 4.475175 2.725532 -5.975769
v 4.281961 1.153384 -6.140234
v 4.281961 1.551765 -6.406424
v 4.281961 0.887195 -5.741853
v 4.281961 0.793721 -5.271931
v 4.281961 0.887195 -4.802009
v 4.281961 1.153384 -4.403628
v 4.281961 1.551765 -4.137439
v 4.281961 2.021688 -4.043598
v 4.281961 3.249653 -5.271931
v 4.281961 3.156180 -5.741853
v 4.281961 2.890250 -6.140493
v 4.281961 2.491610 -6.406424
v 4.281961 2.021688 -6.500266
v 7.934204 2.021263 -5.271933
vn -0.0000 -0.7071 -0.7071
vn -0.0000 -1.0000 -0.0000
vn -0.0000 1.0000 -0.0000
vn -0.0000 0.7071 -0.7071
vn -0.0000 -0.7071 0.7071
vn -0.0000 -0.0000 1.0000
vn -0.0000 -0.0000 -1.0000
vn -0.0000 0.7071 0.7071
vn -1.0000 -0.0000 -0.0000
vn 0.3173 0.3629 0.8761
vn 0.3174 0.6706 0.6706
vn 0.1609 0.6979 0.6979
vn 0.1609 0.3777 0.9118
vn 0.3173 -0.6706 0.6706
vn 0.3173 -0.3633 0.8760
vn 0.1609 -0.3780 0.9117
vn 0.1609 -0.6979 0.6979
vn 0.3174 -0.0000 0.9483
vn 0.1609 -0.0000 0.9870
vn 0.3173 -0.3632 -0.8760
vn 0.3175 -0.6706 -0.6705
vn 0.1610 -0.6979 -0.6979
vn 0.1609 -0.3779 -0.9118
vn 0.3174 0.6706 -0.6706
vn 0.3173 0.3629 -0.8761
vn 0.1609 0.3777 -0.9118
vn 0.1609 0.6979 -0.6979
vn 0.3174 -0.0000 -0.9483
vn 0.1609 -0.0000 -0.9870
vn 0.3173 0.8763 0.3626
vn 0.3173 0.9483 -0.0000
vn 0.1608 0.9870 -0.0000
vn 0.1609 0.9120 0.3774
vn 0.3173 -0.8761 0.3629
vn 0.1609 -0.9118 0.3777
vn 0.3173 0.8763 -0.3626
vn 0.1609 0.9120 -0.3774
vn 0.3173 -0.8762 -0.3629
vn 0.3173 -0.9483 -0.0001
vn 0.1609 -0.9870 -0.0000
vn 0.1609 -0.9119 -0.3776
vn 0.3173 -0.9483 0.0001
vn 0.6188 0.5555 0.5555
vn 0.6186 0.7260 0.3004
vn 0.6187 0.3007 0.7259
vn 0.6188 -0.0000 0.7856
vn 0.6187 -0.3009 0.7257
vn 0.7863 0.4369 0.4369
vn 0.6987 0.5059 0.5059
vn 0.6985 0.2738 0.6611
vn 0.7862 0.2365 0.5709
vn 0.6187 -0.5555 0.5555
vn -0.7862 -0.4369 0.4370
vn -0.6984 -0.5062 0.5061
vn -0.6982 -0.2743 0.6613
vn -0.7861 -0.2367 0.5710
vn 0.7863 -0.0000 0.6179
vn 0.6987 -0.0000 0.7155
vn 0.6986 -0.2741 0.6610
vn 0.7862 -0.2367 0.5709
vn 0.7862 -0.4369 -0.4369
vn 0.6987 -0.5058 -0.5058
vn 0.6986 -0.2741 -0.6610
vn 0.7862 -0.2367 -0.5708
vn 0.6187 -0.7258 0.3007
vn -0.7858 0.4373 -0.4373
vn -0.6976 0.5066 -0.5067
vn -0.6977 0.2744 -0.6618
vn -0.7858 0.2367 -0.5714
vn 0.7863 -0.0000 -0.6179
vn 0.6986 -0.0000 -0.7155
vn 0.6985 0.2738 -0.6611
vn 0.7862 0.2365 -0.5710
vn 0.7862 0.6180 -0.0000
vn 0.6985 0.7156 -0.0000
vn 0.6985 0.6612 0.2736
vn 0.7862 0.5710 0.2363
vn 0.7862 -0.4370 0.4370
vn 0.6986 -0.5060 0.5060
vn 0.6986 -0.6611 0.2738
vn 0.7862 -0.5709 0.2365
vn 0.6187 -0.7857 -0.0000
vn 0.7863 0.4369 -0.4369
vn 0.6986 0.5059 -0.5059
vn 0.6985 0.6612 -0.2736
vn 0.7862 0.5711 -0.2363
vn 0.7862 -0.6180 -0.0000
vn 0.6986 -0.7156 -0.0000
vn 0.6986 -0.6611 -0.2738
vn 0.7862 -0.5709 -0.2365
vn 0.6187 -0.7258 -0.3007
vn 0.6187 -0.5555 -0.5555
vn 0.6187 -0.3009 -0.7257
vn -0.7863 -0.5708 0.2365
vn -0.7863 -0.6178 -0.0000
vn -0.6986 -0.7156 -0.0000
vn -0.6985 -0.6611 0.2738
vn -0.7863 -0.5708 -0.2363
vn -0.7864 -0.4368 -0.4368
vn -0.6987 -0.5059 -0.5059
vn -0.6985 -0.6612 -0.2736
vn -0.7857 0.5717 -0.2365
vn -0.7856 0.6187 -0.0000
vn -0.6973 0.7168 -0.0000
vn -0.6973 0.6623 -0.2741
vn -0.7858 0.2367 0.5714
vn -0.7860 -0.0000 0.6182
vn -0.6980 -0.0001 0.7161
vn -0.6977 0.2741 0.6619
vn -0.7862 -0.2366 -0.5710
vn -0.7861 -0.0000 -0.6181
vn -0.6980 -0.0001 -0.7161
vn -0.6984 -0.2738 -0.6613
vn -0.7857 0.5717 0.2365
vn -0.7858 0.4373 0.4373
vn -0.6976 0.5066 0.5067
vn -0.6973 0.6623 0.2741
vn 0.8600 0.1953 0.4715
vn 0.8600 0.3608 0.3608
vn 0.8601 -0.0000 0.5102
vn 0.8600 -0.1955 0.4714
vn 0.8600 -0.3608 0.3608
vn 0.8600 -0.4715 0.1953
vn 0.8600 -0.5103 -0.0000
vn 0.8600 -0.4715 -0.1953
vn 0.8600 -0.3608 -0.3608
vn 0.8600 -0.1955 -0.4714
vn 0.8601 -0.0000 -0.5102
vn 0.8600 0.1953 -0.4715
vn 0.8600 0.3608 -0.3608
vn 0.8600 0.4716 -0.1951
vn 0.8600 0.5103 -0.0000
vn 0.8600 0.4716 0.1951
vn 0.7697 -0.4514 -0.4514
vn 0.7696 -0.2443 -0.5899
vn 0.7696 -0.2444 -0.5899
vn 0.7697 -0.0000 -0.6384
vn 0.7696 0.2446 -0.5898
vn 0.7696 0.4515 -0.4515
vn 0.7696 0.5899 -0.2443
vn 0.7696 0.6385 -0.0000
vn 0.7696 0.5899 0.2443
vn 0.7696 0.4515 0.4515
vn 0.7696 0.2445 0.5898
vn 0.7696 0.2446 0.5898
vn 0.7697 -0.0000 0.6384
vn 0.7696 -0.2443 0.5899
vn 0.7696 -0.2444 0.5899
vn 0.7697 -0.4514 0.4514
vn 0.7696 -0.5900 0.2441
vn 0.7696 -0.6385 -0.0000
vn 0.7696 -0.5900 -0.2442
vn 0.7696 -0.5900 -0.2441
vn -0.3173 -0.9483 0.0001
vn -0.1609 -0.9870 -0.0000
vn -0.1609 -0.9118 0.3777
vn -0.3173 -0.8761 0.3629
vn -0.3171 -0.6706 -0.6706
vn -0.1608 -0.6979 -0.6979
vn -0.1608 -0.9119 -0.3775
vn -0.3173 -0.8763 -0.3626
vn -0.3173 0.9483 -0.0000
vn -0.1608 0.9870 -0.0000
vn -0.1609 0.9120 -0.3774
vn -0.3173 0.8763 -0.3626
vn -0.3174 -0.0000 0.9483
vn -0.1609 -0.0000 0.9870
vn -0.1609 0.3777 0.9118
vn -0.3173 0.3629 0.8761
vn -0.3174 -0.0000 -0.9483
vn -0.1609 -0.0000 -0.9870
vn -0.1608 -0.3778 -0.9118
vn -0.3172 -0.3630 -0.8761
vn -0.3174 0.6706 0.6706
vn -0.1609 0.6979 0.6979
vn -0.1609 0.9120 0.3774
vn -0.3173 0.8763 0.3626
vn -0.3173 -0.9483 -0.0001
vn -0.1609 0.6979 -0.6979
vn -0.3174 0.6706 -0.6706
vn -0.1609 -0.6979 0.6979
vn -0.3173 -0.6706 0.6706
vn -0.3173 0.3629 -0.8761
vn -0.1609 0.3777 -0.9118
vn -0.3173 -0.3633 0.8760
vn -0.1609 -0.3780 0.9117
vn 0.6188 -0.0000 -0.7856
vn 0.6187 0.3007 -0.7259
vn 0.6188 0.5555 -0.5555
vn 0.6186 0.7260 -0.3004
vn 0.6186 0.7857 -0.0000
vn -0.7697 -0.0000 0.6384
vn -0.7696 -0.2444 0.5899
vn -0.7696 -0.2443 0.5899
vn -0.7696 0.2445 0.5898
vn -0.7696 0.2446 0.5898
vn -0.7696 0.4515 0.4515
vn -0.7696 0.5899 0.2443
vn -0.7696 0.6385 -0.0000
vn -0.7696 0.5899 -0.2443
vn -0.7696 0.4515 -0.4515
vn -0.7696 0.2446 -0.5898
vn -0.7697 -0.0000 -0.6384
vn -0.7696 -0.2443 -0.5899
vn -0.7697 -0.4514 -0.4514
vn -0.7859 0.4373 0.4373
vn -0.8601 0.3608 0.3607
vn -0.8600 0.1953 0.4714
vn -0.7859 0.2367 0.5713
vn -0.7857 0.5716 0.2365
vn -0.8600 0.4716 0.1951
vn -0.7696 -0.5900 -0.2441
vn -0.7696 -0.6385 -0.0000
vn -0.7696 -0.5900 0.2441
vn -0.7697 -0.4514 0.4514
vn -0.7864 -0.4367 -0.4368
vn -0.8602 -0.3606 -0.3605
vn -0.8602 -0.1953 -0.4712
vn -0.7862 -0.2366 -0.5709
vn -0.7864 -0.5708 -0.2363
vn -0.8602 -0.4712 -0.1952
vn -0.8602 -0.5100 -0.0000
vn -0.7863 -0.5708 0.2364
vn -0.8602 -0.4712 0.1952
vn -0.7863 -0.4369 0.4369
vn -0.8602 -0.3606 0.3607
vn -0.7861 -0.2367 0.5709
vn -0.8601 -0.1954 0.4712
vn -0.7861 -0.0000 0.6181
vn -0.8602 -0.0000 0.5100
vn -0.7857 0.6187 -0.0000
vn -0.8600 0.5103 -0.0000
vn -0.7857 0.5716 -0.2365
vn -0.8600 0.4716 -0.1951
vn -0.7859 0.4373 -0.4373
vn -0.8601 0.3608 -0.3607
vn -0.7859 0.2367 -0.5713
vn -0.8600 0.1953 -0.4714
vn -0.8602 -0.0000 -0.5100
vn 1.0000 -0.0000 -0.0000
vt 0.062500 0.812500
vt 0.000000 0.812500
vt 0.000000 0.750000
vt 0.062500 0.750000
vt 0.250000 0.812500
vt 0.187500 0.812500
vt 0.187500 0.750000
vt 0.250000 0.750000
vt 0.125000 0.812500
vt 0.125000 0.750000
vt 0.250030 0.529946
vt 0.250030 0.499985
vt 0.271216 0.521171
vt 0.228844 0.521171
vt 0.250030 0.470024
vt 0.271216 0.478800
vt 0.228844 0.478800
vt 0.220069 0.499985
vt 0.279991 0.499985
vt 0.687739 0.001048
vt 0.625217 0.001048
vt 0.625217 0.068721
vt 0.687739 0.068721
vt 0.875303 0.001048
vt 0.812782 0.001048
vt 0.812782 0.068721
vt 0.875303 0.068721
vt 0.750260 0.001048
vt 0.750260 0.068721
vt 0.187562 0.001048
vt 0.125041 0.001048
vt 0.125041 0.068721
vt 0.187562 0.068721
vt 0.375127 0.001048
vt 0.312605 0.001048
vt 0.312605 0.068721
vt 0.375127 0.068721
vt 0.250084 0.001048
vt 0.250084 0.068721
vt 0.562694 0.001048
vt 0.500172 0.001048
vt 0.500172 0.068721
vt 0.562694 0.068721
vt 0.937823 0.001048
vt 0.937823 0.068721
vt 0.437650 0.001048
vt 0.437650 0.068721
vt 0.062521 0.001048
vt 0.000000 0.001048
vt 0.000000 0.068721
vt 0.062521 0.068721
vt 1.000000 0.001048
vt 1.000000 0.068721
vt 0.184237 0.434195
vt 0.233582 0.483538
vt 0.241131 0.478502
vt 0.214434 0.414051
vt 0.164093 0.464392
vt 0.228546 0.491087
vt 0.156984 0.499988
vt 0.226769 0.499986
vt 0.164093 0.535584
vt 0.228546 0.508885
vt 0.111097 0.361056
vt 0.089474 0.339435
vt 0.040316 0.413125
vt 0.068559 0.424822
vt 0.184256 0.565762
vt 0.233587 0.516429
vt 0.889449 0.638885
vt 0.911065 0.660501
vt 0.960271 0.586860
vt 0.932028 0.575161
vt 0.053548 0.499991
vt 0.022969 0.499992
vt 0.040316 0.586858
vt 0.068559 0.575159
vt 0.388924 0.638883
vt 0.410544 0.660506
vt 0.459744 0.586858
vt 0.431503 0.575159
vt 0.214434 0.585925
vt 0.241131 0.521470
vt 0.611622 0.361059
vt 0.590000 0.339437
vt 0.540842 0.413127
vt 0.569084 0.424824
vt 0.446514 0.499991
vt 0.477091 0.499992
vt 0.459744 0.413125
vt 0.431503 0.424822
vt 0.250031 0.303567
vt 0.250030 0.272999
vt 0.163164 0.290277
vt 0.174863 0.318519
vt 0.111138 0.638883
vt 0.089522 0.660500
vt 0.163164 0.709706
vt 0.174863 0.681463
vt 0.250030 0.593006
vt 0.250030 0.523241
vt 0.388965 0.361056
vt 0.410586 0.339435
vt 0.336897 0.290277
vt 0.325199 0.318519
vt 0.250031 0.696415
vt 0.250030 0.726985
vt 0.336897 0.709706
vt 0.325199 0.681463
vt 0.285626 0.585926
vt 0.258929 0.521470
vt 0.315804 0.565762
vt 0.266473 0.516430
vt 0.335967 0.535584
vt 0.271514 0.508885
vt 0.825725 0.681465
vt 0.750556 0.696417
vt 0.750556 0.726986
vt 0.837423 0.709707
vt 0.675388 0.681465
vt 0.611622 0.638927
vt 0.590006 0.660543
vt 0.663690 0.709707
vt 0.675388 0.318521
vt 0.750556 0.303569
vt 0.750556 0.273000
vt 0.663690 0.290279
vt 0.932028 0.424825
vt 0.947039 0.499993
vt 0.977617 0.499993
vt 0.960271 0.413127
vt 0.569084 0.575161
vt 0.554074 0.499993
vt 0.523495 0.499993
vt 0.540842 0.586860
vt 0.825725 0.318521
vt 0.889491 0.361059
vt 0.911113 0.339437
vt 0.837423 0.290279
vt 0.149527 0.458358
vt 0.173085 0.423042
vt 0.141213 0.499988
vt 0.149527 0.541618
vt 0.173108 0.576910
vt 0.208401 0.600492
vt 0.250031 0.608773
vt 0.291661 0.600492
vt 0.326953 0.576910
vt 0.350535 0.541618
vt 0.358848 0.499988
vt 0.350535 0.458358
vt 0.326976 0.423042
vt 0.291661 0.399484
vt 0.250031 0.391203
vt 0.208401 0.399484
vt 0.343076 0.499988
vt 0.335967 0.464392
vt 0.315823 0.434195
vt 0.285626 0.414051
vt 0.250030 0.406970
vt 1.000000 0.253785
vt 1.000000 0.186112
vt 0.937823 0.186112
vt 0.937823 0.253785
vt 0.125041 0.253785
vt 0.125041 0.186112
vt 0.062521 0.186112
vt 0.062521 0.253785
vt 0.500172 0.253785
vt 0.500172 0.186112
vt 0.437650 0.186112
vt 0.437650 0.253785
vt 0.750260 0.253785
vt 0.750260 0.186112
vt 0.687739 0.186112
vt 0.687739 0.253785
vt 0.250084 0.253785
vt 0.250084 0.186112
vt 0.187562 0.186112
vt 0.187562 0.253785
vt 0.625217 0.253785
vt 0.625217 0.186112
vt 0.562694 0.186112
vt 0.562694 0.253785
vt 0.000000 0.186112
vt 0.000000 0.253785
vt 0.375127 0.186112
vt 0.375127 0.253785
vt 0.875303 0.186112
vt 0.875303 0.253785
vt 0.312605 0.253785
vt 0.312605 0.186112
vt 0.812782 0.253785
vt 0.812782 0.186112
vt 0.273291 0.499986
vt 0.271514 0.491087
vt 0.266478 0.483538
vt 0.258929 0.478502
vt 0.250030 0.476732
vt 0.750556 0.499993
vt 0.786152 0.414058
vt 0.750556 0.406977
vt 0.714959 0.414058
vt 0.684763 0.434202
vt 0.664619 0.464399
vt 0.657510 0.499995
vt 0.664619 0.535592
vt 0.684782 0.565769
vt 0.714960 0.585933
vt 0.750556 0.593013
vt 0.786152 0.585933
vt 0.816330 0.565769
vt 0.836493 0.535592
vt 0.843602 0.499995
vt 0.836493 0.464399
vt 0.816349 0.434202
vt 0.641738 0.499995
vt 0.650051 0.458365
vt 0.650051 0.541625
vt 0.673633 0.576918
vt 0.708925 0.600499
vt 0.750555 0.608780
vt 0.792185 0.600499
vt 0.827478 0.576918
vt 0.851059 0.541625
vt 0.859373 0.499995
vt 0.851059 0.458365
vt 0.827501 0.423050
vt 0.889489 0.361064
vt 0.932027 0.424830
vt 0.825723 0.318526
vt 0.792185 0.399491
vt 0.750555 0.391210
vt 0.708925 0.399491
vt 0.673610 0.423050
vt 0.611663 0.638891
vt 0.569083 0.575166
vt 0.675387 0.681470
vt 0.750555 0.696422
vt 0.825723 0.681470
vt 0.889448 0.638891
vt 0.932027 0.575166
vt 0.947038 0.499998
vt 0.750555 0.303574
vt 0.675387 0.318526
vt 0.611621 0.361064
vt 0.569083 0.424830
vt 0.554072 0.499998
s 1
usemtl defaultMaterial.004
f 582/354/421 583/355/422 584/356/422
f 582/354/421 584/356/422 585/357/421
f 586/358/423 587/359/424 588/360/424
f 586/358/423 588/360/424 589/361/423
f 590/354/425 591/362/426 592/363/426
f 590/354/425 592/363/426 593/357/425
f 583/355/422 590/354/425 593/357/425
f 583/355/422 593/357/425 584/356/422
f 594/362/427 582/354/421 585/357/421
f 594/362/427 585/357/421 595/363/427
f 587/359/424 594/362/427 595/363/427
f 587/359/424 595/363/427 588/360/424
f 596/359/428 586/358/423 589/361/423
f 596/359/428 589/361/423 597/360/428
f 591/362/426 596/359/428 597/360/428
f 591/362/426 597/360/428 592/363/426
s 0
f 598/364/429 599/365/429 600/366/429
f 601/367/429 599/365/429 598/364/429
f 602/368/429 603/369/429 599/365/429
f 604/370/429 599/365/429 605/371/429
f 606/372/429 599/365/429 603/369/429
f 605/371/429 599/365/429 601/367/429
f 606/372/429 600/366/429 599/365/429
f 602/368/429 599/365/429 604/370/429
s 1
f 607/373/430 608/374/431 609/375/432
f 607/373/430 609/375/432 610/376/433
f 611/377/434 612/378/435 613/379/436
f 611/377/434 613/379/436 614/380/437
f 612/378/435 615/381/438 616/382/439
f 612/378/435 616/382/439 613/379/436
f 617/383/440 618/384/441 619/385/442
f 617/383/440 619/385/442 620/386/443
f 621/387/444 622/388/445 623/389/446
f 621/387/444 623/389/446 624/390/447
f 622/388/445 625/391/448 626/392/449
f 622/388/445 626/392/449 623/389/446
f 627/393/450 628/394/451 629/395/452
f 627/393/450 629/395/452 630/396/453
f 631/397/454 611/377/434 614/380/437
f 631/397/454 614/380/437 632/398/455
f 633/399/456 621/387/444 624/390/447
f 633/399/456 624/390/447 634/400/457
f 635/401/458 636/402/459 638/403/460
f 635/401/458 638/403/460 640/404/461
f 608/374/431 627/393/450 630/396/453
f 608/374/431 630/396/453 609/375/432
f 625/391/448 617/383/440 620/386/443
f 625/391/448 620/386/443 626/392/449
f 615/381/438 607/373/430 610/376/433
f 615/381/438 610/376/433 616/382/439
f 628/394/451 633/399/456 634/400/457
f 628/394/451 634/400/457 629/395/452
f 618/384/441 635/401/458 640/404/461
f 618/384/441 640/404/461 619/385/442
f 637/405/462 631/397/454 632/398/455
f 637/405/462 632/398/455 639/406/460
f 641/407/463 642/408/463 643/409/464
f 641/407/463 643/409/464 644/410/464
f 641/407/463 645/411/465 646/412/465
f 641/407/463 646/412/465 642/408/463
f 647/413/466 648/414/466 646/412/465
f 647/413/466 646/412/465 645/411/465
f 649/415/467 650/416/467 648/414/466
f 649/415/467 648/414/466 647/413/466
f 651/417/468 652/418/469 653/419/470
f 651/417/468 653/419/470 654/420/471
f 655/421/472 656/422/472 650/416/467
f 655/421/472 650/416/467 649/415/467
f 657/423/473 659/424/474 660/425/475
f 657/423/473 660/425/475 661/426/476
f 663/427/477 664/428/478 665/429/479
f 663/427/477 665/429/479 666/430/480
f 667/431/481 668/432/482 669/433/483
f 667/431/481 669/433/483 670/434/484
f 671/435/485 672/436/485 656/422/472
f 671/435/485 656/422/472 655/421/472
f 673/437/486 675/438/487 676/439/488
f 673/437/486 676/439/488 677/440/489
f 679/441/490 680/442/491 681/443/492
f 679/441/490 681/443/492 682/444/493
f 683/445/494 684/446/495 685/447/496
f 683/445/494 685/447/496 686/448/497
f 687/449/498 688/450/499 689/451/500
f 687/449/498 689/451/500 690/452/501
f 691/453/502 692/454/502 672/436/485
f 691/453/502 672/436/485 671/435/485
f 693/455/503 694/456/504 695/457/505
f 693/455/503 695/457/505 696/458/506
f 697/459/507 698/460/508 699/461/509
f 697/459/507 699/461/509 700/462/510
f 701/463/511 702/464/511 692/454/502
f 701/463/511 692/454/502 691/453/502
f 651/417/468 686/448/497 685/447/496
f 651/417/468 685/447/496 652/418/469
f 679/441/490 670/434/484 669/433/483
f 679/441/490 669/433/483 680/442/491
f 663/427/477 654/420/471 653/419/470
f 663/427/477 653/419/470 664/428/478
f 683/445/494 696/458/506 695/457/505
f 683/445/494 695/457/505 684/446/495
f 667/431/481 700/462/510 699/461/509
f 667/431/481 699/461/509 668/432/482
f 697/459/507 690/452/501 689/451/500
f 697/459/507 689/451/500 698/460/508
f 703/465/512 704/466/512 702/464/511
f 703/465/512 702/464/511 701/463/511
f 705/467/513 706/468/513 704/466/512
f 705/467/513 704/466/512 703/465/512
f 707/469/514 709/470/515 711/471/516
f 707/469/514 711/471/516 712/472/517
f 713/473/518 715/474/519 717/475/520
f 713/473/518 717/475/520 718/476/521
f 719/477/522 721/478/523 723/479/524
f 719/477/522 723/479/524 724/480/525
f 725/481/526 727/482/527 729/483/528
f 725/481/526 729/483/528 730/484/529
f 731/485/530 733/486/531 735/487/532
f 731/485/530 735/487/532 736/488/533
f 737/489/534 739/490/535 741/491/536
f 737/489/534 741/491/536 742/492/537
f 709/470/515 713/473/518 718/476/521
f 709/470/515 718/476/521 711/471/516
f 673/437/486 719/477/522 724/480/525
f 673/437/486 724/480/525 675/438/487
f 657/423/473 707/469/514 712/472/517
f 657/423/473 712/472/517 659/424/474
f 721/478/523 737/489/534 742/492/537
f 721/478/523 742/492/537 723/479/524
f 733/486/531 677/440/489 676/439/488
f 733/486/531 676/439/488 735/487/532
f 693/455/503 682/444/493 681/443/492
f 693/455/503 681/443/492 694/456/504
f 651/417/468 654/420/471 743/493/538
f 651/417/468 743/493/538 744/494/539
f 654/420/471 663/427/477 745/495/540
f 654/420/471 745/495/540 743/493/538
f 663/427/477 666/430/480 746/496/541
f 663/427/477 746/496/541 745/495/540
f 666/430/480 687/449/498 747/497/542
f 666/430/480 747/497/542 746/496/541
f 687/449/498 690/452/501 748/498/543
f 687/449/498 748/498/543 747/497/542
f 690/452/501 697/459/507 749/499/544
f 690/452/501 749/499/544 748/498/543
f 697/459/507 700/462/510 750/500/545
f 697/459/507 750/500/545 749/499/544
f 700/462/510 667/431/481 751/501/546
f 700/462/510 751/501/546 750/500/545
f 667/431/481 670/434/484 752/502/547
f 667/431/481 752/502/547 751/501/546
f 670/434/484 679/441/490 753/503/548
f 670/434/484 753/503/548 752/502/547
f 679/441/490 682/444/493 754/504/549
f 679/441/490 754/504/549 753/503/548
f 682/444/493 693/455/503 755/505/550
f 682/444/493 755/505/550 754/504/549
f 693/455/503 696/458/506 756/506/551
f 693/455/503 756/506/551 755/505/550
f 696/458/506 683/445/494 757/507/552
f 696/458/506 757/507/552 756/506/551
f 683/445/494 686/448/497 758/508/553
f 683/445/494 758/508/553 757/507/552
f 686/448/497 651/417/468 744/494/539
f 686/448/497 744/494/539 758/508/553
f 759/494/554 760/493/555 761/411/556
f 759/494/554 761/411/556 762/407/554
f 760/493/555 763/495/557 764/413/557
f 760/493/555 764/413/557 761/411/556
f 763/495/557 765/496/558 766/415/558
f 763/495/557 766/415/558 764/413/557
f 765/496/558 767/497/559 768/421/559
f 765/496/558 768/421/559 766/415/558
f 767/497/559 769/498/560 770/435/560
f 767/497/559 770/435/560 768/421/559
f 769/498/560 771/499/561 772/453/561
f 769/498/560 772/453/561 770/435/560
f 771/499/561 773/500/562 774/463/562
f 771/499/561 774/463/562 772/453/561
f 773/500/562 775/501/563 776/465/563
f 773/500/562 776/465/563 774/463/562
f 775/501/563 777/502/564 778/467/565
f 775/501/563 778/467/565 776/465/563
f 777/502/564 779/503/566 780/509/566
f 777/502/564 780/509/566 778/467/565
f 779/503/566 781/504/567 782/510/568
f 779/503/566 782/510/568 780/509/566
f 781/504/567 783/505/569 784/511/569
f 781/504/567 784/511/569 782/510/568
f 783/505/569 785/506/570 786/512/570
f 783/505/569 786/512/570 784/511/569
f 785/506/570 787/507/571 788/513/571
f 785/506/570 788/513/571 786/512/570
f 787/507/571 789/508/572 790/410/573
f 787/507/571 790/410/573 788/513/571
f 789/508/572 759/494/554 762/407/554
f 789/508/572 762/407/554 790/410/573
f 715/474/519 731/485/530 736/488/533
f 715/474/519 736/488/533 717/475/520
f 727/482/527 661/426/476 660/425/475
f 727/482/527 660/425/475 729/483/528
f 687/449/498 666/430/480 665/429/479
f 687/449/498 665/429/479 688/450/499
f 739/490/535 725/481/526 730/484/529
f 739/490/535 730/484/529 741/491/536
f 791/514/574 793/515/575 795/516/576
f 791/514/574 795/516/576 796/517/577
f 797/518/578 798/519/579 799/520/580
f 797/518/578 799/520/580 800/521/581
f 801/522/582 802/523/583 803/524/584
f 801/522/582 803/524/584 804/525/585
f 805/526/586 806/527/587 807/528/588
f 805/526/586 807/528/588 808/529/589
f 809/530/590 810/531/591 811/532/592
f 809/530/590 811/532/592 812/533/593
f 813/534/594 814/535/595 815/536/596
f 813/534/594 815/536/596 816/537/597
f 800/521/581 799/520/580 794/538/575
f 800/521/581 794/538/575 792/539/598
f 804/525/585 803/524/584 817/540/599
f 804/525/585 817/540/599 818/541/600
f 796/517/577 795/516/576 819/542/601
f 796/517/577 819/542/601 820/543/602
f 816/537/597 815/536/596 802/523/583
f 816/537/597 802/523/583 801/522/582
f 821/544/603 822/545/604 810/531/591
f 821/544/603 810/531/591 809/530/590
f 818/541/600 817/540/599 822/545/604
f 818/541/600 822/545/604 821/544/603
f 812/533/593 811/532/592 798/519/579
f 812/533/593 798/519/579 797/518/578
f 823/546/605 824/547/606 806/527/587
f 823/546/605 806/527/587 805/526/586
f 820/543/602 819/542/601 824/547/606
f 820/543/602 824/547/606 823/546/605
f 808/529/589 807/528/588 814/535/595
f 808/529/589 814/535/595 813/534/594
f 825/509/607 826/548/607 706/468/513
f 825/509/607 706/468/513 705/467/513
f 825/509/607 827/510/608 828/549/608
f 825/509/607 828/549/608 826/548/607
f 829/511/609 830/550/609 828/549/608
f 829/511/609 828/549/608 827/510/608
f 831/512/610 832/551/610 830/550/609
f 831/512/610 830/550/609 829/511/609
f 833/513/611 834/552/611 832/551/610
f 833/513/611 832/551/610 831/512/610
f 644/410/464 643/409/464 834/552/611
f 644/410/464 834/552/611 833/513/611
f 610/376/433 609/375/432 814/535/595
f 610/376/433 814/535/595 807/528/588
f 614/380/437 613/379/436 824/547/606
f 614/380/437 824/547/606 819/542/601
f 613/379/436 616/382/439 806/527/587
f 613/379/436 806/527/587 824/547/606
f 620/386/443 619/385/442 798/519/579
f 620/386/443 798/519/579 811/532/592
f 624/390/447 623/389/446 822/545/604
f 624/390/447 822/545/604 817/540/599
f 623/389/446 626/392/449 810/531/591
f 623/389/446 810/531/591 822/545/604
f 630/396/453 629/395/452 802/523/583
f 630/396/453 802/523/583 815/536/596
f 632/398/455 614/380/437 819/542/601
f 632/398/455 819/542/601 795/516/576
f 634/400/457 624/390/447 817/540/599
f 634/400/457 817/540/599 803/524/584
f 640/404/461 638/403/460 794/538/575
f 640/404/461 794/538/575 799/520/580
f 609/375/432 630/396/453 815/536/596
f 609/375/432 815/536/596 814/535/595
f 626/392/449 620/386/443 811/532/592
f 626/392/449 811/532/592 810/531/591
f 616/382/439 610/376/433 807/528/588
f 616/382/439 807/528/588 806/527/587
f 629/395/452 634/400/457 803/524/584
f 629/395/452 803/524/584 802/523/583
f 619/385/442 640/404/461 799/520/580
f 619/385/442 799/520/580 798/519/579
f 639/406/460 632/398/455 795/516/576
f 639/406/460 795/516/576 793/515/575
s 0
f 835/553/429 836/554/429 837/555/429
f 835/553/429 837/555/429 838/556/429
f 835/553/429 838/556/429 839/557/429
f 835/553/429 839/557/429 840/558/429
f 835/553/429 840/558/429 841/559/429
f 835/553/429 841/559/429 842/560/429
f 835/553/429 842/560/429 843/561/429
f 835/553/429 843/561/429 844/562/429
f 835/553/429 844/562/429 845/563/429
f 835/553/429 845/563/429 846/564/429
f 835/553/429 846/564/429 847/565/429
f 835/553/429 847/565/429 848/566/429
f 835/553/429 848/566/429 849/567/429
f 835/553/429 849/567/429 850/568/429
f 835/553/429 850/568/429 851/569/429
f 835/553/429 851/569/429 836/554/429
s 1
f 852/570/612 853/559/612 854/558/613
f 852/570/612 854/558/613 855/571/614
f 856/572/615 857/560/616 853/559/612
f 856/572/615 853/559/612 852/570/612
f 858/573/617 859/561/617 857/560/616
f 858/573/617 857/560/616 856/572/615
f 860/574/618 861/562/618 859/561/617
f 860/574/618 859/561/617 858/573/617
f 862/575/619 863/563/619 861/562/618
f 862/575/619 861/562/618 860/574/618
f 864/576/620 865/564/620 863/563/619
f 864/576/620 863/563/619 862/575/619
f 866/577/621 867/565/621 865/564/620
f 866/577/621 865/564/620 864/576/620
f 868/578/622 869/566/622 867/565/621
f 868/578/622 867/565/621 866/577/621
f 870/579/623 871/567/623 869/566/622
f 870/579/623 869/566/622 868/578/622
f 872/580/624 873/568/624 871/567/623
f 872/580/624 871/567/623 870/579/623
f 874/581/625 875/569/625 873/568/624
f 874/581/625 873/568/624 872/580/624
f 740/582/626 876/581/627 877/580/628
f 740/582/626 877/580/628 726/583/629
f 738/584/630 878/585/631 876/581/627
f 738/584/630 876/581/627 740/582/626
f 879/585/632 880/554/632 875/569/625
f 879/585/632 875/569/625 874/581/625
f 881/586/633 882/555/633 880/554/632
f 881/586/633 880/554/632 879/585/632
f 883/587/634 884/556/634 882/555/633
f 883/587/634 882/555/633 881/586/633
f 885/588/635 886/557/635 884/556/634
f 885/588/635 884/556/634 883/587/634
f 855/571/614 854/558/613 886/557/635
f 855/571/614 886/557/635 885/588/635
f 716/589/636 887/573/637 888/572/638
f 716/589/636 888/572/638 732/590/639
f 714/591/640 889/574/641 887/573/637
f 714/591/640 887/573/637 716/589/636
f 710/592/515 890/575/642 889/574/641
f 710/592/515 889/574/641 714/591/640
f 708/593/643 891/576/644 890/575/642
f 708/593/643 890/575/642 710/592/515
f 658/594/645 892/577/646 891/576/644
f 658/594/645 891/576/644 708/593/643
f 662/595/647 893/578/648 892/577/646
f 662/595/647 892/577/646 658/594/645
f 728/596/649 894/579/650 893/578/648
f 728/596/649 893/578/648 662/595/647
f 726/583/629 877/580/628 894/579/650
f 726/583/629 894/579/650 728/596/649
f 722/597/651 895/586/652 878/585/631
f 722/597/651 878/585/631 738/584/630
f 720/598/653 896/587/654 895/586/652
f 720/598/653 895/586/652 722/597/651
f 674/599/655 897/588/656 896/587/654
f 674/599/655 896/587/654 720/598/653
f 678/600/657 898/571/658 897/588/656
f 678/600/657 897/588/656 674/599/655
f 734/601/531 899/570/659 898/571/658
f 734/601/531 898/571/658 678/600/657
f 732/590/639 888/572/638 899/570/659
f 732/590/639 899/570/659 734/601/531
f 900/365/660 834/552/611 643/409/464
f 900/365/660 832/551/610 834/552/611
f 900/365/660 830/550/609 832/551/610
f 900/365/660 828/549/608 830/550/609
f 900/365/660 826/548/607 828/549/608
f 900/365/660 706/468/513 826/548/607
f 900/365/660 704/466/512 706/468/513
f 900/365/660 702/464/511 704/466/512
f 900/365/660 692/454/502 702/464/511
f 900/365/660 672/436/485 692/454/502
f 900/365/660 656/422/472 672/436/485
f 900/365/660 650/416/467 656/422/472
f 900/365/660 648/414/466 650/416/467
f 900/365/660 646/412/465 648/414/466
f 900/365/660 642/408/463 646/412/465
f 900/365/660 643/409/464 642/408/463
o defaultMaterial.005
v 4.272842 1.222810 8.928073
v 3.985199 1.420806 8.451391
v 3.985199 1.069886 8.216914
v 4.272842 0.704421 8.581697
v 4.272842 0.704421 8.581697
v 3.985199 0.835409 7.865994
v 4.272842 0.358044 8.063308
v 4.272842 0.358044 8.063308
v 3.985199 0.753072 7.452056
v 4.272842 0.236413 7.451826
v 4.272842 0.236413 7.451826
v 3.985199 0.835409 7.038118
v 4.272842 0.358044 6.840344
v 4.272842 0.358044 6.840344
v 3.985199 0.753072 7.452056
v 4.162866 0.958224 7.452056
v 4.162866 1.024946 7.116623
v 3.985199 0.835409 7.038118
v 3.985199 1.834744 8.534052
v 4.162866 1.834754 8.328848
v 4.162866 1.499320 8.261865
v 3.985199 1.420806 8.451391
v 4.162866 1.214953 8.071857
v 3.985199 1.069886 8.216914
v 4.162866 1.024946 7.787490
v 3.985199 0.835409 7.865994
v 6.124889 2.963911 8.581655
v 6.004148 3.048364 8.666111
v 6.004148 2.490943 9.037962
v 6.124889 2.445251 8.927649
v 4.272842 3.310540 6.840344
v 4.272842 3.310540 6.840344
v 3.985199 2.834079 7.038118
v 3.985199 2.916417 7.452056
v 4.272842 3.432171 7.451826
v 4.272842 3.432171 7.451826
v 7.111474 2.053026 7.451594
v 7.111474 2.036345 7.367736
v 6.234865 2.643681 7.116160
v 6.234865 2.710403 7.451594
v 4.393583 0.619695 8.665749
v 4.393583 1.176753 9.037962
v 4.272842 1.222810 8.928073
v 6.124889 1.833851 9.049742
v 6.004148 1.833847 9.169180
v 6.004148 1.176753 9.037962
v 6.124889 1.222448 8.927649
v 6.124889 0.704127 6.321871
v 6.004148 0.619650 6.237398
v 6.004148 1.176753 5.865229
v 6.124889 1.222448 5.975540
v 7.111474 2.036345 7.535452
v 6.234865 2.643681 7.787027
v 3.985199 2.834079 7.865994
v 4.272842 3.310540 8.063308
v 4.272842 3.310540 8.063308
v 4.272842 2.964501 6.321618
v 4.272842 2.964501 6.321618
v 4.393583 3.048364 6.237081
v 4.393583 2.490943 5.865229
v 4.272842 2.445774 5.975578
v 4.272842 2.445774 5.975578
v 6.124889 1.833851 5.853446
v 6.004148 1.833847 5.734011
v 6.004148 2.490943 5.865229
v 6.124889 2.445251 5.975540
v 6.124889 3.431520 7.451594
v 6.004148 3.550919 7.451596
v 6.004148 3.420215 8.108690
v 6.124889 3.309905 8.062995
v 6.124889 0.704127 8.581317
v 6.004148 0.619695 8.665749
v 6.004148 0.247481 8.108690
v 6.124889 0.357796 8.062995
v 6.234865 2.453859 8.071580
v 7.111474 1.988889 7.606590
v 3.985199 2.599831 8.217142
v 4.272842 2.964501 8.582035
v 4.272842 2.964501 8.582035
v 6.124889 2.963912 6.321534
v 6.004148 3.048364 6.237081
v 6.004148 3.420215 6.794501
v 6.124889 3.309905 6.840192
v 6.124889 0.236181 7.451594
v 6.004148 0.116777 7.451596
v 6.004148 0.247481 6.794501
v 6.124889 0.357796 6.840192
v 6.234865 2.169307 8.261402
v 7.111474 1.917751 7.654046
v 3.985199 2.248682 8.451391
v 4.272842 2.445774 8.928073
v 4.272842 2.445774 8.928073
v 3.985199 1.834744 8.534052
v 4.272842 1.834292 9.050183
v 4.272842 1.834292 9.050183
v 6.234865 1.833872 8.328386
v 7.111474 1.833893 7.670792
v 6.234865 1.498439 8.261402
v 7.111474 1.750035 7.654046
v 4.393583 0.116777 7.451596
v 4.393583 0.247481 8.108690
v 4.272842 0.704252 6.321786
v 4.272842 0.704252 6.321786
v 4.393583 0.619377 6.237125
v 4.393583 0.247481 6.794501
v 4.393583 3.550919 7.451596
v 4.393583 3.420215 6.794501
v 4.393583 1.833847 9.169180
v 4.393583 2.490943 9.037962
v 4.272842 1.222810 5.975578
v 4.272842 1.222810 5.975578
v 4.272842 1.834291 5.853468
v 4.272842 1.834291 5.853468
v 4.393583 1.833847 5.734011
v 4.393583 1.176753 5.865229
v 4.393583 3.048364 8.666111
v 4.393583 3.420215 8.108690
v 6.412532 2.247801 8.450928
v 6.412532 2.598950 8.216681
v 6.412532 1.833862 8.533589
v 6.412532 1.419924 8.450928
v 6.412532 1.069005 8.216451
v 6.412532 0.834528 7.865532
v 6.412532 0.752190 7.451594
v 6.412532 0.834528 7.037656
v 6.412532 1.069005 6.686736
v 6.412532 1.419924 6.452259
v 6.412532 1.833862 6.369597
v 6.412532 2.247801 6.452259
v 6.412532 2.598950 6.686508
v 6.412532 2.833198 7.037656
v 6.412532 2.915535 7.451594
v 6.412532 2.833198 7.865532
v 6.412532 2.598950 8.216681
v 6.412532 2.247801 8.450928
v 6.234865 2.169307 8.261402
v 6.234865 2.453859 8.071580
v 6.412532 1.833862 8.533589
v 6.234865 1.833872 8.328386
v 6.412532 1.419924 8.450928
v 6.234865 1.498439 8.261402
v 6.412532 1.069005 8.216451
v 6.234865 1.214072 8.071394
v 6.412532 0.834528 7.865532
v 6.234865 1.024064 7.787027
v 6.412532 0.752190 7.451594
v 6.234865 0.957342 7.451594
v 6.412532 0.834528 7.037656
v 6.234865 1.024064 7.116160
v 6.412532 1.069005 6.686736
v 6.234865 1.214072 6.831794
v 6.412532 1.419924 6.452259
v 6.234865 1.498439 6.641786
v 6.412532 1.833862 6.369597
v 6.234865 1.833872 6.574800
v 6.412532 2.247801 6.452259
v 6.234865 2.169307 6.641786
v 6.412532 2.598950 6.686508
v 6.234865 2.453859 6.831608
v 6.412532 2.833198 7.037656
v 6.234865 2.643681 7.116160
v 6.412532 2.915535 7.451594
v 6.234865 2.710403 7.451594
v 6.412532 2.833198 7.865532
v 6.234865 2.643681 7.787027
v 4.393583 0.116777 7.451596
v 4.393583 0.116777 7.451596
v 4.795000 0.000000 7.451597
v 4.795000 0.000000 7.451597
v 4.795000 0.139593 8.153379
v 4.393583 0.247481 8.108690
v 4.393583 0.619377 6.237125
v 4.795000 0.536859 6.154611
v 4.795000 0.139593 6.749815
v 4.393583 0.247481 6.794501
v 4.393583 3.550919 7.451596
v 4.795000 3.667691 7.451597
v 4.795000 3.528098 6.749815
v 4.393583 3.420215 6.794501
v 4.393583 1.833847 9.169180
v 4.795000 1.833845 9.285991
v 4.795000 2.535628 9.145848
v 4.393583 2.490943 9.037962
v 4.393583 1.833847 5.734011
v 4.795000 1.833845 5.617201
v 4.795000 1.132063 5.757345
v 4.393583 1.176753 5.865229
v 4.393583 3.048364 8.666111
v 4.795000 3.130958 8.748710
v 4.795000 3.528098 8.153379
v 4.393583 3.420215 8.108690
v 4.795000 3.130958 6.154485
v 4.393583 3.048364 6.237081
v 4.795000 0.537121 8.748322
v 4.393583 0.619695 8.665749
v 4.393583 2.490943 5.865229
v 4.795000 2.535628 5.757345
v 4.393583 1.176753 9.037962
v 4.795000 1.132063 9.145848
v 6.234865 1.214072 8.071394
v 7.111474 1.678943 7.606544
v 6.234865 1.024064 7.787027
v 7.111474 1.631441 7.535452
v 6.234865 0.957342 7.451594
v 7.111474 1.614761 7.451594
v 6.234865 1.024064 7.116160
v 7.111474 1.631441 7.367736
v 6.234865 1.214072 6.831794
v 7.111474 1.678943 7.296644
v 6.234865 1.498439 6.641786
v 7.111474 1.750035 7.249142
v 6.234865 1.833872 6.574800
v 7.111474 1.833893 7.232396
v 6.234865 2.169307 6.641786
v 7.111474 1.917751 7.249142
v 6.234865 2.453859 6.831608
v 7.111474 1.988891 7.296598
v 6.004148 0.116777 7.451596
v 6.004148 0.116777 7.451596
v 6.004148 0.247481 8.108690
v 5.602731 0.139593 8.153379
v 5.602731 0.000000 7.451597
v 5.602731 0.000000 7.451597
v 6.004148 0.619650 6.237398
v 6.004148 0.247481 6.794501
v 5.602731 0.139593 6.749815
v 5.602731 0.536994 6.154746
v 6.004148 3.550919 7.451596
v 6.004148 3.420215 6.794501
v 5.602731 3.528098 6.749815
v 5.602731 3.667691 7.451597
v 6.004148 1.833847 9.169180
v 6.004148 2.490943 9.037962
v 5.602731 2.535628 9.145848
v 5.602731 1.833845 9.285991
v 6.004148 1.833847 5.734011
v 6.004148 1.176753 5.865229
v 5.602731 1.132063 5.757345
v 5.602731 1.833845 5.617201
v 6.004148 3.048364 8.666111
v 6.004148 3.420215 8.108690
v 5.602731 3.528098 8.153379
v 5.602731 3.130958 8.748709
v 6.004148 3.048364 6.237081
v 5.602731 3.130958 6.154485
v 6.004148 0.619695 8.665749
v 5.602731 0.537121 8.748322
v 6.004148 2.490943 5.865229
v 5.602731 2.535628 5.757345
v 6.004148 1.176753 9.037962
v 5.602731 1.132063 9.145848
v 4.162866 1.214953 6.832256
v 3.985199 1.069886 6.687199
v 4.162866 1.499320 6.642248
v 3.985199 1.420806 6.452722
v 4.162866 1.834754 6.575264
v 3.985199 1.834744 6.370060
v 4.162866 2.170187 6.642248
v 3.985199 2.248682 6.452722
v 4.162866 2.454741 6.832071
v 3.985199 2.599831 6.686970
v 4.162866 2.644563 7.116623
v 3.985199 2.834079 7.038118
v 4.162866 2.711285 7.452056
v 3.985199 2.916417 7.452056
v 4.162866 2.644563 7.787490
v 3.985199 2.834079 7.865994
v 4.162866 2.454741 8.072042
v 3.985199 2.599831 8.217142
v 4.162866 2.170187 8.261865
v 3.985199 2.248682 8.451391
v 4.162866 1.834782 7.452056
v 4.162866 2.454741 6.832071
v 4.162866 2.170187 6.642248
v 4.162866 2.644563 7.116623
v 4.162866 2.711285 7.452056
v 4.162866 2.644563 7.787490
v 4.162866 2.454741 8.072042
v 4.162866 2.170187 8.261865
v 4.162866 1.834754 8.328848
v 4.162866 1.499320 8.261865
v 4.162866 1.214953 8.071857
v 4.162866 1.024946 7.787490
v 4.162866 0.958224 7.452056
v 4.162866 1.024946 7.116623
v 4.162866 1.214953 6.832256
v 4.162866 1.499320 6.642248
v 4.162866 1.834754 6.575264
v 3.985199 2.599831 6.686970
v 3.985199 1.069886 6.687199
v 3.985199 2.248682 6.452722
v 3.985199 1.834744 6.370060
v 3.985199 1.420806 6.452722
v 3.985199 1.582242 7.451594
v 3.985199 1.833900 7.451594
v 3.985199 1.655951 7.273645
v 3.985199 2.085557 7.451594
v 3.985199 2.011848 7.629543
v 3.985199 1.833900 7.703251
v 3.985199 1.655951 7.629543
v 3.985199 1.833900 7.199937
v 3.985199 2.011848 7.273645
v 4.162866 1.655951 7.273645
v 4.162866 1.582242 7.451594
v 3.985199 1.582242 7.451594
v 3.985199 1.655951 7.273645
v 4.162866 2.085557 7.451594
v 4.162866 2.011848 7.273645
v 3.985199 2.011848 7.273645
v 3.985199 2.085557 7.451594
v 4.162866 1.655951 7.629543
v 4.162866 1.833900 7.703251
v 3.985199 1.833900 7.703251
v 3.985199 1.655951 7.629543
v 4.162866 1.833900 7.199937
v 3.985199 1.833900 7.199937
v 4.162866 2.011848 7.629543
v 3.985199 2.011848 7.629543
v 7.403677 1.833900 7.451594
vn -0.7962 -0.2317 0.5589
vn -0.8735 -0.1864 0.4497
vn -0.8736 -0.3441 0.3442
vn -0.7965 -0.4275 0.4276
vn -0.8737 -0.4495 0.1862
vn -0.7968 -0.5583 0.2313
vn -0.8737 -0.4864 -0.0000
vn -0.7969 -0.6041 -0.0000
vn -0.8737 -0.4494 -0.1861
vn -0.7971 -0.5579 -0.2310
vn -0.7559 0.6547 -0.0000
vn -0.7559 0.6048 0.2505
vn -0.7560 -0.0000 -0.6546
vn -0.7559 0.2508 -0.6047
vn -0.7559 0.2507 -0.6047
vn -0.7559 0.4629 -0.4629
vn -0.7559 0.6048 -0.2505
vn 0.7965 0.4275 0.4275
vn 0.7033 0.5027 0.5027
vn 0.7032 0.2721 0.6569
vn 0.7964 0.2314 0.5587
vn -0.7958 0.5596 -0.2315
vn -0.8734 0.4500 -0.1861
vn -0.8734 0.4871 -0.0000
vn -0.7956 0.6058 -0.0000
vn 0.6000 0.8000 -0.0000
vn 0.6000 0.7393 -0.3059
vn 0.6000 0.7392 -0.3059
vn -0.7965 -0.4276 0.4276
vn -0.7030 -0.5031 0.5027
vn -0.7024 -0.2728 0.6574
vn -0.7962 -0.2317 0.5590
vn 0.7965 -0.0000 0.6046
vn 0.7033 -0.0000 0.7109
vn 0.7032 -0.2723 0.6568
vn 0.7965 -0.2316 0.5586
vn 0.7965 -0.4275 -0.4275
vn 0.7033 -0.5026 -0.5026
vn 0.7032 -0.2723 -0.6568
vn 0.7965 -0.2316 -0.5586
vn 0.6000 0.7393 0.3059
vn 0.6000 0.7392 0.3059
vn -0.8733 0.4501 0.1862
vn -0.7955 0.5599 0.2317
vn -0.7961 0.4280 -0.4279
vn -0.7022 0.5036 -0.5034
vn -0.7027 0.2724 -0.6573
vn -0.7963 0.2315 -0.5588
vn 0.7965 -0.0000 -0.6046
vn 0.7033 -0.0000 -0.7109
vn 0.7031 0.2721 -0.6569
vn 0.7964 0.2314 -0.5587
vn 0.7965 0.6047 -0.0000
vn 0.7031 0.7110 -0.0000
vn 0.7031 0.6570 0.2719
vn 0.7965 0.5588 0.2312
vn 0.7965 -0.4276 0.4276
vn 0.7032 -0.5028 0.5028
vn 0.7032 -0.6569 0.2721
vn 0.7964 -0.5587 0.2314
vn 0.6001 0.5656 0.5656
vn -0.8734 0.3444 0.3443
vn -0.7956 0.4284 0.4283
vn 0.7965 0.4275 -0.4275
vn 0.7032 0.5027 -0.5027
vn 0.7031 0.6570 -0.2719
vn 0.7964 0.5588 -0.2312
vn 0.7965 -0.6047 -0.0000
vn 0.7032 -0.7110 -0.0000
vn 0.7032 -0.6569 -0.2721
vn 0.7965 -0.5586 -0.2314
vn 0.6000 0.3062 0.7391
vn -0.8734 0.1864 0.4499
vn -0.7957 0.2318 0.5596
vn -0.8735 0.0001 0.4868
vn -0.7960 -0.0000 0.6053
vn 0.6001 -0.0000 0.7999
vn 0.6000 -0.3064 0.7390
vn -0.7967 -0.5583 0.2313
vn -0.7038 -0.7103 -0.0001
vn -0.7035 -0.6567 0.2718
vn -0.7970 -0.5580 -0.2310
vn -0.7971 -0.4270 -0.4270
vn -0.7045 -0.5018 -0.5018
vn -0.7040 -0.6562 -0.2716
vn -0.7957 0.5596 -0.2315
vn -0.7955 0.6059 -0.0000
vn -0.7012 0.7130 -0.0001
vn -0.7016 0.6584 -0.2726
vn -0.7956 0.2318 0.5596
vn -0.7019 -0.0002 0.7122
vn -0.7014 0.2726 0.6586
vn -0.7969 -0.2313 -0.5581
vn -0.7967 -0.0000 -0.6044
vn -0.7033 -0.0002 -0.7109
vn -0.7037 -0.2721 -0.6563
vn -0.7955 0.5600 0.2317
vn -0.7956 0.4284 0.4284
vn -0.7012 0.5041 0.5042
vn -0.7010 0.6589 0.2727
vn 0.8735 0.1863 0.4498
vn 0.8735 0.3442 0.3442
vn 0.8735 -0.0000 0.4868
vn 0.8735 -0.1865 0.4498
vn 0.8735 -0.3443 0.3443
vn 0.8735 -0.4498 0.1863
vn 0.8735 -0.4869 -0.0000
vn 0.8735 -0.4498 -0.1863
vn 0.8735 -0.3443 -0.3443
vn 0.8735 -0.1865 -0.4498
vn 0.8735 -0.0000 -0.4868
vn 0.8735 0.1863 -0.4498
vn 0.8735 0.3442 -0.3442
vn 0.8734 0.4499 -0.1861
vn 0.8734 0.4869 -0.0000
vn 0.8734 0.4499 0.1861
vn 0.7560 -0.4629 -0.4629
vn 0.7559 -0.2505 -0.6048
vn 0.7560 -0.0000 -0.6546
vn 0.7559 0.2507 -0.6047
vn 0.7559 0.2508 -0.6047
vn 0.7559 0.4629 -0.4629
vn 0.7559 0.6048 -0.2505
vn 0.7559 0.6547 -0.0000
vn 0.7559 0.6048 0.2505
vn 0.7559 0.4629 0.4629
vn 0.7559 0.2507 0.6047
vn 0.7559 0.2508 0.6047
vn 0.7560 -0.0000 0.6546
vn 0.7559 -0.2505 0.6048
vn 0.7560 -0.4629 0.4629
vn 0.7559 -0.6049 0.2503
vn 0.7559 -0.6050 0.2503
vn 0.7559 -0.6547 -0.0000
vn 0.7559 -0.6049 -0.2503
vn 0.7559 -0.6050 -0.2503
vn -0.2793 -0.9602 -0.0000
vn -0.1412 -0.9900 -0.0000
vn -0.1411 -0.9146 0.3789
vn -0.2793 -0.8871 0.3675
vn -0.2792 -0.6790 -0.6790
vn -0.1411 -0.7000 -0.7000
vn -0.1411 -0.9147 -0.3786
vn -0.2793 -0.8872 -0.3671
vn -0.2793 0.9602 -0.0000
vn -0.1412 0.9900 -0.0000
vn -0.1411 0.9148 -0.3785
vn -0.2793 0.8872 -0.3671
vn -0.2794 -0.0000 0.9602
vn -0.1412 -0.0000 0.9900
vn -0.1412 0.3789 0.9146
vn -0.2793 0.3675 0.8871
vn -0.2794 -0.0000 -0.9602
vn -0.1413 -0.0000 -0.9900
vn -0.1411 -0.3790 -0.9146
vn -0.2793 -0.3675 -0.8871
vn -0.2794 0.6789 0.6789
vn -0.1412 0.7000 0.7000
vn -0.1412 0.9148 0.3785
vn -0.2793 0.8873 0.3671
vn -0.1412 0.7000 -0.7000
vn -0.2794 0.6789 -0.6789
vn -0.1412 -0.7000 0.7000
vn -0.2793 -0.6790 0.6790
vn -0.2793 0.3675 -0.8871
vn -0.1412 0.3789 -0.9146
vn -0.2793 -0.3678 0.8870
vn -0.1411 -0.3792 0.9145
vn 0.6000 -0.5657 0.5657
vn 0.6000 -0.7391 0.3062
vn 0.6000 -0.8000 -0.0000
vn 0.6000 -0.7391 -0.3062
vn 0.6000 -0.5657 -0.5657
vn 0.6000 -0.3064 -0.7390
vn 0.6001 -0.0000 -0.7999
vn 0.6000 0.3062 -0.7391
vn 0.6001 0.5656 -0.5656
vn 0.2793 -0.9602 -0.0000
vn 0.2793 -0.8871 0.3675
vn 0.1411 -0.9146 0.3789
vn 0.1412 -0.9900 -0.0000
vn 0.2795 -0.6790 -0.6789
vn 0.2793 -0.8871 -0.3674
vn 0.1413 -0.9147 -0.3787
vn 0.1413 -0.7000 -0.7000
vn 0.2793 0.9602 -0.0000
vn 0.2793 0.8872 -0.3671
vn 0.1411 0.9148 -0.3785
vn 0.1412 0.9900 -0.0000
vn 0.2794 -0.0000 0.9602
vn 0.2793 0.3675 0.8871
vn 0.1411 0.3789 0.9146
vn 0.1412 -0.0000 0.9900
vn 0.2794 -0.0000 -0.9602
vn 0.2794 -0.3677 -0.8870
vn 0.1412 -0.3791 -0.9145
vn 0.1412 -0.0000 -0.9900
vn 0.2794 0.6789 0.6789
vn 0.2793 0.8873 0.3671
vn 0.1412 0.9148 0.3785
vn 0.1412 0.7000 0.7000
vn 0.1412 -0.9900 -0.0001
vn 0.2794 0.6789 -0.6789
vn 0.1412 0.7000 -0.7000
vn 0.2793 -0.6790 0.6790
vn 0.1412 -0.7000 0.7000
vn 0.2793 0.3675 -0.8871
vn 0.1411 0.3789 -0.9146
vn 0.2793 -0.3678 0.8870
vn 0.1411 -0.3792 0.9145
vn -0.7559 0.4629 0.4629
vn -0.7559 0.2508 0.6047
vn -0.7559 0.2507 0.6047
vn -0.7560 -0.0000 0.6546
vn -0.7559 -0.2505 0.6048
vn -0.7560 -0.4629 0.4629
vn -0.7559 -0.6050 0.2503
vn -0.7559 -0.6049 0.2503
vn -0.7559 -0.6547 -0.0000
vn -0.7559 -0.6050 -0.2503
vn -0.7559 -0.6049 -0.2503
vn -0.7560 -0.4629 -0.4629
vn -0.7559 -0.2505 -0.6048
vn -1.0000 -0.0000 -0.0000
vn -0.7961 0.4279 -0.4279
vn -0.8735 0.3442 -0.3442
vn -0.8738 -0.3439 -0.3438
vn -0.7972 -0.4269 -0.4269
vn -0.8736 0.1863 -0.4497
vn -0.8737 0.0001 -0.4865
vn -0.7969 -0.2312 -0.5581
vn -0.8737 -0.1863 -0.4494
vn -0.0000 -0.7071 -0.7071
vn -0.0000 -1.0000 -0.0000
vn -0.0000 1.0000 -0.0000
vn -0.0000 0.7071 -0.7071
vn -0.0000 -0.7071 0.7071
vn -0.0000 -0.0000 1.0000
vn -0.0000 -0.0000 -1.0000
vn -0.0000 0.7071 0.7071
vn 1.0000 -0.0000 -0.0000
vt 0.932023 0.575166
vt 0.851055 0.541625
vt 0.827474 0.576917
vt 0.889444 0.638890
vt 0.792181 0.600499
vt 0.825719 0.681470
vt 0.750551 0.608780
vt 0.750551 0.696421
vt 0.708921 0.600499
vt 0.675383 0.681470
vt 0.750552 0.593013
vt 0.714955 0.585932
vt 0.859369 0.499995
vt 0.843598 0.499995
vt 0.836489 0.535591
vt 0.816326 0.565768
vt 0.786148 0.585932
vt 0.111096 0.361056
vt 0.089474 0.339435
vt 0.040316 0.413125
vt 0.068559 0.424822
vt 0.675383 0.318525
vt 0.708921 0.399491
vt 0.750551 0.391210
vt 0.750551 0.303573
vt 0.250030 0.476732
vt 0.258929 0.478502
vt 0.285626 0.414051
vt 0.250030 0.406970
vt 0.889445 0.638885
vt 0.911060 0.660501
vt 0.960266 0.586859
vt 0.932024 0.575160
vt 0.053548 0.499991
vt 0.022969 0.499992
vt 0.040316 0.586858
vt 0.068559 0.575159
vt 0.388923 0.638883
vt 0.410544 0.660506
vt 0.459744 0.586858
vt 0.431503 0.575159
vt 0.241131 0.478502
vt 0.214434 0.414051
vt 0.792181 0.399491
vt 0.825719 0.318525
vt 0.611618 0.361058
vt 0.589995 0.339436
vt 0.540837 0.413126
vt 0.569080 0.424824
vt 0.446513 0.499991
vt 0.477091 0.499992
vt 0.459744 0.413125
vt 0.431503 0.424822
vt 0.250031 0.303567
vt 0.250030 0.272999
vt 0.163163 0.290278
vt 0.174862 0.318519
vt 0.111138 0.638884
vt 0.089521 0.660500
vt 0.163163 0.709706
vt 0.174862 0.681463
vt 0.184237 0.434195
vt 0.233582 0.483538
vt 0.827497 0.423049
vt 0.889485 0.361063
vt 0.388965 0.361056
vt 0.410586 0.339435
vt 0.336897 0.290277
vt 0.325199 0.318519
vt 0.250031 0.696415
vt 0.250030 0.726985
vt 0.336896 0.709706
vt 0.325199 0.681463
vt 0.164093 0.464392
vt 0.228546 0.491087
vt 0.851055 0.458365
vt 0.932023 0.424829
vt 0.947034 0.499997
vt 0.156984 0.499988
vt 0.226768 0.499986
vt 0.164093 0.535585
vt 0.228546 0.508885
vt 0.825720 0.681464
vt 0.750552 0.696416
vt 0.750552 0.726986
vt 0.837418 0.709707
vt 0.675384 0.681464
vt 0.611618 0.638926
vt 0.590001 0.660543
vt 0.663685 0.709707
vt 0.675384 0.318520
vt 0.750552 0.303568
vt 0.750552 0.272999
vt 0.663685 0.290278
vt 0.932024 0.424824
vt 0.947035 0.499992
vt 0.977613 0.499992
vt 0.960266 0.413126
vt 0.569080 0.575160
vt 0.554069 0.499992
vt 0.523491 0.499993
vt 0.540837 0.586859
vt 0.825720 0.318520
vt 0.889486 0.361058
vt 0.911108 0.339436
vt 0.837418 0.290278
vt 0.149527 0.458358
vt 0.173085 0.423042
vt 0.141213 0.499988
vt 0.149527 0.541618
vt 0.173108 0.576911
vt 0.208401 0.600492
vt 0.250031 0.608773
vt 0.291661 0.600492
vt 0.326953 0.576911
vt 0.350535 0.541618
vt 0.358848 0.499988
vt 0.350535 0.458358
vt 0.326976 0.423042
vt 0.291661 0.399484
vt 0.250031 0.391203
vt 0.208401 0.399484
vt 0.184256 0.565762
vt 0.214433 0.585926
vt 0.250030 0.593006
vt 0.285626 0.585926
vt 0.315803 0.565762
vt 0.335967 0.535585
vt 0.343076 0.499988
vt 0.335967 0.464392
vt 0.315823 0.434195
vt 1.000000 0.253785
vt 1.000000 0.186112
vt 0.937823 0.186112
vt 0.937823 0.253785
vt 0.125041 0.253785
vt 0.125041 0.186112
vt 0.062521 0.186112
vt 0.062521 0.253785
vt 0.500172 0.253785
vt 0.500172 0.186112
vt 0.437650 0.186112
vt 0.437650 0.253785
vt 0.750260 0.253785
vt 0.750260 0.186112
vt 0.687739 0.186112
vt 0.687739 0.253785
vt 0.250084 0.253785
vt 0.250084 0.186112
vt 0.187562 0.186112
vt 0.187562 0.253785
vt 0.625217 0.253785
vt 0.625217 0.186112
vt 0.562694 0.186112
vt 0.562694 0.253785
vt 0.000000 0.186112
vt 0.000000 0.253785
vt 0.375127 0.186112
vt 0.375127 0.253785
vt 0.875303 0.186112
vt 0.875303 0.253785
vt 0.312605 0.253785
vt 0.312605 0.186112
vt 0.812782 0.253785
vt 0.812782 0.186112
vt 0.233586 0.516430
vt 0.241131 0.521471
vt 0.250030 0.523241
vt 0.258929 0.521471
vt 0.266473 0.516430
vt 0.271514 0.508885
vt 0.273291 0.499986
vt 0.271514 0.491087
vt 0.266478 0.483538
vt 1.000000 0.001048
vt 0.937823 0.001048
vt 0.937823 0.068721
vt 1.000000 0.068721
vt 0.125041 0.001048
vt 0.062521 0.001048
vt 0.062521 0.068721
vt 0.125041 0.068721
vt 0.500172 0.001048
vt 0.437650 0.001048
vt 0.437650 0.068721
vt 0.500172 0.068721
vt 0.750260 0.001048
vt 0.687739 0.001048
vt 0.687739 0.068721
vt 0.750260 0.068721
vt 0.250084 0.001048
vt 0.187562 0.001048
vt 0.187562 0.068721
vt 0.250084 0.068721
vt 0.625217 0.001048
vt 0.562694 0.001048
vt 0.562694 0.068721
vt 0.625217 0.068721
vt 0.000000 0.001048
vt 0.000000 0.068721
vt 0.375127 0.001048
vt 0.375127 0.068721
vt 0.875303 0.001048
vt 0.875303 0.068721
vt 0.312605 0.001048
vt 0.312605 0.068721
vt 0.812782 0.001048
vt 0.812782 0.068721
vt 0.684778 0.565769
vt 0.673629 0.576917
vt 0.664615 0.535591
vt 0.650047 0.541625
vt 0.657506 0.499995
vt 0.641734 0.499995
vt 0.664615 0.464398
vt 0.650047 0.458365
vt 0.684759 0.434202
vt 0.673606 0.423049
vt 0.714955 0.414057
vt 0.750552 0.406977
vt 0.786148 0.414057
vt 0.816345 0.434202
vt 0.836489 0.464398
vt 0.750552 0.499992
vt 0.611617 0.361063
vt 0.611658 0.638890
vt 0.569079 0.424829
vt 0.554068 0.499997
vt 0.569079 0.575166
vt 0.250030 0.527223
vt 0.250030 0.499985
vt 0.269290 0.519245
vt 0.250030 0.472748
vt 0.230771 0.480725
vt 0.222793 0.499985
vt 0.230771 0.519245
vt 0.277268 0.499985
vt 0.269290 0.480725
vt 0.062500 0.812500
vt 0.000000 0.812500
vt 0.000000 0.750000
vt 0.062500 0.750000
vt 0.250000 0.812500
vt 0.187500 0.812500
vt 0.187500 0.750000
vt 0.250000 0.750000
vt 0.125000 0.812500
vt 0.125000 0.750000
s 1
usemtl defaultMaterial.004
f 901/602/661 902/603/662 903/604/663
f 901/602/661 903/604/663 904/605/664
f 904/605/664 903/604/663 906/606/665
f 904/605/664 906/606/665 907/607/666
f 907/607/666 906/606/665 909/608/667
f 907/607/666 909/608/667 910/609/668
f 910/609/668 909/608/667 912/610/669
f 910/609/668 912/610/669 913/611/670
f 915/608/671 916/612/671 917/613/672
f 915/608/671 917/613/672 918/610/672
f 919/614/673 920/615/673 921/616/674
f 919/614/673 921/616/674 922/603/675
f 922/603/675 921/616/674 923/617/676
f 922/603/675 923/617/676 924/604/676
f 924/604/676 923/617/676 925/618/677
f 924/604/676 925/618/677 926/606/677
f 927/619/678 928/620/679 929/621/680
f 927/619/678 929/621/680 930/622/681
f 931/623/682 933/624/683 934/625/684
f 931/623/682 934/625/684 935/626/685
f 937/627/686 938/628/687 939/629/688
f 937/627/686 939/629/688 940/630/686
f 905/631/689 941/632/690 942/633/691
f 905/631/689 942/633/691 943/634/692
f 944/635/693 945/636/694 946/637/695
f 944/635/693 946/637/695 947/638/696
f 948/639/697 949/640/698 950/641/699
f 948/639/697 950/641/699 951/642/700
f 952/643/701 937/627/686 940/630/686
f 952/643/701 940/630/686 953/644/702
f 935/626/685 934/625/684 954/645/703
f 935/626/685 954/645/703 955/646/704
f 957/647/705 959/648/706 960/649/707
f 957/647/705 960/649/707 961/650/708
f 963/651/709 964/652/710 965/653/711
f 963/651/709 965/653/711 966/654/712
f 967/655/713 968/656/714 969/657/715
f 967/655/713 969/657/715 970/658/716
f 971/659/717 972/660/718 973/661/719
f 971/659/717 973/661/719 974/662/720
f 953/644/702 975/663/721 976/664/721
f 953/644/702 976/664/721 952/643/701
f 955/646/704 954/645/703 977/665/722
f 955/646/704 977/665/722 978/666/723
f 980/667/724 981/668/725 982/669/726
f 980/667/724 982/669/726 983/670/727
f 984/671/728 985/672/729 986/673/730
f 984/671/728 986/673/730 987/674/731
f 988/675/732 989/676/732 976/664/721
f 988/675/732 976/664/721 975/663/721
f 978/666/723 977/665/722 990/677/733
f 978/666/723 990/677/733 991/678/734
f 927/619/678 970/658/716 969/657/715
f 927/619/678 969/657/715 928/620/679
f 963/651/709 951/642/700 950/641/699
f 963/651/709 950/641/699 964/652/710
f 944/635/693 930/622/681 929/621/680
f 944/635/693 929/621/680 945/636/694
f 967/655/713 983/670/727 982/669/726
f 967/655/713 982/669/726 968/656/714
f 991/678/734 990/677/733 993/614/735
f 991/678/734 993/614/735 994/679/736
f 948/639/697 987/674/731 986/673/730
f 948/639/697 986/673/730 949/640/698
f 984/671/728 974/662/720 973/661/719
f 984/671/728 973/661/719 985/672/729
f 994/679/736 993/614/735 902/603/662
f 994/679/736 902/603/662 901/602/661
f 996/680/737 997/681/737 989/676/732
f 996/680/737 989/676/732 988/675/732
f 998/682/738 999/683/738 997/681/737
f 998/682/738 997/681/737 996/680/737
f 908/684/739 911/685/668 1000/686/740
f 908/684/739 1000/686/740 1001/687/741
f 914/688/742 1002/689/743 1004/690/744
f 914/688/742 1004/690/744 1005/691/745
f 932/692/746 936/693/747 1006/694/748
f 932/692/746 1006/694/748 1007/695/749
f 992/696/750 995/697/736 1008/698/751
f 992/696/750 1008/698/751 1009/699/752
f 1010/700/753 1012/701/754 1014/702/755
f 1010/700/753 1014/702/755 1015/703/756
f 956/704/757 979/705/758 1016/706/759
f 956/704/757 1016/706/759 1017/707/760
f 911/685/668 914/688/742 1005/691/745
f 911/685/668 1005/691/745 1000/686/740
f 957/647/705 932/692/746 1007/695/749
f 957/647/705 1007/695/749 959/648/706
f 905/631/689 908/684/739 1001/687/741
f 905/631/689 1001/687/741 941/632/690
f 936/693/747 956/704/757 1017/707/760
f 936/693/747 1017/707/760 1006/694/748
f 1012/701/754 961/650/708 960/649/707
f 1012/701/754 960/649/707 1014/702/755
f 980/667/724 966/654/712 965/653/711
f 980/667/724 965/653/711 981/668/725
f 927/619/678 930/622/681 1018/708/761
f 927/619/678 1018/708/761 1019/709/762
f 930/622/681 944/635/693 1020/710/763
f 930/622/681 1020/710/763 1018/708/761
f 944/635/693 947/638/696 1021/711/764
f 944/635/693 1021/711/764 1020/710/763
f 947/638/696 971/659/717 1022/712/765
f 947/638/696 1022/712/765 1021/711/764
f 971/659/717 974/662/720 1023/713/766
f 971/659/717 1023/713/766 1022/712/765
f 974/662/720 984/671/728 1024/714/767
f 974/662/720 1024/714/767 1023/713/766
f 984/671/728 987/674/731 1025/715/768
f 984/671/728 1025/715/768 1024/714/767
f 987/674/731 948/639/697 1026/716/769
f 987/674/731 1026/716/769 1025/715/768
f 948/639/697 951/642/700 1027/717/770
f 948/639/697 1027/717/770 1026/716/769
f 951/642/700 963/651/709 1028/718/771
f 951/642/700 1028/718/771 1027/717/770
f 963/651/709 966/654/712 1029/719/772
f 963/651/709 1029/719/772 1028/718/771
f 966/654/712 980/667/724 1030/720/773
f 966/654/712 1030/720/773 1029/719/772
f 980/667/724 983/670/727 1031/721/774
f 980/667/724 1031/721/774 1030/720/773
f 983/670/727 967/655/713 1032/722/775
f 983/670/727 1032/722/775 1031/721/774
f 967/655/713 970/658/716 1033/723/776
f 967/655/713 1033/723/776 1032/722/775
f 970/658/716 927/619/678 1019/709/762
f 970/658/716 1019/709/762 1033/723/776
f 1034/709/777 1035/708/778 1036/675/778
f 1034/709/777 1036/675/778 1037/663/777
f 1035/708/778 1038/710/779 1039/680/779
f 1035/708/778 1039/680/779 1036/675/778
f 1038/710/779 1040/711/780 1041/682/781
f 1038/710/779 1041/682/781 1039/680/779
f 1040/711/780 1042/712/782 1043/724/782
f 1040/711/780 1043/724/782 1041/682/781
f 1042/712/782 1044/713/783 1045/725/783
f 1042/712/782 1045/725/783 1043/724/782
f 1044/713/783 1046/714/784 1047/726/784
f 1044/713/783 1047/726/784 1045/725/783
f 1046/714/784 1048/715/785 1049/727/785
f 1046/714/784 1049/727/785 1047/726/784
f 1048/715/785 1050/716/786 1051/728/786
f 1048/715/785 1051/728/786 1049/727/785
f 1050/716/786 1052/717/787 1053/729/788
f 1050/716/786 1053/729/788 1051/728/786
f 1052/717/787 1054/718/789 1055/730/789
f 1052/717/787 1055/730/789 1053/729/788
f 1054/718/789 1056/719/790 1057/731/790
f 1054/718/789 1057/731/790 1055/730/789
f 1056/719/790 1058/720/791 1059/732/791
f 1056/719/790 1059/732/791 1057/731/790
f 1058/720/791 1060/721/792 1061/629/793
f 1058/720/791 1061/629/793 1059/732/791
f 1060/721/792 1062/722/794 1063/630/794
f 1060/721/792 1063/630/794 1061/629/793
f 1062/722/794 1064/723/795 1065/644/796
f 1062/722/794 1065/644/796 1063/630/794
f 1064/723/795 1034/709/777 1037/663/777
f 1064/723/795 1037/663/777 1065/644/796
f 1002/689/743 1010/700/753 1015/703/756
f 1002/689/743 1015/703/756 1004/690/744
f 995/697/736 943/634/692 942/633/691
f 995/697/736 942/633/691 1008/698/751
f 971/659/717 947/638/696 946/637/695
f 971/659/717 946/637/695 972/660/718
f 979/705/758 992/696/750 1009/699/752
f 979/705/758 1009/699/752 1016/706/759
f 1066/733/797 1068/734/798 1070/735/799
f 1066/733/797 1070/735/799 1071/736/800
f 1072/737/801 1073/738/802 1074/739/803
f 1072/737/801 1074/739/803 1075/740/804
f 1076/741/805 1077/742/806 1078/743/807
f 1076/741/805 1078/743/807 1079/744/808
f 1080/745/809 1081/746/810 1082/747/811
f 1080/745/809 1082/747/811 1083/748/812
f 1084/749/813 1085/750/814 1086/751/815
f 1084/749/813 1086/751/815 1087/752/816
f 1088/753/817 1089/754/818 1090/755/819
f 1088/753/817 1090/755/819 1091/756/820
f 1075/740/804 1074/739/803 1069/757/798
f 1075/740/804 1069/757/798 1067/758/797
f 1079/744/808 1078/743/807 1092/759/821
f 1079/744/808 1092/759/821 1093/760/822
f 1071/736/800 1070/735/799 1094/761/823
f 1071/736/800 1094/761/823 1095/762/824
f 1091/756/820 1090/755/819 1077/742/806
f 1091/756/820 1077/742/806 1076/741/805
f 1096/763/825 1097/764/826 1085/750/814
f 1096/763/825 1085/750/814 1084/749/813
f 1093/760/822 1092/759/821 1097/764/826
f 1093/760/822 1097/764/826 1096/763/825
f 1087/752/816 1086/751/815 1073/738/802
f 1087/752/816 1073/738/802 1072/737/801
f 1098/765/827 1099/766/828 1081/746/810
f 1098/765/827 1081/746/810 1080/745/809
f 1095/762/824 1094/761/823 1099/766/828
f 1095/762/824 1099/766/828 1098/765/827
f 1083/748/812 1082/747/811 1089/754/818
f 1083/748/812 1089/754/818 1088/753/817
f 1100/724/829 1101/767/829 999/683/738
f 1100/724/829 999/683/738 998/682/738
f 1102/725/830 1103/768/830 1101/767/829
f 1102/725/830 1101/767/829 1100/724/829
f 1104/726/831 1105/769/831 1103/768/830
f 1104/726/831 1103/768/830 1102/725/830
f 1106/727/832 1107/770/832 1105/769/831
f 1106/727/832 1105/769/831 1104/726/831
f 1108/728/833 1109/771/833 1107/770/832
f 1108/728/833 1107/770/832 1106/727/832
f 1110/729/834 1111/772/834 1109/771/833
f 1110/729/834 1109/771/833 1108/728/833
f 1112/730/835 1113/773/835 1111/772/834
f 1112/730/835 1111/772/834 1110/729/834
f 1114/731/836 1115/774/836 1113/773/835
f 1114/731/836 1113/773/835 1112/730/835
f 1116/732/837 1117/775/837 1115/774/836
f 1116/732/837 1115/774/836 1114/731/836
f 938/628/687 1117/775/837 1116/732/837
f 938/628/687 1116/732/837 939/629/688
f 1118/776/838 1120/777/839 1121/778/840
f 1118/776/838 1121/778/840 1122/779/841
f 1124/780/842 1125/781/843 1126/782/844
f 1124/780/842 1126/782/844 1127/783/845
f 1128/784/846 1129/785/847 1130/786/848
f 1128/784/846 1130/786/848 1131/787/849
f 1132/788/850 1133/789/851 1134/790/852
f 1132/788/850 1134/790/852 1135/791/853
f 1136/792/854 1137/793/855 1138/794/856
f 1136/792/854 1138/794/856 1139/795/857
f 1140/796/858 1141/797/859 1142/798/860
f 1140/796/858 1142/798/860 1143/799/861
f 1125/781/843 1119/800/838 1123/801/862
f 1125/781/843 1123/801/862 1126/782/844
f 1129/785/847 1144/802/863 1145/803/864
f 1129/785/847 1145/803/864 1130/786/848
f 1120/777/839 1146/804/865 1147/805/866
f 1120/777/839 1147/805/866 1121/778/840
f 1141/797/859 1128/784/846 1131/787/849
f 1141/797/859 1131/787/849 1142/798/860
f 1148/806/867 1136/792/854 1139/795/857
f 1148/806/867 1139/795/857 1149/807/868
f 1144/802/863 1148/806/867 1149/807/868
f 1144/802/863 1149/807/868 1145/803/864
f 1137/793/855 1124/780/842 1127/783/845
f 1137/793/855 1127/783/845 1138/794/856
f 1150/808/869 1132/788/850 1135/791/853
f 1150/808/869 1135/791/853 1151/809/870
f 1146/804/865 1150/808/869 1151/809/870
f 1146/804/865 1151/809/870 1147/805/866
f 1133/789/851 1140/796/858 1143/799/861
f 1133/789/851 1143/799/861 1134/790/852
f 1122/779/841 1121/778/840 1070/735/799
f 1122/779/841 1070/735/799 1068/734/798
f 1127/783/845 1126/782/844 1074/739/803
f 1127/783/845 1074/739/803 1073/738/802
f 1131/787/849 1130/786/848 1078/743/807
f 1131/787/849 1078/743/807 1077/742/806
f 1135/791/853 1134/790/852 1082/747/811
f 1135/791/853 1082/747/811 1081/746/810
f 1139/795/857 1138/794/856 1086/751/815
f 1139/795/857 1086/751/815 1085/750/814
f 1143/799/861 1142/798/860 1090/755/819
f 1143/799/861 1090/755/819 1089/754/818
f 1126/782/844 1123/801/862 1069/757/798
f 1126/782/844 1069/757/798 1074/739/803
f 1130/786/848 1145/803/864 1092/759/821
f 1130/786/848 1092/759/821 1078/743/807
f 1121/778/840 1147/805/866 1094/761/823
f 1121/778/840 1094/761/823 1070/735/799
f 1142/798/860 1131/787/849 1077/742/806
f 1142/798/860 1077/742/806 1090/755/819
f 1149/807/868 1139/795/857 1085/750/814
f 1149/807/868 1085/750/814 1097/764/826
f 1145/803/864 1149/807/868 1097/764/826
f 1145/803/864 1097/764/826 1092/759/821
f 1138/794/856 1127/783/845 1073/738/802
f 1138/794/856 1073/738/802 1086/751/815
f 1151/809/870 1135/791/853 1081/746/810
f 1151/809/870 1081/746/810 1099/766/828
f 1147/805/866 1151/809/870 1099/766/828
f 1147/805/866 1099/766/828 1094/761/823
f 1134/790/852 1143/799/861 1089/754/818
f 1134/790/852 1089/754/818 1082/747/811
f 926/606/677 925/618/677 916/612/671
f 926/606/677 916/612/671 915/608/671
f 918/610/672 917/613/672 1152/810/871
f 918/610/672 1152/810/871 1153/811/871
f 1153/811/871 1152/810/871 1154/812/872
f 1153/811/871 1154/812/872 1155/813/873
f 1155/813/873 1154/812/872 1156/814/874
f 1155/813/873 1156/814/874 1157/815/874
f 1157/815/874 1156/814/874 1158/816/875
f 1157/815/874 1158/816/875 1159/817/875
f 1159/817/875 1158/816/875 1160/818/876
f 1159/817/875 1160/818/876 1161/819/876
f 1161/819/876 1160/818/876 1162/820/877
f 1161/819/876 1162/820/877 1163/624/878
f 1163/624/878 1162/820/877 1164/821/879
f 1163/624/878 1164/821/879 1165/625/879
f 1165/625/879 1164/821/879 1166/822/880
f 1165/625/879 1166/822/880 1167/645/881
f 1167/645/881 1166/822/880 1168/823/882
f 1167/645/881 1168/823/882 1169/665/882
f 1169/665/882 1168/823/882 1170/824/883
f 1169/665/882 1170/824/883 1171/677/883
f 1171/677/883 1170/824/883 920/615/673
f 1171/677/883 920/615/673 919/614/673
s 0
f 1172/825/884 1173/818/884 1174/816/884
f 1172/825/884 1175/820/884 1173/818/884
f 1172/825/884 1176/821/884 1175/820/884
f 1172/825/884 1177/822/884 1176/821/884
f 1172/825/884 1178/823/884 1177/822/884
f 1172/825/884 1179/824/884 1178/823/884
f 1172/825/884 1180/615/884 1179/824/884
f 1172/825/884 1181/616/884 1180/615/884
f 1172/825/884 1182/617/884 1181/616/884
f 1172/825/884 1183/618/884 1182/617/884
f 1172/825/884 1184/612/884 1183/618/884
f 1172/825/884 1185/613/884 1184/612/884
f 1172/825/884 1186/810/884 1185/613/884
f 1172/825/884 1187/812/884 1186/810/884
f 1172/825/884 1188/814/884 1187/812/884
f 1172/825/884 1174/816/884 1188/814/884
s 1
f 958/826/885 1189/819/886 933/624/683
f 958/826/885 933/624/683 931/623/682
f 913/611/670 912/610/669 1190/811/887
f 913/611/670 1190/811/887 1003/827/888
f 962/828/708 1191/817/889 1189/819/886
f 962/828/708 1189/819/886 958/826/885
f 1013/829/754 1192/815/890 1191/817/889
f 1013/829/754 1191/817/889 962/828/708
f 1011/830/891 1193/813/892 1192/815/890
f 1011/830/891 1192/815/890 1013/829/754
f 1003/827/888 1190/811/887 1193/813/892
f 1003/827/888 1193/813/892 1011/830/891
s 0
f 1194/831/884 1195/832/884 1196/833/884
f 1197/834/884 1195/832/884 1198/835/884
f 1199/836/884 1195/832/884 1200/837/884
f 1201/838/884 1195/832/884 1202/839/884
f 1194/831/884 1200/837/884 1195/832/884
f 1196/833/884 1195/832/884 1201/838/884
f 1202/839/884 1195/832/884 1197/834/884
f 1198/835/884 1195/832/884 1199/836/884
s 1
f 1203/840/893 1204/841/894 1205/842/894
f 1203/840/893 1205/842/894 1206/843/893
f 1207/844/895 1208/845/896 1209/846/896
f 1207/844/895 1209/846/896 1210/847/895
f 1211/840/897 1212/848/898 1213/849/898
f 1211/840/897 1213/849/898 1214/843/897
f 1204/841/894 1211/840/897 1214/843/897
f 1204/841/894 1214/843/897 1205/842/894
f 1215/848/899 1203/840/893 1206/843/893
f 1215/848/899 1206/843/893 1216/849/899
f 1208/845/896 1215/848/899 1216/849/899
f 1208/845/896 1216/849/899 1209/846/896
f 1217/845/900 1207/844/895 1210/847/895
f 1217/845/900 1210/847/895 1218/846/900
f 1212/848/898 1217/845/900 1218/846/900
f 1212/848/898 1218/846/900 1213/849/898
f 1219/832/901 1117/775/837 938/628/687
f 1219/832/901 1115/774/836 1117/775/837
f 1219/832/901 1113/773/835 1115/774/836
f 1219/832/901 1111/772/834 1113/773/835
f 1219/832/901 1109/771/833 1111/772/834
f 1219/832/901 1107/770/832 1109/771/833
f 1219/832/901 1105/769/831 1107/770/832
f 1219/832/901 1103/768/830 1105/769/831
f 1219/832/901 1101/767/829 1103/768/830
f 1219/832/901 999/683/738 1101/767/829
f 1219/832/901 997/681/737 999/683/738
f 1219/832/901 989/676/732 997/681/737
f 1219/832/901 976/664/721 989/676/732
f 1219/832/901 952/643/701 976/664/721
f 1219/832/901 937/627/686 952/643/701
f 1219/832/901 938/628/687 937/627/686
o defaultMaterial.006
v -4.272842 1.222810 8.928073
v -4.272842 0.704421 8.581697
v -4.272842 0.704421 8.581697
v -3.985199 1.069886 8.216914
v -3.985199 1.420806 8.451391
v -4.272842 0.358044 8.063308
v -4.272842 0.358044 8.063308
v -3.985199 0.835409 7.865994
v -4.272842 0.236413 7.451826
v -4.272842 0.236413 7.451826
v -3.985199 0.753072 7.452056
v -4.272842 0.358044 6.840344
v -4.272842 0.358044 6.840344
v -3.985199 0.835409 7.038118
v -3.985199 0.753072 7.452056
v -3.985199 0.835409 7.038118
v -4.162866 1.024946 7.116623
v -4.162866 0.958224 7.452056
v -3.985199 1.834744 8.534052
v -3.985199 1.420806 8.451391
v -4.162866 1.499320 8.261865
v -4.162866 1.834754 8.328848
v -3.985199 1.069886 8.216914
v -4.162866 1.214953 8.071857
v -3.985199 0.835409 7.865994
v -4.162866 1.024946 7.787490
v -6.124889 2.963911 8.581655
v -6.124889 2.445251 8.927649
v -6.004148 2.490943 9.037962
v -6.004148 3.048364 8.666111
v -4.272842 3.310540 6.840344
v -4.272842 3.310540 6.840344
v -4.272842 3.432171 7.451826
v -4.272842 3.432171 7.451826
v -3.985199 2.916417 7.452056
v -3.985199 2.834079 7.038118
v -7.111474 2.053026 7.451594
v -6.234865 2.710403 7.451594
v -6.234865 2.643681 7.116160
v -7.111474 2.036345 7.367736
v -4.272842 1.222810 8.928073
v -4.393583 1.176753 9.037962
v -4.393583 0.619695 8.665749
v -6.124889 1.833851 9.049742
v -6.124889 1.222448 8.927649
v -6.004148 1.176753 9.037962
v -6.004148 1.833847 9.169180
v -6.124889 0.704127 6.321871
v -6.124889 1.222448 5.975540
v -6.004148 1.176753 5.865229
v -6.004148 0.619650 6.237398
v -7.111474 2.036345 7.535452
v -6.234865 2.643681 7.787027
v -4.272842 3.310540 8.063308
v -4.272842 3.310540 8.063308
v -3.985199 2.834079 7.865994
v -4.272842 2.964501 6.321618
v -4.272842 2.964501 6.321618
v -4.272842 2.445774 5.975578
v -4.272842 2.445774 5.975578
v -4.393583 2.490943 5.865229
v -4.393583 3.048364 6.237081
v -6.124889 1.833851 5.853446
v -6.124889 2.445251 5.975540
v -6.004148 2.490943 5.865229
v -6.004148 1.833847 5.734011
v -6.124889 3.431520 7.451594
v -6.124889 3.309905 8.062995
v -6.004148 3.420215 8.108690
v -6.004148 3.550919 7.451596
v -6.124889 0.704127 8.581317
v -6.124889 0.357796 8.062995
v -6.004148 0.247481 8.108690
v -6.004148 0.619695 8.665749
v -7.111474 1.988889 7.606590
v -6.234865 2.453859 8.071580
v -4.272842 2.964501 8.582035
v -4.272842 2.964501 8.582035
v -3.985199 2.599831 8.217142
v -6.124889 2.963912 6.321534
v -6.124889 3.309905 6.840192
v -6.004148 3.420215 6.794501
v -6.004148 3.048364 6.237081
v -6.124889 0.236181 7.451594
v -6.124889 0.357796 6.840192
v -6.004148 0.247481 6.794501
v -6.004148 0.116777 7.451596
v -6.234865 2.169307 8.261402
v -7.111474 1.917751 7.654046
v -4.272842 2.445774 8.928073
v -4.272842 2.445774 8.928073
v -3.985199 2.248682 8.451391
v -4.272842 1.834292 9.050183
v -4.272842 1.834292 9.050183
v -3.985199 1.834744 8.534052
v -6.234865 1.833872 8.328386
v -7.111474 1.833893 7.670792
v -6.234865 1.498439 8.261402
v -7.111474 1.750035 7.654046
v -4.393583 0.247481 8.108690
v -4.393583 0.116777 7.451596
v -4.393583 0.247481 6.794501
v -4.393583 0.619377 6.237125
v -4.272842 0.704252 6.321786
v -4.272842 0.704252 6.321786
v -4.393583 3.420215 6.794501
v -4.393583 3.550919 7.451596
v -4.393583 2.490943 9.037962
v -4.393583 1.833847 9.169180
v -4.272842 1.222810 5.975578
v -4.272842 1.222810 5.975578
v -4.393583 1.176753 5.865229
v -4.393583 1.833847 5.734011
v -4.272842 1.834291 5.853468
v -4.272842 1.834291 5.853468
v -4.393583 3.420215 8.108690
v -4.393583 3.048364 8.666111
v -6.412532 2.598950 8.216681
v -6.412532 2.247801 8.450928
v -6.412532 1.833862 8.533589
v -6.412532 1.419924 8.450928
v -6.412532 1.069005 8.216451
v -6.412532 0.834528 7.865532
v -6.412532 0.752190 7.451594
v -6.412532 0.834528 7.037656
v -6.412532 1.069005 6.686736
v -6.412532 1.419924 6.452259
v -6.412532 1.833862 6.369597
v -6.412532 2.247801 6.452259
v -6.412532 2.598950 6.686508
v -6.412532 2.833198 7.037656
v -6.412532 2.915535 7.451594
v -6.412532 2.833198 7.865532
v -6.412532 2.598950 8.216681
v -6.234865 2.453859 8.071580
v -6.234865 2.169307 8.261402
v -6.412532 2.247801 8.450928
v -6.234865 1.833872 8.328386
v -6.412532 1.833862 8.533589
v -6.234865 1.498439 8.261402
v -6.412532 1.419924 8.450928
v -6.234865 1.214072 8.071394
v -6.412532 1.069005 8.216451
v -6.234865 1.024064 7.787027
v -6.412532 0.834528 7.865532
v -6.234865 0.957342 7.451594
v -6.412532 0.752190 7.451594
v -6.234865 1.024064 7.116160
v -6.412532 0.834528 7.037656
v -6.234865 1.214072 6.831794
v -6.412532 1.069005 6.686736
v -6.234865 1.498439 6.641786
v -6.412532 1.419924 6.452259
v -6.234865 1.833872 6.574800
v -6.412532 1.833862 6.369597
v -6.234865 2.169307 6.641786
v -6.412532 2.247801 6.452259
v -6.234865 2.453859 6.831608
v -6.412532 2.598950 6.686508
v -6.234865 2.643681 7.116160
v -6.412532 2.833198 7.037656
v -6.234865 2.710403 7.451594
v -6.412532 2.915535 7.451594
v -6.234865 2.643681 7.787027
v -6.412532 2.833198 7.865532
v -4.393583 0.116777 7.451596
v -4.393583 0.116777 7.451596
v -4.393583 0.247481 8.108690
v -4.795000 0.139593 8.153379
v -4.795000 0.000000 7.451597
v -4.795000 0.000000 7.451597
v -4.393583 0.619377 6.237125
v -4.393583 0.247481 6.794501
v -4.795000 0.139593 6.749815
v -4.795000 0.536859 6.154611
v -4.393583 3.550919 7.451596
v -4.393583 3.420215 6.794501
v -4.795000 3.528098 6.749815
v -4.795000 3.667691 7.451597
v -4.393583 1.833847 9.169180
v -4.393583 2.490943 9.037962
v -4.795000 2.535628 9.145848
v -4.795000 1.833845 9.285991
v -4.393583 1.833847 5.734011
v -4.393583 1.176753 5.865229
v -4.795000 1.132063 5.757345
v -4.795000 1.833845 5.617201
v -4.393583 3.048364 8.666111
v -4.393583 3.420215 8.108690
v -4.795000 3.528098 8.153379
v -4.795000 3.130958 8.748710
v -4.393583 3.048364 6.237081
v -4.795000 3.130958 6.154485
v -4.393583 0.619695 8.665749
v -4.795000 0.537121 8.748322
v -4.393583 2.490943 5.865229
v -4.795000 2.535628 5.757345
v -4.393583 1.176753 9.037962
v -4.795000 1.132063 9.145848
v -6.234865 1.214072 8.071394
v -7.111474 1.678943 7.606544
v -6.234865 1.024064 7.787027
v -7.111474 1.631441 7.535452
v -6.234865 0.957342 7.451594
v -7.111474 1.614761 7.451594
v -6.234865 1.024064 7.116160
v -7.111474 1.631441 7.367736
v -6.234865 1.214072 6.831794
v -7.111474 1.678943 7.296644
v -6.234865 1.498439 6.641786
v -7.111474 1.750035 7.249142
v -6.234865 1.833872 6.574800
v -7.111474 1.833893 7.232396
v -6.234865 2.169307 6.641786
v -7.111474 1.917751 7.249142
v -6.234865 2.453859 6.831608
v -7.111474 1.988891 7.296598
v -6.004148 0.116777 7.451596
v -6.004148 0.116777 7.451596
v -5.602731 0.000000 7.451597
v -5.602731 0.000000 7.451597
v -5.602731 0.139593 8.153379
v -6.004148 0.247481 8.108690
v -6.004148 0.619650 6.237398
v -5.602731 0.536994 6.154746
v -5.602731 0.139593 6.749815
v -6.004148 0.247481 6.794501
v -6.004148 3.550919 7.451596
v -5.602731 3.667691 7.451597
v -5.602731 3.528098 6.749815
v -6.004148 3.420215 6.794501
v -6.004148 1.833847 9.169180
v -5.602731 1.833845 9.285991
v -5.602731 2.535628 9.145848
v -6.004148 2.490943 9.037962
v -6.004148 1.833847 5.734011
v -5.602731 1.833845 5.617201
v -5.602731 1.132063 5.757345
v -6.004148 1.176753 5.865229
v -6.004148 3.048364 8.666111
v -5.602731 3.130958 8.748709
v -5.602731 3.528098 8.153379
v -6.004148 3.420215 8.108690
v -5.602731 3.130958 6.154485
v -6.004148 3.048364 6.237081
v -5.602731 0.537121 8.748322
v -6.004148 0.619695 8.665749
v -6.004148 2.490943 5.865229
v -5.602731 2.535628 5.757345
v -6.004148 1.176753 9.037962
v -5.602731 1.132063 9.145848
v -3.985199 1.069886 6.687199
v -4.162866 1.214953 6.832256
v -3.985199 1.420806 6.452722
v -4.162866 1.499320 6.642248
v -3.985199 1.834744 6.370060
v -4.162866 1.834754 6.575264
v -3.985199 2.248682 6.452722
v -4.162866 2.170187 6.642248
v -3.985199 2.599831 6.686970
v -4.162866 2.454741 6.832071
v -3.985199 2.834079 7.038118
v -4.162866 2.644563 7.116623
v -3.985199 2.916417 7.452056
v -4.162866 2.711285 7.452056
v -3.985199 2.834079 7.865994
v -4.162866 2.644563 7.787490
v -3.985199 2.599831 8.217142
v -4.162866 2.454741 8.072042
v -3.985199 2.248682 8.451391
v -4.162866 2.170187 8.261865
v -4.162866 2.170187 6.642248
v -4.162866 2.454741 6.832071
v -4.162866 1.834782 7.452056
v -4.162866 2.644563 7.116623
v -4.162866 2.711285 7.452056
v -4.162866 2.644563 7.787490
v -4.162866 2.454741 8.072042
v -4.162866 2.170187 8.261865
v -4.162866 1.834754 8.328848
v -4.162866 1.499320 8.261865
v -4.162866 1.214953 8.071857
v -4.162866 1.024946 7.787490
v -4.162866 0.958224 7.452056
v -4.162866 1.024946 7.116623
v -4.162866 1.214953 6.832256
v -4.162866 1.499320 6.642248
v -4.162866 1.834754 6.575264
v -3.985199 2.599831 6.686970
v -3.985199 1.069886 6.687199
v -3.985199 2.248682 6.452722
v -3.985199 1.834744 6.370060
v -3.985199 1.420806 6.452722
v -3.985199 1.655951 7.273645
v -3.985199 1.833900 7.451594
v -3.985199 1.582242 7.451594
v -3.985199 2.011848 7.629543
v -3.985199 2.085557 7.451594
v -3.985199 1.655951 7.629543
v -3.985199 1.833900 7.703251
v -3.985199 2.011848 7.273645
v -3.985199 1.833900 7.199937
v -4.162866 1.655951 7.273645
v -3.985199 1.655951 7.273645
v -3.985199 1.582242 7.451594
v -4.162866 1.582242 7.451594
v -4.162866 2.085557 7.451594
v -3.985199 2.085557 7.451594
v -3.985199 2.011848 7.273645
v -4.162866 2.011848 7.273645
v -4.162866 1.655951 7.629543
v -3.985199 1.655951 7.629543
v -3.985199 1.833900 7.703251
v -4.162866 1.833900 7.703251
v -4.162866 1.833900 7.199937
v -3.985199 1.833900 7.199937
v -4.162866 2.011848 7.629543
v -3.985199 2.011848 7.629543
v -7.403677 1.833900 7.451594
vn 0.7962 -0.2317 0.5589
vn 0.7965 -0.4275 0.4276
vn 0.8736 -0.3441 0.3442
vn 0.8735 -0.1864 0.4497
vn 0.7968 -0.5583 0.2313
vn 0.8737 -0.4495 0.1862
vn 0.7969 -0.6041 -0.0000
vn 0.8737 -0.4864 -0.0000
vn 0.7971 -0.5579 -0.2310
vn 0.8737 -0.4494 -0.1861
vn 0.7559 0.6547 -0.0000
vn 0.7559 0.6048 0.2505
vn 0.7560 -0.0000 -0.6546
vn 0.7559 0.2507 -0.6047
vn 0.7559 0.2508 -0.6047
vn 0.7559 0.4629 -0.4629
vn 0.7559 0.6048 -0.2505
vn -0.7965 0.4275 0.4275
vn -0.7964 0.2314 0.5587
vn -0.7032 0.2721 0.6569
vn -0.7033 0.5027 0.5027
vn 0.7958 0.5596 -0.2315
vn 0.7956 0.6058 -0.0000
vn 0.8734 0.4871 -0.0000
vn 0.8734 0.4500 -0.1861
vn -0.6000 0.8000 -0.0000
vn -0.6000 0.7392 -0.3059
vn -0.6000 0.7393 -0.3059
vn 0.7965 -0.4276 0.4276
vn 0.7962 -0.2317 0.5590
vn 0.7024 -0.2728 0.6574
vn 0.7030 -0.5031 0.5027
vn -0.7965 -0.0000 0.6046
vn -0.7965 -0.2316 0.5586
vn -0.7032 -0.2723 0.6568
vn -0.7033 -0.0000 0.7109
vn -0.7965 -0.4275 -0.4275
vn -0.7965 -0.2316 -0.5586
vn -0.7032 -0.2723 -0.6568
vn -0.7033 -0.5026 -0.5026
vn -0.6000 0.7393 0.3059
vn -0.6000 0.7392 0.3059
vn 0.7955 0.5599 0.2317
vn 0.8733 0.4501 0.1862
vn 0.7961 0.4280 -0.4279
vn 0.7963 0.2315 -0.5588
vn 0.7027 0.2724 -0.6573
vn 0.7022 0.5036 -0.5034
vn -0.7965 -0.0000 -0.6046
vn -0.7964 0.2314 -0.5587
vn -0.7031 0.2721 -0.6569
vn -0.7033 -0.0000 -0.7109
vn -0.7965 0.6047 -0.0000
vn -0.7965 0.5588 0.2312
vn -0.7031 0.6570 0.2719
vn -0.7031 0.7110 -0.0000
vn -0.7965 -0.4276 0.4276
vn -0.7964 -0.5587 0.2314
vn -0.7032 -0.6569 0.2721
vn -0.7032 -0.5028 0.5028
vn -0.6001 0.5656 0.5656
vn 0.7956 0.4283 0.4283
vn 0.8734 0.3444 0.3443
vn -0.7965 0.4275 -0.4275
vn -0.7964 0.5588 -0.2312
vn -0.7031 0.6570 -0.2719
vn -0.7032 0.5027 -0.5027
vn -0.7965 -0.6047 -0.0000
vn -0.7965 -0.5586 -0.2314
vn -0.7032 -0.6569 -0.2721
vn -0.7032 -0.7110 -0.0000
vn -0.6000 0.3062 0.7391
vn 0.7957 0.2318 0.5596
vn 0.8734 0.1864 0.4499
vn 0.7960 -0.0000 0.6053
vn 0.8735 0.0001 0.4868
vn -0.6001 -0.0000 0.7999
vn -0.6000 -0.3064 0.7390
vn 0.7967 -0.5583 0.2313
vn 0.7035 -0.6567 0.2718
vn 0.7038 -0.7103 -0.0001
vn 0.7970 -0.5580 -0.2310
vn 0.7040 -0.6562 -0.2716
vn 0.7045 -0.5018 -0.5018
vn 0.7971 -0.4270 -0.4270
vn 0.7957 0.5596 -0.2315
vn 0.7016 0.6584 -0.2726
vn 0.7012 0.7130 -0.0001
vn 0.7955 0.6059 -0.0000
vn 0.7956 0.2318 0.5596
vn 0.7014 0.2726 0.6586
vn 0.7019 -0.0002 0.7122
vn 0.7969 -0.2313 -0.5582
vn 0.7037 -0.2721 -0.6563
vn 0.7033 -0.0002 -0.7109
vn 0.7967 -0.0000 -0.6044
vn 0.7955 0.5600 0.2317
vn 0.7010 0.6589 0.2727
vn 0.7012 0.5041 0.5042
vn 0.7956 0.4284 0.4284
vn -0.8735 0.3442 0.3442
vn -0.8735 0.1863 0.4498
vn -0.8735 -0.0000 0.4868
vn -0.8735 -0.1865 0.4498
vn -0.8735 -0.3443 0.3443
vn -0.8735 -0.4498 0.1863
vn -0.8735 -0.4869 -0.0000
vn -0.8735 -0.4498 -0.1863
vn -0.8735 -0.3443 -0.3443
vn -0.8735 -0.1865 -0.4498
vn -0.8735 -0.0000 -0.4868
vn -0.8735 0.1863 -0.4498
vn -0.8735 0.3442 -0.3442
vn -0.8734 0.4499 -0.1861
vn -0.8734 0.4869 -0.0000
vn -0.8734 0.4499 0.1861
vn -0.7560 -0.4629 -0.4629
vn -0.7559 -0.2505 -0.6048
vn -0.7560 -0.0000 -0.6546
vn -0.7559 0.2508 -0.6047
vn -0.7559 0.2507 -0.6047
vn -0.7559 0.4629 -0.4629
vn -0.7559 0.6048 -0.2505
vn -0.7559 0.6547 -0.0000
vn -0.7559 0.6048 0.2505
vn -0.7559 0.4629 0.4629
vn -0.7559 0.2508 0.6047
vn -0.7559 0.2507 0.6047
vn -0.7560 -0.0000 0.6546
vn -0.7559 -0.2505 0.6048
vn -0.7560 -0.4629 0.4629
vn -0.7559 -0.6050 0.2503
vn -0.7559 -0.6049 0.2503
vn -0.7559 -0.6547 -0.0000
vn -0.7559 -0.6050 -0.2503
vn -0.7559 -0.6049 -0.2503
vn 0.2793 -0.9602 -0.0000
vn 0.2793 -0.8871 0.3675
vn 0.1411 -0.9146 0.3789
vn 0.1412 -0.9900 -0.0000
vn 0.2792 -0.6790 -0.6790
vn 0.2793 -0.8872 -0.3671
vn 0.1411 -0.9147 -0.3786
vn 0.1410 -0.7000 -0.7000
vn 0.2793 0.9602 -0.0000
vn 0.2793 0.8872 -0.3671
vn 0.1411 0.9148 -0.3785
vn 0.1412 0.9900 -0.0000
vn 0.2794 -0.0000 0.9602
vn 0.2793 0.3675 0.8871
vn 0.1411 0.3789 0.9146
vn 0.1412 -0.0000 0.9900
vn 0.2794 -0.0000 -0.9602
vn 0.2793 -0.3675 -0.8871
vn 0.1411 -0.3790 -0.9146
vn 0.1413 -0.0000 -0.9900
vn 0.2794 0.6789 0.6789
vn 0.2793 0.8873 0.3671
vn 0.1411 0.9148 0.3785
vn 0.1412 0.7000 0.7000
vn 0.2794 0.6789 -0.6789
vn 0.1412 0.7000 -0.7000
vn 0.2793 -0.6790 0.6790
vn 0.1412 -0.7000 0.7000
vn 0.2793 0.3675 -0.8871
vn 0.1412 0.3789 -0.9146
vn 0.2793 -0.3678 0.8870
vn 0.1411 -0.3792 0.9145
vn -0.6000 -0.5657 0.5657
vn -0.6000 -0.7391 0.3062
vn -0.6000 -0.8000 -0.0000
vn -0.6000 -0.7391 -0.3062
vn -0.6000 -0.5657 -0.5657
vn -0.6000 -0.3064 -0.7390
vn -0.6001 -0.0000 -0.7999
vn -0.6000 0.3062 -0.7391
vn -0.6001 0.5656 -0.5656
vn -0.2793 -0.9602 -0.0000
vn -0.1412 -0.9900 -0.0000
vn -0.1411 -0.9146 0.3789
vn -0.2793 -0.8871 0.3675
vn -0.2795 -0.6790 -0.6789
vn -0.1413 -0.7000 -0.7000
vn -0.1413 -0.9147 -0.3787
vn -0.2793 -0.8871 -0.3674
vn -0.2793 0.9602 -0.0000
vn -0.1412 0.9900 -0.0000
vn -0.1411 0.9148 -0.3785
vn -0.2793 0.8872 -0.3671
vn -0.2794 -0.0000 0.9602
vn -0.1412 -0.0000 0.9900
vn -0.1411 0.3789 0.9146
vn -0.2793 0.3675 0.8871
vn -0.2794 -0.0000 -0.9602
vn -0.1412 -0.0000 -0.9900
vn -0.1412 -0.3791 -0.9145
vn -0.2794 -0.3677 -0.8870
vn -0.2794 0.6789 0.6789
vn -0.1412 0.7000 0.7000
vn -0.1412 0.9148 0.3785
vn -0.2793 0.8873 0.3671
vn -0.1412 -0.9900 -0.0001
vn -0.1412 0.7000 -0.7000
vn -0.2794 0.6789 -0.6789
vn -0.1412 -0.7000 0.7000
vn -0.2793 -0.6790 0.6790
vn -0.2793 0.3675 -0.8871
vn -0.1411 0.3789 -0.9146
vn -0.2793 -0.3678 0.8870
vn -0.1411 -0.3792 0.9145
vn 0.7559 0.4629 0.4629
vn 0.7559 0.2507 0.6047
vn 0.7559 0.2508 0.6047
vn 0.7560 -0.0000 0.6546
vn 0.7559 -0.2505 0.6048
vn 0.7560 -0.4629 0.4629
vn 0.7559 -0.6049 0.2503
vn 0.7559 -0.6050 0.2503
vn 0.7559 -0.6547 -0.0000
vn 0.7559 -0.6049 -0.2503
vn 0.7559 -0.6050 -0.2503
vn 0.7560 -0.4629 -0.4629
vn 0.7559 -0.2505 -0.6048
vn 1.0000 -0.0000 -0.0000
vn 0.7961 0.4279 -0.4279
vn 0.8735 0.3442 -0.3442
vn 0.7972 -0.4269 -0.4269
vn 0.8738 -0.3439 -0.3438
vn 0.8736 0.1863 -0.4497
vn 0.8737 0.0001 -0.4865
vn 0.7969 -0.2312 -0.5581
vn 0.8737 -0.1863 -0.4494
vn -0.0000 -0.7071 -0.7071
vn -0.0000 -1.0000 -0.0000
vn -0.0000 1.0000 -0.0000
vn -0.0000 0.7071 -0.7071
vn -0.0000 -0.7071 0.7071
vn -0.0000 -0.0000 1.0000
vn -0.0000 -0.0000 -1.0000
vn -0.0000 0.7071 0.7071
vn -1.0000 -0.0000 -0.0000
vt 0.932023 0.575166
vt 0.889444 0.638890
vt 0.827474 0.576917
vt 0.851055 0.541625
vt 0.825719 0.681470
vt 0.792181 0.600499
vt 0.750551 0.696421
vt 0.750551 0.608780
vt 0.675383 0.681470
vt 0.708921 0.600499
vt 0.714955 0.585932
vt 0.750552 0.593013
vt 0.859369 0.499995
vt 0.836489 0.535591
vt 0.843598 0.499995
vt 0.816326 0.565768
vt 0.786148 0.585932
vt 0.111096 0.361056
vt 0.068559 0.424822
vt 0.040316 0.413125
vt 0.089474 0.339435
vt 0.675383 0.318525
vt 0.750551 0.303573
vt 0.750551 0.391210
vt 0.708921 0.399491
vt 0.250030 0.476732
vt 0.250030 0.406970
vt 0.285626 0.414051
vt 0.258929 0.478502
vt 0.889445 0.638885
vt 0.932024 0.575160
vt 0.960266 0.586859
vt 0.911060 0.660501
vt 0.053548 0.499991
vt 0.068559 0.575159
vt 0.040315 0.586858
vt 0.022969 0.499992
vt 0.388923 0.638883
vt 0.431503 0.575159
vt 0.459744 0.586858
vt 0.410544 0.660506
vt 0.241131 0.478502
vt 0.214433 0.414051
vt 0.825719 0.318525
vt 0.792181 0.399491
vt 0.611618 0.361058
vt 0.569080 0.424824
vt 0.540837 0.413126
vt 0.589995 0.339436
vt 0.446513 0.499991
vt 0.431503 0.424822
vt 0.459744 0.413125
vt 0.477091 0.499992
vt 0.250031 0.303567
vt 0.174862 0.318519
vt 0.163163 0.290278
vt 0.250030 0.272999
vt 0.111138 0.638884
vt 0.174862 0.681463
vt 0.163163 0.709706
vt 0.089521 0.660500
vt 0.233582 0.483538
vt 0.184237 0.434195
vt 0.889485 0.361063
vt 0.827497 0.423049
vt 0.388965 0.361056
vt 0.325199 0.318519
vt 0.336896 0.290277
vt 0.410586 0.339435
vt 0.250031 0.696415
vt 0.325199 0.681463
vt 0.336896 0.709706
vt 0.250030 0.726985
vt 0.164092 0.464392
vt 0.228545 0.491087
vt 0.932023 0.424829
vt 0.851055 0.458365
vt 0.947034 0.499997
vt 0.156984 0.499988
vt 0.226768 0.499986
vt 0.164092 0.535585
vt 0.228545 0.508885
vt 0.825720 0.681464
vt 0.837418 0.709707
vt 0.750552 0.726986
vt 0.750552 0.696416
vt 0.675384 0.681464
vt 0.663685 0.709707
vt 0.590001 0.660543
vt 0.611618 0.638926
vt 0.675384 0.318520
vt 0.663685 0.290278
vt 0.750552 0.272999
vt 0.750552 0.303568
vt 0.932024 0.424824
vt 0.960266 0.413126
vt 0.977613 0.499992
vt 0.947035 0.499992
vt 0.569080 0.575160
vt 0.540837 0.586859
vt 0.523491 0.499993
vt 0.554069 0.499992
vt 0.825720 0.318520
vt 0.837418 0.290278
vt 0.911108 0.339436
vt 0.889486 0.361058
vt 0.173085 0.423042
vt 0.149526 0.458358
vt 0.141213 0.499988
vt 0.149527 0.541618
vt 0.173108 0.576911
vt 0.208400 0.600492
vt 0.250031 0.608773
vt 0.291661 0.600492
vt 0.326953 0.576911
vt 0.350535 0.541618
vt 0.358848 0.499988
vt 0.350535 0.458358
vt 0.326976 0.423042
vt 0.291661 0.399484
vt 0.250031 0.391203
vt 0.208400 0.399484
vt 0.184256 0.565762
vt 0.214433 0.585926
vt 0.250030 0.593006
vt 0.285626 0.585926
vt 0.315803 0.565762
vt 0.335967 0.535585
vt 0.343076 0.499988
vt 0.335967 0.464392
vt 0.315823 0.434195
vt 1.000000 0.253785
vt 0.937823 0.253785
vt 0.937823 0.186112
vt 1.000000 0.186112
vt 0.125041 0.253785
vt 0.062521 0.253785
vt 0.062521 0.186112
vt 0.125041 0.186112
vt 0.500172 0.253785
vt 0.437650 0.253785
vt 0.437650 0.186112
vt 0.500172 0.186112
vt 0.750260 0.253785
vt 0.687739 0.253785
vt 0.687739 0.186112
vt 0.750260 0.186112
vt 0.250084 0.253785
vt 0.187562 0.253785
vt 0.187562 0.186112
vt 0.250084 0.186112
vt 0.625217 0.253785
vt 0.562694 0.253785
vt 0.562694 0.186112
vt 0.625217 0.186112
vt 0.000000 0.253785
vt 0.000000 0.186112
vt 0.375127 0.253785
vt 0.375127 0.186112
vt 0.875303 0.253785
vt 0.875303 0.186112
vt 0.312605 0.253785
vt 0.312605 0.186112
vt 0.812782 0.253785
vt 0.812782 0.186112
vt 0.233586 0.516430
vt 0.241131 0.521471
vt 0.250030 0.523241
vt 0.258929 0.521471
vt 0.266473 0.516430
vt 0.271514 0.508885
vt 0.273291 0.499986
vt 0.271514 0.491087
vt 0.266478 0.483538
vt 1.000000 0.001048
vt 1.000000 0.068721
vt 0.937823 0.068721
vt 0.937823 0.001048
vt 0.125041 0.001048
vt 0.125041 0.068721
vt 0.062521 0.068721
vt 0.062521 0.001048
vt 0.500172 0.001048
vt 0.500172 0.068721
vt 0.437650 0.068721
vt 0.437650 0.001048
vt 0.750260 0.001048
vt 0.750260 0.068721
vt 0.687739 0.068721
vt 0.687739 0.001048
vt 0.250084 0.001048
vt 0.250084 0.068721
vt 0.187562 0.068721
vt 0.187562 0.001048
vt 0.625217 0.001048
vt 0.625217 0.068721
vt 0.562694 0.068721
vt 0.562694 0.001048
vt 0.000000 0.068721
vt 0.000000 0.001048
vt 0.375127 0.068721
vt 0.375127 0.001048
vt 0.875303 0.068721
vt 0.875303 0.001048
vt 0.312605 0.001048
vt 0.312605 0.068721
vt 0.812782 0.001048
vt 0.812782 0.068721
vt 0.673629 0.576917
vt 0.684778 0.565769
vt 0.650047 0.541625
vt 0.664615 0.535591
vt 0.641734 0.499995
vt 0.657506 0.499995
vt 0.650047 0.458365
vt 0.664615 0.464398
vt 0.673606 0.423049
vt 0.684759 0.434202
vt 0.714955 0.414057
vt 0.750552 0.406977
vt 0.786148 0.414057
vt 0.816345 0.434202
vt 0.836489 0.464398
vt 0.750552 0.499992
vt 0.611617 0.361063
vt 0.611658 0.638890
vt 0.569079 0.424829
vt 0.554068 0.499997
vt 0.569079 0.575166
vt 0.230771 0.519245
vt 0.250030 0.499985
vt 0.250030 0.527223
vt 0.269290 0.480725
vt 0.250030 0.472748
vt 0.269290 0.519245
vt 0.277268 0.499985
vt 0.230770 0.480725
vt 0.222793 0.499985
vt 0.062500 0.812500
vt 0.062500 0.750000
vt 0.000000 0.750000
vt 0.000000 0.812500
vt 0.250000 0.812500
vt 0.250000 0.750000
vt 0.187500 0.750000
vt 0.187500 0.812500
vt 0.125000 0.750000
vt 0.125000 0.812500
s 1
usemtl defaultMaterial.004
f 1220/850/902 1221/851/903 1223/852/904
f 1220/850/902 1223/852/904 1224/853/905
f 1221/851/903 1225/854/906 1227/855/907
f 1221/851/903 1227/855/907 1223/852/904
f 1225/854/906 1228/856/908 1230/857/909
f 1225/854/906 1230/857/909 1227/855/907
f 1228/856/908 1231/858/910 1233/859/911
f 1228/856/908 1233/859/911 1230/857/909
f 1234/857/912 1235/859/913 1236/860/913
f 1234/857/912 1236/860/913 1237/861/912
f 1238/862/914 1239/853/915 1240/863/916
f 1238/862/914 1240/863/916 1241/864/914
f 1239/853/915 1242/852/917 1243/865/917
f 1239/853/915 1243/865/917 1240/863/916
f 1242/852/917 1244/855/918 1245/866/918
f 1242/852/917 1245/866/918 1243/865/917
f 1246/867/919 1247/868/920 1248/869/921
f 1246/867/919 1248/869/921 1249/870/922
f 1250/871/923 1252/872/924 1254/873/925
f 1250/871/923 1254/873/925 1255/874/926
f 1256/875/927 1257/876/927 1258/877/928
f 1256/875/927 1258/877/928 1259/878/929
f 1222/879/930 1260/880/931 1261/881/932
f 1222/879/930 1261/881/932 1262/882/933
f 1263/883/934 1264/884/935 1265/885/936
f 1263/883/934 1265/885/936 1266/886/937
f 1267/887/938 1268/888/939 1269/889/940
f 1267/887/938 1269/889/940 1270/890/941
f 1271/891/942 1272/892/943 1257/876/927
f 1271/891/942 1257/876/927 1256/875/927
f 1252/872/924 1273/893/944 1275/894/945
f 1252/872/924 1275/894/945 1254/873/925
f 1276/895/946 1278/896/947 1280/897/948
f 1276/895/946 1280/897/948 1281/898/949
f 1282/899/950 1283/900/951 1284/901/952
f 1282/899/950 1284/901/952 1285/902/953
f 1286/903/954 1287/904/955 1288/905/956
f 1286/903/954 1288/905/956 1289/906/957
f 1290/907/958 1291/908/959 1292/909/960
f 1290/907/958 1292/909/960 1293/910/961
f 1272/892/943 1271/891/942 1294/911/962
f 1272/892/943 1294/911/962 1295/912/962
f 1273/893/944 1296/913/963 1298/914/964
f 1273/893/944 1298/914/964 1275/894/945
f 1299/915/965 1300/916/966 1301/917/967
f 1299/915/965 1301/917/967 1302/918/968
f 1303/919/969 1304/920/970 1305/921/971
f 1303/919/969 1305/921/971 1306/922/972
f 1307/923/973 1295/912/962 1294/911/962
f 1307/923/973 1294/911/962 1308/924/973
f 1296/913/963 1309/925/974 1311/926/975
f 1296/913/963 1311/926/975 1298/914/964
f 1246/867/919 1249/870/922 1288/905/956
f 1246/867/919 1288/905/956 1287/904/955
f 1282/899/950 1285/902/953 1269/889/940
f 1282/899/950 1269/889/940 1268/888/939
f 1263/883/934 1266/886/937 1248/869/921
f 1263/883/934 1248/869/921 1247/868/920
f 1286/903/954 1289/906/957 1301/917/967
f 1286/903/954 1301/917/967 1300/916/966
f 1309/925/974 1312/927/976 1314/862/977
f 1309/925/974 1314/862/977 1311/926/975
f 1267/887/938 1270/890/941 1305/921/971
f 1267/887/938 1305/921/971 1304/920/970
f 1303/919/969 1306/922/972 1292/909/960
f 1303/919/969 1292/909/960 1291/908/959
f 1312/927/976 1220/850/902 1224/853/905
f 1312/927/976 1224/853/905 1314/862/977
f 1315/928/978 1307/923/973 1308/924/973
f 1315/928/978 1308/924/973 1316/929/978
f 1317/930/979 1315/928/978 1316/929/978
f 1317/930/979 1316/929/978 1318/931/979
f 1226/932/980 1319/933/981 1320/934/982
f 1226/932/980 1320/934/982 1229/935/908
f 1232/936/983 1321/937/984 1322/938/985
f 1232/936/983 1322/938/985 1323/939/986
f 1251/940/987 1325/941/988 1326/942/989
f 1251/940/987 1326/942/989 1253/943/990
f 1310/944/991 1327/945/992 1328/946/993
f 1310/944/991 1328/946/993 1313/947/976
f 1329/948/994 1331/949/995 1332/950/996
f 1329/948/994 1332/950/996 1333/951/997
f 1274/952/998 1335/953/999 1336/954/1000
f 1274/952/998 1336/954/1000 1297/955/1001
f 1229/935/908 1320/934/982 1321/937/984
f 1229/935/908 1321/937/984 1232/936/983
f 1276/895/946 1281/898/949 1325/941/988
f 1276/895/946 1325/941/988 1251/940/987
f 1222/879/930 1262/882/933 1319/933/981
f 1222/879/930 1319/933/981 1226/932/980
f 1253/943/990 1326/942/989 1335/953/999
f 1253/943/990 1335/953/999 1274/952/998
f 1333/951/997 1332/950/996 1280/897/948
f 1333/951/997 1280/897/948 1278/896/947
f 1299/915/965 1302/918/968 1284/901/952
f 1299/915/965 1284/901/952 1283/900/951
f 1246/867/919 1337/956/1002 1338/957/1003
f 1246/867/919 1338/957/1003 1247/868/920
f 1247/868/920 1338/957/1003 1339/958/1004
f 1247/868/920 1339/958/1004 1263/883/934
f 1263/883/934 1339/958/1004 1340/959/1005
f 1263/883/934 1340/959/1005 1264/884/935
f 1264/884/935 1340/959/1005 1341/960/1006
f 1264/884/935 1341/960/1006 1290/907/958
f 1290/907/958 1341/960/1006 1342/961/1007
f 1290/907/958 1342/961/1007 1291/908/959
f 1291/908/959 1342/961/1007 1343/962/1008
f 1291/908/959 1343/962/1008 1303/919/969
f 1303/919/969 1343/962/1008 1344/963/1009
f 1303/919/969 1344/963/1009 1304/920/970
f 1304/920/970 1344/963/1009 1345/964/1010
f 1304/920/970 1345/964/1010 1267/887/938
f 1267/887/938 1345/964/1010 1346/965/1011
f 1267/887/938 1346/965/1011 1268/888/939
f 1268/888/939 1346/965/1011 1347/966/1012
f 1268/888/939 1347/966/1012 1282/899/950
f 1282/899/950 1347/966/1012 1348/967/1013
f 1282/899/950 1348/967/1013 1283/900/951
f 1283/900/951 1348/967/1013 1349/968/1014
f 1283/900/951 1349/968/1014 1299/915/965
f 1299/915/965 1349/968/1014 1350/969/1015
f 1299/915/965 1350/969/1015 1300/916/966
f 1300/916/966 1350/969/1015 1351/970/1016
f 1300/916/966 1351/970/1016 1286/903/954
f 1286/903/954 1351/970/1016 1352/971/1017
f 1286/903/954 1352/971/1017 1287/904/955
f 1287/904/955 1352/971/1017 1337/956/1002
f 1287/904/955 1337/956/1002 1246/867/919
f 1353/956/1018 1354/912/1018 1355/923/1019
f 1353/956/1018 1355/923/1019 1356/957/1019
f 1356/957/1019 1355/923/1019 1357/928/1020
f 1356/957/1019 1357/928/1020 1358/958/1020
f 1358/958/1020 1357/928/1020 1359/930/1021
f 1358/958/1020 1359/930/1021 1360/959/1022
f 1360/959/1022 1359/930/1021 1361/972/1023
f 1360/959/1022 1361/972/1023 1362/960/1023
f 1362/960/1023 1361/972/1023 1363/973/1024
f 1362/960/1023 1363/973/1024 1364/961/1024
f 1364/961/1024 1363/973/1024 1365/974/1025
f 1364/961/1024 1365/974/1025 1366/962/1025
f 1366/962/1025 1365/974/1025 1367/975/1026
f 1366/962/1025 1367/975/1026 1368/963/1026
f 1368/963/1026 1367/975/1026 1369/976/1027
f 1368/963/1026 1369/976/1027 1370/964/1027
f 1370/964/1027 1369/976/1027 1371/977/1028
f 1370/964/1027 1371/977/1028 1372/965/1029
f 1372/965/1029 1371/977/1028 1373/978/1030
f 1372/965/1029 1373/978/1030 1374/966/1030
f 1374/966/1030 1373/978/1030 1375/979/1031
f 1374/966/1030 1375/979/1031 1376/967/1031
f 1376/967/1031 1375/979/1031 1377/980/1032
f 1376/967/1031 1377/980/1032 1378/968/1032
f 1378/968/1032 1377/980/1032 1379/877/1033
f 1378/968/1032 1379/877/1033 1380/969/1034
f 1380/969/1034 1379/877/1033 1381/876/1035
f 1380/969/1034 1381/876/1035 1382/970/1035
f 1382/970/1035 1381/876/1035 1383/892/1036
f 1382/970/1035 1383/892/1036 1384/971/1037
f 1384/971/1037 1383/892/1036 1354/912/1018
f 1384/971/1037 1354/912/1018 1353/956/1018
f 1323/939/986 1322/938/985 1331/949/995
f 1323/939/986 1331/949/995 1329/948/994
f 1313/947/976 1328/946/993 1261/881/932
f 1313/947/976 1261/881/932 1260/880/931
f 1290/907/958 1293/910/961 1265/885/936
f 1290/907/958 1265/885/936 1264/884/935
f 1297/955/1001 1336/954/1000 1327/945/992
f 1297/955/1001 1327/945/992 1310/944/991
f 1385/981/1038 1387/982/1039 1388/983/1040
f 1385/981/1038 1388/983/1040 1389/984/1041
f 1391/985/1042 1392/986/1043 1393/987/1044
f 1391/985/1042 1393/987/1044 1394/988/1045
f 1395/989/1046 1396/990/1047 1397/991/1048
f 1395/989/1046 1397/991/1048 1398/992/1049
f 1399/993/1050 1400/994/1051 1401/995/1052
f 1399/993/1050 1401/995/1052 1402/996/1053
f 1403/997/1054 1404/998/1055 1405/999/1056
f 1403/997/1054 1405/999/1056 1406/1000/1057
f 1407/1001/1058 1408/1002/1059 1409/1003/1060
f 1407/1001/1058 1409/1003/1060 1410/1004/1061
f 1392/986/1043 1386/1005/1038 1390/1006/1041
f 1392/986/1043 1390/1006/1041 1393/987/1044
f 1396/990/1047 1411/1007/1062 1412/1008/1063
f 1396/990/1047 1412/1008/1063 1397/991/1048
f 1387/982/1039 1413/1009/1064 1414/1010/1065
f 1387/982/1039 1414/1010/1065 1388/983/1040
f 1408/1002/1059 1395/989/1046 1398/992/1049
f 1408/1002/1059 1398/992/1049 1409/1003/1060
f 1415/1011/1066 1403/997/1054 1406/1000/1057
f 1415/1011/1066 1406/1000/1057 1416/1012/1067
f 1411/1007/1062 1415/1011/1066 1416/1012/1067
f 1411/1007/1062 1416/1012/1067 1412/1008/1063
f 1404/998/1055 1391/985/1042 1394/988/1045
f 1404/998/1055 1394/988/1045 1405/999/1056
f 1417/1013/1068 1399/993/1050 1402/996/1053
f 1417/1013/1068 1402/996/1053 1418/1014/1069
f 1413/1009/1064 1417/1013/1068 1418/1014/1069
f 1413/1009/1064 1418/1014/1069 1414/1010/1065
f 1400/994/1051 1407/1001/1058 1410/1004/1061
f 1400/994/1051 1410/1004/1061 1401/995/1052
f 1419/972/1070 1317/930/979 1318/931/979
f 1419/972/1070 1318/931/979 1420/1015/1070
f 1421/973/1071 1419/972/1070 1420/1015/1070
f 1421/973/1071 1420/1015/1070 1422/1016/1071
f 1423/974/1072 1421/973/1071 1422/1016/1071
f 1423/974/1072 1422/1016/1071 1424/1017/1072
f 1425/975/1073 1423/974/1072 1424/1017/1072
f 1425/975/1073 1424/1017/1072 1426/1018/1073
f 1427/976/1074 1425/975/1073 1426/1018/1073
f 1427/976/1074 1426/1018/1073 1428/1019/1074
f 1429/977/1075 1427/976/1074 1428/1019/1074
f 1429/977/1075 1428/1019/1074 1430/1020/1075
f 1431/978/1076 1429/977/1075 1430/1020/1075
f 1431/978/1076 1430/1020/1075 1432/1021/1076
f 1433/979/1077 1431/978/1076 1432/1021/1076
f 1433/979/1077 1432/1021/1076 1434/1022/1077
f 1435/980/1078 1433/979/1077 1434/1022/1077
f 1435/980/1078 1434/1022/1077 1436/1023/1078
f 1259/878/929 1258/877/928 1435/980/1078
f 1259/878/929 1435/980/1078 1436/1023/1078
f 1437/1024/1079 1439/1025/1080 1441/1026/1081
f 1437/1024/1079 1441/1026/1081 1442/1027/1082
f 1443/1028/1083 1444/1029/1084 1445/1030/1085
f 1443/1028/1083 1445/1030/1085 1446/1031/1086
f 1447/1032/1087 1448/1033/1088 1449/1034/1089
f 1447/1032/1087 1449/1034/1089 1450/1035/1090
f 1451/1036/1091 1452/1037/1092 1453/1038/1093
f 1451/1036/1091 1453/1038/1093 1454/1039/1094
f 1455/1040/1095 1456/1041/1096 1457/1042/1097
f 1455/1040/1095 1457/1042/1097 1458/1043/1098
f 1459/1044/1099 1460/1045/1100 1461/1046/1101
f 1459/1044/1099 1461/1046/1101 1462/1047/1102
f 1446/1031/1086 1445/1030/1085 1440/1048/1103
f 1446/1031/1086 1440/1048/1103 1438/1049/1079
f 1450/1035/1090 1449/1034/1089 1463/1050/1104
f 1450/1035/1090 1463/1050/1104 1464/1051/1105
f 1442/1027/1082 1441/1026/1081 1465/1052/1106
f 1442/1027/1082 1465/1052/1106 1466/1053/1107
f 1462/1047/1102 1461/1046/1101 1448/1033/1088
f 1462/1047/1102 1448/1033/1088 1447/1032/1087
f 1467/1054/1108 1468/1055/1109 1456/1041/1096
f 1467/1054/1108 1456/1041/1096 1455/1040/1095
f 1464/1051/1105 1463/1050/1104 1468/1055/1109
f 1464/1051/1105 1468/1055/1109 1467/1054/1108
f 1458/1043/1098 1457/1042/1097 1444/1029/1084
f 1458/1043/1098 1444/1029/1084 1443/1028/1083
f 1469/1056/1110 1470/1057/1111 1452/1037/1092
f 1469/1056/1110 1452/1037/1092 1451/1036/1091
f 1466/1053/1107 1465/1052/1106 1470/1057/1111
f 1466/1053/1107 1470/1057/1111 1469/1056/1110
f 1454/1039/1094 1453/1038/1093 1460/1045/1100
f 1454/1039/1094 1460/1045/1100 1459/1044/1099
f 1439/1025/1080 1389/984/1041 1388/983/1040
f 1439/1025/1080 1388/983/1040 1441/1026/1081
f 1444/1029/1084 1394/988/1045 1393/987/1044
f 1444/1029/1084 1393/987/1044 1445/1030/1085
f 1398/992/1049 1397/991/1048 1449/1034/1089
f 1398/992/1049 1449/1034/1089 1448/1033/1088
f 1452/1037/1092 1402/996/1053 1401/995/1052
f 1452/1037/1092 1401/995/1052 1453/1038/1093
f 1456/1041/1096 1406/1000/1057 1405/999/1056
f 1456/1041/1096 1405/999/1056 1457/1042/1097
f 1460/1045/1100 1410/1004/1061 1409/1003/1060
f 1460/1045/1100 1409/1003/1060 1461/1046/1101
f 1445/1030/1085 1393/987/1044 1390/1006/1041
f 1445/1030/1085 1390/1006/1041 1440/1048/1103
f 1449/1034/1089 1397/991/1048 1412/1008/1063
f 1449/1034/1089 1412/1008/1063 1463/1050/1104
f 1441/1026/1081 1388/983/1040 1414/1010/1065
f 1441/1026/1081 1414/1010/1065 1465/1052/1106
f 1409/1003/1060 1398/992/1049 1448/1033/1088
f 1409/1003/1060 1448/1033/1088 1461/1046/1101
f 1468/1055/1109 1416/1012/1067 1406/1000/1057
f 1468/1055/1109 1406/1000/1057 1456/1041/1096
f 1463/1050/1104 1412/1008/1063 1416/1012/1067
f 1463/1050/1104 1416/1012/1067 1468/1055/1109
f 1457/1042/1097 1405/999/1056 1394/988/1045
f 1457/1042/1097 1394/988/1045 1444/1029/1084
f 1470/1057/1111 1418/1014/1069 1402/996/1053
f 1470/1057/1111 1402/996/1053 1452/1037/1092
f 1465/1052/1106 1414/1010/1065 1418/1014/1069
f 1465/1052/1106 1418/1014/1069 1470/1057/1111
f 1453/1038/1093 1401/995/1052 1410/1004/1061
f 1453/1038/1093 1410/1004/1061 1460/1045/1100
f 1244/855/918 1234/857/912 1237/861/912
f 1244/855/918 1237/861/912 1245/866/918
f 1235/859/913 1471/1058/1112 1472/1059/1112
f 1235/859/913 1472/1059/1112 1236/860/913
f 1471/1058/1112 1473/1060/1113 1474/1061/1114
f 1471/1058/1112 1474/1061/1114 1472/1059/1112
f 1473/1060/1113 1475/1062/1115 1476/1063/1115
f 1473/1060/1113 1476/1063/1115 1474/1061/1114
f 1475/1062/1115 1477/1064/1116 1478/1065/1116
f 1475/1062/1115 1478/1065/1116 1476/1063/1115
f 1477/1064/1116 1479/1066/1117 1480/1067/1117
f 1477/1064/1116 1480/1067/1117 1478/1065/1116
f 1479/1066/1117 1481/874/1118 1482/1068/1119
f 1479/1066/1117 1482/1068/1119 1480/1067/1117
f 1481/874/1118 1483/873/1120 1484/1069/1120
f 1481/874/1118 1484/1069/1120 1482/1068/1119
f 1483/873/1120 1485/894/1121 1486/1070/1122
f 1483/873/1120 1486/1070/1122 1484/1069/1120
f 1485/894/1121 1487/914/1123 1488/1071/1123
f 1485/894/1121 1488/1071/1123 1486/1070/1122
f 1487/914/1123 1489/926/1124 1490/1072/1124
f 1487/914/1123 1490/1072/1124 1488/1071/1123
f 1489/926/1124 1238/862/914 1241/864/914
f 1489/926/1124 1241/864/914 1490/1072/1124
s 0
f 1491/1065/1125 1492/1067/1125 1493/1073/1125
f 1492/1067/1125 1494/1068/1125 1493/1073/1125
f 1494/1068/1125 1495/1069/1125 1493/1073/1125
f 1495/1069/1125 1496/1070/1125 1493/1073/1125
f 1496/1070/1125 1497/1071/1125 1493/1073/1125
f 1497/1071/1125 1498/1072/1125 1493/1073/1125
f 1498/1072/1125 1499/864/1125 1493/1073/1125
f 1499/864/1125 1500/863/1125 1493/1073/1125
f 1500/863/1125 1501/865/1125 1493/1073/1125
f 1501/865/1125 1502/866/1125 1493/1073/1125
f 1502/866/1125 1503/861/1125 1493/1073/1125
f 1503/861/1125 1504/860/1125 1493/1073/1125
f 1504/860/1125 1505/1059/1125 1493/1073/1125
f 1505/1059/1125 1506/1061/1125 1493/1073/1125
f 1506/1061/1125 1507/1063/1125 1493/1073/1125
f 1507/1063/1125 1491/1065/1125 1493/1073/1125
s 1
f 1277/1074/1126 1250/871/923 1255/874/926
f 1277/1074/1126 1255/874/926 1508/1066/1127
f 1231/858/910 1324/1075/1128 1509/1058/1129
f 1231/858/910 1509/1058/1129 1233/859/911
f 1279/1076/947 1277/1074/1126 1508/1066/1127
f 1279/1076/947 1508/1066/1127 1510/1064/1130
f 1334/1077/997 1279/1076/947 1510/1064/1130
f 1334/1077/997 1510/1064/1130 1511/1062/1131
f 1330/1078/1132 1334/1077/997 1511/1062/1131
f 1330/1078/1132 1511/1062/1131 1512/1060/1133
f 1324/1075/1128 1330/1078/1132 1512/1060/1133
f 1324/1075/1128 1512/1060/1133 1509/1058/1129
s 0
f 1513/1079/1125 1514/1080/1125 1515/1081/1125
f 1516/1082/1125 1514/1080/1125 1517/1083/1125
f 1518/1084/1125 1514/1080/1125 1519/1085/1125
f 1520/1086/1125 1514/1080/1125 1521/1087/1125
f 1514/1080/1125 1518/1084/1125 1515/1081/1125
f 1521/1087/1125 1514/1080/1125 1513/1079/1125
f 1517/1083/1125 1514/1080/1125 1520/1086/1125
f 1519/1085/1125 1514/1080/1125 1516/1082/1125
s 1
f 1522/1088/1134 1523/1089/1134 1524/1090/1135
f 1522/1088/1134 1524/1090/1135 1525/1091/1135
f 1526/1092/1136 1527/1093/1136 1528/1094/1137
f 1526/1092/1136 1528/1094/1137 1529/1095/1137
f 1530/1088/1138 1531/1089/1138 1532/1096/1139
f 1530/1088/1138 1532/1096/1139 1533/1097/1139
f 1525/1091/1135 1524/1090/1135 1531/1089/1138
f 1525/1091/1135 1531/1089/1138 1530/1088/1138
f 1534/1097/1140 1535/1096/1140 1523/1089/1134
f 1534/1097/1140 1523/1089/1134 1522/1088/1134
f 1529/1095/1137 1528/1094/1137 1535/1096/1140
f 1529/1095/1137 1535/1096/1140 1534/1097/1140
f 1536/1095/1141 1537/1094/1141 1527/1093/1136
f 1536/1095/1141 1527/1093/1136 1526/1092/1136
f 1533/1097/1139 1532/1096/1139 1537/1094/1141
f 1533/1097/1139 1537/1094/1141 1536/1095/1141
f 1259/878/929 1436/1023/1078 1538/1080/1142
f 1436/1023/1078 1434/1022/1077 1538/1080/1142
f 1434/1022/1077 1432/1021/1076 1538/1080/1142
f 1432/1021/1076 1430/1020/1075 1538/1080/1142
f 1430/1020/1075 1428/1019/1074 1538/1080/1142
f 1428/1019/1074 1426/1018/1073 1538/1080/1142
f 1426/1018/1073 1424/1017/1072 1538/1080/1142
f 1424/1017/1072 1422/1016/1071 1538/1080/1142
f 1422/1016/1071 1420/1015/1070 1538/1080/1142
f 1420/1015/1070 1318/931/979 1538/1080/1142
f 1318/931/979 1316/929/978 1538/1080/1142
f 1316/929/978 1308/924/973 1538/1080/1142
f 1308/924/973 1294/911/962 1538/1080/1142
f 1294/911/962 1271/891/942 1538/1080/1142
f 1271/891/942 1256/875/927 1538/1080/1142
f 1256/875/927 1259/878/929 1538/1080/1142
o defaultMaterial.007
v 0.391793 10.191422 -4.761391
v 0.000000 9.966937 -6.552615
v 0.000000 10.549574 -6.648177
v 0.344872 10.785607 -5.054119
v 0.000000 11.636940 -5.040147
v -0.282629 11.264387 -5.434882
v 0.000000 11.129358 -4.616608
v 0.391793 10.191422 -4.761391
v 0.000000 10.467026 -4.281105
v 0.000000 9.722141 -4.025768
v 0.453031 9.426190 -4.543523
v 0.000000 11.033362 -6.826439
v 0.282629 11.264387 -5.434882
v 0.000000 12.081946 -5.529778
v 0.167895 12.007971 -6.408295
v 0.000000 12.433572 -6.122777
v 0.000000 12.433572 -6.122777
v -0.167895 12.007971 -6.408295
v 0.000000 12.081946 -5.529778
v -0.453031 9.426190 -4.543523
v -0.391793 10.191422 -4.761391
v 0.000000 9.966937 -6.552615
v 0.000000 8.333862 -6.652795
v -0.344872 10.785607 -5.054119
v 0.000000 10.549574 -6.648177
v 0.282629 11.264387 -5.434882
v 0.000000 11.129358 -4.616608
v 0.344872 10.785607 -5.054119
v 0.000000 10.467026 -4.281105
v -0.391793 10.191422 -4.761391
v -0.453031 9.426190 -4.543523
v 0.000000 9.722141 -4.025768
v 0.000000 12.401096 -7.709419
v 0.117210 12.251461 -7.010929
v 0.000000 11.906635 -7.326637
v 0.000000 11.906635 -7.326637
v -0.117210 12.251461 -7.010929
v 0.000000 12.401096 -7.709419
v -0.282629 11.264387 -5.434882
v 0.000000 11.033362 -6.826439
v 0.000000 12.644876 -6.732251
v 0.117210 12.251461 -7.010929
v 0.000000 12.733609 -7.296775
v -0.231061 11.664581 -5.883192
v 0.000000 12.733609 -7.296775
v -0.117210 12.251461 -7.010929
v 0.000000 12.644876 -6.732251
v -0.231061 11.664581 -5.883192
v 0.000000 11.486176 -7.043125
v -0.344872 10.785607 -5.054119
v 0.000000 11.486176 -7.043125
v 0.231061 11.664581 -5.883192
v 0.167895 12.007971 -6.408295
v 0.231061 11.664581 -5.883192
v -0.167895 12.007971 -6.408295
v 0.000000 12.401096 -7.709419
v 0.000000 12.635071 -7.591084
v 0.000000 12.635071 -7.591084
v 0.000000 12.401096 -7.709419
v 0.453031 9.426190 -4.543523
v 0.000000 8.333862 -6.652795
v 0.000000 11.636940 -5.040147
vn 0.9771 -0.0077 -0.2125
vn 0.9771 -0.0079 -0.2126
vn 0.9783 -0.0407 -0.2032
vn -0.8985 0.3285 0.2912
vn -0.8735 0.3640 0.3232
vn -0.8628 0.3119 0.3979
vn 0.8106 0.2574 0.5260
vn 0.8226 0.2522 0.5097
vn 0.8021 0.2080 0.5599
vn 0.8021 0.2080 0.5598
vn 0.9793 -0.0678 -0.1907
vn 0.9304 0.3146 0.1881
vn 0.9366 0.3296 0.1191
vn 0.9554 0.2785 0.0986
vn -0.9554 0.2785 0.0986
vn -0.9366 0.3296 0.1191
vn -0.9304 0.3146 0.1881
vn -0.9762 0.0143 -0.2163
vn -0.9771 -0.0078 -0.2125
vn -0.9772 -0.0079 -0.2124
vn -0.9783 -0.0407 -0.2032
vn 0.8735 0.3640 0.3232
vn 0.8628 0.3119 0.3979
vn 0.8392 0.3151 0.4431
vn -0.8225 0.2522 0.5097
vn -0.8106 0.2574 0.5260
vn -0.8020 0.2079 0.5599
vn -0.8021 0.2080 0.5599
vn 0.9691 -0.1509 -0.1950
vn 0.9699 -0.1686 -0.1759
vn 0.9735 -0.1469 -0.1754
vn -0.9735 -0.1469 -0.1754
vn -0.9699 -0.1686 -0.1759
vn -0.9691 -0.1509 -0.1950
vn -0.9793 -0.0678 -0.1907
vn 0.9675 0.2454 0.0605
vn 0.9752 0.2212 -0.0079
vn 0.9734 0.2290 -0.0129
vn -0.9073 0.3582 0.2200
vn -0.9734 0.2290 -0.0129
vn -0.9752 0.2212 -0.0079
vn -0.9675 0.2454 0.0605
vn -0.9794 -0.0937 -0.1789
vn -0.8392 0.3151 0.4431
vn 0.9794 -0.0937 -0.1789
vn 0.9755 -0.1448 -0.1656
vn 0.9073 0.3582 0.2201
vn -0.9755 -0.1449 -0.1656
vn 0.9859 0.0755 -0.1493
vn 0.9846 0.1373 -0.1082
vn -0.9846 0.1373 -0.1082
vn -0.9859 0.0755 -0.1493
vn 0.9762 0.0143 -0.2163
vn 0.8985 0.3285 0.2912
vt 0.077269 0.946894
vt 0.180324 0.910660
vt 0.167556 0.877682
vt 0.077693 0.906767
vt 0.053798 0.859511
vt 0.086990 0.872754
vt 0.043942 0.898359
vt 0.042960 0.943322
vt 0.048527 0.994113
vt 0.085420 0.994113
vt 0.160998 0.848349
vt 0.068910 0.822330
vt 0.116655 0.805494
vt 0.089632 0.787836
vt 0.228631 0.994113
vt 0.179765 0.747426
vt 0.142678 0.775288
vt 0.169079 0.785793
vt 0.119922 0.759915
vt 0.148474 0.740183
vt 0.099902 0.836836
vt 0.160975 0.817944
vt 0.167157 0.737791
s 1
usemtl defaultMaterial_0.004
f 1539/1098/1143 1540/1099/1144 1541/1100/1145
f 1539/1098/1143 1541/1100/1145 1542/1101/1145
f 1543/1102/1146 1544/1103/1147 1545/1104/1148
f 1546/1098/1149 1547/1105/1150 1548/1106/1151
f 1546/1098/1149 1548/1106/1151 1549/1107/1152
f 1550/1108/1153 1551/1103/1153 1542/1101/1145
f 1550/1108/1153 1542/1101/1145 1541/1100/1145
f 1552/1109/1154 1553/1110/1155 1554/1111/1156
f 1555/1111/1157 1556/1110/1158 1557/1109/1159
f 1558/1107/1160 1559/1098/1161 1560/1099/1162
f 1558/1107/1160 1560/1099/1162 1561/1112/1160
f 1560/1099/1162 1559/1098/1161 1562/1101/1163
f 1560/1099/1162 1562/1101/1163 1563/1100/1163
f 1564/1103/1164 1565/1104/1165 1566/1101/1166
f 1567/1105/1167 1568/1098/1168 1569/1107/1169
f 1567/1105/1167 1569/1107/1169 1570/1106/1170
f 1571/1113/1171 1572/1114/1172 1573/1115/1173
f 1547/1105/1150 1566/1101/1166 1565/1104/1165
f 1574/1115/1174 1575/1114/1175 1576/1113/1176
f 1563/1100/1163 1562/1101/1163 1577/1103/1177
f 1563/1100/1163 1577/1103/1177 1578/1108/1177
f 1579/1116/1178 1580/1114/1179 1581/1117/1180
f 1582/1118/1181 1557/1109/1159 1556/1110/1158
f 1554/1111/1156 1580/1114/1179 1579/1116/1178
f 1583/1117/1182 1584/1114/1183 1585/1116/1184
f 1578/1108/1177 1577/1103/1177 1586/1118/1185
f 1578/1108/1177 1586/1118/1185 1587/1119/1185
f 1568/1098/1168 1567/1105/1167 1588/1101/1186
f 1551/1103/1153 1550/1108/1153 1589/1119/1187
f 1551/1103/1153 1589/1119/1187 1590/1118/1187
f 1545/1104/1148 1588/1101/1186 1567/1105/1167
f 1544/1103/1147 1543/1102/1146 1582/1118/1181
f 1588/1101/1186 1545/1104/1148 1544/1103/1147
f 1573/1115/1173 1591/1110/1188 1590/1118/1187
f 1573/1115/1173 1590/1118/1187 1589/1119/1187
f 1553/1110/1155 1552/1109/1154 1592/1118/1189
f 1591/1110/1188 1573/1115/1173 1572/1114/1172
f 1593/1110/1190 1574/1115/1174 1587/1119/1185
f 1593/1110/1190 1587/1119/1185 1586/1118/1185
f 1594/1113/1191 1595/1120/1192 1580/1114/1179
f 1595/1120/1192 1581/1117/1180 1580/1114/1179
f 1596/1120/1193 1584/1114/1183 1583/1117/1182
f 1597/1113/1194 1584/1114/1183 1596/1120/1193
f 1598/1107/1195 1599/1112/1195 1540/1099/1144
f 1598/1107/1195 1540/1099/1144 1539/1098/1143
f 1575/1114/1175 1574/1115/1174 1593/1110/1190
f 1585/1116/1184 1584/1114/1183 1555/1111/1157
f 1564/1103/1164 1592/1118/1189 1600/1102/1196
f 1600/1102/1196 1565/1104/1165 1564/1103/1164
f 1546/1098/1149 1566/1101/1166 1547/1105/1150
f 1543/1102/1146 1557/1109/1159 1582/1118/1181
f 1600/1102/1196 1592/1118/1189 1552/1109/1154
f 1580/1114/1179 1554/1111/1156 1553/1110/1155
f 1584/1114/1183 1556/1110/1158 1555/1111/1157
o defaultMaterial.008
v 7.620018 2.095014 -3.543528
v 7.287575 2.088504 -3.228016
v 7.779529 2.167584 -3.105171
v 7.671793 1.701901 -0.662696
v 7.081828 2.037455 -1.130160
v 6.458183 2.019860 -0.546904
v 6.962029 1.676169 -0.001378
v 7.882442 2.081903 -3.928929
v 8.128081 2.094109 -4.060374
v 7.776634 1.854198 -3.072310
v 7.882442 2.081903 -3.928929
v 7.882442 2.081903 -3.928929
v 7.779529 2.167584 -3.105171
v 8.128081 2.094109 -4.060374
v 8.376527 1.843699 -2.272880
v 7.631587 2.125507 -2.503325
v 7.415866 2.084288 -1.778961
v 8.108416 1.763391 -1.428609
v 4.594275 1.689717 0.717726
v 5.322409 1.688986 0.684204
v 5.147730 2.033806 0.018075
v 4.455952 2.036422 0.044872
v 4.455952 2.036422 0.044872
v 5.147730 2.033806 0.018075
v 4.616434 2.242851 -2.545786
v 4.112658 2.249465 -2.534849
v 5.837757 1.530828 -0.138393
v 5.811811 2.166582 -2.693151
v 6.453833 1.533217 -0.492334
v 6.884656 2.100734 -2.986435
v 7.287575 2.088504 -3.228016
v 7.776634 1.854198 -3.072310
v 7.620018 2.095014 -3.543528
v 7.882442 2.081903 -3.928929
v 6.167722 1.667087 0.440408
v 5.837757 1.530828 -0.138393
v 6.453833 1.533217 -0.492334
v 6.962029 1.676169 -0.001378
v 7.082178 1.550812 -1.075589
v 7.671793 1.701901 -0.662696
v 5.842107 2.017471 -0.192964
v 6.167722 1.667087 0.440408
v 8.376527 1.843699 -2.272880
v 7.627601 1.687723 -2.454345
v 8.492098 1.971521 -3.205254
v 7.411453 1.597646 -1.724391
v 8.108416 1.763391 -1.428609
v 4.279463 1.549778 0.096482
v 5.067071 1.547163 0.069685
v 5.322409 1.688986 0.684204
v 4.594275 1.689717 0.717726
v 8.492098 1.971521 -3.205254
v 4.279463 1.549778 0.096482
v 4.112658 2.249465 -2.534849
v 4.616434 2.242851 -2.545786
v 5.067071 1.547163 0.069685
v 5.842107 2.017471 -0.192964
v 5.811811 2.166582 -2.693151
v 7.627601 1.687723 -2.454345
v 7.411453 1.597646 -1.724391
v 8.498260 2.043237 -3.800887
v 8.360673 2.079130 -4.015778
v 7.631587 2.125507 -2.503325
v 6.884656 2.100734 -2.986435
v 7.415866 2.084288 -1.778961
v 8.498260 2.043237 -3.800887
v 6.458183 2.019860 -0.546904
v 7.081828 2.037455 -1.130160
v 4.594275 1.689717 0.717726
v 4.455952 2.036422 0.044872
v 4.102940 2.588556 -0.002497
v 3.932434 2.398255 0.715367
v 4.279463 1.549778 0.096482
v 4.594275 1.689717 0.717726
v 3.932434 2.398255 0.715367
v 3.695142 2.436870 0.106044
v 4.112658 2.249465 -2.534849
v 4.279463 1.549778 0.096482
v 3.695142 2.436870 0.106044
v 3.718588 2.897938 -2.598187
v 4.455952 2.036422 0.044872
v 4.112658 2.249465 -2.534849
v 3.718588 2.897938 -2.598187
v 4.102940 2.588556 -0.002497
v 8.360673 2.079130 -4.015778
v 7.082178 1.550812 -1.075589
vn -0.1264 0.9850 -0.1171
vn -0.1156 0.9791 -0.1673
vn -0.1059 0.9894 -0.0994
vn 0.2920 0.9141 0.2814
vn 0.2920 0.9141 0.2813
vn 0.2386 0.9051 0.3518
vn 0.2387 0.9051 0.3519
vn -0.1240 0.9852 -0.1180
vn -0.0559 -0.9655 -0.2543
vn 0.0529 -0.9789 -0.1974
vn -0.0950 -0.9591 -0.2667
vn -0.1114 0.9869 -0.1166
vn 0.1543 0.9875 0.0315
vn -0.0187 0.9963 -0.0834
vn 0.3084 0.9372 0.1632
vn 0.3185 0.9250 0.2072
vn 0.0214 0.8903 0.4548
vn 0.0841 0.8943 0.4394
vn 0.0210 0.8905 0.4545
vn 0.0102 0.9967 0.0801
vn 0.0356 0.9968 0.0719
vn 0.0355 0.9968 0.0719
vn 0.0103 0.9967 0.0801
vn -0.1111 -0.9645 -0.2394
vn -0.1251 -0.9624 -0.2411
vn -0.1431 -0.9599 -0.2412
vn -0.2798 -0.9155 -0.2890
vn -0.2959 -0.8739 -0.3856
vn -0.3335 -0.8783 -0.3427
vn -0.3853 -0.8673 -0.3152
vn -0.4547 -0.8452 -0.2808
vn 0.0712 -0.9790 0.1911
vn 0.0705 -0.9789 0.1917
vn 0.1298 -0.9798 0.1522
vn 0.1299 -0.9798 0.1522
vn 0.1859 -0.9787 0.0869
vn 0.1778 0.8978 0.4028
vn 0.1778 0.8978 0.4029
vn 0.2073 -0.9737 -0.0946
vn 0.1631 -0.9773 -0.1349
vn 0.2226 -0.9749 0.0035
vn 0.0065 -0.9756 0.2195
vn 0.0211 -0.9764 0.2149
vn 0.0211 -0.9764 0.2148
vn 0.0066 -0.9756 0.2194
vn 0.2871 0.9481 0.1365
vn -0.0143 -0.9667 -0.2554
vn -0.0144 -0.9667 -0.2554
vn -0.0517 -0.9673 -0.2481
vn -0.0516 -0.9673 -0.2482
vn 0.0455 0.9971 0.0615
vn 0.0470 0.9974 0.0549
vn -0.3163 -0.9108 -0.2653
vn -0.3376 -0.9143 -0.2236
vn 0.2415 0.9674 0.0766
vn 0.1392 0.9902 -0.0074
vn -0.0630 0.9969 0.0462
vn -0.0477 0.9988 -0.0078
vn -0.0598 0.9974 0.0399
vn 0.0973 -0.9825 -0.1586
vn 0.0401 0.9979 0.0505
vn -0.0056 0.9991 0.0412
vn 0.7485 0.6126 0.2539
vn 0.7486 0.6126 0.2538
vn -0.7299 -0.5718 0.3746
vn -0.7299 -0.5717 0.3745
vn -0.7300 -0.5717 0.3745
vn -0.8381 -0.5373 -0.0944
vn 0.8499 0.5227 -0.0667
vn 0.0194 -0.9752 -0.2205
vn -0.2403 -0.9410 -0.2383
vt 0.807669 0.761935
vt 0.821990 0.747626
vt 0.803049 0.738504
vt 0.818077 0.614241
vt 0.845150 0.638400
vt 0.868638 0.613221
vt 0.847530 0.586080
vt 0.794320 0.780055
vt 0.783005 0.785289
vt 0.780536 0.686670
vt 0.813054 0.700342
vt 0.825597 0.667084
vt 0.795768 0.648165
vt 0.957279 0.561960
vt 0.921651 0.562157
vt 0.927510 0.595058
vt 0.961401 0.594976
vt 0.942731 0.727051
vt 0.964976 0.729258
vt 0.897535 0.599740
vt 0.890981 0.728501
vt 0.842474 0.737771
vt 0.884701 0.569426
vt 0.770737 0.740657
vt 0.767886 0.770386
vt 0.773001 0.781830
vt 0.998941 0.594927
vt 0.998941 0.561772
vt 0.998941 0.732986
s 1
usemtl defaultMaterial_0.004
f 1601/1121/1197 1602/1122/1198 1603/1123/1199
f 1604/1124/1200 1605/1125/1201 1606/1126/1202
f 1604/1124/1200 1606/1126/1202 1607/1127/1203
f 1603/1123/1199 1608/1128/1204 1601/1121/1197
f 1609/1129/1205 1610/1123/1206 1611/1128/1207
f 1612/1128/1208 1613/1123/1209 1614/1129/1210
f 1615/1130/1211 1616/1131/1211 1617/1132/1212
f 1615/1130/1211 1617/1132/1212 1618/1133/1212
f 1619/1134/1213 1620/1135/1214 1621/1136/1214
f 1619/1134/1213 1621/1136/1214 1622/1137/1215
f 1623/1137/1216 1624/1136/1217 1625/1138/1218
f 1623/1137/1216 1625/1138/1218 1626/1139/1219
f 1627/1140/1220 1628/1141/1221 1629/1126/1222
f 1630/1142/1223 1631/1122/1224 1632/1123/1225
f 1632/1123/1225 1633/1121/1226 1634/1128/1227
f 1635/1143/1228 1636/1140/1229 1637/1126/1230
f 1635/1143/1228 1637/1126/1230 1638/1127/1231
f 1639/1125/1232 1640/1124/1232 1638/1127/1231
f 1639/1125/1232 1638/1127/1231 1637/1126/1230
f 1641/1140/1233 1642/1143/1234 1607/1127/1203
f 1641/1140/1233 1607/1127/1203 1606/1126/1202
f 1643/1130/1235 1644/1131/1235 1610/1123/1206
f 1643/1130/1235 1610/1123/1206 1645/1144/1236
f 1640/1124/1232 1639/1125/1232 1646/1132/1237
f 1640/1124/1232 1646/1132/1237 1647/1133/1237
f 1648/1137/1238 1649/1136/1239 1650/1135/1240
f 1648/1137/1238 1650/1135/1240 1651/1134/1241
f 1616/1131/1211 1615/1130/1211 1652/1144/1242
f 1616/1131/1211 1652/1144/1242 1613/1123/1209
f 1653/1137/1243 1654/1139/1244 1655/1138/1245
f 1653/1137/1243 1655/1138/1245 1656/1136/1246
f 1657/1140/1247 1658/1141/1248 1625/1138/1218
f 1657/1140/1247 1625/1138/1218 1624/1136/1217
f 1642/1143/1234 1641/1140/1233 1621/1136/1214
f 1642/1143/1234 1621/1136/1214 1620/1135/1214
f 1659/1131/1249 1660/1132/1250 1630/1142/1223
f 1636/1140/1229 1635/1143/1228 1650/1135/1240
f 1636/1140/1229 1650/1135/1240 1649/1136/1239
f 1605/1125/1201 1604/1124/1200 1618/1133/1212
f 1605/1125/1201 1618/1133/1212 1617/1132/1212
f 1644/1131/1235 1643/1130/1235 1647/1133/1237
f 1644/1131/1235 1647/1133/1237 1646/1132/1237
f 1652/1144/1242 1661/1145/1251 1613/1123/1209
f 1661/1145/1251 1662/1146/1252 1613/1123/1209
f 1663/1131/1253 1664/1142/1254 1665/1132/1255
f 1645/1144/1236 1610/1123/1206 1666/1145/1256
f 1667/1126/1257 1668/1125/1258 1664/1142/1254
f 1667/1126/1257 1664/1142/1254 1658/1141/1248
f 1669/1134/1259 1670/1137/1260 1671/1147/1259
f 1669/1134/1259 1671/1147/1259 1672/1148/1259
f 1633/1121/1226 1632/1123/1225 1631/1122/1224
f 1603/1123/1199 1664/1142/1254 1663/1131/1253
f 1632/1123/1225 1659/1131/1249 1630/1142/1223
f 1673/1137/1261 1674/1134/1261 1675/1148/1262
f 1673/1137/1261 1675/1148/1262 1676/1147/1263
f 1677/1139/1264 1678/1137/1264 1679/1147/1264
f 1677/1139/1264 1679/1147/1264 1680/1149/1264
f 1664/1142/1254 1603/1123/1199 1602/1122/1198
f 1614/1129/1210 1613/1123/1209 1662/1146/1252
f 1681/1137/1265 1682/1139/1265 1683/1149/1265
f 1681/1137/1265 1683/1149/1265 1684/1147/1265
f 1685/1146/1266 1610/1123/1206 1609/1129/1205
f 1666/1145/1256 1610/1123/1206 1685/1146/1266
f 1667/1126/1257 1658/1141/1248 1657/1140/1247
f 1656/1136/1246 1655/1138/1245 1628/1141/1221
f 1656/1136/1246 1628/1141/1221 1627/1140/1220
f 1629/1126/1222 1628/1141/1221 1630/1142/1223
f 1629/1126/1222 1630/1142/1223 1686/1125/1267
f 1668/1125/1258 1665/1132/1255 1664/1142/1254
f 1686/1125/1267 1630/1142/1223 1660/1132/1250
o defaultMaterial.009
v -0.840616 5.062140 5.498515
v -0.840616 3.674641 4.586453
v -0.846147 3.672960 6.168016
v -0.845254 4.625742 6.473969
v -1.406455 7.029407 5.165243
v -1.406138 6.191415 4.787041
v -1.415419 5.350584 6.666497
v -1.415049 6.250803 6.905607
v 0.001980 7.973925 5.591523
v 0.871268 7.719677 5.476778
v 0.839759 5.525482 4.486492
v -0.835785 5.516676 4.482517
v -0.868954 7.710265 5.472528
v -0.840616 5.062140 5.498515
v -0.840616 5.062140 5.498515
v -0.845254 4.625742 6.473969
v -0.868954 7.710265 5.472528
v -0.876989 6.982220 7.099881
v 0.834929 5.070947 5.502492
v 0.834929 5.070947 5.502492
v 1.409600 6.206643 4.793915
v 1.400332 5.366944 6.670843
v 0.830298 4.635203 6.476482
v 1.409282 7.044636 5.172118
v 1.409600 6.206643 4.793915
v 0.001980 7.973925 5.591523
v -0.005839 7.265459 7.175114
v 1.409282 7.044636 5.172118
v 1.400702 6.267163 6.909952
v 0.871268 7.719677 5.476778
v 0.863240 6.992332 7.102567
v -1.406138 6.191415 4.787041
v -1.406455 7.029407 5.165243
v -0.835785 5.516676 4.482517
v -0.835785 5.516676 4.482517
v 0.839759 5.525482 4.486492
v 0.839759 5.525482 4.486492
v 0.834929 3.683448 4.590430
v 0.834929 5.070947 5.502492
v 0.830298 4.635203 6.476482
v 0.829403 3.681768 6.170355
vn -0.7059 0.3893 -0.5917
vn -0.7059 0.3890 -0.5919
vn -1.0000 0.0022 -0.0036
vn -1.0000 0.0024 -0.0034
vn -0.9518 0.2817 0.1213
vn -0.9041 -0.3881 -0.1787
vn -0.9465 -0.2928 -0.1356
vn -0.0000 0.4114 -0.9115
vn -0.5793 -0.7430 -0.3352
vn -0.7920 -0.5558 -0.2525
vn -0.5924 0.7365 0.3266
vn -0.5923 0.7366 0.3266
vn 0.5851 -0.7413 -0.3288
vn 0.9057 -0.3885 -0.1694
vn 0.9475 -0.2936 -0.1267
vn 0.7954 -0.5547 -0.2444
vn -0.0049 0.9128 0.4084
vn -0.0051 0.9128 0.4083
vn 0.9510 0.2804 0.1301
vn 0.5864 0.7383 0.3332
vn 0.5863 0.7384 0.3332
vn -0.4388 -0.8195 -0.3687
vn 0.4462 -0.8177 -0.3637
vn 0.7083 0.3878 -0.5899
vn 1.0000 -0.0022 0.0036
vn 1.0000 -0.0021 0.0035
vn -0.4388 -0.8194 -0.3687
vt 0.850982 0.783020
vt 0.850982 0.821562
vt 0.866107 0.821562
vt 0.866107 0.789162
vt 0.853468 0.938678
vt 0.829784 0.938678
vt 0.829784 0.996722
vt 0.853468 0.996722
vt 0.950260 0.910010
vt 0.922516 0.919124
vt 0.922516 0.996062
vt 0.978657 0.996062
vt 0.978657 0.919124
vt 0.806084 0.972228
vt 0.806084 0.996722
vt 0.877247 0.938678
vt 0.877247 0.996722
vt 0.806083 0.996722
vt 0.904971 0.942865
vt 0.904971 0.972310
vt 0.901477 0.938678
vt 0.901477 0.996722
vt 0.996108 0.972310
vt 0.996108 0.942865
vt 0.850982 0.764188
vt 0.821568 0.764188
vt 0.821568 0.783020
vt 0.821568 0.821562
vt 0.806443 0.789162
vt 0.806443 0.821562
vt 0.806084 0.938678
s 1
usemtl defaultMaterial_0.004
f 1687/1150/1268 1688/1151/1269 1689/1152/1270
f 1687/1150/1268 1689/1152/1270 1690/1153/1271
f 1691/1154/1272 1692/1155/1273 1693/1156/1274
f 1691/1154/1272 1693/1156/1274 1694/1157/1272
s 0
f 1695/1158/1275 1696/1159/1275 1697/1160/1275
f 1695/1158/1275 1697/1160/1275 1698/1161/1275
f 1695/1158/1275 1698/1161/1275 1699/1162/1275
s 1
f 1692/1155/1273 1700/1163/1276 1702/1164/1277
f 1692/1155/1273 1702/1164/1277 1693/1156/1274
f 1703/1165/1278 1691/1154/1272 1694/1157/1272
f 1703/1165/1278 1694/1157/1272 1704/1166/1279
f 1705/1163/1280 1707/1155/1281 1708/1156/1282
f 1705/1163/1280 1708/1156/1282 1709/1167/1283
s 0
f 1710/1168/1275 1711/1169/1275 1697/1160/1275
f 1710/1168/1275 1697/1160/1275 1696/1159/1275
s 1
f 1712/1170/1284 1703/1165/1278 1704/1166/1279
f 1712/1170/1284 1704/1166/1279 1713/1171/1285
f 1707/1155/1281 1714/1154/1286 1715/1157/1286
f 1707/1155/1281 1715/1157/1286 1708/1156/1282
f 1714/1154/1286 1716/1165/1287 1717/1166/1288
f 1714/1154/1286 1717/1166/1288 1715/1157/1286
f 1716/1165/1287 1712/1170/1284 1713/1171/1285
f 1716/1165/1287 1713/1171/1285 1717/1166/1288
s 0
f 1718/1172/1275 1719/1173/1275 1699/1162/1275
f 1718/1172/1275 1699/1162/1275 1698/1161/1275
s 1
f 1720/1174/1289 1722/1175/1290 1706/1176/1280
f 1720/1174/1289 1706/1176/1280 1701/1150/1276
f 1724/1177/1291 1725/1176/1291 1726/1178/1292
f 1724/1177/1291 1726/1178/1292 1727/1179/1293
f 1721/1180/1294 1700/1163/1276 1692/1155/1273
f 1687/1150/1268 1725/1176/1291 1724/1177/1291
f 1687/1150/1268 1724/1177/1291 1688/1151/1269
f 1723/1180/1290 1707/1155/1281 1705/1163/1280
o defaultMaterial.010
v 0.000000 8.858191 -6.785048
v 0.928508 9.242419 -6.768144
v 1.005010 8.858191 -6.785048
v 0.928508 8.473961 -6.801951
v -1.005010 8.858191 -6.785048
v -0.928508 9.242419 -6.768144
v -0.928508 8.473961 -6.801951
v 0.000000 7.854151 -6.829219
v -0.384601 7.930579 -6.825858
v -0.710650 8.148228 -6.816281
v -0.710650 9.568154 -6.753812
v -0.384601 9.785802 -6.744237
v 0.000000 9.862229 -6.740875
v 0.384601 9.785802 -6.744237
v 0.710650 9.568154 -6.753812
v 0.710650 8.148228 -6.816281
v 0.384601 7.930579 -6.825858
vn -0.0000 0.0440 -0.9990
vn -0.0000 0.0439 -0.9990
vt 0.500000 0.500000
vt 0.038060 0.308658
vt 0.000000 0.500000
vt 0.038060 0.691342
vt 1.000000 0.500000
vt 0.961940 0.308658
vt 0.961940 0.691342
vt 0.500000 1.000000
vt 0.691342 0.961940
vt 0.853553 0.853553
vt 0.853553 0.146447
vt 0.691342 0.038060
vt 0.500000 0.000000
vt 0.308658 0.038060
vt 0.146447 0.146447
vt 0.146447 0.853553
vt 0.308658 0.961940
s 0
usemtl defaultMaterial_1.003
f 1728/1181/1295 1729/1182/1295 1730/1183/1295
f 1730/1183/1296 1731/1184/1296 1728/1181/1296
f 1732/1185/1295 1733/1186/1295 1728/1181/1295
f 1728/1181/1295 1734/1187/1295 1732/1185/1295
f 1735/1188/1295 1736/1189/1295 1728/1181/1295
f 1736/1189/1295 1737/1190/1295 1728/1181/1295
f 1737/1190/1295 1734/1187/1295 1728/1181/1295
f 1738/1191/1295 1728/1181/1295 1733/1186/1295
f 1739/1192/1296 1728/1181/1296 1738/1191/1296
f 1740/1193/1295 1728/1181/1295 1739/1192/1295
f 1740/1193/1295 1741/1194/1295 1728/1181/1295
f 1741/1194/1296 1742/1195/1296 1728/1181/1296
f 1742/1195/1295 1729/1182/1295 1728/1181/1295
f 1743/1196/1295 1728/1181/1295 1731/1184/1295
f 1744/1197/1295 1728/1181/1295 1743/1196/1295
f 1735/1188/1295 1728/1181/1295 1744/1197/1295
o defaultMaterial.011
v 3.885491 2.603244 6.049441
v 3.885491 2.254013 5.697320
v 2.926888 2.254013 5.697320
v 2.926888 2.603244 6.049441
v 2.926888 1.065396 6.699401
v 2.926888 1.065396 6.024153
v 3.885491 1.065396 6.024153
v 3.885491 1.065396 6.699401
v 3.885491 1.065396 6.699401
v 3.885491 1.065396 6.024153
v 3.985199 1.165104 6.121909
v 3.985199 1.165104 6.699401
v 3.885491 2.603244 6.049441
v 3.985199 2.503535 6.121909
v 3.985199 2.199624 5.818994
v 3.885491 2.254013 5.697320
v 2.926888 2.603244 7.349362
v 2.926888 1.296844 8.814918
v 3.885491 1.296844 8.814918
v 3.885491 2.603244 7.349362
v 3.885491 1.065396 6.024153
v 2.926888 1.065396 6.024153
v 2.926888 1.397255 5.697320
v 3.885491 1.397255 5.697320
v 2.926888 1.065396 8.670718
v 3.885491 1.065396 8.670718
v 3.885491 1.296844 8.814918
v 2.926888 1.296844 8.814918
v 2.926888 2.603244 7.349362
v 3.885491 2.603244 7.349362
v 3.885491 2.603244 6.699401
v 2.926888 2.603244 6.699401
v 3.985199 2.503535 6.699401
v 3.985199 2.503535 7.276896
v 3.985199 1.287892 8.631535
v 3.985199 1.165104 8.555035
v 3.985199 1.165104 6.699401
v 3.885491 1.065396 6.024153
v 3.885491 1.397255 5.697320
v 3.985199 1.467700 5.818994
v 3.985199 1.165104 6.121909
v 2.926888 1.397255 5.697320
v 2.926888 2.254013 5.697320
v 3.885491 2.254013 5.697320
v 3.885491 1.397255 5.697320
v 3.885491 2.603244 7.349362
v 3.985199 2.503535 7.276896
v 3.985199 2.503535 6.699401
v 3.885491 2.603244 6.699401
v 3.885491 2.603244 6.049441
v 3.985199 2.503535 6.121909
v 3.885491 2.603244 6.049441
v 2.926888 2.603244 6.049441
v 3.985199 1.165104 8.555035
v 3.985199 1.287892 8.631535
v 3.885491 1.296844 8.814918
v 3.885491 1.065396 8.670718
v 3.985199 1.165104 8.555035
v 3.885491 1.065396 8.670718
v 3.885491 1.065396 8.670718
v 2.926888 1.065396 8.670718
v 3.985199 1.467700 5.818994
v 3.885491 1.397255 5.697320
v 3.885491 2.254013 5.697320
v 3.985199 2.199624 5.818994
v 3.885491 2.603244 7.349362
v 3.885491 1.296844 8.814918
v 3.985199 1.287892 8.631535
v 3.985199 2.503535 7.276896
v 3.985199 1.467700 5.818994
v 3.985199 2.199624 5.818994
v 3.985199 2.503535 6.121909
v 3.985199 1.165104 6.121909
v 2.926888 1.065396 6.699401
v 2.827180 1.165104 6.699401
v 2.827180 1.165104 6.121909
v 2.926888 1.065396 6.024153
v 2.926888 2.603244 6.049441
v 2.926888 2.254013 5.697320
v 2.827180 2.199624 5.818994
v 2.827180 2.503535 6.121909
v 2.827180 2.503535 6.699401
v 2.827180 1.165104 6.699401
v 2.827180 1.165104 8.555035
v 2.827180 1.287892 8.631535
v 2.827180 2.503535 7.276896
v 2.926888 1.065396 6.024153
v 2.827180 1.165104 6.121909
v 2.827180 1.467700 5.818994
v 2.926888 1.397255 5.697320
v 2.926888 2.603244 7.349362
v 2.926888 2.603244 6.699401
v 2.827180 2.503535 6.699401
v 2.827180 2.503535 7.276896
v 2.926888 2.603244 6.049441
v 2.827180 2.503535 6.121909
v 2.827180 1.165104 8.555035
v 2.926888 1.065396 8.670718
v 2.926888 1.296844 8.814918
v 2.827180 1.287892 8.631535
v 2.827180 1.165104 8.555035
v 2.926888 1.065396 8.670718
v 2.827180 1.467700 5.818994
v 2.827180 2.199624 5.818994
v 2.926888 2.254013 5.697320
v 2.926888 1.397255 5.697320
v 2.926888 2.603244 7.349362
v 2.827180 2.503535 7.276896
v 2.827180 1.287892 8.631535
v 2.926888 1.296844 8.814918
v 2.827180 1.165104 6.121909
v 2.827180 1.834319 6.699401
v 2.827180 2.503535 6.121909
v 2.827180 2.199624 5.818994
v 2.827180 1.467700 5.818994
v 2.240417 2.134407 7.088356
v 1.993693 2.023430 6.974267
v 2.015048 2.086056 6.921978
v 2.225977 2.180933 7.019516
v 1.765320 2.208139 6.699401
v 1.830470 2.273289 6.476965
v 2.557361 1.611883 6.476965
v 2.514211 1.519747 6.699401
v 1.987755 2.430575 6.384830
v 2.656477 1.834319 6.384830
v 1.830470 2.273289 6.921837
v 2.557361 1.611883 6.921837
v 2.145041 2.587861 6.476965
v 2.769932 2.056756 6.476965
v 1.987755 2.430575 7.013974
v 2.656477 1.834319 7.013974
v 3.139680 1.519747 6.699401
v 3.139680 1.611883 6.921837
v 2.145041 2.587861 6.921837
v 2.769932 2.056756 6.921837
v 2.210191 2.653011 6.699401
v 2.827180 2.148891 6.699401
v 3.139680 1.834319 7.013974
v 3.139680 2.056756 6.921837
v 3.139680 2.148891 6.699401
v 3.139680 2.056756 6.476965
v 3.139680 1.834319 6.384830
v 3.139680 1.611883 6.476965
v 1.945120 2.005542 6.694747
v 2.255753 2.110572 6.700577
v 1.911899 1.929251 6.708477
v 1.913782 2.015291 7.047770
v 1.808772 1.894382 6.706542
v 1.808772 1.894382 6.706542
v 1.913782 2.015291 7.047770
v 1.760317 2.235051 7.061804
v 1.632775 2.088197 6.647352
v 1.977017 1.865866 6.370440
v 1.837121 2.053561 6.239130
v 2.042948 1.907039 6.446681
v 1.977017 1.865866 6.370440
v 2.057157 1.986552 6.470932
v 2.230532 2.157765 7.194240
v 2.230532 2.157765 7.194240
v 2.145037 2.408098 7.239703
v 2.319959 1.946446 6.236351
v 2.253654 2.151433 6.076268
v 2.310074 1.969805 6.342236
v 2.319959 1.946446 6.236351
v 2.285529 2.040211 6.381640
v 2.454349 2.234593 6.930223
v 2.507543 2.197172 6.983911
v 2.573474 2.238346 7.060151
v 2.573474 2.238346 7.060151
v 2.561569 2.505969 7.076841
v 2.636709 2.088920 6.382822
v 2.638373 2.324480 6.254169
v 2.556798 2.080781 6.456324
v 2.636709 2.088920 6.382822
v 2.496459 2.135087 6.479177
v 2.566386 2.215603 6.706408
v 2.638592 2.174959 6.722115
v 2.741719 2.209829 6.724050
v 2.741719 2.209829 6.724050
v 2.765916 2.471334 6.668618
vn -0.0000 0.7100 -0.7042
vn -0.0000 -1.0000 -0.0000
vn 0.7071 -0.7071 -0.0000
vn 0.7771 0.4457 -0.4444
vn -0.0000 0.7465 0.6654
vn -0.0000 -0.7017 -0.7125
vn -0.0000 -0.5288 0.8487
vn -0.0000 1.0000 -0.0000
vn 1.0000 -0.0000 -0.0000
vn 0.8102 -0.4130 -0.4161
vn 0.8102 -0.4130 -0.4160
vn -0.0000 -0.0000 -1.0000
vn 0.7071 0.7071 -0.0000
vn 0.8343 -0.2915 0.4679
vn 0.7735 -0.0000 -0.6338
vn 0.7836 0.4631 0.4141
vn -0.7071 -0.7071 -0.0000
vn -0.7770 0.4457 -0.4445
vn -0.7771 0.4457 -0.4444
vn -1.0000 -0.0000 -0.0000
vn -0.8101 -0.4130 -0.4161
vn -0.8102 -0.4130 -0.4160
vn -0.8102 -0.4130 -0.4161
vn -0.7071 0.7071 -0.0000
vn -0.8343 -0.2915 0.4679
vn -0.7735 -0.0000 -0.6338
vn -0.7836 0.4631 0.4141
vn 0.3181 -0.9310 -0.1791
vn 0.5772 -0.8145 -0.0593
vn 0.5772 -0.8144 -0.0593
vn 0.3181 -0.9310 -0.1792
vn -0.6749 -0.7379 -0.0002
vn -0.4722 -0.5185 -0.7128
vn -0.2442 -0.6336 -0.7341
vn -0.3613 -0.9324 -0.0000
vn -0.0051 -0.0007 -1.0000
vn -0.0026 -0.0004 -1.0000
vn -0.4722 -0.5185 0.7128
vn -0.2442 -0.6336 0.7341
vn 0.4462 0.5285 -0.7222
vn 0.2302 0.6363 -0.7363
vn -0.0051 -0.0008 1.0000
vn -0.0026 -0.0004 1.0000
vn -0.0000 -0.7071 0.7071
vn 0.4462 0.5285 0.7222
vn 0.2302 0.6364 0.7363
vn 0.6403 0.7681 -0.0000
vn 0.3384 0.9410 -0.0000
vn -0.0000 -0.0000 1.0000
vn -0.0000 0.7071 0.7071
vn -0.0000 0.7071 -0.7071
vn -0.0000 -0.7071 -0.7071
vn 0.6631 -0.7155 0.2198
vn 0.3076 -0.9227 0.2323
vn 0.6631 -0.7156 0.2198
vn -0.7495 -0.6577 0.0751
vn -0.5535 -0.4320 0.7120
vn -0.4355 -0.7109 -0.5522
vn 0.5255 -0.6923 0.4946
vn 0.5255 -0.6922 0.4947
vn 0.0377 -0.1661 0.9854
vn 0.2046 -0.5605 -0.8025
vn 0.2450 -0.7582 0.6043
vn 0.2450 -0.7581 0.6044
vn 0.0376 -0.9969 -0.0695
vn 0.0377 -0.9969 -0.0695
vn 0.6778 -0.0157 0.7351
vn 0.7958 -0.2946 -0.5291
vn -0.0141 -0.8747 0.4845
vn -0.1000 -0.9736 0.2054
vn -0.0999 -0.9736 0.2054
vn 0.9918 -0.0689 0.1078
vt 0.584796 0.864460
vt 0.550458 0.864460
vt 0.550458 0.772892
vt 0.584796 0.772892
vt 0.310092 0.772892
vt 0.349437 0.772892
vt 0.349437 0.864460
vt 0.310092 0.864460
vt 0.345861 0.887352
vt 0.310092 0.887352
vt 0.584796 0.887352
vt 0.550458 0.887352
vt 0.447444 0.772892
vt 0.447444 0.864460
vt 0.424552 0.864460
vt 0.424552 0.772892
vt 0.676364 0.864460
vt 0.676364 0.772892
vt 0.685123 0.750000
vt 0.734998 0.750000
vt 0.847699 0.874954
vt 0.841262 0.887352
vt 0.685123 0.887352
vt 0.447444 0.887352
vt 0.424552 0.887352
vt 0.676364 0.887352
vt 0.763185 0.855849
vt 0.763174 0.781238
vt 0.733916 0.887352
vt 0.685123 0.818676
vt 0.935621 0.871748
vt 0.953098 0.917601
vt 0.963302 0.906323
vt 0.951064 0.871748
vt 0.001791 0.944862
vt 0.001791 0.913612
vt 0.189291 0.913612
vt 0.189291 0.944862
vt 0.001791 0.882362
vt 0.189291 0.882362
vt 0.001791 0.851112
vt 0.189291 0.851112
vt 0.293550 0.944862
vt 0.293550 0.913612
vt 0.001791 0.819862
vt 0.189291 0.819862
vt 0.293550 0.882362
vt 0.293550 0.851112
vt 0.293550 0.819862
vt 0.989294 0.921067
vt 0.989294 0.871748
vt 0.989294 0.936627
vt 0.942234 0.929394
vt 0.989294 0.951163
vt 0.917131 0.955084
vt 0.989294 0.987545
vt 0.918900 0.871748
vt 0.883581 0.871748
vt 0.962478 0.836714
vt 0.951209 0.824745
vt 0.940622 0.813535
vt 0.915774 0.788889
vt 0.989294 0.821223
vt 0.989294 0.805796
vt 0.989294 0.791346
vt 0.989294 0.755333
s 0
usemtl defaultMaterial.004
f 1745/1198/1297 1746/1199/1297 1747/1200/1297
f 1745/1198/1297 1747/1200/1297 1748/1201/1297
f 1749/1202/1298 1750/1203/1298 1751/1204/1298
f 1749/1202/1298 1751/1204/1298 1752/1205/1298
f 1753/1205/1299 1754/1204/1299 1755/1206/1299
f 1753/1205/1299 1755/1206/1299 1756/1207/1299
s 1
f 1757/1198/1300 1758/1208/1300 1759/1209/1300
f 1757/1198/1300 1759/1209/1300 1760/1199/1300
s 0
f 1761/1201/1301 1762/1210/1301 1763/1211/1301
f 1761/1201/1301 1763/1211/1301 1764/1198/1301
f 1765/1212/1302 1766/1213/1302 1767/1210/1302
f 1765/1212/1302 1767/1210/1302 1768/1211/1302
f 1769/1213/1303 1770/1212/1303 1771/1211/1303
f 1769/1213/1303 1771/1211/1303 1772/1210/1303
f 1773/1201/1304 1774/1198/1304 1775/1214/1304
f 1773/1201/1304 1775/1214/1304 1776/1215/1304
f 1777/1216/1305 1778/1217/1305 1779/1218/1305
f 1777/1216/1305 1779/1218/1305 1780/1219/1305
f 1777/1216/1305 1780/1219/1305 1781/1220/1305
s 1
f 1782/1212/1306 1783/1211/1307 1784/1221/1306
f 1782/1212/1306 1784/1221/1306 1785/1222/1307
s 0
f 1786/1210/1308 1787/1200/1308 1788/1199/1308
f 1786/1210/1308 1788/1199/1308 1789/1211/1308
f 1790/1198/1309 1791/1208/1309 1792/1223/1309
f 1790/1198/1309 1792/1223/1309 1793/1214/1309
f 1794/1198/1309 1793/1214/1309 1792/1223/1309
f 1794/1198/1309 1792/1223/1309 1795/1208/1309
f 1796/1198/1304 1797/1201/1304 1776/1215/1304
f 1796/1198/1304 1776/1215/1304 1775/1214/1304
f 1798/1222/1310 1799/1221/1310 1800/1211/1310
f 1798/1222/1310 1800/1211/1310 1801/1212/1310
f 1802/1222/1299 1803/1212/1299 1753/1205/1299
f 1802/1222/1299 1753/1205/1299 1756/1207/1299
f 1804/1212/1298 1805/1213/1298 1749/1202/1298
f 1804/1212/1298 1749/1202/1298 1752/1205/1298
f 1806/1221/1311 1807/1211/1311 1808/1199/1311
f 1806/1221/1311 1808/1199/1311 1809/1209/1311
s 1
f 1810/1198/1312 1811/1211/1312 1812/1221/1312
f 1810/1198/1312 1812/1221/1312 1813/1208/1312
s 0
f 1814/1224/1305 1815/1225/1305 1816/1217/1305
f 1814/1224/1305 1816/1217/1305 1777/1216/1305
f 1814/1224/1305 1777/1216/1305 1781/1220/1305
f 1814/1224/1305 1781/1220/1305 1817/1226/1305
f 1818/1205/1313 1819/1207/1313 1820/1206/1313
f 1818/1205/1313 1820/1206/1313 1821/1204/1313
s 1
f 1822/1198/1314 1823/1199/1315 1824/1209/1315
f 1822/1198/1314 1824/1209/1315 1825/1208/1315
s 0
f 1826/1216/1316 1827/1220/1316 1828/1219/1316
f 1826/1216/1316 1828/1219/1316 1829/1218/1316
f 1826/1216/1316 1829/1218/1316 1830/1217/1316
s 1
f 1831/1212/1317 1832/1222/1318 1833/1221/1319
f 1831/1212/1317 1833/1221/1319 1834/1211/1318
s 0
f 1835/1198/1320 1836/1214/1320 1837/1223/1320
f 1835/1198/1320 1837/1223/1320 1838/1208/1320
f 1839/1198/1320 1840/1208/1320 1837/1223/1320
f 1839/1198/1320 1837/1223/1320 1836/1214/1320
f 1841/1222/1321 1842/1212/1321 1843/1211/1321
f 1841/1222/1321 1843/1211/1321 1844/1221/1321
f 1845/1222/1313 1819/1207/1313 1818/1205/1313
f 1845/1222/1313 1818/1205/1313 1846/1212/1313
f 1847/1221/1322 1848/1209/1322 1849/1199/1322
f 1847/1221/1322 1849/1199/1322 1850/1211/1322
s 1
f 1851/1198/1323 1852/1208/1323 1853/1221/1323
f 1851/1198/1323 1853/1221/1323 1854/1211/1323
s 0
f 1855/1226/1316 1827/1220/1316 1856/1227/1316
f 1855/1226/1316 1856/1227/1316 1826/1216/1316
f 1855/1226/1316 1826/1216/1316 1857/1217/1316
f 1855/1226/1316 1857/1217/1316 1858/1225/1316
f 1855/1226/1316 1858/1225/1316 1859/1224/1316
s 1
f 1860/1228/1324 1861/1229/1325 1862/1230/1326
f 1860/1228/1324 1862/1230/1326 1863/1231/1327
f 1864/1232/1328 1865/1233/1329 1866/1234/1330
f 1864/1232/1328 1866/1234/1330 1867/1235/1331
f 1865/1233/1329 1868/1236/1332 1869/1237/1333
f 1865/1233/1329 1869/1237/1333 1866/1234/1330
f 1870/1233/1334 1864/1232/1328 1867/1235/1331
f 1870/1233/1334 1867/1235/1331 1871/1234/1335
f 1868/1236/1332 1872/1238/1336 1873/1239/1337
f 1868/1236/1332 1873/1239/1337 1869/1237/1333
f 1874/1236/1338 1870/1233/1334 1871/1234/1335
f 1874/1236/1338 1871/1234/1335 1875/1237/1339
f 1867/1235/1331 1876/1240/1298 1877/1241/1340
f 1867/1235/1331 1877/1241/1340 1871/1234/1335
f 1878/1238/1341 1874/1236/1338 1875/1237/1339
f 1878/1238/1341 1875/1237/1339 1879/1239/1342
f 1880/1242/1343 1878/1238/1341 1879/1239/1342
f 1880/1242/1343 1879/1239/1342 1881/1243/1344
f 1871/1234/1335 1877/1241/1340 1882/1244/1345
f 1871/1234/1335 1882/1244/1345 1875/1237/1339
f 1875/1237/1339 1882/1244/1345 1883/1245/1346
f 1875/1237/1339 1883/1245/1346 1879/1239/1342
f 1881/1243/1344 1873/1239/1337 1872/1238/1336
f 1881/1243/1344 1872/1238/1336 1880/1242/1343
f 1879/1239/1342 1883/1245/1346 1884/1246/1304
f 1879/1239/1342 1884/1246/1304 1881/1243/1344
f 1881/1243/1344 1884/1246/1304 1885/1245/1347
f 1881/1243/1344 1885/1245/1347 1873/1239/1337
f 1885/1245/1347 1886/1244/1308 1869/1237/1333
f 1885/1245/1347 1869/1237/1333 1873/1239/1337
f 1869/1237/1333 1886/1244/1308 1887/1241/1348
f 1869/1237/1333 1887/1241/1348 1866/1234/1330
f 1866/1234/1330 1887/1241/1348 1876/1240/1298
f 1866/1234/1330 1876/1240/1298 1867/1235/1331
f 1862/1230/1326 1888/1247/1349 1889/1248/1350
f 1890/1249/1351 1861/1229/1325 1891/1250/1350
f 1890/1249/1351 1891/1250/1350 1892/1251/1350
f 1893/1251/1352 1894/1250/1353 1895/1252/1353
f 1893/1251/1352 1895/1252/1353 1896/1253/1352
f 1897/1250/1354 1893/1251/1352 1896/1253/1352
f 1897/1250/1354 1896/1253/1352 1898/1252/1354
f 1899/1229/1355 1890/1249/1351 1892/1251/1350
f 1899/1229/1355 1892/1251/1350 1900/1250/1350
f 1888/1247/1349 1901/1230/1356 1889/1248/1350
f 1863/1231/1327 1862/1230/1326 1889/1248/1350
f 1861/1229/1325 1860/1228/1324 1902/1254/1350
f 1861/1229/1325 1902/1254/1350 1891/1250/1350
f 1894/1250/1353 1903/1254/1357 1904/1255/1357
f 1894/1250/1353 1904/1255/1357 1895/1252/1353
f 1905/1254/1358 1897/1250/1354 1898/1252/1354
f 1905/1254/1358 1898/1252/1354 1906/1255/1358
f 1907/1228/1359 1899/1229/1355 1900/1250/1350
f 1907/1228/1359 1900/1250/1350 1908/1254/1350
f 1901/1230/1356 1909/1231/1360 1889/1248/1350
f 1910/1256/1361 1863/1231/1327 1889/1248/1350
f 1860/1228/1324 1911/1257/1362 1912/1258/1350
f 1860/1228/1324 1912/1258/1350 1902/1254/1350
f 1903/1254/1357 1913/1258/1363 1914/1259/1363
f 1903/1254/1357 1914/1259/1363 1904/1255/1357
f 1915/1258/1364 1905/1254/1358 1906/1255/1358
f 1915/1258/1364 1906/1255/1358 1916/1259/1364
f 1917/1257/1365 1907/1228/1359 1908/1254/1350
f 1917/1257/1365 1908/1254/1350 1918/1258/1350
f 1909/1231/1360 1919/1256/1365 1889/1248/1350
f 1920/1260/1366 1910/1256/1361 1889/1248/1350
f 1911/1257/1362 1921/1261/1367 1922/1262/1350
f 1911/1257/1362 1922/1262/1350 1912/1258/1350
f 1913/1258/1363 1923/1262/1368 1924/1263/1368
f 1913/1258/1363 1924/1263/1368 1914/1259/1363
f 1923/1262/1368 1915/1258/1364 1916/1259/1364
f 1923/1262/1368 1916/1259/1364 1924/1263/1368
f 1921/1261/1367 1917/1257/1365 1918/1258/1350
f 1921/1261/1367 1918/1258/1350 1922/1262/1350
f 1919/1256/1365 1920/1260/1366 1889/1248/1350
f 1861/1229/1325 1890/1249/1351 1888/1247/1349
f 1861/1229/1325 1888/1247/1349 1862/1230/1326
f 1890/1249/1351 1899/1229/1355 1901/1230/1356
f 1890/1249/1351 1901/1230/1356 1888/1247/1349
f 1899/1229/1355 1907/1228/1359 1909/1231/1360
f 1899/1229/1355 1909/1231/1360 1901/1230/1356
f 1907/1228/1359 1917/1257/1365 1919/1256/1365
f 1907/1228/1359 1919/1256/1365 1909/1231/1360
f 1917/1257/1365 1921/1261/1367 1920/1260/1366
f 1917/1257/1365 1920/1260/1366 1919/1256/1365
f 1921/1261/1367 1911/1257/1362 1910/1256/1361
f 1921/1261/1367 1910/1256/1361 1920/1260/1366
f 1911/1257/1362 1860/1228/1324 1863/1231/1327
f 1911/1257/1362 1863/1231/1327 1910/1256/1361
o defaultMaterial.012
v -3.885491 2.603243 6.049441
v -2.926888 2.603243 6.049441
v -2.926888 2.254011 5.697320
v -3.885491 2.254011 5.697320
v -2.926888 1.065395 6.699401
v -3.885491 1.065395 6.699401
v -3.885491 1.065395 6.024153
v -2.926888 1.065395 6.024153
v -3.885491 1.065395 6.699401
v -3.985199 1.165104 6.699401
v -3.985199 1.165104 6.121909
v -3.885491 1.065395 6.024153
v -3.885491 2.603243 6.049441
v -3.885491 2.254011 5.697320
v -3.985199 2.199624 5.818994
v -3.985199 2.503535 6.121909
v -2.926888 2.603243 7.349362
v -3.885491 2.603243 7.349362
v -3.885491 1.296844 8.814918
v -2.926888 1.296844 8.814918
v -3.885491 1.065395 6.024153
v -3.885491 1.397254 5.697320
v -2.926888 1.397254 5.697320
v -2.926888 1.065395 6.024153
v -2.926888 1.065395 8.670718
v -2.926888 1.296844 8.814918
v -3.885491 1.296844 8.814918
v -3.885491 1.065395 8.670718
v -2.926888 2.603243 7.349362
v -2.926888 2.603243 6.699401
v -3.885491 2.603243 6.699401
v -3.885491 2.603243 7.349362
v -3.985199 2.503535 6.699401
v -3.985199 1.165104 6.699401
v -3.985199 1.165104 7.627218
v -3.985199 1.834319 7.452057
v -3.985199 2.503535 7.276896
v -3.885491 1.065395 6.024153
v -3.985199 1.165104 6.121909
v -3.985199 1.467700 5.818994
v -3.885491 1.397254 5.697320
v -2.926888 1.397254 5.697320
v -3.885491 1.397254 5.697320
v -3.885491 2.254011 5.697320
v -2.926888 2.254011 5.697320
v -3.885491 2.603243 7.349362
v -3.885491 2.603243 6.699401
v -3.985199 2.503535 6.699401
v -3.985199 2.503535 7.276896
v -3.885491 2.603243 6.049441
v -3.985199 2.503535 6.121909
v -3.885491 2.603243 6.049441
v -2.926888 2.603243 6.049441
v -3.985199 1.165104 8.555035
v -3.885491 1.065395 8.670718
v -3.885491 1.296844 8.814918
v -3.985199 1.287891 8.631535
v -3.985199 1.165104 8.555035
v -3.885491 1.065395 8.670718
v -3.885491 1.065395 8.670718
v -2.926888 1.065395 8.670718
v -3.985199 1.467700 5.818994
v -3.985199 2.199624 5.818994
v -3.885491 2.254011 5.697320
v -3.885491 1.397254 5.697320
v -3.885491 2.603243 7.349362
v -3.985199 2.503535 7.276896
v -3.985199 1.895712 7.954215
v -3.985199 1.287891 8.631535
v -3.885491 1.296844 8.814918
v -3.985199 1.467700 5.818994
v -3.985199 1.165104 6.121909
v -3.985199 2.503535 6.121909
v -3.985199 2.199624 5.818994
v -2.926888 1.065395 6.699401
v -2.926888 1.065395 6.024153
v -2.827180 1.165104 6.121909
v -2.827180 1.165104 6.699401
v -2.926888 2.603243 6.049441
v -2.827180 2.503535 6.121909
v -2.827180 2.199624 5.818994
v -2.926888 2.254011 5.697320
v -2.827180 2.503535 6.699401
v -2.827180 2.503535 7.276896
v -2.827180 1.287891 8.631535
v -2.827180 1.165104 8.555035
v -2.827180 1.165104 6.699401
v -2.926888 1.065395 6.024153
v -2.926888 1.397254 5.697320
v -2.827180 1.467700 5.818994
v -2.827180 1.165104 6.121909
v -2.926888 2.603243 7.349362
v -2.827180 2.503535 7.276896
v -2.827180 2.503535 6.699401
v -2.926888 2.603243 6.699401
v -2.926888 2.603243 6.049441
v -2.827180 2.503535 6.121909
v -2.827180 1.165104 8.555035
v -2.827180 1.287891 8.631535
v -2.926888 1.296844 8.814918
v -2.926888 1.065395 8.670718
v -2.827180 1.165104 8.555035
v -2.926888 1.065395 8.670718
v -2.827180 1.467700 5.818994
v -2.926888 1.397254 5.697320
v -2.926888 2.254011 5.697320
v -2.827180 2.199624 5.818994
v -2.926888 2.603243 7.349362
v -2.926888 1.296844 8.814918
v -2.827180 1.287891 8.631535
v -2.827180 2.503535 7.276896
v -2.827180 1.165104 6.121909
v -2.827180 1.467700 5.818994
v -2.827180 2.199624 5.818994
v -2.827180 2.503535 6.121909
v -2.827180 1.834319 6.699401
v -3.985199 1.287891 8.631535
v -3.985199 1.895712 7.954215
v -3.985199 1.530408 7.790717
v -3.985199 1.165104 8.555035
v -1.765320 2.208138 6.699401
v -2.514211 1.519747 6.699401
v -2.557361 1.611883 6.476965
v -1.830470 2.273288 6.476965
v -2.656477 1.834319 6.384830
v -1.987755 2.430573 6.384830
v -1.830470 2.273288 6.921837
v -2.557361 1.611883 6.921837
v -2.769932 2.056756 6.476965
v -2.145041 2.587860 6.476965
v -1.987755 2.430573 7.013974
v -2.656477 1.834319 7.013974
v -3.139680 1.611883 6.921837
v -3.139680 1.519747 6.699401
v -2.145041 2.587860 6.921837
v -2.769932 2.056756 6.921837
v -2.210191 2.653010 6.699401
v -2.827180 2.148890 6.699401
v -3.139680 1.834319 7.013974
v -3.139680 2.056756 6.921837
v -3.139680 2.148890 6.699401
v -3.139680 2.056756 6.476965
v -3.139680 1.834319 6.384830
v -3.139680 1.611883 6.476965
v -2.255753 2.110571 6.700577
v -1.945120 2.005542 6.694747
v -2.015048 2.086056 6.921978
v -1.911899 1.929251 6.708477
v -1.808772 1.894382 6.706542
v -1.913782 2.015290 7.047770
v -1.993693 2.023429 6.974267
v -1.808772 1.894382 6.706542
v -1.632775 2.088197 6.647352
v -1.760317 2.235050 7.061804
v -1.913782 2.015290 7.047770
v -1.977017 1.865866 6.370440
v -1.837121 2.053561 6.239130
v -2.042948 1.907040 6.446681
v -1.977017 1.865866 6.370440
v -2.057157 1.986552 6.470932
v -2.225977 2.180933 7.019516
v -2.230532 2.157764 7.194240
v -2.240417 2.134407 7.088356
v -2.145037 2.408098 7.239703
v -2.230532 2.157764 7.194240
v -2.319959 1.946446 6.236351
v -2.253654 2.151433 6.076268
v -2.310074 1.969805 6.342236
v -2.319959 1.946446 6.236351
v -2.285529 2.040211 6.381640
v -2.454349 2.234592 6.930223
v -2.573474 2.238344 7.060151
v -2.507543 2.197171 6.983911
v -2.561569 2.505969 7.076841
v -2.573474 2.238344 7.060151
v -2.636709 2.088921 6.382822
v -2.638373 2.324480 6.254169
v -2.556798 2.080781 6.456324
v -2.636709 2.088921 6.382822
v -2.496459 2.135087 6.479177
v -2.566386 2.215602 6.706408
v -2.741719 2.209828 6.724050
v -2.638592 2.174959 6.722115
v -2.765916 2.471334 6.668618
v -2.741719 2.209828 6.724050
vn -0.0000 0.7100 -0.7042
vn -0.0000 -1.0000 -0.0000
vn -0.7071 -0.7071 -0.0000
vn -0.7771 0.4457 -0.4444
vn -0.0000 0.7465 0.6654
vn -0.0000 -0.7017 -0.7125
vn -0.0000 -0.5288 0.8488
vn -0.0000 1.0000 -0.0000
vn -1.0000 -0.0000 -0.0000
vn -0.8101 -0.4130 -0.4161
vn -0.8102 -0.4130 -0.4160
vn -0.8102 -0.4129 -0.4160
vn -0.0000 -0.0000 -1.0000
vn -0.7071 0.7071 -0.0000
vn -0.8343 -0.2915 0.4679
vn -0.7735 -0.0000 -0.6338
vn -0.7836 0.4631 0.4141
vn 0.7071 -0.7071 -0.0000
vn 0.7770 0.4457 -0.4445
vn 0.7771 0.4457 -0.4444
vn 1.0000 -0.0000 -0.0000
vn 0.8102 -0.4130 -0.4160
vn 0.7071 0.7071 -0.0000
vn 0.8343 -0.2915 0.4679
vn 0.7735 -0.0000 -0.6338
vn 0.7836 0.4631 0.4141
vn 0.6749 -0.7379 -0.0002
vn 0.3613 -0.9325 -0.0000
vn 0.2442 -0.6336 -0.7341
vn 0.4722 -0.5185 -0.7128
vn 0.0026 -0.0004 -1.0000
vn 0.0051 -0.0007 -1.0000
vn 0.4722 -0.5185 0.7128
vn 0.2442 -0.6336 0.7341
vn -0.2302 0.6363 -0.7363
vn -0.4463 0.5285 -0.7222
vn 0.0051 -0.0008 1.0000
vn 0.0026 -0.0004 1.0000
vn -0.0000 -0.7071 0.7071
vn -0.4462 0.5285 0.7222
vn -0.2302 0.6364 0.7363
vn -0.6403 0.7681 -0.0000
vn -0.3384 0.9410 -0.0000
vn -0.0000 -0.0000 1.0000
vn -0.0000 0.7071 0.7071
vn -0.0000 0.7071 -0.7071
vn -0.0000 -0.7071 -0.7071
vn -0.3076 -0.9227 0.2323
vn -0.6631 -0.7155 0.2198
vn -0.5772 -0.8144 -0.0593
vn -0.6631 -0.7156 0.2198
vn -0.5772 -0.8145 -0.0593
vn 0.7495 -0.6577 0.0751
vn 0.5535 -0.4320 0.7120
vn 0.4355 -0.7109 -0.5522
vn -0.5255 -0.6923 0.4946
vn -0.5255 -0.6922 0.4947
vn -0.3181 -0.9310 -0.1791
vn -0.0377 -0.1661 0.9854
vn -0.2046 -0.5605 -0.8025
vn -0.2450 -0.7582 0.6043
vn -0.2450 -0.7581 0.6044
vn -0.0376 -0.9969 -0.0695
vn -0.0377 -0.9969 -0.0694
vn -0.6778 -0.0157 0.7351
vn -0.7958 -0.2946 -0.5291
vn 0.0141 -0.8747 0.4845
vn 0.1000 -0.9736 0.2054
vn 0.0999 -0.9736 0.2055
vn -0.9918 -0.0689 0.1078
vt 0.584796 0.864460
vt 0.584796 0.772892
vt 0.550458 0.772892
vt 0.550458 0.864460
vt 0.310092 0.772892
vt 0.310092 0.864460
vt 0.349437 0.864460
vt 0.349437 0.772892
vt 0.310092 0.887352
vt 0.345861 0.887352
vt 0.550458 0.887352
vt 0.584796 0.887352
vt 0.447444 0.864460
vt 0.447444 0.772892
vt 0.424552 0.864460
vt 0.424552 0.772892
vt 0.676364 0.772892
vt 0.676364 0.864460
vt 0.685123 0.750000
vt 0.685123 0.887352
vt 0.763192 0.887352
vt 0.749095 0.818676
vt 0.734998 0.750000
vt 0.424552 0.887352
vt 0.447444 0.887352
vt 0.676364 0.887352
vt 0.516120 0.887352
vt 0.763185 0.855849
vt 0.733916 0.887352
vt 0.763174 0.781238
vt 0.847699 0.874954
vt 0.841262 0.887352
vt 0.685123 0.818676
vt 0.791349 0.812477
vt 0.777271 0.849914
vt 0.001791 0.944862
vt 0.189291 0.944862
vt 0.189291 0.913612
vt 0.001791 0.913612
vt 0.189291 0.882362
vt 0.001791 0.882362
vt 0.189291 0.851112
vt 0.001791 0.851112
vt 0.293550 0.913612
vt 0.293550 0.944862
vt 0.001791 0.819862
vt 0.189291 0.819862
vt 0.293550 0.882362
vt 0.293550 0.851112
vt 0.293550 0.819862
vt 0.989294 0.871748
vt 0.989294 0.921067
vt 0.963302 0.906323
vt 0.989294 0.936627
vt 0.989294 0.951163
vt 0.942234 0.929394
vt 0.953098 0.917601
vt 0.989294 0.987545
vt 0.917131 0.955084
vt 0.951064 0.871748
vt 0.918900 0.871748
vt 0.935621 0.871748
vt 0.883581 0.871748
vt 0.962478 0.836714
vt 0.940622 0.813535
vt 0.951209 0.824745
vt 0.915774 0.788889
vt 0.989294 0.821223
vt 0.989294 0.791346
vt 0.989294 0.805796
vt 0.989294 0.755333
s 0
usemtl defaultMaterial.004
f 1925/1264/1369 1926/1265/1369 1927/1266/1369
f 1925/1264/1369 1927/1266/1369 1928/1267/1369
f 1929/1268/1370 1930/1269/1370 1931/1270/1370
f 1929/1268/1370 1931/1270/1370 1932/1271/1370
f 1933/1269/1371 1934/1272/1371 1935/1273/1371
f 1933/1269/1371 1935/1273/1371 1936/1270/1371
s 1
f 1937/1264/1372 1938/1267/1372 1939/1274/1372
f 1937/1264/1372 1939/1274/1372 1940/1275/1372
s 0
f 1941/1265/1373 1942/1264/1373 1943/1276/1373
f 1941/1265/1373 1943/1276/1373 1944/1277/1373
f 1945/1278/1374 1946/1276/1374 1947/1277/1374
f 1945/1278/1374 1947/1277/1374 1948/1279/1374
f 1949/1279/1375 1950/1277/1375 1951/1276/1375
f 1949/1279/1375 1951/1276/1375 1952/1278/1375
f 1953/1265/1376 1954/1280/1376 1955/1281/1376
f 1953/1265/1376 1955/1281/1376 1956/1264/1376
f 1957/1282/1377 1958/1283/1377 1959/1284/1377
f 1957/1282/1377 1959/1284/1377 1960/1285/1377
f 1957/1282/1377 1960/1285/1377 1961/1286/1377
s 1
f 1962/1278/1378 1963/1287/1379 1964/1288/1380
f 1962/1278/1378 1964/1288/1380 1965/1276/1379
s 0
f 1966/1277/1381 1967/1276/1381 1968/1267/1381
f 1966/1277/1381 1968/1267/1381 1969/1266/1381
f 1970/1264/1382 1971/1281/1382 1972/1289/1382
f 1970/1264/1382 1972/1289/1382 1973/1275/1382
f 1974/1264/1382 1975/1275/1382 1972/1289/1382
f 1974/1264/1382 1972/1289/1382 1971/1281/1382
f 1976/1264/1376 1955/1281/1376 1954/1280/1376
f 1976/1264/1376 1954/1280/1376 1977/1265/1376
f 1978/1287/1383 1979/1278/1383 1980/1276/1383
f 1978/1287/1383 1980/1276/1383 1981/1288/1383
f 1982/1287/1371 1934/1272/1371 1933/1269/1371
f 1982/1287/1371 1933/1269/1371 1983/1278/1371
f 1984/1278/1370 1930/1269/1370 1929/1268/1370
f 1984/1278/1370 1929/1268/1370 1985/1279/1370
f 1986/1288/1384 1987/1274/1384 1988/1267/1384
f 1986/1288/1384 1988/1267/1384 1989/1276/1384
s 1
f 1990/1264/1385 1991/1275/1385 1992/1290/1385
f 1990/1264/1385 1992/1290/1385 1993/1288/1385
f 1990/1264/1385 1993/1288/1385 1994/1276/1385
s 0
f 1995/1291/1377 1996/1292/1377 1958/1283/1377
f 1995/1291/1377 1958/1283/1377 1957/1282/1377
f 1995/1291/1377 1957/1282/1377 1997/1286/1377
f 1995/1291/1377 1997/1286/1377 1998/1293/1377
f 1999/1269/1386 2000/1270/1386 2001/1273/1386
f 1999/1269/1386 2001/1273/1386 2002/1272/1386
s 1
f 2003/1264/1387 2004/1275/1388 2005/1274/1388
f 2003/1264/1387 2005/1274/1388 2006/1267/1388
s 0
f 2007/1282/1389 2008/1286/1389 2009/1294/1389
f 2007/1282/1389 2009/1294/1389 2010/1295/1389
f 2007/1282/1389 2010/1295/1389 2011/1283/1389
s 1
f 2012/1278/1390 2013/1276/1390 2014/1288/1390
f 2012/1278/1390 2014/1288/1390 2015/1287/1390
s 0
f 2016/1264/1391 2017/1275/1391 2018/1289/1391
f 2016/1264/1391 2018/1289/1391 2019/1281/1391
f 2020/1264/1391 2019/1281/1391 2018/1289/1391
f 2020/1264/1391 2018/1289/1391 2021/1275/1391
f 2022/1287/1392 2023/1288/1392 2024/1276/1392
f 2022/1287/1392 2024/1276/1392 2025/1278/1392
f 2026/1287/1386 2027/1278/1386 1999/1269/1386
f 2026/1287/1386 1999/1269/1386 2002/1272/1386
f 2028/1288/1393 2029/1276/1393 2030/1267/1393
f 2028/1288/1393 2030/1267/1393 2031/1274/1393
s 1
f 2032/1264/1394 2033/1276/1394 2034/1288/1394
f 2032/1264/1394 2034/1288/1394 2035/1275/1394
s 0
f 2036/1292/1389 2037/1291/1389 2038/1293/1389
f 2036/1292/1389 2038/1293/1389 2039/1286/1389
f 2036/1292/1389 2039/1286/1389 2007/1282/1389
f 2036/1292/1389 2007/1282/1389 2040/1296/1389
f 2036/1292/1389 2040/1296/1389 2011/1283/1389
f 2041/1294/1377 2042/1297/1377 2043/1298/1377
f 2041/1294/1377 2043/1298/1377 1959/1284/1377
f 2041/1294/1377 1959/1284/1377 2044/1295/1377
s 1
f 2045/1299/1395 2046/1300/1396 2047/1301/1397
f 2045/1299/1395 2047/1301/1397 2048/1302/1398
f 2048/1302/1398 2047/1301/1397 2049/1303/1399
f 2048/1302/1398 2049/1303/1399 2050/1304/1400
f 2051/1302/1401 2052/1301/1402 2046/1300/1396
f 2051/1302/1401 2046/1300/1396 2045/1299/1395
f 2050/1304/1400 2049/1303/1399 2053/1305/1403
f 2050/1304/1400 2053/1305/1403 2054/1306/1404
f 2055/1304/1405 2056/1303/1406 2052/1301/1402
f 2055/1304/1405 2052/1301/1402 2051/1302/1401
f 2046/1300/1396 2052/1301/1402 2057/1307/1407
f 2046/1300/1396 2057/1307/1407 2058/1308/1370
f 2059/1306/1408 2060/1305/1409 2056/1303/1406
f 2059/1306/1408 2056/1303/1406 2055/1304/1405
f 2061/1309/1410 2062/1310/1411 2060/1305/1409
f 2061/1309/1410 2060/1305/1409 2059/1306/1408
f 2052/1301/1402 2056/1303/1406 2063/1311/1412
f 2052/1301/1402 2063/1311/1412 2057/1307/1407
f 2056/1303/1406 2060/1305/1409 2064/1312/1413
f 2056/1303/1406 2064/1312/1413 2063/1311/1412
f 2062/1310/1411 2061/1309/1410 2054/1306/1404
f 2062/1310/1411 2054/1306/1404 2053/1305/1403
f 2060/1305/1409 2062/1310/1411 2065/1313/1376
f 2060/1305/1409 2065/1313/1376 2064/1312/1413
f 2062/1310/1411 2053/1305/1403 2066/1312/1414
f 2062/1310/1411 2066/1312/1414 2065/1313/1376
f 2066/1312/1414 2053/1305/1403 2049/1303/1399
f 2066/1312/1414 2049/1303/1399 2067/1311/1381
f 2049/1303/1399 2047/1301/1397 2068/1307/1415
f 2049/1303/1399 2068/1307/1415 2067/1311/1381
f 2047/1301/1397 2046/1300/1396 2058/1308/1370
f 2047/1301/1397 2058/1308/1370 2068/1307/1415
f 2069/1314/1416 2070/1315/1417 2071/1316/1418
f 2072/1317/1419 2073/1318/1416 2074/1319/1416
f 2072/1317/1419 2074/1319/1416 2075/1320/1420
f 2076/1318/1421 2077/1321/1421 2078/1322/1422
f 2076/1318/1421 2078/1322/1422 2079/1319/1422
f 2080/1319/1423 2081/1322/1423 2077/1321/1421
f 2080/1319/1423 2077/1321/1421 2076/1318/1421
f 2082/1320/1424 2083/1319/1416 2073/1318/1416
f 2082/1320/1424 2073/1318/1416 2072/1317/1419
f 2069/1314/1416 2084/1316/1425 2070/1315/1417
f 2069/1314/1416 2071/1316/1418 2085/1323/1426
f 2075/1320/1420 2074/1319/1416 2086/1324/1416
f 2075/1320/1420 2086/1324/1416 2087/1325/1426
f 2079/1319/1422 2078/1322/1422 2088/1326/1427
f 2079/1319/1422 2088/1326/1427 2089/1324/1427
f 2090/1324/1428 2091/1326/1428 2081/1322/1423
f 2090/1324/1428 2081/1322/1423 2080/1319/1423
f 2092/1325/1429 2093/1324/1416 2083/1319/1416
f 2092/1325/1429 2083/1319/1416 2082/1320/1424
f 2069/1314/1416 2094/1323/1430 2084/1316/1425
f 2069/1314/1416 2085/1323/1426 2095/1327/1431
f 2087/1325/1426 2086/1324/1416 2096/1328/1416
f 2087/1325/1426 2096/1328/1416 2097/1329/1432
f 2089/1324/1427 2088/1326/1427 2098/1330/1433
f 2089/1324/1427 2098/1330/1433 2099/1328/1433
f 2100/1328/1434 2101/1330/1434 2091/1326/1428
f 2100/1328/1434 2091/1326/1428 2090/1324/1428
f 2102/1329/1435 2103/1328/1416 2093/1324/1416
f 2102/1329/1435 2093/1324/1416 2092/1325/1429
f 2069/1314/1416 2104/1327/1435 2094/1323/1430
f 2069/1314/1416 2095/1327/1431 2105/1331/1436
f 2097/1329/1432 2096/1328/1416 2106/1332/1416
f 2097/1329/1432 2106/1332/1416 2107/1333/1437
f 2099/1328/1433 2098/1330/1433 2108/1334/1438
f 2099/1328/1433 2108/1334/1438 2109/1332/1438
f 2109/1332/1438 2108/1334/1438 2101/1330/1434
f 2109/1332/1438 2101/1330/1434 2100/1328/1434
f 2107/1333/1437 2106/1332/1416 2103/1328/1416
f 2107/1333/1437 2103/1328/1416 2102/1329/1435
f 2069/1314/1416 2105/1331/1436 2104/1327/1435
f 2075/1320/1420 2071/1316/1418 2070/1315/1417
f 2075/1320/1420 2070/1315/1417 2072/1317/1419
f 2072/1317/1419 2070/1315/1417 2084/1316/1425
f 2072/1317/1419 2084/1316/1425 2082/1320/1424
f 2082/1320/1424 2084/1316/1425 2094/1323/1430
f 2082/1320/1424 2094/1323/1430 2092/1325/1429
f 2092/1325/1429 2094/1323/1430 2104/1327/1435
f 2092/1325/1429 2104/1327/1435 2102/1329/1435
f 2102/1329/1435 2104/1327/1435 2105/1331/1436
f 2102/1329/1435 2105/1331/1436 2107/1333/1437
f 2107/1333/1437 2105/1331/1436 2095/1327/1431
f 2107/1333/1437 2095/1327/1431 2097/1329/1432
f 2097/1329/1432 2095/1327/1431 2085/1323/1426
f 2097/1329/1432 2085/1323/1426 2087/1325/1426
f 2087/1325/1426 2085/1323/1426 2071/1316/1418
f 2087/1325/1426 2071/1316/1418 2075/1320/1420
s 0
f 2043/1298/1377 2042/1297/1377 1961/1286/1377
f 2043/1298/1377 1961/1286/1377 1960/1285/1377
f 2043/1298/1377 1960/1285/1377 1959/1284/1377
o defaultMaterial.013
v 4.182252 2.790187 -3.869319
v 3.223650 2.790187 -3.869319
v 3.223650 2.440955 -3.517197
v 4.182252 2.440955 -3.517197
v 3.223650 1.252339 -4.519278
v 4.182252 1.252339 -4.519278
v 4.182252 1.252339 -3.844030
v 3.223650 1.252339 -3.844030
v 4.182252 1.252339 -4.519278
v 4.281960 1.352047 -4.519278
v 4.281960 1.352047 -3.941785
v 4.182252 1.252339 -3.844030
v 4.182252 2.790187 -3.869319
v 4.182252 2.440955 -3.517197
v 4.281960 2.386568 -3.638871
v 4.281960 2.690478 -3.941785
v 3.223650 2.790187 -5.169239
v 4.182252 2.790187 -5.169239
v 4.182252 1.483788 -6.634794
v 3.223650 1.483788 -6.634794
v 4.182252 1.252339 -3.844030
v 4.182252 1.584198 -3.517197
v 3.223650 1.584198 -3.517197
v 3.223650 1.252339 -3.844030
v 3.223650 1.252339 -6.490595
v 3.223650 1.483788 -6.634794
v 4.182252 1.483788 -6.634794
v 4.182252 1.252339 -6.490595
v 3.223650 2.790187 -5.169239
v 3.223650 2.790187 -4.519278
v 4.182252 2.790187 -4.519278
v 4.182252 2.790187 -5.169239
v 4.281960 1.352047 -4.519278
v 4.281960 1.352047 -6.374910
v 4.281960 1.474835 -6.451411
v 4.281960 2.690478 -5.096772
v 4.281960 2.690478 -4.519278
v 4.182252 1.252339 -3.844030
v 4.281960 1.352047 -3.941785
v 4.281960 1.654644 -3.638871
v 4.182252 1.584198 -3.517197
v 3.223650 1.584198 -3.517197
v 4.182252 1.584198 -3.517197
v 4.182252 2.440955 -3.517197
v 3.223650 2.440955 -3.517197
v 4.182252 2.790187 -5.169239
v 4.182252 2.790187 -4.519278
v 4.281960 2.690478 -4.519278
v 4.281960 2.690478 -5.096772
v 4.182252 2.790187 -3.869319
v 4.281960 2.690478 -3.941785
v 4.182252 2.790187 -3.869319
v 3.223650 2.790187 -3.869319
v 4.281960 1.352047 -6.374910
v 4.182252 1.252339 -6.490595
v 4.182252 1.483788 -6.634794
v 4.281960 1.474835 -6.451411
v 4.182252 1.252339 -6.490595
v 4.281960 1.352047 -6.374910
v 4.182252 1.252339 -6.490595
v 3.223650 1.252339 -6.490595
v 4.281960 1.654644 -3.638871
v 4.281960 2.386568 -3.638871
v 4.182252 2.440955 -3.517197
v 4.182252 1.584198 -3.517197
v 4.281960 2.690478 -5.096772
v 4.281960 1.474835 -6.451411
v 4.182252 1.483788 -6.634794
v 4.182252 2.790187 -5.169239
v 4.281960 1.654644 -3.638871
v 4.281960 1.352047 -3.941785
v 4.281960 2.690478 -3.941785
v 4.281960 2.386568 -3.638871
v 3.223650 1.252339 -4.519278
v 3.223650 1.252339 -3.844030
v 3.123941 1.352047 -3.941785
v 3.123941 1.352047 -4.519278
v 3.223650 2.790187 -3.869319
v 3.123941 2.690478 -3.941785
v 3.123941 2.386568 -3.638871
v 3.223650 2.440955 -3.517197
v 3.123941 2.690478 -5.096772
v 3.123941 1.474835 -6.451411
v 3.123941 1.352047 -6.374910
v 3.123941 1.352047 -4.519278
v 3.123941 2.021262 -4.519278
v 3.123941 2.690478 -4.519278
v 3.223650 1.252339 -3.844030
v 3.223650 1.584198 -3.517197
v 3.123941 1.654644 -3.638871
v 3.123941 1.352047 -3.941785
v 3.223650 2.790187 -5.169239
v 3.123941 2.690478 -5.096772
v 3.123941 2.690478 -4.519278
v 3.223650 2.790187 -4.519278
v 3.223650 2.790187 -3.869319
v 3.123941 2.690478 -3.941785
v 3.123941 1.352047 -6.374910
v 3.123941 1.474835 -6.451411
v 3.223650 1.483788 -6.634794
v 3.223650 1.252339 -6.490595
v 3.123941 1.352047 -6.374910
v 3.223650 1.252339 -6.490595
v 3.123941 1.654644 -3.638871
v 3.223650 1.584198 -3.517197
v 3.223650 2.440955 -3.517197
v 3.123941 2.386568 -3.638871
v 3.223650 2.790187 -5.169239
v 3.223650 1.483788 -6.634794
v 3.123941 1.474835 -6.451411
v 3.123941 2.690478 -5.096772
v 3.123941 1.654644 -3.638871
v 3.123941 2.386568 -3.638871
v 3.123941 2.690478 -3.941785
v 3.123941 1.352047 -3.941785
v 2.506952 2.839954 -4.519278
v 2.441802 2.774804 -4.296843
v 3.066693 2.243698 -4.296843
v 3.123941 2.335835 -4.519278
v 3.066693 2.243698 -4.741714
v 2.441802 2.774804 -4.741714
v 2.854122 1.798828 -4.741714
v 3.532186 1.798828 -4.741714
v 3.532186 1.706691 -4.519278
v 2.810973 1.706691 -4.519278
v 2.953238 2.021262 -4.833850
v 3.532186 2.021262 -4.833850
v 3.532186 1.798828 -4.296843
v 2.854122 1.798828 -4.296843
v 3.532186 2.243698 -4.741714
v 3.532186 2.021262 -4.204707
v 2.953238 2.021262 -4.204707
v 3.532186 2.243698 -4.296843
v 3.532186 2.335835 -4.519278
v 2.062081 2.395082 -4.519278
v 2.127231 2.460232 -4.741714
v 2.284517 2.617518 -4.833850
v 2.127231 2.460232 -4.296843
v 2.284517 2.617518 -4.204707
v 2.763439 2.181190 -4.202017
v 2.493286 2.074652 -4.245275
v 2.478491 2.179283 -4.266014
v 2.709451 2.270365 -4.229032
v 2.478491 2.179283 -4.266014
v 2.320699 2.169421 -4.460977
v 2.603396 2.317935 -4.535705
v 2.308717 2.063117 -4.473323
v 2.493286 2.074652 -4.245275
v 2.451818 2.028622 -4.155741
v 2.214864 2.013812 -4.448514
v 2.214864 2.013812 -4.448514
v 2.451818 2.028622 -4.155741
v 2.315248 2.200994 -4.001860
v 2.027448 2.183006 -4.357458
v 2.226590 2.129642 -4.807023
v 2.041690 2.323691 -4.792896
v 2.317851 2.153339 -4.752573
v 2.226590 2.129642 -4.807023
v 2.328507 2.246556 -4.699715
v 2.709451 2.270365 -4.229032
v 2.763439 2.181190 -4.202017
v 2.798648 2.165398 -4.100205
v 2.798648 2.165398 -4.100205
v 2.736502 2.367121 -3.934408
v 2.480127 2.308264 -5.021257
v 2.349632 2.540642 -5.053102
v 2.515336 2.292471 -4.919445
v 2.480127 2.308264 -5.021257
v 2.497342 2.365503 -4.842377
v 2.878286 2.389313 -4.371695
v 2.960925 2.320323 -4.368889
v 3.052185 2.344019 -4.314440
v 3.052185 2.344019 -4.314440
v 3.044444 2.584070 -4.194613
v 2.826957 2.445040 -4.965722
v 2.770885 2.706769 -4.985649
v 2.785490 2.399009 -4.876187
v 2.826957 2.445040 -4.965722
v 2.728302 2.456584 -4.805395
v 2.886094 2.466446 -4.610432
v 2.970058 2.410547 -4.648140
v 3.063911 2.459851 -4.672948
v 3.063911 2.459851 -4.672948
v 3.058686 2.724757 -4.630052
v 2.308717 2.063117 -4.473323
v 2.320699 2.169421 -4.460977
v 2.317851 2.153339 -4.752573
v 2.328507 2.246556 -4.699715
v 2.515336 2.292471 -4.919445
v 2.497342 2.365503 -4.842377
v 2.785490 2.399009 -4.876187
v 2.728302 2.456584 -4.805395
v 2.970058 2.410547 -4.648140
v 2.886094 2.466446 -4.610432
v 2.960925 2.320323 -4.368889
v 2.878286 2.389313 -4.371695
vn -0.0000 0.7100 0.7042
vn -0.0000 -1.0000 -0.0000
vn 0.7071 -0.7071 -0.0000
vn 0.7771 0.4457 0.4444
vn -0.0000 0.7465 -0.6654
vn -0.0000 -0.7017 0.7125
vn -0.0000 -0.5288 -0.8488
vn -0.0000 1.0000 -0.0000
vn 1.0000 -0.0000 -0.0000
vn 0.8102 -0.4130 0.4160
vn -0.0000 -0.0000 1.0000
vn 0.7071 0.7071 -0.0000
vn 0.8343 -0.2915 -0.4679
vn 0.7735 -0.0000 0.6338
vn 0.7836 0.4631 -0.4141
vn -0.7071 -0.7071 -0.0000
vn -0.7771 0.4457 0.4444
vn -1.0000 -0.0000 -0.0000
vn -0.8102 -0.4130 0.4161
vn -0.8102 -0.4130 0.4160
vn -0.7071 0.7071 -0.0000
vn -0.8343 -0.2915 -0.4679
vn -0.7735 -0.0000 0.6338
vn -0.7836 0.4631 -0.4141
vn 0.6403 0.7681 -0.0000
vn 0.4462 0.5285 0.7222
vn 0.2302 0.6363 0.7363
vn 0.3384 0.9410 -0.0000
vn 0.2302 0.6364 -0.7363
vn 0.4463 0.5285 -0.7222
vn -0.2442 -0.6336 -0.7341
vn -0.0000 -0.7071 -0.7071
vn -0.3613 -0.9325 -0.0000
vn -0.0026 -0.0004 -1.0000
vn -0.0000 -0.0000 -1.0000
vn -0.0000 -0.7071 0.7071
vn -0.2442 -0.6336 0.7341
vn -0.0000 0.7071 -0.7071
vn -0.0026 -0.0004 1.0000
vn -0.0000 0.7071 0.7071
vn -0.6749 -0.7379 -0.0001
vn -0.4722 -0.5185 -0.7128
vn -0.0051 -0.0007 -1.0000
vn -0.4722 -0.5185 0.7128
vn -0.0051 -0.0007 1.0000
vn -0.0751 -0.3305 -0.9408
vn 0.5278 -0.0927 -0.8443
vn 0.3904 -0.8797 -0.2715
vn -0.6386 -0.7626 0.1026
vn -0.1964 -0.7350 0.6490
vn -0.6387 -0.7626 0.1026
vn -0.6168 -0.5464 -0.5666
vn 0.4510 -0.4797 0.7527
vn -0.1435 -0.2130 -0.9664
vn 0.9242 -0.1463 0.3528
vn 0.5038 0.0422 -0.8628
vn 0.9461 0.0699 -0.3163
vn 0.9397 -0.0670 -0.3354
vn 0.9193 -0.2683 0.2878
vn 0.4786 -0.5788 0.6602
vn -0.1243 -0.8166 0.5637
vn -0.5362 -0.8423 0.0548
vn -0.5158 -0.6410 -0.5684
vt 0.584796 0.864460
vt 0.584796 0.772892
vt 0.550458 0.772892
vt 0.550458 0.864460
vt 0.310092 0.772892
vt 0.310092 0.864460
vt 0.349437 0.864460
vt 0.349437 0.772892
vt 0.310092 0.887352
vt 0.345861 0.887352
vt 0.550458 0.887352
vt 0.584796 0.887352
vt 0.447444 0.864460
vt 0.447444 0.772892
vt 0.424552 0.864460
vt 0.424552 0.772892
vt 0.676364 0.772892
vt 0.676364 0.864460
vt 0.685123 0.887352
vt 0.841262 0.887352
vt 0.847699 0.874954
vt 0.734998 0.750000
vt 0.685123 0.750000
vt 0.424552 0.887352
vt 0.447444 0.887352
vt 0.676364 0.887352
vt 0.763185 0.855849
vt 0.733916 0.887352
vt 0.763174 0.781238
vt 0.685123 0.818676
vt 0.001791 0.819862
vt 0.001791 0.851112
vt 0.189291 0.851112
vt 0.189291 0.819862
vt 0.189291 0.913612
vt 0.293550 0.913612
vt 0.293550 0.944862
vt 0.189291 0.944862
vt 0.189291 0.882362
vt 0.293550 0.882362
vt 0.293550 0.851112
vt 0.293550 0.819862
vt 0.001791 0.944862
vt 0.001791 0.913612
vt 0.001791 0.882362
vt 0.935621 0.871748
vt 0.953098 0.917601
vt 0.963302 0.906323
vt 0.951064 0.871748
vt 0.989294 0.921067
vt 0.989294 0.871748
vt 0.989294 0.936627
vt 0.942234 0.929394
vt 0.989294 0.951163
vt 0.917131 0.955084
vt 0.989294 0.987545
vt 0.918900 0.871748
vt 0.883581 0.871748
vt 0.962478 0.836714
vt 0.951209 0.824745
vt 0.940622 0.813535
vt 0.915774 0.788889
vt 0.989294 0.821223
vt 0.989294 0.805796
vt 0.989294 0.791346
vt 0.989294 0.755333
s 0
usemtl defaultMaterial.004
f 2110/1335/1439 2111/1336/1439 2112/1337/1439
f 2110/1335/1439 2112/1337/1439 2113/1338/1439
f 2114/1339/1440 2115/1340/1440 2116/1341/1440
f 2114/1339/1440 2116/1341/1440 2117/1342/1440
f 2118/1340/1441 2119/1343/1441 2120/1344/1441
f 2118/1340/1441 2120/1344/1441 2121/1341/1441
s 1
f 2122/1335/1442 2123/1338/1442 2124/1345/1442
f 2122/1335/1442 2124/1345/1442 2125/1346/1442
s 0
f 2126/1336/1443 2127/1335/1443 2128/1347/1443
f 2126/1336/1443 2128/1347/1443 2129/1348/1443
f 2130/1349/1444 2131/1347/1444 2132/1348/1444
f 2130/1349/1444 2132/1348/1444 2133/1350/1444
f 2134/1350/1445 2135/1348/1445 2136/1347/1445
f 2134/1350/1445 2136/1347/1445 2137/1349/1445
f 2138/1336/1446 2139/1351/1446 2140/1352/1446
f 2138/1336/1446 2140/1352/1446 2141/1335/1446
f 2142/1353/1447 2143/1354/1447 2144/1355/1447
f 2142/1353/1447 2144/1355/1447 2145/1356/1447
f 2142/1353/1447 2145/1356/1447 2146/1357/1447
s 1
f 2147/1349/1448 2148/1358/1448 2149/1359/1448
f 2147/1349/1448 2149/1359/1448 2150/1347/1448
s 0
f 2151/1348/1449 2152/1347/1449 2153/1338/1449
f 2151/1348/1449 2153/1338/1449 2154/1337/1449
f 2155/1335/1450 2156/1352/1450 2157/1360/1450
f 2155/1335/1450 2157/1360/1450 2158/1346/1450
f 2159/1335/1450 2160/1346/1450 2157/1360/1450
f 2159/1335/1450 2157/1360/1450 2156/1352/1450
f 2161/1335/1446 2140/1352/1446 2139/1351/1446
f 2161/1335/1446 2139/1351/1446 2162/1336/1446
f 2163/1358/1451 2164/1349/1451 2165/1347/1451
f 2163/1358/1451 2165/1347/1451 2166/1359/1451
f 2119/1343/1441 2118/1340/1441 2167/1349/1441
f 2119/1343/1441 2167/1349/1441 2168/1358/1441
f 2169/1349/1440 2115/1340/1440 2114/1339/1440
f 2169/1349/1440 2114/1339/1440 2170/1350/1440
f 2171/1359/1452 2172/1345/1452 2173/1338/1452
f 2171/1359/1452 2173/1338/1452 2174/1347/1452
s 1
f 2175/1346/1453 2176/1359/1453 2177/1347/1453
f 2175/1346/1453 2177/1347/1453 2178/1335/1453
s 0
f 2179/1361/1447 2180/1362/1447 2142/1353/1447
f 2179/1361/1447 2142/1353/1447 2146/1357/1447
f 2179/1361/1447 2146/1357/1447 2181/1356/1447
f 2179/1361/1447 2181/1356/1447 2182/1363/1447
f 2183/1340/1454 2184/1341/1454 2185/1344/1454
f 2183/1340/1454 2185/1344/1454 2186/1343/1454
s 1
f 2187/1335/1455 2188/1346/1455 2189/1345/1455
f 2187/1335/1455 2189/1345/1455 2190/1338/1455
s 0
f 2191/1356/1456 2192/1355/1456 2193/1354/1456
f 2191/1356/1456 2193/1354/1456 2194/1353/1456
f 2191/1356/1456 2194/1353/1456 2195/1364/1456
f 2191/1356/1456 2195/1364/1456 2196/1357/1456
s 1
f 2197/1349/1457 2198/1347/1458 2199/1359/1457
f 2197/1349/1457 2199/1359/1457 2200/1358/1458
s 0
f 2201/1335/1459 2202/1346/1459 2203/1360/1459
f 2201/1335/1459 2203/1360/1459 2204/1352/1459
f 2205/1335/1459 2204/1352/1459 2203/1360/1459
f 2205/1335/1459 2203/1360/1459 2206/1346/1459
f 2207/1358/1460 2208/1359/1460 2209/1347/1460
f 2207/1358/1460 2209/1347/1460 2210/1349/1460
f 2211/1358/1454 2212/1349/1454 2183/1340/1454
f 2211/1358/1454 2183/1340/1454 2186/1343/1454
f 2213/1359/1461 2214/1347/1461 2215/1338/1461
f 2213/1359/1461 2215/1338/1461 2216/1345/1461
s 1
f 2217/1335/1462 2218/1347/1462 2219/1359/1462
f 2217/1335/1462 2219/1359/1462 2220/1346/1462
s 0
f 2221/1361/1456 2222/1363/1456 2223/1356/1456
f 2221/1361/1456 2223/1356/1456 2196/1357/1456
f 2221/1361/1456 2196/1357/1456 2195/1364/1456
f 2221/1361/1456 2195/1364/1456 2194/1353/1456
f 2221/1361/1456 2194/1353/1456 2224/1362/1456
s 1
f 2225/1365/1463 2226/1366/1464 2227/1367/1465
f 2225/1365/1463 2227/1367/1465 2228/1368/1466
f 2228/1368/1466 2229/1367/1467 2230/1366/1468
f 2228/1368/1466 2230/1366/1468 2225/1365/1463
f 2231/1369/1469 2232/1370/1470 2233/1371/1440
f 2231/1369/1469 2233/1371/1440 2234/1372/1471
f 2235/1373/1472 2236/1374/1473 2232/1370/1470
f 2235/1373/1472 2232/1370/1470 2231/1369/1469
f 2234/1372/1471 2233/1371/1440 2237/1370/1474
f 2234/1372/1471 2237/1370/1474 2238/1369/1475
f 2229/1367/1467 2239/1375/1476 2236/1374/1473
f 2229/1367/1467 2236/1374/1473 2235/1373/1472
f 2238/1369/1475 2237/1370/1474 2240/1374/1449
f 2238/1369/1475 2240/1374/1449 2241/1373/1477
f 2242/1375/1478 2227/1367/1465 2241/1373/1477
f 2242/1375/1478 2241/1373/1477 2240/1374/1449
f 2228/1368/1466 2227/1367/1465 2242/1375/1478
f 2228/1368/1466 2242/1375/1478 2243/1376/1446
f 2244/1377/1479 2245/1378/1480 2231/1369/1469
f 2244/1377/1479 2231/1369/1469 2234/1372/1471
f 2245/1378/1480 2246/1379/1481 2235/1373/1472
f 2245/1378/1480 2235/1373/1472 2231/1369/1469
f 2247/1378/1482 2244/1377/1479 2234/1372/1471
f 2247/1378/1482 2234/1372/1471 2238/1369/1475
f 2246/1379/1481 2230/1366/1468 2229/1367/1467
f 2246/1379/1481 2229/1367/1467 2235/1373/1472
f 2248/1379/1483 2247/1378/1482 2238/1369/1475
f 2248/1379/1483 2238/1369/1475 2241/1373/1477
f 2229/1367/1467 2228/1368/1466 2243/1376/1446
f 2229/1367/1467 2243/1376/1446 2239/1375/1476
f 2226/1366/1464 2248/1379/1483 2241/1373/1477
f 2226/1366/1464 2241/1373/1477 2227/1367/1465
f 2249/1380/1484 2250/1381/1485 2251/1382/1485
f 2249/1380/1484 2251/1382/1485 2252/1383/1484
s 0
f 2253/1382/1486 2254/1384/1486 2255/1385/1486
f 2256/1386/1486 2257/1381/1486 2258/1387/1486
f 2256/1386/1486 2258/1387/1486 2259/1388/1486
s 1
f 2260/1388/1487 2261/1387/1488 2262/1389/1488
f 2260/1388/1487 2262/1389/1488 2263/1390/1489
f 2264/1387/1490 2260/1388/1487 2263/1390/1489
f 2264/1387/1490 2263/1390/1489 2265/1389/1490
s 0
f 2266/1381/1486 2256/1386/1486 2259/1388/1486
f 2266/1381/1486 2259/1388/1486 2267/1387/1486
f 2254/1384/1486 2268/1382/1486 2255/1385/1486
f 2269/1383/1486 2253/1382/1486 2255/1385/1486
f 2257/1381/1486 2270/1380/1486 2271/1391/1486
f 2257/1381/1486 2271/1391/1486 2258/1387/1486
s 1
f 2261/1387/1488 2272/1391/1491 2273/1392/1491
f 2261/1387/1488 2273/1392/1491 2262/1389/1488
f 2274/1391/1492 2264/1387/1490 2265/1389/1490
f 2274/1391/1492 2265/1389/1490 2275/1392/1492
s 0
f 2276/1380/1486 2266/1381/1486 2267/1387/1486
f 2276/1380/1486 2267/1387/1486 2277/1391/1486
f 2268/1382/1486 2278/1383/1486 2255/1385/1486
f 2279/1393/1486 2269/1383/1486 2255/1385/1486
f 2270/1380/1486 2280/1394/1486 2281/1395/1486
f 2270/1380/1486 2281/1395/1486 2271/1391/1486
s 1
f 2272/1391/1491 2282/1395/1493 2283/1396/1493
f 2272/1391/1491 2283/1396/1493 2273/1392/1491
f 2284/1395/1494 2274/1391/1492 2275/1392/1492
f 2284/1395/1494 2275/1392/1492 2285/1396/1494
s 0
f 2286/1394/1486 2276/1380/1486 2277/1391/1486
f 2286/1394/1486 2277/1391/1486 2287/1395/1486
f 2278/1383/1486 2288/1393/1486 2255/1385/1486
f 2289/1397/1486 2279/1393/1486 2255/1385/1486
f 2280/1394/1486 2290/1398/1486 2291/1399/1486
f 2280/1394/1486 2291/1399/1486 2281/1395/1486
s 1
f 2282/1395/1493 2292/1399/1495 2293/1400/1495
f 2282/1395/1493 2293/1400/1495 2283/1396/1493
f 2292/1399/1495 2284/1395/1494 2285/1396/1494
f 2292/1399/1495 2285/1396/1494 2293/1400/1495
s 0
f 2290/1398/1486 2286/1394/1486 2287/1395/1486
f 2290/1398/1486 2287/1395/1486 2291/1399/1486
f 2288/1393/1486 2289/1397/1486 2255/1385/1486
s 1
f 2250/1381/1485 2294/1386/1496 2295/1384/1496
f 2250/1381/1485 2295/1384/1496 2251/1382/1485
f 2294/1386/1496 2296/1381/1497 2297/1382/1497
f 2294/1386/1496 2297/1382/1497 2295/1384/1496
f 2296/1381/1497 2298/1380/1498 2299/1383/1498
f 2296/1381/1497 2299/1383/1498 2297/1382/1497
f 2298/1380/1498 2300/1394/1499 2301/1393/1499
f 2298/1380/1498 2301/1393/1499 2299/1383/1498
f 2300/1394/1499 2302/1398/1500 2303/1397/1500
f 2300/1394/1499 2303/1397/1500 2301/1393/1499
f 2302/1398/1500 2304/1394/1501 2305/1393/1501
f 2302/1398/1500 2305/1393/1501 2303/1397/1500
f 2304/1394/1501 2249/1380/1484 2252/1383/1484
f 2304/1394/1501 2252/1383/1484 2305/1393/1501
o defaultMaterial.014
v -4.182252 2.790187 -3.869319
v -4.182252 2.440955 -3.517197
v -3.223650 2.440955 -3.517197
v -3.223650 2.790187 -3.869319
v -3.223650 1.252339 -4.519278
v -3.223650 1.252339 -3.844030
v -4.182252 1.252339 -3.844030
v -4.182252 1.252339 -4.519278
v -4.182252 1.252339 -4.519278
v -4.182252 1.252339 -3.844030
v -4.281960 1.352047 -3.941785
v -4.281960 1.352047 -4.519278
v -4.182252 2.790187 -3.869319
v -4.281960 2.690478 -3.941785
v -4.281960 2.386568 -3.638871
v -4.182252 2.440955 -3.517197
v -3.223650 2.790187 -5.169239
v -3.223650 1.483788 -6.634794
v -4.182252 1.483788 -6.634794
v -4.182252 2.790187 -5.169239
v -4.182252 1.252339 -3.844030
v -3.223650 1.252339 -3.844030
v -3.223650 1.584198 -3.517197
v -4.182252 1.584198 -3.517197
v -3.223650 1.252339 -6.490595
v -4.182252 1.252339 -6.490595
v -4.182252 1.483788 -6.634794
v -3.223650 1.483788 -6.634794
v -3.223650 2.790187 -5.169239
v -4.182252 2.790187 -5.169239
v -4.182252 2.790187 -4.519278
v -3.223650 2.790187 -4.519278
v -4.281960 2.690478 -5.096772
v -4.281960 2.021262 -5.271934
v -4.281960 1.352047 -5.447094
v -4.281960 1.352047 -4.519278
v -4.281960 2.690478 -4.519278
v -4.182252 1.252339 -3.844030
v -4.182252 1.584198 -3.517197
v -4.281960 1.654644 -3.638871
v -4.281960 1.352047 -3.941785
v -3.223650 1.584198 -3.517197
v -3.223650 2.440955 -3.517197
v -4.182252 2.440955 -3.517197
v -4.182252 1.584198 -3.517197
v -4.182252 2.790187 -5.169239
v -4.281960 2.690478 -5.096772
v -4.281960 2.690478 -4.519278
v -4.182252 2.790187 -4.519278
v -4.182252 2.790187 -3.869319
v -4.281960 2.690478 -3.941785
v -4.182252 2.790187 -3.869319
v -3.223650 2.790187 -3.869319
v -4.281960 1.352047 -6.374910
v -4.281960 1.474835 -6.451411
v -4.182252 1.483788 -6.634794
v -4.182252 1.252339 -6.490595
v -4.281960 1.352047 -6.374910
v -4.182252 1.252339 -6.490595
v -4.182252 1.252339 -6.490595
v -3.223650 1.252339 -6.490595
v -4.281960 1.654644 -3.638871
v -4.182252 1.584198 -3.517197
v -4.182252 2.440955 -3.517197
v -4.281960 2.386568 -3.638871
v -4.281960 2.690478 -5.096772
v -4.182252 2.790187 -5.169239
v -4.182252 1.483788 -6.634794
v -4.281960 1.474835 -6.451411
v -4.281960 2.082656 -5.774091
v -4.281960 1.654644 -3.638871
v -4.281960 2.386568 -3.638871
v -4.281960 2.690478 -3.941785
v -4.281960 1.352047 -3.941785
v -3.223650 1.252339 -4.519278
v -3.123941 1.352047 -4.519278
v -3.123941 1.352047 -3.941785
v -3.223650 1.252339 -3.844030
v -3.223650 2.790187 -3.869319
v -3.223650 2.440955 -3.517197
v -3.123941 2.386568 -3.638871
v -3.123941 2.690478 -3.941785
v -3.123941 2.690478 -5.096772
v -3.123941 2.690478 -4.519278
v -3.123941 2.021262 -4.519278
v -3.123941 1.352047 -4.519278
v -3.123941 1.352047 -6.374910
v -3.123941 1.474835 -6.451411
v -3.223650 1.252339 -3.844030
v -3.123941 1.352047 -3.941785
v -3.123941 1.654644 -3.638871
v -3.223650 1.584198 -3.517197
v -3.223650 2.790187 -5.169239
v -3.223650 2.790187 -4.519278
v -3.123941 2.690478 -4.519278
v -3.123941 2.690478 -5.096772
v -3.223650 2.790187 -3.869319
v -3.123941 2.690478 -3.941785
v -3.123941 1.352047 -6.374910
v -3.223650 1.252339 -6.490595
v -3.223650 1.483788 -6.634794
v -3.123941 1.474835 -6.451411
v -3.123941 1.352047 -6.374910
v -3.223650 1.252339 -6.490595
v -3.123941 1.654644 -3.638871
v -3.123941 2.386568 -3.638871
v -3.223650 2.440955 -3.517197
v -3.223650 1.584198 -3.517197
v -3.223650 2.790187 -5.169239
v -3.123941 2.690478 -5.096772
v -3.123941 1.474835 -6.451411
v -3.223650 1.483788 -6.634794
v -3.123941 1.654644 -3.638871
v -3.123941 1.352047 -3.941785
v -3.123941 2.690478 -3.941785
v -3.123941 2.386568 -3.638871
v -4.281960 1.352047 -6.374910
v -4.281960 1.717352 -5.610593
v -4.281960 2.082656 -5.774091
v -4.281960 1.474835 -6.451411
v -3.123941 2.335835 -4.519278
v -2.506952 2.839954 -4.519278
v -2.441802 2.774804 -4.741714
v -3.066693 2.243698 -4.741714
v -2.854122 1.798828 -4.741714
v -2.810973 1.706691 -4.519278
v -3.532186 1.706691 -4.519278
v -3.532186 1.798828 -4.741714
v -2.953238 2.021262 -4.833850
v -3.532186 2.021262 -4.833850
v -2.854122 1.798828 -4.296843
v -3.532186 1.798828 -4.296843
v -3.532186 2.243698 -4.741714
v -2.953238 2.021262 -4.204707
v -3.532186 2.021262 -4.204707
v -3.532186 2.243698 -4.296843
v -3.066693 2.243698 -4.296843
v -3.532186 2.335835 -4.519278
v -2.062081 2.395082 -4.519278
v -2.127231 2.460232 -4.741714
v -2.284517 2.617518 -4.833850
v -2.127231 2.460232 -4.296843
v -2.284517 2.617518 -4.204707
v -2.441802 2.774804 -4.296843
v -2.763439 2.181190 -4.202017
v -2.709451 2.270365 -4.229032
v -2.478491 2.179283 -4.266014
v -2.493286 2.074652 -4.245275
v -2.603396 2.317935 -4.535705
v -2.320699 2.169421 -4.460977
v -2.478491 2.179283 -4.266014
v -2.308717 2.063117 -4.473323
v -2.214864 2.013812 -4.448514
v -2.451818 2.028622 -4.155741
v -2.493286 2.074652 -4.245275
v -2.214864 2.013812 -4.448514
v -2.027448 2.183006 -4.357458
v -2.315248 2.200994 -4.001860
v -2.451818 2.028622 -4.155741
v -2.226590 2.129642 -4.807023
v -2.041690 2.323691 -4.792896
v -2.317851 2.153339 -4.752573
v -2.226590 2.129642 -4.807023
v -2.328507 2.246556 -4.699715
v -2.709451 2.270365 -4.229032
v -2.798648 2.165398 -4.100205
v -2.763439 2.181190 -4.202017
v -2.736502 2.367121 -3.934408
v -2.798648 2.165398 -4.100205
v -2.480127 2.308264 -5.021257
v -2.349632 2.540642 -5.053102
v -2.515336 2.292471 -4.919445
v -2.480127 2.308264 -5.021257
v -2.497342 2.365503 -4.842377
v -2.878286 2.389313 -4.371695
v -3.052185 2.344019 -4.314440
v -2.960925 2.320323 -4.368889
v -3.044444 2.584070 -4.194613
v -3.052185 2.344019 -4.314440
v -2.826957 2.445040 -4.965722
v -2.770885 2.706769 -4.985649
v -2.785490 2.399009 -4.876187
v -2.826957 2.445040 -4.965722
v -2.728302 2.456584 -4.805395
v -2.886094 2.466446 -4.610432
v -3.063911 2.459851 -4.672948
v -2.970058 2.410547 -4.648140
v -3.058686 2.724757 -4.630052
v -3.063911 2.459851 -4.672948
v -2.320699 2.169421 -4.460977
v -2.308717 2.063117 -4.473323
v -2.328507 2.246556 -4.699715
v -2.317851 2.153339 -4.752573
v -2.497342 2.365503 -4.842377
v -2.515336 2.292471 -4.919445
v -2.728302 2.456584 -4.805395
v -2.785490 2.399009 -4.876187
v -2.886094 2.466446 -4.610432
v -2.970058 2.410547 -4.648140
v -2.878286 2.389313 -4.371695
v -2.960925 2.320323 -4.368889
vn -0.0000 0.7100 0.7042
vn -0.0000 -1.0000 -0.0000
vn -0.7071 -0.7071 -0.0000
vn -0.7771 0.4457 0.4444
vn -0.0000 0.7465 -0.6654
vn -0.0000 -0.7017 0.7125
vn -0.0000 -0.5288 -0.8488
vn -0.0000 1.0000 -0.0000
vn -1.0000 -0.0000 -0.0000
vn -0.8102 -0.4130 0.4160
vn -0.0000 -0.0000 1.0000
vn -0.7071 0.7071 -0.0000
vn -0.8343 -0.2915 -0.4679
vn -0.7735 -0.0000 0.6338
vn -0.7836 0.4631 -0.4141
vn -0.7836 0.4631 -0.4142
vn 0.7071 -0.7071 -0.0000
vn 0.7771 0.4457 0.4444
vn 1.0000 -0.0000 -0.0000
vn 0.8102 -0.4130 0.4161
vn 0.8102 -0.4130 0.4160
vn 0.7071 0.7071 -0.0000
vn 0.8343 -0.2915 -0.4679
vn 0.7735 -0.0000 0.6338
vn 0.7836 0.4631 -0.4141
vn -0.3384 0.9410 -0.0000
vn -0.6403 0.7681 -0.0000
vn -0.4462 0.5286 -0.7222
vn -0.2302 0.6364 -0.7363
vn 0.2442 -0.6336 -0.7341
vn 0.3613 -0.9325 -0.0000
vn -0.0000 -0.7071 -0.7071
vn 0.0026 -0.0004 -1.0000
vn -0.0000 -0.0000 -1.0000
vn 0.2442 -0.6336 0.7341
vn -0.0000 -0.7071 0.7071
vn -0.0000 0.7071 -0.7071
vn 0.0026 -0.0004 1.0000
vn -0.0000 0.7071 0.7071
vn -0.2302 0.6363 0.7363
vn 0.6749 -0.7379 -0.0001
vn 0.4722 -0.5185 -0.7128
vn 0.0051 -0.0007 -1.0000
vn 0.4722 -0.5185 0.7128
vn 0.0051 -0.0007 1.0000
vn -0.4462 0.5285 0.7222
vn -1.0000 -0.0000 -0.0001
vn 0.0751 -0.3305 -0.9408
vn -0.5278 -0.0927 -0.8443
vn -0.3904 -0.8797 -0.2715
vn 0.6386 -0.7626 0.1026
vn 0.6387 -0.7626 0.1026
vn 0.1964 -0.7350 0.6490
vn 0.6168 -0.5464 -0.5666
vn -0.4510 -0.4797 0.7527
vn 0.1435 -0.2130 -0.9664
vn -0.9242 -0.1463 0.3528
vn -0.5038 0.0422 -0.8628
vn -0.9461 0.0699 -0.3163
vn -0.9397 -0.0670 -0.3354
vn -0.9193 -0.2683 0.2878
vn -0.4786 -0.5788 0.6602
vn 0.1243 -0.8166 0.5637
vn 0.5362 -0.8423 0.0548
vn 0.5158 -0.6410 -0.5684
vt 0.584796 0.864460
vt 0.550458 0.864460
vt 0.550458 0.772892
vt 0.584796 0.772892
vt 0.310092 0.772892
vt 0.349437 0.772892
vt 0.349437 0.864460
vt 0.310092 0.864460
vt 0.345861 0.887352
vt 0.310092 0.887352
vt 0.584796 0.887352
vt 0.550458 0.887352
vt 0.447444 0.772892
vt 0.447444 0.864460
vt 0.424552 0.864460
vt 0.424552 0.772892
vt 0.676364 0.864460
vt 0.676364 0.772892
vt 0.734998 0.750000
vt 0.749095 0.818676
vt 0.763192 0.887352
vt 0.685123 0.887352
vt 0.685123 0.750000
vt 0.447444 0.887352
vt 0.424552 0.887352
vt 0.676364 0.887352
vt 0.516120 0.887352
vt 0.763185 0.855849
vt 0.763174 0.781238
vt 0.733916 0.887352
vt 0.685123 0.818676
vt 0.841262 0.887352
vt 0.847699 0.874954
vt 0.777271 0.849914
vt 0.791349 0.812477
vt 0.189291 0.819862
vt 0.001791 0.819862
vt 0.001791 0.851112
vt 0.189291 0.851112
vt 0.189291 0.913612
vt 0.189291 0.944862
vt 0.293550 0.944862
vt 0.293550 0.913612
vt 0.189291 0.882362
vt 0.293550 0.882362
vt 0.293550 0.851112
vt 0.293550 0.819862
vt 0.001791 0.944862
vt 0.001791 0.913612
vt 0.001791 0.882362
vt 0.935621 0.871748
vt 0.951064 0.871748
vt 0.963302 0.906323
vt 0.953098 0.917601
vt 0.989294 0.871748
vt 0.989294 0.921067
vt 0.989294 0.936627
vt 0.989294 0.951163
vt 0.942234 0.929394
vt 0.989294 0.987545
vt 0.917131 0.955084
vt 0.918900 0.871748
vt 0.883581 0.871748
vt 0.962478 0.836714
vt 0.940622 0.813535
vt 0.951209 0.824745
vt 0.915774 0.788889
vt 0.989294 0.821223
vt 0.989294 0.791346
vt 0.989294 0.805796
vt 0.989294 0.755333
s 0
usemtl defaultMaterial.004
f 2306/1401/1502 2307/1402/1502 2308/1403/1502
f 2306/1401/1502 2308/1403/1502 2309/1404/1502
f 2310/1405/1503 2311/1406/1503 2312/1407/1503
f 2310/1405/1503 2312/1407/1503 2313/1408/1503
f 2314/1408/1504 2315/1407/1504 2316/1409/1504
f 2314/1408/1504 2316/1409/1504 2317/1410/1504
s 1
f 2318/1401/1505 2319/1411/1505 2320/1412/1505
f 2318/1401/1505 2320/1412/1505 2321/1402/1505
s 0
f 2322/1404/1506 2323/1413/1506 2324/1414/1506
f 2322/1404/1506 2324/1414/1506 2325/1401/1506
f 2326/1415/1507 2327/1416/1507 2328/1413/1507
f 2326/1415/1507 2328/1413/1507 2329/1414/1507
f 2330/1416/1508 2331/1415/1508 2332/1414/1508
f 2330/1416/1508 2332/1414/1508 2333/1413/1508
f 2334/1404/1509 2335/1401/1509 2336/1417/1509
f 2334/1404/1509 2336/1417/1509 2337/1418/1509
f 2338/1419/1510 2339/1420/1510 2340/1421/1510
f 2338/1419/1510 2340/1421/1510 2341/1422/1510
f 2338/1419/1510 2341/1422/1510 2342/1423/1510
s 1
f 2343/1415/1511 2344/1414/1511 2345/1424/1511
f 2343/1415/1511 2345/1424/1511 2346/1425/1511
s 0
f 2347/1413/1512 2348/1403/1512 2349/1402/1512
f 2347/1413/1512 2349/1402/1512 2350/1414/1512
f 2351/1401/1513 2352/1411/1513 2353/1426/1513
f 2351/1401/1513 2353/1426/1513 2354/1417/1513
f 2355/1401/1513 2354/1417/1513 2353/1426/1513
f 2355/1401/1513 2353/1426/1513 2356/1411/1513
f 2357/1401/1509 2358/1404/1509 2337/1418/1509
f 2357/1401/1509 2337/1418/1509 2336/1417/1509
f 2359/1425/1514 2360/1424/1514 2361/1414/1514
f 2359/1425/1514 2361/1414/1514 2362/1415/1514
f 2317/1410/1504 2363/1425/1504 2364/1415/1504
f 2317/1410/1504 2364/1415/1504 2314/1408/1504
f 2365/1415/1503 2366/1416/1503 2310/1405/1503
f 2365/1415/1503 2310/1405/1503 2313/1408/1503
f 2367/1424/1515 2368/1414/1515 2369/1402/1515
f 2367/1424/1515 2369/1402/1515 2370/1412/1515
s 1
f 2371/1411/1516 2372/1401/1516 2373/1414/1516
f 2371/1411/1516 2373/1414/1516 2374/1424/1516
f 2371/1411/1516 2374/1424/1516 2375/1427/1517
s 0
f 2376/1428/1510 2377/1429/1510 2378/1419/1510
f 2376/1428/1510 2378/1419/1510 2342/1423/1510
f 2376/1428/1510 2342/1423/1510 2341/1422/1510
f 2376/1428/1510 2341/1422/1510 2379/1430/1510
f 2380/1408/1518 2381/1410/1518 2382/1409/1518
f 2380/1408/1518 2382/1409/1518 2383/1407/1518
s 1
f 2384/1401/1519 2385/1402/1519 2386/1412/1519
f 2384/1401/1519 2386/1412/1519 2387/1411/1519
s 0
f 2388/1419/1520 2389/1423/1520 2390/1431/1520
f 2388/1419/1520 2390/1431/1520 2391/1422/1520
f 2388/1419/1520 2391/1422/1520 2392/1432/1520
f 2388/1419/1520 2392/1432/1520 2393/1433/1520
s 1
f 2394/1415/1521 2395/1425/1522 2396/1424/1521
f 2394/1415/1521 2396/1424/1521 2397/1414/1522
s 0
f 2398/1401/1523 2399/1417/1523 2400/1426/1523
f 2398/1401/1523 2400/1426/1523 2401/1411/1523
f 2402/1401/1523 2403/1411/1523 2400/1426/1523
f 2402/1401/1523 2400/1426/1523 2399/1417/1523
f 2404/1425/1524 2405/1415/1524 2406/1414/1524
f 2404/1425/1524 2406/1414/1524 2407/1424/1524
f 2408/1425/1518 2381/1410/1518 2380/1408/1518
f 2408/1425/1518 2380/1408/1518 2409/1415/1518
f 2410/1424/1525 2411/1412/1525 2412/1402/1525
f 2410/1424/1525 2412/1402/1525 2413/1414/1525
s 1
f 2414/1401/1526 2415/1411/1526 2416/1424/1526
f 2414/1401/1526 2416/1424/1526 2417/1414/1526
s 0
f 2418/1428/1520 2419/1430/1520 2391/1422/1520
f 2418/1428/1520 2391/1422/1520 2390/1431/1520
f 2418/1428/1520 2390/1431/1520 2389/1423/1520
f 2418/1428/1520 2389/1423/1520 2420/1419/1520
f 2418/1428/1520 2420/1419/1520 2421/1429/1520
f 2422/1432/1510 2340/1421/1510 2423/1434/1510
f 2422/1432/1510 2423/1434/1510 2424/1435/1510
f 2422/1432/1510 2424/1435/1510 2425/1433/1510
s 1
f 2426/1436/1527 2427/1437/1528 2428/1438/1529
f 2426/1436/1527 2428/1438/1529 2429/1439/1530
f 2430/1440/1531 2431/1441/1532 2432/1442/1503
f 2430/1440/1531 2432/1442/1503 2433/1443/1533
f 2434/1444/1534 2430/1440/1531 2433/1443/1533
f 2434/1444/1534 2433/1443/1533 2435/1445/1535
f 2431/1441/1532 2436/1440/1536 2437/1443/1537
f 2431/1441/1532 2437/1443/1537 2432/1442/1503
f 2429/1439/1530 2434/1444/1534 2435/1445/1535
f 2429/1439/1530 2435/1445/1535 2438/1446/1538
f 2436/1440/1536 2439/1444/1539 2440/1445/1512
f 2436/1440/1536 2440/1445/1512 2437/1443/1537
f 2441/1446/1540 2440/1445/1512 2439/1444/1539
f 2441/1446/1540 2439/1444/1539 2442/1439/1541
f 2426/1436/1527 2443/1447/1509 2441/1446/1540
f 2426/1436/1527 2441/1446/1540 2442/1439/1541
f 2444/1448/1542 2431/1441/1532 2430/1440/1531
f 2444/1448/1542 2430/1440/1531 2445/1449/1543
f 2445/1449/1543 2430/1440/1531 2434/1444/1534
f 2445/1449/1543 2434/1444/1534 2446/1450/1544
f 2447/1449/1545 2436/1440/1536 2431/1441/1532
f 2447/1449/1545 2431/1441/1532 2444/1448/1542
f 2446/1450/1544 2434/1444/1534 2429/1439/1530
f 2446/1450/1544 2429/1439/1530 2428/1438/1529
f 2448/1450/1546 2439/1444/1539 2436/1440/1536
f 2448/1450/1546 2436/1440/1536 2447/1449/1545
f 2429/1439/1530 2438/1446/1538 2443/1447/1509
f 2429/1439/1530 2443/1447/1509 2426/1436/1527
f 2449/1438/1547 2442/1439/1541 2439/1444/1539
f 2449/1438/1547 2439/1444/1539 2448/1450/1546
f 2427/1437/1528 2426/1436/1527 2442/1439/1541
f 2427/1437/1528 2442/1439/1541 2449/1438/1547
f 2424/1435/1548 2423/1434/1510 2340/1421/1510
s 0
f 2424/1435/1510 2340/1421/1510 2339/1420/1510
f 2424/1435/1510 2339/1420/1510 2338/1419/1510
s 1
f 2450/1451/1549 2451/1452/1549 2452/1453/1550
f 2450/1451/1549 2452/1453/1550 2453/1454/1550
s 0
f 2454/1455/1551 2455/1456/1551 2456/1453/1551
f 2457/1457/1551 2458/1458/1551 2459/1459/1551
f 2457/1457/1551 2459/1459/1551 2460/1454/1551
s 1
f 2461/1458/1552 2462/1460/1553 2463/1461/1554
f 2461/1458/1552 2463/1461/1554 2464/1459/1554
f 2465/1459/1555 2466/1461/1555 2462/1460/1553
f 2465/1459/1555 2462/1460/1553 2461/1458/1552
s 0
f 2467/1454/1551 2468/1459/1551 2458/1458/1551
f 2467/1454/1551 2458/1458/1551 2457/1457/1551
f 2454/1455/1551 2469/1453/1551 2455/1456/1551
f 2454/1455/1551 2456/1453/1551 2470/1452/1551
f 2460/1454/1551 2459/1459/1551 2471/1462/1551
f 2460/1454/1551 2471/1462/1551 2472/1451/1551
s 1
f 2464/1459/1554 2463/1461/1554 2473/1463/1556
f 2464/1459/1554 2473/1463/1556 2474/1462/1556
f 2475/1462/1557 2476/1463/1557 2466/1461/1555
f 2475/1462/1557 2466/1461/1555 2465/1459/1555
s 0
f 2477/1451/1551 2478/1462/1551 2468/1459/1551
f 2477/1451/1551 2468/1459/1551 2467/1454/1551
f 2454/1455/1551 2479/1452/1551 2469/1453/1551
f 2454/1455/1551 2470/1452/1551 2480/1464/1551
f 2472/1451/1551 2471/1462/1551 2481/1465/1551
f 2472/1451/1551 2481/1465/1551 2482/1466/1551
s 1
f 2474/1462/1556 2473/1463/1556 2483/1467/1558
f 2474/1462/1556 2483/1467/1558 2484/1465/1558
f 2485/1465/1559 2486/1467/1559 2476/1463/1557
f 2485/1465/1559 2476/1463/1557 2475/1462/1557
s 0
f 2487/1466/1551 2488/1465/1551 2478/1462/1551
f 2487/1466/1551 2478/1462/1551 2477/1451/1551
f 2454/1455/1551 2489/1464/1551 2479/1452/1551
f 2454/1455/1551 2480/1464/1551 2490/1468/1551
f 2482/1466/1551 2481/1465/1551 2491/1469/1551
f 2482/1466/1551 2491/1469/1551 2492/1470/1551
s 1
f 2484/1465/1558 2483/1467/1558 2493/1471/1560
f 2484/1465/1558 2493/1471/1560 2494/1469/1560
f 2494/1469/1560 2493/1471/1560 2486/1467/1559
f 2494/1469/1560 2486/1467/1559 2485/1465/1559
s 0
f 2492/1470/1551 2491/1469/1551 2488/1465/1551
f 2492/1470/1551 2488/1465/1551 2487/1466/1551
f 2454/1455/1551 2490/1468/1551 2489/1464/1551
s 1
f 2453/1454/1550 2452/1453/1550 2495/1456/1561
f 2453/1454/1550 2495/1456/1561 2496/1457/1561
f 2496/1457/1561 2495/1456/1561 2497/1453/1562
f 2496/1457/1561 2497/1453/1562 2498/1454/1562
f 2498/1454/1562 2497/1453/1562 2499/1452/1563
f 2498/1454/1562 2499/1452/1563 2500/1451/1563
f 2500/1451/1563 2499/1452/1563 2501/1464/1564
f 2500/1451/1563 2501/1464/1564 2502/1466/1564
f 2502/1466/1564 2501/1464/1564 2503/1468/1565
f 2502/1466/1564 2503/1468/1565 2504/1470/1565
f 2504/1470/1565 2503/1468/1565 2505/1464/1566
f 2504/1470/1565 2505/1464/1566 2506/1466/1566
f 2506/1466/1566 2505/1464/1566 2451/1452/1549
f 2506/1466/1566 2451/1452/1549 2450/1451/1549
o defaultMaterial.015
v 3.428871 4.452442 1.569511
v 3.158829 5.010967 1.703684
v 3.016448 4.444156 2.288738
v 2.095139 4.938789 2.075742
v 2.716136 5.235002 1.872645
v 3.428871 4.452597 -2.139176
v 3.158849 5.010979 -2.014518
v 2.095139 4.938789 -1.994521
v 0.000000 4.938601 -1.994870
v 0.000000 4.938601 2.075742
v 0.000000 4.444156 2.288738
v 2.716136 5.235002 -1.963133
v 0.000000 4.738834 -2.248441
v 2.181893 4.759391 -2.243536
v 2.507563 4.236470 -2.405668
v 0.000000 4.236283 -2.405668
v 2.692173 5.023305 -2.220654
v 3.011537 4.856769 -2.262613
v 3.225989 4.405010 -2.371341
v -3.016448 4.444156 2.288738
v -3.158829 5.010967 1.703684
v -3.428871 4.452442 1.569511
v -2.716136 5.235002 1.872645
v -2.095139 4.938789 2.075742
v -3.158849 5.010979 -2.014518
v -3.428871 4.452597 -2.139176
v -2.095139 4.938789 -1.994521
v -2.716136 5.235002 -1.963133
v -2.507563 4.236470 -2.405668
v -2.181893 4.759391 -2.243536
v -2.692173 5.023305 -2.220654
v -3.011537 4.856769 -2.262613
v -3.225989 4.405010 -2.371341
v 0.000000 5.971146 -2.384173
v 2.201746 5.971386 -2.315208
v 0.000000 7.348847 -2.856373
v 2.457224 7.413298 -2.691190
v 2.224001 7.413298 -2.482635
v 2.674527 6.137468 -2.242413
v 2.900756 5.794974 -2.332022
v 1.513044 8.752539 -3.591758
v 0.905880 9.278098 -3.749534
v 0.905880 9.278098 -3.244463
v 1.513044 8.752539 -3.087308
v 2.457224 7.413298 -3.189689
v 2.036419 8.112969 -3.397901
v 2.036419 8.112969 -2.896253
v 2.707007 5.687726 -2.233937
v 2.497747 6.008308 -2.253358
v 2.239239 5.656650 -2.454717
v 2.942607 5.551399 -2.768094
v 0.646210 8.722963 -3.005153
v 0.000000 8.897891 -3.047012
v 1.836672 8.038104 -2.670832
v 1.487390 7.903011 -2.760211
v 1.792389 7.413298 -2.614171
v 0.000000 9.548181 -3.819427
v 0.000000 9.548181 -3.316993
v 1.346772 8.602809 -2.836536
v 0.808298 9.076440 -2.979744
v 1.076209 8.387878 -2.905054
v 0.000000 9.328604 -3.045425
v 0.000000 5.649584 -2.520232
v 2.715311 5.413671 -2.726674
v 0.000000 5.417002 -2.726674
v 2.239239 5.444307 -2.726674
v -2.201746 5.971386 -2.315208
v -2.457224 7.413298 -2.691190
v -2.900756 5.794974 -2.332022
v -2.674527 6.137468 -2.242413
v -2.224001 7.413298 -2.482635
v -1.513044 8.752539 -3.591758
v -1.513044 8.752539 -3.087308
v -0.905880 9.278098 -3.244463
v -0.905880 9.278098 -3.749534
v -2.457224 7.413298 -3.189689
v -2.036419 8.112969 -2.896253
v -2.036419 8.112969 -3.397901
v -2.707007 5.687726 -2.233937
v -2.239239 5.656650 -2.454717
v -2.497747 6.008308 -2.253358
v -2.942607 5.551399 -2.768094
v -0.646210 8.722963 -3.005153
v -1.792389 7.413298 -2.614171
v -1.487390 7.903011 -2.760211
v -1.836672 8.038104 -2.670832
v -1.346772 8.602809 -2.836536
v -1.076209 8.387878 -2.905054
v -0.808298 9.076440 -2.979744
v -2.715311 5.413671 -2.726674
v -2.239239 5.444307 -2.726674
vn 0.8942 0.3729 0.2477
vn 0.7431 0.5923 0.3113
vn 0.3845 0.4651 0.7974
vn -0.1124 0.8350 0.5386
vn 0.1845 0.8640 0.4685
vn 0.8129 0.4709 -0.3426
vn 0.6295 0.6931 -0.3511
vn -0.2060 0.9232 -0.3245
vn -0.0000 0.9482 -0.3178
vn -0.0000 0.8353 0.5497
vn -0.0000 0.3956 0.9184
vn -0.0044 0.9355 -0.3533
vn -0.0000 0.5753 -0.8180
vn -0.1110 0.5486 -0.8287
vn -0.0250 0.2516 -0.9675
vn -0.0000 0.2973 -0.9548
vn -0.0346 0.5201 -0.8534
vn 0.2429 0.4395 -0.8648
vn 0.3315 0.3650 -0.8700
vn -0.3845 0.4651 0.7974
vn -0.7431 0.5923 0.3113
vn -0.8942 0.3729 0.2477
vn -0.1845 0.8640 0.4685
vn 0.1124 0.8350 0.5386
vn -0.6295 0.6931 -0.3511
vn -0.8129 0.4709 -0.3426
vn 0.2060 0.9232 -0.3245
vn 0.0044 0.9355 -0.3533
vn 0.0250 0.2515 -0.9675
vn 0.1110 0.5486 -0.8287
vn 0.0346 0.5201 -0.8534
vn -0.2429 0.4395 -0.8648
vn -0.3315 0.3650 -0.8700
vn -0.0000 -0.0400 0.9992
vn -0.1604 -0.0183 0.9869
vn -0.0000 0.1931 0.9812
vn 0.8272 0.4443 0.3439
vn 0.1203 0.2789 0.9528
vn 0.2655 0.1841 0.9464
vn 0.7643 -0.0261 0.6443
vn 0.7168 0.6972 -0.0000
vn 0.4808 0.8768 -0.0000
vn 0.4105 0.8442 0.3446
vn 0.6175 0.7059 0.3469
vn 0.9215 0.3882 -0.0114
vn 0.8175 0.5759 -0.0000
vn 0.7137 0.6089 0.3461
vn 0.0980 -0.5343 0.8396
vn -0.1340 -0.0033 0.9910
vn -0.1218 -0.5928 0.7961
vn 0.9278 -0.2800 0.2464
vn -0.1127 0.0694 0.9912
vn -0.0000 0.0523 0.9986
vn 0.1352 0.3675 0.9202
vn -0.2083 0.1357 0.9686
vn -0.2068 0.1476 0.9672
vn -0.0000 1.0000 -0.0000
vn -0.0000 0.9391 0.3436
vn 0.1060 0.3739 0.9214
vn 0.0754 0.3964 0.9150
vn -0.1863 0.1011 0.9773
vn -0.0000 0.4143 0.9101
vn -0.0000 -0.5777 0.8162
vn 0.2307 -0.8276 0.5117
vn -0.0000 -0.7322 0.6810
vn -0.0645 -0.7898 0.6099
vn 0.1604 -0.0183 0.9869
vn -0.8272 0.4443 0.3439
vn -0.7643 -0.0261 0.6443
vn -0.2655 0.1841 0.9464
vn -0.1203 0.2789 0.9528
vn -0.7168 0.6972 -0.0000
vn -0.6175 0.7059 0.3469
vn -0.4105 0.8442 0.3446
vn -0.4808 0.8768 -0.0000
vn -0.9215 0.3882 -0.0114
vn -0.7137 0.6089 0.3461
vn -0.8175 0.5759 -0.0000
vn -0.0980 -0.5343 0.8396
vn 0.1218 -0.5928 0.7961
vn 0.1340 -0.0033 0.9910
vn -0.9278 -0.2800 0.2464
vn 0.1127 0.0694 0.9912
vn 0.2068 0.1476 0.9672
vn 0.2083 0.1357 0.9686
vn -0.1352 0.3675 0.9202
vn -0.1060 0.3739 0.9214
vn 0.1863 0.1011 0.9773
vn -0.0754 0.3964 0.9150
vn -0.2307 -0.8276 0.5117
vn 0.0645 -0.7898 0.6099
vt 0.276856 0.716759
vt 0.265619 0.716759
vt 0.267268 0.731655
vt 0.237141 0.716759
vt 0.253331 0.716759
vt 0.276856 0.635908
vt 0.265619 0.635908
vt 0.237141 0.635908
vt 0.175593 0.635908
vt 0.175593 0.716759
vt 0.175593 0.731655
vt 0.253331 0.635908
vt 0.175593 0.627472
vt 0.237141 0.627472
vt 0.246356 0.611285
vt 0.175593 0.611285
vt 0.253331 0.627472
vt 0.265619 0.627472
vt 0.276856 0.627472
vt 0.040850 0.702387
vt 0.125332 0.702387
vt 0.040850 0.646222
vt 0.142982 0.641400
vt 0.127381 0.646222
vt 0.145648 0.696664
vt 0.157671 0.705650
vt 0.117067 0.569354
vt 0.092109 0.545357
vt 0.082796 0.561614
vt 0.105754 0.584427
vt 0.156461 0.633360
vt 0.139244 0.598549
vt 0.126470 0.611239
vt 0.145211 0.715377
vt 0.141258 0.702387
vt 0.125088 0.715377
vt 0.169433 0.714766
vt 0.063871 0.592000
vt 0.040850 0.582502
vt 0.112786 0.621930
vt 0.095265 0.626379
vt 0.106898 0.646222
vt 0.040850 0.526813
vt 0.040850 0.544766
vt 0.094111 0.598558
vt 0.073862 0.578231
vt 0.079771 0.606609
vt 0.040850 0.563588
vt 0.040850 0.715377
vt 0.148671 0.729533
vt 0.040850 0.729533
vt 0.124981 0.729533
s 1
usemtl defaultMaterial_0.004
f 2507/1472/1567 2508/1473/1568 2509/1474/1569
f 2510/1475/1570 2509/1474/1569 2511/1476/1571
f 2508/1473/1568 2507/1472/1567 2512/1477/1572
f 2508/1473/1568 2512/1477/1572 2513/1478/1573
f 2510/1475/1570 2514/1479/1574 2515/1480/1575
f 2510/1475/1570 2515/1480/1575 2516/1481/1576
f 2509/1474/1569 2510/1475/1570 2516/1481/1576
f 2509/1474/1569 2516/1481/1576 2517/1482/1577
f 2518/1483/1578 2514/1479/1574 2510/1475/1570
f 2518/1483/1578 2510/1475/1570 2511/1476/1571
f 2519/1484/1579 2520/1485/1580 2521/1486/1581
f 2519/1484/1579 2521/1486/1581 2522/1487/1582
f 2520/1485/1580 2523/1488/1583 2521/1486/1581
f 2511/1476/1571 2509/1474/1569 2508/1473/1568
f 2518/1483/1578 2511/1476/1571 2508/1473/1568
f 2518/1483/1578 2508/1473/1568 2513/1478/1573
f 2520/1485/1580 2519/1484/1579 2515/1480/1575
f 2520/1485/1580 2515/1480/1575 2514/1479/1574
f 2523/1488/1583 2520/1485/1580 2514/1479/1574
f 2523/1488/1583 2514/1479/1574 2518/1483/1578
f 2518/1483/1578 2513/1478/1573 2524/1489/1584
f 2518/1483/1578 2524/1489/1584 2523/1488/1583
f 2513/1478/1573 2512/1477/1572 2525/1490/1585
f 2513/1478/1573 2525/1490/1585 2524/1489/1584
f 2524/1489/1584 2521/1486/1581 2523/1488/1583
f 2525/1490/1585 2521/1486/1581 2524/1489/1584
f 2526/1474/1586 2527/1473/1587 2528/1472/1588
f 2529/1476/1589 2526/1474/1586 2530/1475/1590
f 2527/1473/1587 2531/1478/1591 2532/1477/1592
f 2527/1473/1587 2532/1477/1592 2528/1472/1588
f 2530/1475/1590 2516/1481/1576 2515/1480/1575
f 2530/1475/1590 2515/1480/1575 2533/1479/1593
f 2526/1474/1586 2517/1482/1577 2516/1481/1576
f 2526/1474/1586 2516/1481/1576 2530/1475/1590
f 2534/1483/1594 2529/1476/1589 2530/1475/1590
f 2534/1483/1594 2530/1475/1590 2533/1479/1593
f 2519/1484/1579 2522/1487/1582 2535/1486/1595
f 2519/1484/1579 2535/1486/1595 2536/1485/1596
f 2535/1486/1595 2537/1488/1597 2536/1485/1596
f 2527/1473/1587 2526/1474/1586 2529/1476/1589
f 2534/1483/1594 2531/1478/1591 2527/1473/1587
f 2534/1483/1594 2527/1473/1587 2529/1476/1589
f 2536/1485/1596 2533/1479/1593 2515/1480/1575
f 2536/1485/1596 2515/1480/1575 2519/1484/1579
f 2537/1488/1597 2534/1483/1594 2533/1479/1593
f 2537/1488/1597 2533/1479/1593 2536/1485/1596
f 2534/1483/1594 2537/1488/1597 2538/1489/1598
f 2534/1483/1594 2538/1489/1598 2531/1478/1591
f 2531/1478/1591 2538/1489/1598 2539/1490/1599
f 2531/1478/1591 2539/1490/1599 2532/1477/1592
f 2537/1488/1597 2535/1486/1595 2538/1489/1598
f 2538/1489/1598 2535/1486/1595 2539/1490/1599
f 2540/1491/1600 2541/1492/1601 2542/1493/1602
f 2543/1494/1603 2544/1495/1604 2545/1496/1605
f 2543/1494/1603 2545/1496/1605 2546/1497/1606
f 2547/1498/1607 2548/1499/1608 2549/1500/1609
f 2547/1498/1607 2549/1500/1609 2550/1501/1610
f 2551/1502/1611 2552/1503/1612 2553/1504/1613
f 2551/1502/1611 2553/1504/1613 2543/1494/1603
f 2554/1505/1614 2555/1506/1615 2541/1492/1601
f 2554/1505/1614 2541/1492/1601 2556/1507/1616
f 2543/1494/1603 2546/1497/1606 2557/1508/1617
f 2543/1494/1603 2557/1508/1617 2551/1502/1611
f 2542/1493/1602 2558/1509/1618 2559/1510/1619
f 2544/1495/1604 2560/1511/1620 2561/1512/1621
f 2544/1495/1604 2561/1512/1621 2562/1513/1622
f 2548/1499/1608 2563/1514/1623 2564/1515/1624
f 2548/1499/1608 2564/1515/1624 2549/1500/1609
f 2565/1516/1625 2566/1517/1626 2558/1509/1618
f 2565/1516/1625 2558/1509/1618 2567/1518/1627
f 2568/1519/1628 2566/1517/1626 2549/1500/1609
f 2568/1519/1628 2549/1500/1609 2564/1515/1624
f 2550/1501/1610 2549/1500/1609 2566/1517/1626
f 2550/1501/1610 2566/1517/1626 2565/1516/1625
f 2565/1516/1625 2560/1511/1620 2553/1504/1613
f 2565/1516/1625 2553/1504/1613 2550/1501/1610
f 2541/1492/1601 2540/1491/1600 2569/1520/1629
f 2541/1492/1601 2569/1520/1629 2556/1507/1616
f 2544/1495/1604 2555/1506/1615 2545/1496/1605
f 2565/1516/1625 2567/1518/1627 2561/1512/1621
f 2565/1516/1625 2561/1512/1621 2560/1511/1620
f 2544/1495/1604 2543/1494/1603 2553/1504/1613
f 2544/1495/1604 2553/1504/1613 2560/1511/1620
f 2547/1498/1607 2550/1501/1610 2553/1504/1613
f 2547/1498/1607 2553/1504/1613 2552/1503/1612
f 2554/1505/1614 2570/1521/1630 2557/1508/1617
f 2554/1505/1614 2557/1508/1617 2546/1497/1606
f 2569/1520/1629 2571/1522/1631 2572/1523/1632
f 2569/1520/1629 2572/1523/1632 2556/1507/1616
f 2542/1493/1602 2562/1513/1622 2561/1512/1621
f 2542/1493/1602 2561/1512/1621 2567/1518/1627
f 2542/1493/1602 2567/1518/1627 2558/1509/1618
f 2566/1517/1626 2568/1519/1628 2559/1510/1619
f 2566/1517/1626 2559/1510/1619 2558/1509/1618
f 2546/1497/1606 2545/1496/1605 2555/1506/1615
f 2546/1497/1606 2555/1506/1615 2554/1505/1614
f 2554/1505/1614 2556/1507/1616 2572/1523/1632
f 2554/1505/1614 2572/1523/1632 2570/1521/1630
f 2562/1513/1622 2541/1492/1601 2555/1506/1615
f 2562/1513/1622 2555/1506/1615 2544/1495/1604
f 2562/1513/1622 2542/1493/1602 2541/1492/1601
f 2542/1493/1602 2573/1492/1633 2540/1491/1600
f 2574/1494/1634 2575/1497/1635 2576/1496/1636
f 2574/1494/1634 2576/1496/1636 2577/1495/1637
f 2578/1498/1638 2579/1501/1639 2580/1500/1640
f 2578/1498/1638 2580/1500/1640 2581/1499/1641
f 2582/1502/1642 2574/1494/1634 2583/1504/1643
f 2582/1502/1642 2583/1504/1643 2584/1503/1644
f 2585/1505/1645 2586/1507/1646 2573/1492/1633
f 2585/1505/1645 2573/1492/1633 2587/1506/1647
f 2574/1494/1634 2582/1502/1642 2588/1508/1648
f 2574/1494/1634 2588/1508/1648 2575/1497/1635
f 2559/1510/1619 2589/1509/1649 2542/1493/1602
f 2577/1495/1637 2590/1513/1650 2591/1512/1651
f 2577/1495/1637 2591/1512/1651 2592/1511/1652
f 2581/1499/1641 2580/1500/1640 2564/1515/1624
f 2581/1499/1641 2564/1515/1624 2563/1514/1623
f 2593/1516/1653 2594/1518/1654 2589/1509/1649
f 2593/1516/1653 2589/1509/1649 2595/1517/1655
f 2568/1519/1628 2564/1515/1624 2580/1500/1640
f 2568/1519/1628 2580/1500/1640 2595/1517/1655
f 2579/1501/1639 2593/1516/1653 2595/1517/1655
f 2579/1501/1639 2595/1517/1655 2580/1500/1640
f 2593/1516/1653 2579/1501/1639 2583/1504/1643
f 2593/1516/1653 2583/1504/1643 2592/1511/1652
f 2573/1492/1633 2586/1507/1646 2569/1520/1629
f 2573/1492/1633 2569/1520/1629 2540/1491/1600
f 2576/1496/1636 2587/1506/1647 2577/1495/1637
f 2593/1516/1653 2592/1511/1652 2591/1512/1651
f 2593/1516/1653 2591/1512/1651 2594/1518/1654
f 2577/1495/1637 2592/1511/1652 2583/1504/1643
f 2577/1495/1637 2583/1504/1643 2574/1494/1634
f 2578/1498/1638 2584/1503/1644 2583/1504/1643
f 2578/1498/1638 2583/1504/1643 2579/1501/1639
f 2585/1505/1645 2575/1497/1635 2588/1508/1648
f 2585/1505/1645 2588/1508/1648 2596/1521/1656
f 2569/1520/1629 2586/1507/1646 2597/1523/1657
f 2569/1520/1629 2597/1523/1657 2571/1522/1631
f 2591/1512/1651 2590/1513/1650 2542/1493/1602
f 2594/1518/1654 2591/1512/1651 2542/1493/1602
f 2589/1509/1649 2594/1518/1654 2542/1493/1602
f 2595/1517/1655 2589/1509/1649 2559/1510/1619
f 2595/1517/1655 2559/1510/1619 2568/1519/1628
f 2575/1497/1635 2585/1505/1645 2587/1506/1647
f 2575/1497/1635 2587/1506/1647 2576/1496/1636
f 2585/1505/1645 2596/1521/1656 2597/1523/1657
f 2585/1505/1645 2597/1523/1657 2586/1507/1646
f 2590/1513/1650 2577/1495/1637 2587/1506/1647
f 2590/1513/1650 2587/1506/1647 2573/1492/1633
f 2573/1492/1633 2542/1493/1602 2590/1513/1650
o defaultMaterial.016
v 4.828071 4.626445 0.954471
v 4.856153 4.734157 0.950802
v 4.130314 5.035106 -0.218045
v 4.085859 4.626513 -0.130830
v 4.931571 4.812631 0.940109
v 4.363343 5.388252 -0.429880
v 4.757251 5.698960 -0.667951
v 5.034122 4.840840 0.925257
v 4.854855 4.518355 0.950134
v 4.147426 4.237244 -0.203917
v 5.316859 5.551544 -0.742772
v 5.136324 4.811225 0.910225
v 5.210793 4.731722 0.899043
v 5.692504 5.129293 -0.692342
v 5.237576 4.623632 0.894706
v 5.831662 4.618125 -0.712855
v 4.929324 4.438852 0.938952
v 4.352491 3.862584 -0.436229
v 5.717514 4.081594 -0.801759
v 5.209496 4.515920 0.898375
v 5.304554 3.690970 -0.748531
v 5.134078 4.437445 0.909069
v 4.743042 3.550553 -0.674602
v 5.031526 4.409237 0.923921
v 4.739489 3.551489 -0.674126
v 5.060699 4.624207 1.094170
vn -0.6846 -0.0043 0.7289
vn -0.5799 0.3831 0.7190
vn -0.7059 0.4459 0.5503
vn -0.8251 -0.0090 0.5649
vn -0.3275 0.6549 0.6810
vn -0.4384 0.7452 0.5025
vn -0.0136 0.8812 0.4725
vn 0.0554 0.7635 0.6434
vn -0.5873 -0.3801 0.7146
vn -0.7144 -0.4392 0.5447
vn 0.4991 0.7690 0.3995
vn 0.4780 0.6630 0.5762
vn 0.7573 0.3796 0.5314
vn 0.8211 0.4439 0.3588
vn 0.8572 -0.0070 0.5149
vn 0.9384 -0.0071 0.3455
vn -0.3406 -0.6494 0.6799
vn -0.4567 -0.7325 0.5048
vn 0.8142 -0.4561 0.3592
vn 0.7515 -0.3920 0.5306
vn 0.4880 -0.7757 0.4001
vn 0.4683 -0.6713 0.5745
vn -0.0220 -0.8808 0.4730
vn 0.0464 -0.7663 0.6408
vn -0.3155 -0.8152 0.4856
vn 0.1479 -0.0040 0.9890
vt 0.300886 0.375655
vt 0.300886 0.370779
vt 0.369660 0.359252
vt 0.365782 0.375655
vt 0.300886 0.365902
vt 0.382215 0.338639
vt 0.405930 0.308208
vt 0.300886 0.361025
vt 0.300886 0.380532
vt 0.369708 0.392067
vt 0.405930 0.330690
vt 0.399364 0.354273
vt 0.399364 0.375655
vt 0.300886 0.385409
vt 0.382322 0.412707
vt 0.405930 0.398138
vt 0.405930 0.420621
vt 0.405930 0.443103
vt 0.300886 0.390286
vt 0.405930 0.442961
vt 0.272590 0.375655
s 1
usemtl defaultMaterial_0.004
f 2598/1524/1658 2599/1525/1659 2600/1526/1660
f 2598/1524/1658 2600/1526/1660 2601/1527/1661
f 2599/1525/1659 2602/1528/1662 2603/1529/1663
f 2599/1525/1659 2603/1529/1663 2600/1526/1660
f 2604/1530/1664 2603/1529/1663 2602/1528/1662
f 2604/1530/1664 2602/1528/1662 2605/1531/1665
f 2606/1532/1666 2598/1524/1658 2601/1527/1661
f 2606/1532/1666 2601/1527/1661 2607/1533/1667
f 2608/1534/1668 2604/1530/1664 2605/1531/1665
f 2608/1534/1668 2605/1531/1665 2609/1528/1669
f 2609/1528/1669 2610/1525/1670 2611/1535/1671
f 2609/1528/1669 2611/1535/1671 2608/1534/1668
f 2610/1525/1670 2612/1524/1672 2613/1536/1673
f 2610/1525/1670 2613/1536/1673 2611/1535/1671
f 2614/1537/1674 2606/1532/1666 2607/1533/1667
f 2614/1537/1674 2607/1533/1667 2615/1538/1675
f 2616/1539/1676 2613/1536/1673 2612/1524/1672
f 2616/1539/1676 2612/1524/1672 2617/1532/1677
f 2618/1540/1678 2616/1539/1676 2617/1532/1677
f 2618/1540/1678 2617/1532/1677 2619/1537/1679
f 2620/1541/1680 2618/1540/1678 2619/1537/1679
f 2620/1541/1680 2619/1537/1679 2621/1542/1681
f 2620/1541/1680 2621/1542/1681 2614/1537/1674
f 2620/1541/1680 2614/1537/1674 2615/1538/1675
f 2620/1541/1680 2615/1538/1675 2622/1543/1682
f 2623/1544/1683 2610/1525/1670 2609/1528/1669
f 2623/1544/1683 2609/1528/1669 2605/1531/1665
f 2623/1544/1683 2605/1531/1665 2602/1528/1662
f 2623/1544/1683 2602/1528/1662 2599/1525/1659
f 2623/1544/1683 2599/1525/1659 2598/1524/1658
f 2623/1544/1683 2598/1524/1658 2606/1532/1666
f 2623/1544/1683 2606/1532/1666 2614/1537/1674
f 2623/1544/1683 2614/1537/1674 2621/1542/1681
f 2623/1544/1683 2621/1542/1681 2619/1537/1679
f 2623/1544/1683 2619/1537/1679 2617/1532/1677
f 2623/1544/1683 2617/1532/1677 2612/1524/1672
f 2623/1544/1683 2612/1524/1672 2610/1525/1670
o defaultMaterial.017
v 2.660510 8.723349 5.380733
v 2.057472 9.692154 5.407345
v 2.335438 8.911483 5.945578
v 0.000000 10.329080 5.352263
v 0.000000 9.091741 6.464902
v 1.163226 10.191085 5.389461
v 1.414516 9.071155 6.336408
v -2.335438 8.911483 5.945578
v -2.057472 9.692154 5.407345
v -2.660510 8.723349 5.380733
v -1.163226 10.191085 5.389461
v -1.414516 9.071155 6.336408
vn 0.8130 0.4978 0.3021
vn 0.5413 0.6114 0.5772
vn 0.6315 0.5798 0.5148
vn -0.0000 0.6686 0.7436
vn -0.0000 0.6623 0.7493
vn 0.1623 0.6633 0.7305
vn 0.2773 0.6455 0.7116
vn -0.6315 0.5798 0.5148
vn -0.5413 0.6114 0.5772
vn -0.8130 0.4978 0.3021
vn -0.1623 0.6633 0.7305
vn -0.2773 0.6455 0.7116
vt 0.988361 0.985372
vt 0.723883 0.388487
vt 0.723883 0.985372
vt 0.010051 0.054854
vt 0.010051 0.985372
vt 0.414695 0.144562
vt 0.414695 0.985372
s 1
usemtl defaultMaterial_2.002
f 2624/1545/1684 2625/1546/1685 2626/1547/1686
f 2627/1548/1687 2628/1549/1688 2629/1550/1689
f 2626/1547/1686 2625/1546/1685 2630/1551/1690
f 2631/1547/1691 2632/1546/1692 2633/1545/1693
f 2634/1550/1694 2628/1549/1688 2627/1548/1687
f 2635/1551/1695 2632/1546/1692 2631/1547/1691
f 2629/1550/1689 2630/1551/1690 2625/1546/1685
f 2634/1550/1694 2632/1546/1692 2635/1551/1695
f 2630/1551/1690 2629/1550/1689 2628/1549/1688
f 2635/1551/1695 2628/1549/1688 2634/1550/1694
o defaultMaterial.018
v 2.542556 4.191859 4.130855
v 2.542556 5.222798 5.729924
v 2.542556 3.861390 5.866625
v 2.542556 3.995447 4.219801
v 1.358926 5.041462 6.145163
v 1.358926 5.408294 5.799569
v 1.358926 5.222798 5.729924
v 1.358926 3.863307 5.867078
v 2.542556 4.191859 4.130855
v 2.542556 3.995447 4.219801
v 1.358926 3.998437 4.207070
v 1.358926 4.194849 4.118124
v 1.358926 5.222798 5.729924
v 2.542556 5.222798 5.729924
v 2.542556 4.191859 4.130855
v 1.358926 4.194849 4.118124
v 1.358926 3.998437 4.207070
v 2.542556 3.995447 4.219801
v 2.542556 3.861390 5.866625
v 1.358926 3.863307 5.867078
v 2.542556 5.408294 5.799569
v 1.358926 5.408294 5.799569
v 1.358926 5.041462 6.145163
v 2.542556 5.043301 6.145597
v 1.358926 5.408294 5.799569
v 2.542556 5.408294 5.799569
v 2.542556 5.408294 5.799569
v 2.542556 5.043301 6.145597
v 1.358926 4.194849 4.118124
v 1.358926 3.998437 4.207070
v -2.542556 4.191859 4.130855
v -2.542556 3.995447 4.219801
v -2.542556 3.861390 5.866625
v -2.542556 5.222798 5.729924
v -1.358926 5.041462 6.145163
v -1.358926 3.863307 5.867078
v -1.358926 5.222798 5.729924
v -1.358926 5.408294 5.799569
v -2.542556 4.191859 4.130855
v -1.358926 4.194849 4.118124
v -1.358926 3.998437 4.207070
v -2.542556 3.995447 4.219801
v -1.358926 5.222798 5.729924
v -1.358926 4.194849 4.118124
v -2.542556 4.191859 4.130855
v -2.542556 5.222798 5.729924
v -1.358926 3.998437 4.207070
v -1.358926 3.863307 5.867078
v -2.542556 3.861390 5.866625
v -2.542556 3.995447 4.219801
v -2.542556 5.408294 5.799569
v -2.542556 5.043301 6.145597
v -1.358926 5.041462 6.145163
v -1.358926 5.408294 5.799569
v -2.542556 5.408294 5.799569
v -1.358926 5.408294 5.799569
v -2.542556 5.408294 5.799569
v -2.542556 5.043301 6.145597
v -1.358926 4.194849 4.118124
v -1.358926 3.998437 4.207070
vn 1.0000 -0.0000 -0.0000
vn -1.0000 -0.0000 -0.0000
vn 0.0088 -0.4125 -0.9109
vn 0.0021 0.6287 -0.7776
vn 0.0021 0.6287 -0.7777
vn 0.0039 0.8418 -0.5398
vn 0.0040 0.8418 -0.5398
vn -0.0016 -0.9967 -0.0811
vn -0.0007 0.6870 0.7267
vn -0.0007 0.6868 0.7268
vn -0.0006 0.6867 0.7269
vn -0.0007 0.6869 0.7267
vn -0.0000 0.3515 -0.9362
vn -0.0088 -0.4125 -0.9109
vn -0.0020 0.6287 -0.7777
vn -0.0040 0.8418 -0.5398
vn -0.0039 0.8418 -0.5398
vn -0.0021 0.6287 -0.7777
vn 0.0016 -0.9967 -0.0811
vn 0.0007 0.6870 0.7267
vn 0.0007 0.6869 0.7267
vn 0.0006 0.6867 0.7269
vn 0.0007 0.6868 0.7268
vt 0.982790 0.233685
vt 0.982790 0.183526
vt 0.998654 0.188762
vt 0.988680 0.233685
vt 0.982790 0.174137
vt 0.982790 0.179420
vt 0.071092 1.191707
vt 0.063864 1.191707
vt 0.063864 1.156664
vt 0.071092 1.156664
vt 0.951813 0.183526
vt 0.951813 0.233685
vt 0.029510 1.191707
vt 0.031030 1.156664
vt 0.951813 0.179420
vt 0.951813 0.174137
s 0
usemtl defaultMaterial_0.004
f 2636/1552/1696 2637/1553/1696 2638/1554/1696
f 2636/1552/1696 2638/1554/1696 2639/1555/1696
f 2640/1556/1697 2641/1557/1697 2642/1553/1697
f 2640/1556/1697 2642/1553/1697 2643/1554/1697
f 2644/1558/1698 2645/1559/1698 2646/1560/1698
f 2644/1558/1698 2646/1560/1698 2647/1561/1698
s 1
f 2648/1553/1699 2649/1562/1700 2650/1563/1701
f 2648/1553/1699 2650/1563/1701 2651/1552/1702
s 0
f 2652/1560/1703 2653/1559/1703 2654/1564/1703
f 2652/1560/1703 2654/1564/1703 2655/1565/1703
s 1
f 2656/1566/1704 2657/1557/1705 2658/1556/1706
f 2656/1566/1704 2658/1556/1706 2659/1567/1707
f 2649/1562/1700 2648/1553/1699 2660/1557/1708
f 2649/1562/1700 2660/1557/1708 2661/1566/1708
s 0
f 2662/1557/1696 2663/1556/1696 2638/1554/1696
f 2662/1557/1696 2638/1554/1696 2637/1553/1696
f 2664/1552/1697 2665/1555/1697 2643/1554/1697
f 2664/1552/1697 2643/1554/1697 2642/1553/1697
f 2666/1552/1697 2667/1555/1697 2668/1554/1697
f 2666/1552/1697 2668/1554/1697 2669/1553/1697
f 2670/1556/1696 2671/1554/1696 2672/1553/1696
f 2670/1556/1696 2672/1553/1696 2673/1557/1696
f 2674/1558/1709 2675/1561/1709 2676/1560/1709
f 2674/1558/1709 2676/1560/1709 2677/1559/1709
s 1
f 2678/1553/1710 2679/1552/1711 2680/1563/1712
f 2678/1553/1710 2680/1563/1712 2681/1562/1713
s 0
f 2682/1560/1714 2683/1565/1714 2684/1564/1714
f 2682/1560/1714 2684/1564/1714 2685/1559/1714
s 1
f 2686/1566/1715 2687/1567/1716 2688/1556/1717
f 2686/1566/1715 2688/1556/1717 2689/1557/1718
f 2681/1562/1713 2690/1566/1708 2691/1557/1708
f 2681/1562/1713 2691/1557/1708 2678/1553/1710
s 0
f 2692/1557/1697 2669/1553/1697 2668/1554/1697
f 2692/1557/1697 2668/1554/1697 2693/1556/1697
f 2694/1552/1696 2672/1553/1696 2671/1554/1696
f 2694/1552/1696 2671/1554/1696 2695/1555/1696
o defaultMaterial.019
v 3.947080 1.746022 0.975191
v 4.195880 1.814157 1.185147
v 3.756396 2.553773 1.510813
v 3.400001 2.465115 1.144027
v 3.253823 2.514101 0.363225
v 3.839289 1.802640 0.248070
v 3.911422 2.266671 -2.972275
v 3.503754 3.076571 -3.074500
v 3.959361 3.254460 -3.082338
v 4.256253 2.401499 -2.979621
v 3.189030 2.633129 -0.701580
v 3.744916 1.910118 -0.816227
v 3.966450 1.852289 0.245883
v 3.839289 1.802640 0.248070
v 3.744916 1.910118 -0.816227
v 3.890784 1.967071 -0.818736
v 4.377232 2.796174 1.500132
v 4.561000 1.960124 1.153692
v 3.107992 2.782000 -2.033356
v 3.699024 2.072711 -2.148607
v 4.756384 2.068613 0.912499
v 4.622306 2.943157 1.117073
v 4.433378 2.359435 -2.161241
v 4.576030 2.415133 -2.163695
v 4.696355 2.281601 -0.832595
v 4.555449 2.226585 -0.830171
v 4.761396 2.162670 0.232206
v 4.617691 3.046615 0.339761
v 4.696355 2.281601 -0.832595
v 4.552898 3.165642 -0.725045
v 4.433378 2.359435 -2.161241
v 4.555449 2.226585 -0.830171
v 4.537543 2.272350 -0.823966
v 4.416378 2.405554 -2.155051
v 4.756384 2.068613 0.912499
v 4.615234 2.017014 0.888995
v 4.626177 2.109875 0.234533
v 4.761396 2.162670 0.232206
v 4.561000 1.960124 1.153692
v 4.488587 1.944230 1.063514
v 4.195880 1.814157 1.185147
v 4.256917 1.851008 1.087939
v 3.947080 1.746022 0.975191
v 4.063107 1.797995 0.923930
v 4.322039 2.394222 -2.737309
v 4.474979 2.459898 -2.783964
v 4.229890 2.375442 -2.862738
v 4.256253 2.401499 -2.979621
v 3.155049 2.902178 -2.786048
v 3.744804 2.172923 -2.757493
v 3.911422 2.266671 -2.972275
v 3.973213 2.273665 -2.846812
v 3.881958 2.217298 -2.692085
v 3.744804 2.172923 -2.757493
v 4.322039 2.394222 -2.737309
v 4.309851 2.440990 -2.722123
v 3.874049 2.141049 -2.151618
v 3.699024 2.072711 -2.148607
v 4.229890 2.375442 -2.862738
v 4.219726 2.423128 -2.848539
v 3.955734 2.318773 -2.834537
v 3.973213 2.273665 -2.846812
v 4.474979 2.459898 -2.783964
v 4.353070 3.365245 -2.772006
v 4.471860 3.314513 -2.056820
v 4.576030 2.415133 -2.163695
v 4.537543 2.272350 -0.823966
v 3.872879 2.012836 -0.812531
v 3.856751 2.187051 -2.145423
v 4.416378 2.405554 -2.155051
v 3.881958 2.217298 -2.692085
v 3.864090 2.262994 -2.685270
v 3.856751 2.187051 -2.145423
v 3.874049 2.141049 -2.151618
v 3.872879 2.012836 -0.812531
v 3.890784 1.967071 -0.818736
v 4.608273 2.155641 0.240738
v 4.597366 2.062710 0.895811
v 4.045238 1.843692 0.930746
v 3.948545 1.898054 0.252088
v 4.470719 1.989927 1.070330
v 4.234547 1.895031 1.094218
v 3.864090 2.262994 -2.685270
v 4.309851 2.440990 -2.722123
v 3.955734 2.318773 -2.834537
v 4.219726 2.423128 -2.848539
v 4.626177 2.109875 0.234533
v 4.615234 2.017014 0.888995
v 4.597366 2.062710 0.895811
v 4.608273 2.155641 0.240738
v 4.488587 1.944230 1.063514
v 4.470719 1.989927 1.070330
v 4.256917 1.851008 1.087939
v 4.234547 1.895031 1.094218
v 4.063107 1.797995 0.923930
v 4.045238 1.843692 0.930746
v 3.966450 1.852289 0.245883
v 3.948545 1.898054 0.252088
v 4.229890 2.375442 -2.862738
v 4.219726 2.423128 -2.848539
vn -0.6589 -0.6255 0.4179
vn -0.1434 -0.4679 0.8720
vn -0.1435 -0.4679 0.8720
vn -0.7788 -0.6261 0.0394
vn -0.2427 -0.2615 -0.9342
vn 0.3160 -0.0116 -0.9487
vn -0.7830 -0.6216 -0.0215
vn 0.3590 -0.9249 -0.1252
vn 0.5052 -0.2125 0.8364
vn -0.7769 -0.6224 -0.0945
vn -0.7770 -0.6224 -0.0945
vn 0.9443 0.0590 0.3239
vn 0.9443 0.0590 0.3238
vn 0.9873 0.1588 -0.0103
vn 0.9873 0.1587 -0.0107
vn 0.9867 0.1547 -0.0505
vn -0.9328 -0.3452 0.1035
vn -0.9308 -0.3637 0.0353
vn -0.6776 -0.5364 -0.5031
vn -0.6776 -0.5365 -0.5031
vn -0.8516 -0.3518 0.3887
vn -0.8516 -0.3518 0.3886
vn 0.1466 -0.2308 0.9619
vn 0.4879 -0.0465 0.8717
vn 0.8409 0.1272 -0.5260
vn 0.9847 0.1386 -0.1058
vn 0.9005 0.2800 0.3327
vn 0.9348 0.3518 0.0486
vn 0.9326 0.3608 0.0041
vn -0.9321 -0.3616 -0.0223
vn -0.8790 -0.2872 -0.3808
vn -0.8789 -0.2871 -0.3808
vn -0.9322 -0.3612 -0.0222
vn -0.4454 -0.0473 -0.8941
vn 0.1946 0.2266 -0.9544
vn 0.1946 0.2266 -0.9543
vn 0.7777 0.3938 -0.4900
vn 0.9264 0.3711 -0.0640
vn -0.7323 -0.3542 0.5816
vt 0.506362 0.871792
vt 0.498855 0.863334
vt 0.484380 0.885196
vt 0.499823 0.898179
vt 0.527522 0.898179
vt 0.527922 0.875687
vt 0.643426 0.867859
vt 0.658125 0.876348
vt 0.656749 0.851572
vt 0.643277 0.855486
vt 0.563902 0.898179
vt 0.564028 0.877970
vt 0.528829 0.871635
vt 0.564470 0.873102
vt 0.483434 0.846670
vt 0.499914 0.850100
vt 0.606437 0.898179
vt 0.610433 0.878551
vt 0.508450 0.842888
vt 0.496897 0.833309
vt 0.618261 0.849671
vt 0.619668 0.845076
vt 0.572879 0.843237
vt 0.572294 0.847997
vt 0.534519 0.842436
vt 0.537094 0.833309
vt 0.575626 0.833309
vt 0.572311 0.849964
vt 0.618052 0.851404
vt 0.509256 0.847303
vt 0.534551 0.846889
vt 0.502772 0.852317
vt 0.501890 0.861152
vt 0.508076 0.868215
vt 0.634816 0.852911
vt 0.636294 0.847988
vt 0.639477 0.856597
vt 0.647765 0.890225
vt 0.636129 0.874690
vt 0.639240 0.866290
vt 0.633697 0.870713
vt 0.633992 0.854687
vt 0.610533 0.872683
vt 0.637529 0.857518
vt 0.637346 0.865421
vt 0.643874 0.837124
vt 0.622630 0.833309
vt 0.564419 0.871242
vt 0.610815 0.870708
vt 0.633220 0.868640
vt 0.534623 0.848643
vt 0.509998 0.848915
vt 0.509050 0.866638
vt 0.528931 0.869901
vt 0.504330 0.853284
vt 0.503689 0.860753
s 1
usemtl defaultMaterial_0.004
f 2696/1568/1719 2697/1569/1720 2698/1570/1721
f 2696/1568/1719 2698/1570/1721 2699/1571/1719
f 2699/1571/1719 2700/1572/1722 2701/1573/1722
f 2699/1571/1719 2701/1573/1722 2696/1568/1719
f 2702/1574/1723 2703/1575/1723 2704/1576/1724
f 2702/1574/1723 2704/1576/1724 2705/1577/1724
f 2700/1572/1722 2706/1578/1725 2707/1579/1725
f 2700/1572/1722 2707/1579/1725 2701/1573/1722
s 0
f 2708/1580/1726 2709/1573/1726 2710/1579/1726
f 2708/1580/1726 2710/1579/1726 2711/1581/1726
s 1
f 2712/1582/1727 2698/1570/1721 2697/1569/1720
f 2712/1582/1727 2697/1569/1720 2713/1583/1727
f 2707/1579/1725 2706/1578/1725 2714/1584/1728
f 2707/1579/1725 2714/1584/1728 2715/1585/1729
f 2713/1583/1727 2716/1586/1730 2717/1587/1731
f 2713/1583/1727 2717/1587/1731 2712/1582/1727
s 0
f 2718/1588/1726 2719/1589/1726 2720/1590/1726
f 2718/1588/1726 2720/1590/1726 2721/1591/1726
s 1
f 2716/1586/1730 2722/1592/1732 2723/1593/1733
f 2716/1586/1730 2723/1593/1733 2717/1587/1731
f 2722/1592/1732 2724/1590/1734 2725/1594/1734
f 2722/1592/1732 2725/1594/1734 2723/1593/1733
f 2726/1588/1735 2727/1591/1736 2728/1595/1736
f 2726/1588/1735 2728/1595/1736 2729/1596/1735
s 0
f 2730/1586/1726 2731/1597/1726 2732/1598/1726
f 2730/1586/1726 2732/1598/1726 2733/1592/1726
f 2732/1598/1726 2721/1591/1726 2720/1590/1726
f 2732/1598/1726 2720/1590/1726 2733/1592/1726
f 2734/1583/1726 2735/1599/1726 2731/1597/1726
f 2734/1583/1726 2731/1597/1726 2730/1586/1726
f 2736/1569/1726 2737/1600/1726 2735/1599/1726
f 2736/1569/1726 2735/1599/1726 2734/1583/1726
f 2738/1568/1726 2739/1601/1726 2737/1600/1726
f 2738/1568/1726 2737/1600/1726 2736/1569/1726
f 2709/1573/1726 2708/1580/1726 2739/1601/1726
f 2709/1573/1726 2739/1601/1726 2738/1568/1726
f 2740/1602/1726 2741/1603/1726 2719/1589/1726
f 2740/1602/1726 2719/1589/1726 2718/1588/1726
f 2741/1603/1726 2740/1602/1726 2742/1604/1726
f 2741/1603/1726 2742/1604/1726 2743/1577/1726
s 1
f 2744/1605/1737 2703/1575/1723 2702/1574/1723
f 2744/1605/1737 2702/1574/1723 2745/1606/1738
s 0
f 2746/1574/1726 2747/1607/1726 2748/1608/1726
f 2746/1574/1726 2748/1608/1726 2749/1606/1726
s 1
f 2750/1602/1739 2726/1588/1735 2729/1596/1735
f 2750/1602/1739 2729/1596/1735 2751/1609/1740
s 0
f 2749/1606/1726 2748/1608/1726 2752/1610/1726
f 2749/1606/1726 2752/1610/1726 2753/1585/1726
s 1
f 2754/1604/1741 2755/1611/1741 2756/1612/1742
f 2754/1604/1741 2756/1612/1742 2757/1607/1742
f 2715/1585/1729 2714/1584/1728 2744/1605/1737
f 2715/1585/1729 2744/1605/1737 2745/1606/1738
f 2758/1603/1743 2759/1613/1743 2760/1614/1744
f 2758/1603/1743 2760/1614/1744 2761/1589/1744
s 0
f 2762/1595/1726 2763/1615/1726 2764/1616/1726
f 2762/1595/1726 2764/1616/1726 2765/1596/1726
s 1
f 2759/1613/1743 2758/1603/1743 2705/1577/1724
f 2759/1613/1743 2705/1577/1724 2704/1576/1724
f 2766/1608/1745 2767/1617/1745 2768/1616/1746
f 2766/1608/1745 2768/1616/1746 2769/1610/1746
f 2770/1615/1747 2771/1581/1747 2769/1610/1746
f 2770/1615/1747 2769/1610/1746 2768/1616/1746
s 0
f 2772/1618/1726 2773/1619/1726 2774/1620/1726
f 2772/1618/1726 2774/1620/1726 2775/1621/1726
f 2773/1619/1726 2776/1622/1726 2777/1623/1726
f 2773/1619/1726 2777/1623/1726 2774/1620/1726
f 2764/1616/1726 2778/1617/1726 2779/1609/1726
f 2764/1616/1726 2779/1609/1726 2765/1596/1726
f 2743/1577/1726 2742/1604/1726 2747/1607/1726
f 2743/1577/1726 2747/1607/1726 2746/1574/1726
f 2780/1612/1726 2781/1611/1726 2779/1609/1726
f 2780/1612/1726 2779/1609/1726 2778/1617/1726
s 1
f 2782/1598/1748 2783/1597/1749 2784/1619/1750
f 2782/1598/1748 2784/1619/1750 2785/1618/1751
f 2783/1597/1749 2786/1599/1752 2787/1622/1752
f 2783/1597/1749 2787/1622/1752 2784/1619/1750
f 2786/1599/1752 2788/1600/1753 2789/1623/1754
f 2786/1599/1752 2789/1623/1754 2787/1622/1752
f 2788/1600/1753 2790/1601/1755 2791/1620/1755
f 2788/1600/1753 2791/1620/1755 2789/1623/1754
f 2790/1601/1755 2792/1580/1756 2793/1621/1756
f 2790/1601/1755 2793/1621/1756 2791/1620/1755
f 2792/1580/1756 2771/1581/1747 2770/1615/1747
f 2792/1580/1756 2770/1615/1747 2793/1621/1756
s 0
f 2711/1581/1726 2710/1579/1726 2753/1585/1726
f 2711/1581/1726 2753/1585/1726 2752/1610/1726
s 1
f 2766/1608/1745 2757/1607/1742 2756/1612/1742
f 2766/1608/1745 2756/1612/1742 2767/1617/1745
f 2794/1604/1757 2750/1602/1739 2751/1609/1740
f 2794/1604/1757 2751/1609/1740 2795/1611/1757
s 0
f 2772/1618/1726 2775/1621/1726 2763/1615/1726
f 2772/1618/1726 2763/1615/1726 2762/1595/1726
s 1
f 2761/1589/1744 2760/1614/1744 2725/1594/1734
f 2761/1589/1744 2725/1594/1734 2724/1590/1734
f 2782/1598/1748 2785/1618/1751 2728/1595/1736
f 2782/1598/1748 2728/1595/1736 2727/1591/1736
o defaultMaterial.020
v -3.947081 1.746022 0.975191
v -3.400002 2.465115 1.144027
v -3.756397 2.553773 1.510813
v -4.195881 1.814157 1.185147
v -3.839290 1.802640 0.248070
v -3.253824 2.514101 0.363225
v -3.911423 2.266671 -2.972275
v -4.256253 2.401499 -2.979622
v -3.959362 3.254460 -3.082339
v -3.503755 3.076571 -3.074501
v -3.744917 1.910118 -0.816227
v -3.189031 2.633129 -0.701581
v -3.966451 1.852289 0.245883
v -3.890785 1.967071 -0.818736
v -3.744917 1.910118 -0.816227
v -3.839290 1.802640 0.248070
v -4.377233 2.796174 1.500132
v -4.561001 1.960124 1.153692
v -3.699025 2.072711 -2.148607
v -3.107994 2.782000 -2.033356
v -4.622307 2.943157 1.117073
v -4.756385 2.068613 0.912499
v -4.433379 2.359435 -2.161241
v -4.555450 2.226585 -0.830172
v -4.696356 2.281601 -0.832596
v -4.576031 2.415133 -2.163696
v -4.617692 3.046615 0.339761
v -4.761397 2.162670 0.232206
v -4.552899 3.165642 -0.725045
v -4.696356 2.281601 -0.832596
v -4.433379 2.359435 -2.161241
v -4.416379 2.405554 -2.155051
v -4.537544 2.272350 -0.823966
v -4.555450 2.226585 -0.830172
v -4.756385 2.068613 0.912499
v -4.761397 2.162670 0.232206
v -4.626178 2.109875 0.234532
v -4.615235 2.017014 0.888995
v -4.561001 1.960124 1.153692
v -4.488588 1.944230 1.063514
v -4.195881 1.814157 1.185147
v -4.256917 1.851008 1.087939
v -3.947081 1.746022 0.975191
v -4.063108 1.797995 0.923930
v -4.322040 2.394222 -2.737310
v -4.474980 2.459898 -2.783965
v -4.256253 2.401499 -2.979622
v -4.229890 2.375442 -2.862739
v -3.155050 2.902178 -2.786049
v -3.744805 2.172923 -2.757494
v -3.911423 2.266671 -2.972275
v -3.744805 2.172923 -2.757494
v -3.881959 2.217298 -2.692086
v -3.973214 2.273665 -2.846813
v -4.322040 2.394222 -2.737310
v -4.309852 2.440990 -2.722124
v -3.699025 2.072711 -2.148607
v -3.874050 2.141049 -2.151618
v -4.229890 2.375442 -2.862739
v -3.973214 2.273665 -2.846813
v -3.955735 2.318773 -2.834537
v -4.219726 2.423128 -2.848540
v -4.474980 2.459898 -2.783965
v -4.576031 2.415133 -2.163696
v -4.471862 3.314513 -2.056821
v -4.353071 3.365245 -2.772007
v -4.537544 2.272350 -0.823966
v -4.416379 2.405554 -2.155051
v -3.856752 2.187051 -2.145423
v -3.872880 2.012836 -0.812531
v -3.881959 2.217298 -2.692086
v -3.874050 2.141049 -2.151618
v -3.856752 2.187051 -2.145423
v -3.864091 2.262994 -2.685270
v -3.872880 2.012836 -0.812531
v -3.890785 1.967071 -0.818736
v -4.608274 2.155641 0.240738
v -3.948545 1.898054 0.252088
v -4.045239 1.843692 0.930746
v -4.597367 2.062710 0.895811
v -4.234548 1.895031 1.094218
v -4.470720 1.989927 1.070330
v -4.309852 2.440990 -2.722124
v -3.864091 2.262994 -2.685270
v -3.955735 2.318773 -2.834537
v -4.219726 2.423128 -2.848540
v -4.626178 2.109875 0.234532
v -4.608274 2.155641 0.240738
v -4.597367 2.062710 0.895811
v -4.615235 2.017014 0.888995
v -4.470720 1.989927 1.070330
v -4.488588 1.944230 1.063514
v -4.234548 1.895031 1.094218
v -4.256917 1.851008 1.087939
v -4.045239 1.843692 0.930746
v -4.063108 1.797995 0.923930
v -3.948545 1.898054 0.252088
v -3.966451 1.852289 0.245883
v -4.229890 2.375442 -2.862739
v -4.219726 2.423128 -2.848540
vn 0.6589 -0.6255 0.4179
vn 0.1435 -0.4679 0.8720
vn 0.1434 -0.4679 0.8720
vn 0.7788 -0.6261 0.0394
vn 0.2427 -0.2615 -0.9342
vn -0.3160 -0.0116 -0.9487
vn 0.7830 -0.6216 -0.0215
vn -0.3590 -0.9249 -0.1252
vn -0.5052 -0.2125 0.8364
vn 0.7770 -0.6224 -0.0945
vn 0.7769 -0.6224 -0.0945
vn -0.9443 0.0590 0.3238
vn -0.9443 0.0590 0.3239
vn -0.9873 0.1587 -0.0107
vn -0.9873 0.1588 -0.0103
vn -0.9867 0.1547 -0.0505
vn 0.9328 -0.3452 0.1035
vn 0.9308 -0.3637 0.0353
vn 0.6776 -0.5364 -0.5031
vn 0.6776 -0.5365 -0.5031
vn 0.8516 -0.3518 0.3887
vn 0.8516 -0.3518 0.3886
vn -0.1466 -0.2308 0.9619
vn -0.4879 -0.0465 0.8717
vn -0.8409 0.1272 -0.5260
vn -0.9847 0.1386 -0.1058
vn -0.9005 0.2800 0.3327
vn -0.9348 0.3518 0.0486
vn -0.9348 0.3517 0.0486
vn -0.9326 0.3608 0.0041
vn 0.9322 -0.3612 -0.0222
vn 0.8789 -0.2871 -0.3808
vn 0.8790 -0.2872 -0.3808
vn 0.4454 -0.0473 -0.8941
vn -0.1946 0.2266 -0.9543
vn -0.1946 0.2266 -0.9544
vn -0.7777 0.3938 -0.4900
vn -0.9264 0.3711 -0.0640
vn 0.7323 -0.3542 0.5816
vt 0.506362 0.871792
vt 0.499823 0.898179
vt 0.484380 0.885196
vt 0.498855 0.863334
vt 0.527922 0.875687
vt 0.527522 0.898179
vt 0.643426 0.867859
vt 0.643277 0.855486
vt 0.656749 0.851572
vt 0.658125 0.876348
vt 0.564028 0.877970
vt 0.563902 0.898179
vt 0.528829 0.871635
vt 0.564470 0.873102
vt 0.483434 0.846670
vt 0.499914 0.850100
vt 0.610433 0.878551
vt 0.606437 0.898179
vt 0.496897 0.833309
vt 0.508450 0.842888
vt 0.618261 0.849671
vt 0.572294 0.847997
vt 0.572879 0.843237
vt 0.619668 0.845076
vt 0.537094 0.833309
vt 0.534519 0.842436
vt 0.575626 0.833309
vt 0.618052 0.851404
vt 0.572311 0.849964
vt 0.534551 0.846889
vt 0.509256 0.847303
vt 0.502772 0.852317
vt 0.501890 0.861152
vt 0.508076 0.868215
vt 0.634816 0.852911
vt 0.636294 0.847988
vt 0.639477 0.856597
vt 0.647765 0.890225
vt 0.636129 0.874690
vt 0.633697 0.870713
vt 0.639240 0.866290
vt 0.633992 0.854687
vt 0.610533 0.872683
vt 0.637346 0.865421
vt 0.637529 0.857518
vt 0.622630 0.833309
vt 0.643874 0.837124
vt 0.610815 0.870708
vt 0.564419 0.871242
vt 0.633220 0.868640
vt 0.534623 0.848643
vt 0.528931 0.869901
vt 0.509050 0.866638
vt 0.509998 0.848915
vt 0.503689 0.860753
vt 0.504330 0.853284
s 1
usemtl defaultMaterial_0.004
f 2796/1624/1758 2797/1625/1758 2798/1626/1759
f 2796/1624/1758 2798/1626/1759 2799/1627/1760
f 2797/1625/1758 2796/1624/1758 2800/1628/1761
f 2797/1625/1758 2800/1628/1761 2801/1629/1761
f 2802/1630/1762 2803/1631/1763 2804/1632/1763
f 2802/1630/1762 2804/1632/1763 2805/1633/1762
f 2801/1629/1761 2800/1628/1761 2806/1634/1764
f 2801/1629/1761 2806/1634/1764 2807/1635/1764
s 0
f 2808/1636/1765 2809/1637/1765 2810/1634/1765
f 2808/1636/1765 2810/1634/1765 2811/1628/1765
s 1
f 2812/1638/1766 2813/1639/1766 2799/1627/1760
f 2812/1638/1766 2799/1627/1760 2798/1626/1759
f 2806/1634/1764 2814/1640/1767 2815/1641/1768
f 2806/1634/1764 2815/1641/1768 2807/1635/1764
f 2813/1639/1766 2812/1638/1766 2816/1642/1769
f 2813/1639/1766 2816/1642/1769 2817/1643/1770
s 0
f 2818/1644/1765 2819/1645/1765 2820/1646/1765
f 2818/1644/1765 2820/1646/1765 2821/1647/1765
s 1
f 2817/1643/1770 2816/1642/1769 2822/1648/1771
f 2817/1643/1770 2822/1648/1771 2823/1649/1772
f 2823/1649/1772 2822/1648/1771 2824/1650/1773
f 2823/1649/1772 2824/1650/1773 2825/1646/1773
f 2826/1644/1774 2827/1651/1774 2828/1652/1775
f 2826/1644/1774 2828/1652/1775 2829/1645/1775
s 0
f 2830/1643/1765 2831/1649/1765 2832/1653/1765
f 2830/1643/1765 2832/1653/1765 2833/1654/1765
f 2832/1653/1765 2831/1649/1765 2820/1646/1765
f 2832/1653/1765 2820/1646/1765 2819/1645/1765
f 2834/1639/1765 2830/1643/1765 2833/1654/1765
f 2834/1639/1765 2833/1654/1765 2835/1655/1765
f 2836/1627/1765 2834/1639/1765 2835/1655/1765
f 2836/1627/1765 2835/1655/1765 2837/1656/1765
f 2838/1624/1765 2836/1627/1765 2837/1656/1765
f 2838/1624/1765 2837/1656/1765 2839/1657/1765
f 2811/1628/1765 2838/1624/1765 2839/1657/1765
f 2811/1628/1765 2839/1657/1765 2808/1636/1765
f 2840/1658/1765 2818/1644/1765 2821/1647/1765
f 2840/1658/1765 2821/1647/1765 2841/1659/1765
f 2841/1659/1765 2842/1631/1765 2843/1660/1765
f 2841/1659/1765 2843/1660/1765 2840/1658/1765
s 1
f 2844/1661/1776 2845/1662/1777 2802/1630/1762
f 2844/1661/1776 2802/1630/1762 2805/1633/1762
s 0
f 2846/1630/1765 2847/1662/1765 2848/1663/1765
f 2846/1630/1765 2848/1663/1765 2849/1664/1765
s 1
f 2850/1658/1778 2851/1665/1779 2827/1651/1774
f 2850/1658/1778 2827/1651/1774 2826/1644/1774
s 0
f 2847/1662/1765 2852/1640/1765 2853/1666/1765
f 2847/1662/1765 2853/1666/1765 2848/1663/1765
s 1
f 2854/1660/1780 2855/1664/1781 2856/1667/1781
f 2854/1660/1780 2856/1667/1781 2857/1668/1780
f 2814/1640/1767 2845/1662/1777 2844/1661/1776
f 2814/1640/1767 2844/1661/1776 2815/1641/1768
f 2858/1659/1782 2859/1647/1783 2860/1669/1783
f 2858/1659/1782 2860/1669/1783 2861/1670/1782
s 0
f 2862/1652/1765 2863/1651/1765 2864/1671/1765
f 2862/1652/1765 2864/1671/1765 2865/1672/1765
s 1
f 2861/1670/1782 2804/1632/1763 2803/1631/1763
f 2861/1670/1782 2803/1631/1763 2858/1659/1782
f 2866/1663/1784 2867/1666/1785 2868/1671/1786
f 2866/1663/1784 2868/1671/1786 2869/1673/1784
f 2870/1672/1787 2868/1671/1786 2867/1666/1785
f 2870/1672/1787 2867/1666/1785 2871/1637/1787
s 0
f 2872/1674/1765 2873/1675/1765 2874/1676/1765
f 2872/1674/1765 2874/1676/1765 2875/1677/1765
f 2875/1677/1765 2874/1676/1765 2876/1678/1765
f 2875/1677/1765 2876/1678/1765 2877/1679/1765
f 2864/1671/1765 2863/1651/1765 2878/1665/1765
f 2864/1671/1765 2878/1665/1765 2879/1673/1765
f 2842/1631/1765 2846/1630/1765 2849/1664/1765
f 2842/1631/1765 2849/1664/1765 2843/1660/1765
f 2880/1667/1765 2879/1673/1765 2878/1665/1765
f 2880/1667/1765 2878/1665/1765 2881/1668/1765
s 1
f 2882/1653/1788 2883/1674/1788 2884/1677/1789
f 2882/1653/1788 2884/1677/1789 2885/1654/1790
f 2885/1654/1790 2884/1677/1789 2886/1679/1791
f 2885/1654/1790 2886/1679/1791 2887/1655/1791
f 2887/1655/1791 2886/1679/1791 2888/1678/1792
f 2887/1655/1791 2888/1678/1792 2889/1656/1793
f 2889/1656/1793 2888/1678/1792 2890/1676/1794
f 2889/1656/1793 2890/1676/1794 2891/1657/1794
f 2891/1657/1794 2890/1676/1794 2892/1675/1795
f 2891/1657/1794 2892/1675/1795 2893/1636/1795
f 2893/1636/1795 2892/1675/1795 2870/1672/1787
f 2893/1636/1795 2870/1672/1787 2871/1637/1787
s 0
f 2809/1637/1765 2853/1666/1765 2852/1640/1765
f 2809/1637/1765 2852/1640/1765 2810/1634/1765
s 1
f 2866/1663/1784 2869/1673/1784 2856/1667/1781
f 2866/1663/1784 2856/1667/1781 2855/1664/1781
f 2894/1660/1796 2895/1668/1796 2851/1665/1779
f 2894/1660/1796 2851/1665/1779 2850/1658/1778
s 0
f 2872/1674/1765 2862/1652/1765 2865/1672/1765
f 2872/1674/1765 2865/1672/1765 2873/1675/1765
s 1
f 2859/1647/1783 2825/1646/1773 2824/1650/1773
f 2859/1647/1783 2824/1650/1773 2860/1669/1783
f 2882/1653/1788 2829/1645/1775 2828/1652/1775
f 2882/1653/1788 2828/1652/1775 2883/1674/1788
o defaultMaterial.021
v -4.828071 4.626445 0.954471
v -4.085859 4.626513 -0.130830
v -4.130313 5.035106 -0.218046
v -4.856152 4.734157 0.950801
v -4.363342 5.388252 -0.429881
v -4.931570 4.812631 0.940108
v -4.757250 5.698960 -0.667952
v -5.034121 4.840840 0.925256
v -4.854854 4.518355 0.950134
v -4.147426 4.237244 -0.203918
v -5.316858 5.551544 -0.742772
v -5.136324 4.811225 0.910225
v -5.210793 4.731722 0.899042
v -5.692504 5.129293 -0.692343
v -5.831662 4.618125 -0.712856
v -5.237576 4.623632 0.894705
v -4.929323 4.438852 0.938951
v -4.352491 3.862584 -0.436229
v -5.209495 4.515920 0.898375
v -5.717513 4.081594 -0.801760
v -5.304553 3.690970 -0.748532
v -5.134077 4.437445 0.909068
v -4.743041 3.550553 -0.674602
v -5.031526 4.409237 0.923920
v -4.739488 3.551489 -0.674127
v -5.060698 4.624207 1.094169
vn 0.6846 -0.0043 0.7289
vn 0.8251 -0.0090 0.5649
vn 0.7059 0.4459 0.5503
vn 0.5799 0.3831 0.7190
vn 0.4384 0.7452 0.5025
vn 0.3275 0.6549 0.6810
vn 0.0136 0.8812 0.4725
vn -0.0554 0.7635 0.6434
vn 0.5873 -0.3801 0.7146
vn 0.7144 -0.4392 0.5447
vn -0.4992 0.7689 0.3995
vn -0.4780 0.6630 0.5762
vn -0.7573 0.3796 0.5315
vn -0.8211 0.4439 0.3588
vn -0.9384 -0.0071 0.3455
vn -0.8572 -0.0070 0.5149
vn 0.3406 -0.6494 0.6799
vn 0.4567 -0.7325 0.5048
vn -0.7515 -0.3920 0.5306
vn -0.8142 -0.4561 0.3592
vn -0.4880 -0.7757 0.4001
vn -0.4683 -0.6713 0.5745
vn 0.0220 -0.8808 0.4730
vn -0.0464 -0.7663 0.6408
vn 0.3155 -0.8152 0.4856
vn -0.1479 -0.0040 0.9890
vt 0.300886 0.375655
vt 0.365782 0.375655
vt 0.369660 0.359252
vt 0.300886 0.370779
vt 0.382215 0.338639
vt 0.300886 0.365902
vt 0.405930 0.308208
vt 0.300886 0.361025
vt 0.300886 0.380532
vt 0.369708 0.392067
vt 0.405930 0.330690
vt 0.399364 0.354273
vt 0.399364 0.375655
vt 0.300886 0.385409
vt 0.382322 0.412707
vt 0.405930 0.398138
vt 0.405930 0.420621
vt 0.405930 0.443103
vt 0.300886 0.390286
vt 0.405930 0.442961
vt 0.272590 0.375655
s 1
usemtl defaultMaterial_0.004
f 2896/1680/1797 2897/1681/1798 2898/1682/1799
f 2896/1680/1797 2898/1682/1799 2899/1683/1800
f 2899/1683/1800 2898/1682/1799 2900/1684/1801
f 2899/1683/1800 2900/1684/1801 2901/1685/1802
f 2902/1686/1803 2903/1687/1804 2901/1685/1802
f 2902/1686/1803 2901/1685/1802 2900/1684/1801
f 2904/1688/1805 2905/1689/1806 2897/1681/1798
f 2904/1688/1805 2897/1681/1798 2896/1680/1797
f 2906/1690/1807 2907/1685/1808 2903/1687/1804
f 2906/1690/1807 2903/1687/1804 2902/1686/1803
f 2908/1683/1809 2907/1685/1808 2906/1690/1807
f 2908/1683/1809 2906/1690/1807 2909/1691/1810
f 2908/1683/1809 2909/1691/1810 2910/1692/1811
f 2908/1683/1809 2910/1692/1811 2911/1680/1812
f 2912/1693/1813 2913/1694/1814 2905/1689/1806
f 2912/1693/1813 2905/1689/1806 2904/1688/1805
f 2914/1688/1815 2911/1680/1812 2910/1692/1811
f 2914/1688/1815 2910/1692/1811 2915/1695/1816
f 2916/1696/1817 2917/1693/1818 2914/1688/1815
f 2916/1696/1817 2914/1688/1815 2915/1695/1816
f 2918/1697/1819 2919/1698/1820 2917/1693/1818
f 2918/1697/1819 2917/1693/1818 2916/1696/1817
f 2918/1697/1819 2920/1699/1821 2913/1694/1814
f 2918/1697/1819 2913/1694/1814 2912/1693/1813
f 2918/1697/1819 2912/1693/1813 2919/1698/1820
f 2907/1685/1808 2908/1683/1809 2921/1700/1822
f 2903/1687/1804 2907/1685/1808 2921/1700/1822
f 2901/1685/1802 2903/1687/1804 2921/1700/1822
f 2899/1683/1800 2901/1685/1802 2921/1700/1822
f 2896/1680/1797 2899/1683/1800 2921/1700/1822
f 2904/1688/1805 2896/1680/1797 2921/1700/1822
f 2912/1693/1813 2904/1688/1805 2921/1700/1822
f 2919/1698/1820 2912/1693/1813 2921/1700/1822
f 2917/1693/1818 2919/1698/1820 2921/1700/1822
f 2914/1688/1815 2917/1693/1818 2921/1700/1822
f 2911/1680/1812 2914/1688/1815 2921/1700/1822
f 2908/1683/1809 2911/1680/1812 2921/1700/1822
o defaultMaterial.022
v -7.779528 2.167584 -3.105172
v -7.287575 2.088504 -3.228016
v -7.620018 2.095014 -3.543529
v -7.671793 1.701901 -0.662697
v -6.962029 1.676169 -0.001379
v -6.458183 2.019860 -0.546905
v -7.081828 2.037455 -1.130160
v -7.882442 2.081903 -3.928930
v -7.882442 2.081903 -3.928930
v -7.776633 1.854198 -3.072311
v -8.128080 2.094109 -4.060375
v -8.128080 2.094109 -4.060375
v -7.779528 2.167584 -3.105172
v -7.882442 2.081903 -3.928930
v -8.376527 1.843699 -2.272881
v -8.108415 1.763391 -1.428610
v -7.415866 2.084288 -1.778962
v -7.631587 2.125507 -2.503325
v -4.594275 1.689717 0.717726
v -4.455951 2.036422 0.044871
v -5.147730 2.033806 0.018074
v -5.322409 1.688986 0.684203
v -4.112657 2.249465 -2.534850
v -4.616434 2.242851 -2.545787
v -5.147730 2.033806 0.018074
v -4.455951 2.036422 0.044871
v -6.453833 1.533217 -0.492334
v -5.811811 2.166582 -2.693151
v -5.837757 1.530828 -0.138394
v -7.776633 1.854198 -3.072311
v -7.287575 2.088504 -3.228016
v -6.884656 2.100734 -2.986435
v -7.882442 2.081903 -3.928930
v -7.620018 2.095014 -3.543529
v -6.167722 1.667087 0.440407
v -6.962029 1.676169 -0.001379
v -6.453833 1.533217 -0.492334
v -5.837757 1.530828 -0.138394
v -7.082178 1.550812 -1.075590
v -7.671793 1.701901 -0.662697
v -5.842107 2.017471 -0.192964
v -6.167722 1.667087 0.440407
v -8.376527 1.843699 -2.272881
v -8.492097 1.971521 -3.205254
v -7.627601 1.687723 -2.454345
v -8.108415 1.763391 -1.428610
v -7.411453 1.597646 -1.724392
v -4.279462 1.549778 0.096482
v -4.594275 1.689717 0.717726
v -5.322409 1.688986 0.684203
v -5.067071 1.547163 0.069684
v -8.492097 1.971521 -3.205254
v -4.112657 2.249465 -2.534850
v -4.279462 1.549778 0.096482
v -5.067071 1.547163 0.069684
v -4.616434 2.242851 -2.545787
v -5.811811 2.166582 -2.693151
v -5.842107 2.017471 -0.192964
v -7.411453 1.597646 -1.724392
v -7.627601 1.687723 -2.454345
v -8.498260 2.043237 -3.800888
v -8.360673 2.079130 -4.015779
v -7.415866 2.084288 -1.778962
v -6.884656 2.100734 -2.986435
v -7.631587 2.125507 -2.503325
v -8.498260 2.043237 -3.800888
v -6.458183 2.019860 -0.546905
v -4.594275 1.689717 0.717726
v -3.932434 2.398255 0.715367
v -4.102940 2.588556 -0.002497
v -4.455951 2.036422 0.044871
v -4.279462 1.549778 0.096482
v -3.695142 2.436870 0.106043
v -3.932434 2.398255 0.715367
v -4.594275 1.689717 0.717726
v -4.112657 2.249465 -2.534850
v -3.718588 2.897938 -2.598188
v -3.695142 2.436870 0.106043
v -4.279462 1.549778 0.096482
v -4.455951 2.036422 0.044871
v -4.102940 2.588556 -0.002497
v -3.718588 2.897938 -2.598188
v -4.112657 2.249465 -2.534850
v -8.360673 2.079130 -4.015779
v -7.081828 2.037455 -1.130160
v -7.082178 1.550812 -1.075590
vn 0.1059 0.9894 -0.0994
vn 0.1156 0.9791 -0.1673
vn 0.1267 0.9850 -0.1170
vn -0.2920 0.9141 0.2814
vn -0.2386 0.9051 0.3518
vn -0.2920 0.9141 0.2813
vn 0.1240 0.9852 -0.1180
vn 0.0950 -0.9591 -0.2667
vn -0.0529 -0.9789 -0.1974
vn 0.0559 -0.9655 -0.2543
vn 0.0187 0.9963 -0.0834
vn -0.1543 0.9875 0.0315
vn 0.1114 0.9869 -0.1166
vn -0.3084 0.9372 0.1632
vn -0.3185 0.9250 0.2072
vn -0.0214 0.8903 0.4548
vn -0.0210 0.8905 0.4545
vn -0.0841 0.8943 0.4394
vn -0.0103 0.9967 0.0800
vn -0.0355 0.9968 0.0719
vn -0.0102 0.9967 0.0801
vn 0.1431 -0.9599 -0.2412
vn 0.1252 -0.9624 -0.2411
vn 0.1111 -0.9645 -0.2394
vn 0.3335 -0.8783 -0.3427
vn 0.2959 -0.8739 -0.3856
vn 0.2798 -0.9155 -0.2890
vn 0.4547 -0.8452 -0.2808
vn 0.3853 -0.8673 -0.3152
vn -0.0712 -0.9790 0.1911
vn -0.1299 -0.9798 0.1522
vn -0.1298 -0.9798 0.1522
vn -0.0705 -0.9789 0.1917
vn -0.1859 -0.9787 0.0869
vn -0.1778 0.8978 0.4028
vn -0.1778 0.8978 0.4029
vn -0.2073 -0.9737 -0.0946
vn -0.1631 -0.9773 -0.1349
vn -0.2226 -0.9749 0.0035
vn -0.0065 -0.9756 0.2195
vn -0.0066 -0.9756 0.2194
vn -0.0212 -0.9764 0.2148
vn -0.0211 -0.9764 0.2149
vn -0.2871 0.9481 0.1365
vn 0.0145 -0.9667 -0.2554
vn 0.0143 -0.9667 -0.2554
vn 0.0518 -0.9673 -0.2482
vn 0.0517 -0.9673 -0.2482
vn -0.0470 0.9974 0.0549
vn -0.0455 0.9971 0.0614
vn 0.3376 -0.9143 -0.2236
vn 0.3163 -0.9108 -0.2653
vn -0.2415 0.9674 0.0766
vn -0.1392 0.9902 -0.0074
vn 0.0598 0.9974 0.0399
vn 0.0477 0.9988 -0.0078
vn 0.0630 0.9969 0.0462
vn -0.0973 -0.9825 -0.1586
vn -0.0400 0.9979 0.0505
vn -0.7485 0.6126 0.2539
vn -0.7486 0.6126 0.2538
vn 0.7299 -0.5718 0.3746
vn 0.7300 -0.5717 0.3745
vn 0.7299 -0.5717 0.3745
vn 0.8381 -0.5373 -0.0944
vn -0.8499 0.5227 -0.0667
vn -0.0194 -0.9752 -0.2205
vn 0.0056 0.9991 0.0412
vn 0.2403 -0.9410 -0.2383
vt 0.803049 0.738504
vt 0.821990 0.747626
vt 0.807669 0.761935
vt 0.818077 0.614241
vt 0.847530 0.586080
vt 0.868638 0.613221
vt 0.845150 0.638400
vt 0.794320 0.780055
vt 0.783005 0.785289
vt 0.780536 0.686670
vt 0.795768 0.648165
vt 0.825597 0.667084
vt 0.813054 0.700342
vt 0.957279 0.561960
vt 0.961401 0.594976
vt 0.927510 0.595058
vt 0.921651 0.562157
vt 0.964976 0.729258
vt 0.942731 0.727051
vt 0.890981 0.728501
vt 0.897535 0.599740
vt 0.842474 0.737771
vt 0.884701 0.569426
vt 0.770737 0.740657
vt 0.767886 0.770386
vt 0.773001 0.781830
vt 0.998941 0.561772
vt 0.998941 0.594927
vt 0.998941 0.732986
s 1
usemtl defaultMaterial_0.004
f 2922/1701/1823 2923/1702/1824 2924/1703/1825
f 2925/1704/1826 2926/1705/1827 2927/1706/1827
f 2925/1704/1826 2927/1706/1827 2928/1707/1828
f 2924/1703/1825 2929/1708/1829 2922/1701/1823
f 2930/1708/1830 2931/1701/1831 2932/1709/1832
f 2933/1709/1833 2934/1701/1834 2935/1708/1835
f 2936/1710/1836 2937/1711/1837 2938/1712/1837
f 2936/1710/1836 2938/1712/1837 2939/1713/1836
f 2940/1714/1838 2941/1715/1839 2942/1716/1840
f 2940/1714/1838 2942/1716/1840 2943/1717/1840
f 2944/1718/1841 2945/1719/1842 2946/1716/1842
f 2944/1718/1841 2946/1716/1842 2947/1715/1843
f 2948/1706/1844 2949/1720/1845 2950/1721/1846
f 2951/1701/1847 2952/1702/1848 2953/1722/1849
f 2954/1708/1850 2955/1703/1851 2951/1701/1847
f 2956/1723/1852 2957/1705/1853 2958/1706/1854
f 2956/1723/1852 2958/1706/1854 2959/1721/1855
f 2960/1707/1856 2958/1706/1854 2957/1705/1853
f 2960/1707/1856 2957/1705/1853 2961/1704/1856
f 2962/1721/1857 2927/1706/1827 2926/1705/1827
f 2962/1721/1857 2926/1705/1827 2963/1723/1858
f 2964/1710/1859 2965/1724/1860 2931/1701/1831
f 2964/1710/1859 2931/1701/1831 2966/1713/1859
f 2961/1704/1856 2967/1711/1861 2968/1712/1861
f 2961/1704/1856 2968/1712/1861 2960/1707/1856
f 2969/1715/1862 2970/1714/1863 2971/1717/1864
f 2969/1715/1862 2971/1717/1864 2972/1716/1865
f 2939/1713/1836 2934/1701/1834 2973/1724/1866
f 2939/1713/1836 2973/1724/1866 2936/1710/1836
f 2974/1718/1867 2975/1715/1868 2976/1716/1869
f 2974/1718/1867 2976/1716/1869 2977/1719/1870
f 2946/1716/1842 2945/1719/1842 2978/1720/1871
f 2946/1716/1842 2978/1720/1871 2979/1721/1872
f 2963/1723/1858 2943/1717/1840 2942/1716/1840
f 2963/1723/1858 2942/1716/1840 2962/1721/1857
f 2953/1722/1849 2980/1712/1873 2981/1713/1874
f 2959/1721/1855 2972/1716/1865 2971/1717/1864
f 2959/1721/1855 2971/1717/1864 2956/1723/1852
f 2928/1707/1828 2938/1712/1837 2937/1711/1837
f 2928/1707/1828 2937/1711/1837 2925/1704/1826
f 2966/1713/1859 2968/1712/1861 2967/1711/1861
f 2966/1713/1859 2967/1711/1861 2964/1710/1859
f 2934/1701/1834 2982/1725/1875 2973/1724/1866
f 2934/1701/1834 2983/1726/1876 2982/1725/1875
f 2984/1712/1877 2985/1722/1878 2986/1713/1879
f 2987/1725/1880 2931/1701/1831 2965/1724/1860
f 2979/1721/1872 2978/1720/1871 2988/1706/1881
f 2989/1714/1882 2990/1727/1882 2991/1728/1882
f 2989/1714/1882 2991/1728/1882 2992/1715/1883
f 2952/1702/1848 2951/1701/1847 2955/1703/1851
f 2986/1713/1879 2985/1722/1878 2922/1701/1823
f 2953/1722/1849 2981/1713/1874 2951/1701/1847
f 2993/1715/1884 2994/1728/1885 2995/1727/1886
f 2993/1715/1884 2995/1727/1886 2996/1714/1884
f 2997/1718/1887 2998/1729/1887 2999/1728/1887
f 2997/1718/1887 2999/1728/1887 3000/1715/1887
f 2923/1702/1824 2922/1701/1823 2985/1722/1878
f 2983/1726/1876 2934/1701/1834 2933/1709/1833
f 3001/1715/1888 3002/1728/1888 3003/1729/1888
f 3001/1715/1888 3003/1729/1888 3004/1718/1888
f 2932/1709/1832 2931/1701/1831 3005/1726/1889
f 3005/1726/1889 2931/1701/1831 2987/1725/1880
f 2978/1720/1871 2985/1722/1878 3006/1707/1890
f 2978/1720/1871 3006/1707/1890 2988/1706/1881
f 2977/1719/1870 2976/1716/1869 2950/1721/1846
f 2977/1719/1870 2950/1721/1846 2949/1720/1845
f 2949/1720/1845 2948/1706/1844 3007/1707/1891
f 2949/1720/1845 3007/1707/1891 2953/1722/1849
f 3006/1707/1890 2985/1722/1878 2984/1712/1877
f 3007/1707/1891 2980/1712/1873 2953/1722/1849
o defaultMaterial.023
v 2.539644 7.581793 -4.431424
v 2.470234 7.322752 -4.431424
v 2.021562 7.581793 -4.716466
v 2.280603 7.133121 -4.431424
v 2.021562 7.063710 -4.431424
v 1.762521 7.133121 -4.431424
v 1.572890 7.322752 -4.431424
v 1.503480 7.581793 -4.431424
v 1.572890 7.840834 -4.431424
v 1.762521 8.030466 -4.431424
v 2.021562 8.099876 -4.431424
v 2.280603 8.030466 -4.431424
v 2.460958 7.840834 -4.424186
vn 0.4819 0.0205 -0.8760
vn 0.4175 -0.2410 -0.8761
vn 0.0027 0.0019 -1.0000
vn 0.2410 -0.4175 -0.8761
vn -0.0000 -0.4820 -0.8761
vn -0.2410 -0.4175 -0.8761
vn -0.4175 -0.2410 -0.8761
vn -0.4820 -0.0000 -0.8761
vn -0.4175 0.2410 -0.8761
vn -0.2410 0.4175 -0.8761
vn -0.0000 0.4820 -0.8761
vn 0.2571 0.4081 -0.8760
vn 0.4297 0.2501 -0.8676
vt 0.103218 0.500041
vt 0.156390 0.698483
vt 0.500510 0.500321
vt 0.301660 0.843753
vt 0.500102 0.896925
vt 0.698544 0.843752
vt 0.843814 0.698482
vt 0.896986 0.500039
vt 0.843814 0.301597
vt 0.698544 0.156328
vt 0.500102 0.103155
vt 0.301660 0.156328
vt 0.163486 0.301591
s 1
usemtl defaultMaterial_3.001
f 3008/1730/1892 3009/1731/1893 3010/1732/1894
f 3010/1732/1894 3009/1731/1893 3011/1733/1895
f 3010/1732/1894 3011/1733/1895 3012/1734/1896
f 3010/1732/1894 3012/1734/1896 3013/1735/1897
f 3010/1732/1894 3013/1735/1897 3014/1736/1898
f 3010/1732/1894 3014/1736/1898 3015/1737/1899
f 3010/1732/1894 3015/1737/1899 3016/1738/1900
f 3010/1732/1894 3016/1738/1900 3017/1739/1901
f 3010/1732/1894 3017/1739/1901 3018/1740/1902
f 3010/1732/1894 3018/1740/1902 3019/1741/1903
f 3010/1732/1894 3019/1741/1903 3020/1742/1904
f 3010/1732/1894 3020/1742/1904 3008/1730/1892
o defaultMaterial.024
v -2.021563 7.581793 -4.716466
v -2.470234 7.322752 -4.431424
v -2.539644 7.581793 -4.431424
v -2.280603 7.133121 -4.431424
v -2.021563 7.063710 -4.431424
v -1.762521 7.133121 -4.431424
v -1.572890 7.322752 -4.431424
v -1.503480 7.581793 -4.431424
v -1.572890 7.840834 -4.431424
v -1.762521 8.030466 -4.431424
v -2.021563 8.099876 -4.431424
v -2.280603 8.030466 -4.431424
v -2.460958 7.840834 -4.424186
vn -0.0027 0.0019 -1.0000
vn -0.4175 -0.2410 -0.8761
vn -0.4819 0.0205 -0.8760
vn -0.2410 -0.4175 -0.8761
vn -0.0000 -0.4820 -0.8761
vn 0.2410 -0.4175 -0.8761
vn 0.4175 -0.2410 -0.8761
vn 0.4820 -0.0000 -0.8761
vn 0.4175 0.2410 -0.8761
vn 0.2410 0.4175 -0.8761
vn -0.0000 0.4820 -0.8761
vn -0.2573 0.4080 -0.8760
vn -0.4297 0.2501 -0.8676
vt 0.500510 0.500321
vt 0.156390 0.698483
vt 0.103218 0.500041
vt 0.301660 0.843753
vt 0.500102 0.896925
vt 0.698544 0.843752
vt 0.843814 0.698482
vt 0.896986 0.500039
vt 0.843814 0.301597
vt 0.698544 0.156328
vt 0.500102 0.103155
vt 0.301660 0.156328
vt 0.163486 0.301591
s 1
usemtl defaultMaterial_3.001
f 3021/1743/1905 3022/1744/1906 3023/1745/1907
f 3024/1746/1908 3022/1744/1906 3021/1743/1905
f 3025/1747/1909 3024/1746/1908 3021/1743/1905
f 3026/1748/1910 3025/1747/1909 3021/1743/1905
f 3027/1749/1911 3026/1748/1910 3021/1743/1905
f 3028/1750/1912 3027/1749/1911 3021/1743/1905
f 3029/1751/1913 3028/1750/1912 3021/1743/1905
f 3030/1752/1914 3029/1751/1913 3021/1743/1905
f 3031/1753/1915 3030/1752/1914 3021/1743/1905
f 3032/1754/1916 3031/1753/1915 3021/1743/1905
f 3033/1755/1917 3032/1754/1916 3021/1743/1905
f 3023/1745/1907 3033/1755/1917 3021/1743/1905
o defaultMaterial.025
v -4.737857 6.925980 -13.243744
v -4.250215 6.921925 -13.508978
v -4.638589 7.081827 -13.803637
v -3.569798 5.408051 -10.713334
v -3.683744 6.130426 -11.702810
v -4.283653 5.703764 -11.264214
v -4.961472 7.273437 -14.156725
v -4.961472 7.273437 -14.156725
v -4.737857 6.694906 -13.348512
v -5.230706 7.351214 -14.300049
v -5.230706 7.351214 -14.300049
v -4.737857 6.925980 -13.243744
v -4.961472 7.273437 -14.156725
v -4.899844 6.081238 -11.959803
v -4.606677 6.737704 -12.822381
v -5.252766 6.436690 -12.614813
v -2.115656 5.040848 -10.062532
v -1.368398 4.948335 -9.891464
v -1.209088 5.486256 -10.480823
v -1.799799 5.539694 -10.602663
v -3.112083 5.547570 -11.307555
v -2.630417 6.634034 -12.978466
v -2.477111 5.364676 -10.993602
v -1.438097 6.596418 -12.909150
v -1.799799 5.209344 -10.736230
v -5.462396 7.302850 -14.210926
v -4.961472 7.273437 -14.156725
v -4.638589 7.081827 -13.803637
v -4.737857 6.694906 -13.348512
v -2.808081 5.167347 -10.291447
v -3.569798 5.408051 -10.713334
v -3.112083 5.547570 -11.307555
v -2.477111 5.364676 -10.993602
v -3.683744 5.828238 -11.824989
v -2.477111 5.666866 -10.871422
v -3.112083 5.849758 -11.185375
v -2.808081 5.167347 -10.291447
v -5.484753 6.857698 -13.390622
v -5.252766 6.436690 -12.614813
v -4.899844 6.081238 -11.959803
v -4.221748 6.153208 -12.424101
v -4.283653 5.703764 -11.264214
v -1.799799 5.209344 -10.736230
v -1.158101 5.135494 -10.620584
v -1.368398 4.948335 -9.891464
v -2.115656 5.040848 -10.062532
v -0.304144 6.687167 -13.076377
v -1.158101 5.135494 -10.620584
v -5.573470 7.189785 -14.002573
v -4.221748 6.153208 -12.424101
v -3.752922 6.799292 -13.282993
v -3.683744 5.828238 -11.824989
v -4.221748 6.446787 -12.286049
v -4.606677 6.437337 -12.947919
v -5.573470 7.189785 -14.002573
v -5.484753 6.857698 -13.390622
v -4.221748 6.446787 -12.286049
v -4.606677 6.737704 -12.822381
v -3.112083 5.849758 -11.185375
v -2.630417 6.634034 -12.978466
v -3.752922 6.799292 -13.282993
v -3.683744 6.130426 -11.702810
v -2.477111 5.666866 -10.871422
v -1.158101 5.135494 -10.620584
v -0.304144 6.687167 -13.076377
v -1.209088 5.486256 -10.480823
v -4.250215 6.921925 -13.508978
v -1.209088 5.486256 -10.480823
v -0.304144 6.687167 -13.076377
v -1.438097 6.596418 -12.909150
v -1.799799 5.539694 -10.602663
v -4.606677 6.437337 -12.947919
v -1.368398 4.948335 -9.891464
v -5.462396 7.302850 -14.210926
vn 0.1962 0.9293 0.3128
vn 0.1583 0.9276 0.3383
vn 0.1956 0.9352 0.2950
vn -0.1245 0.7869 0.6044
vn -0.1436 0.7960 0.5880
vn -0.1459 0.8003 0.5815
vn 0.2246 0.9277 0.2981
vn 0.0863 -0.7987 -0.5956
vn -0.1056 -0.8558 -0.5064
vn 0.0236 -0.8172 -0.5759
vn 0.0256 0.9314 0.3630
vn -0.1105 0.8917 0.4390
vn 0.0931 0.9379 0.3342
vn -0.1753 0.8088 0.5614
vn -0.2068 0.8265 0.5236
vn -0.2098 0.8363 0.5065
vn -0.0755 0.7585 0.6473
vn -0.0630 0.7483 0.6604
vn 0.0343 -0.8394 -0.5424
vn 0.0252 -0.8406 -0.5410
vn 0.0158 -0.8421 -0.5391
vn -0.0003 -0.8431 -0.5378
vn -0.0746 0.9090 0.4101
vn 0.2083 -0.7671 -0.6067
vn 0.1812 -0.7684 -0.6138
vn 0.1819 -0.7787 -0.6005
vn -0.1047 -0.9462 -0.3062
vn -0.1317 -0.9345 -0.3308
vn -0.1355 -0.9355 -0.3262
vn -0.1421 -0.9272 -0.3466
vn -0.0908 0.7721 0.6290
vn -0.1217 0.7834 0.6094
vn -0.1673 -0.8817 -0.4412
vn -0.2023 -0.8809 -0.4279
vn -0.1699 -0.9114 -0.3749
vn -0.1542 -0.9168 -0.3683
vn -0.1419 -0.9236 -0.3561
vn -0.0755 -0.9567 -0.2811
vn -0.0602 -0.9620 -0.2665
vn -0.0601 -0.9620 -0.2665
vn -0.0755 -0.9567 -0.2812
vn -0.0076 -0.8433 -0.5374
vn -0.1332 -0.8648 -0.4841
vn 0.1232 -0.8133 -0.5687
vn 0.0753 -0.8254 -0.5595
vn 0.0819 -0.8312 -0.5500
vn -0.1585 0.8061 0.5701
vn -0.1998 -0.8899 -0.4101
vn -0.1408 0.8767 0.4599
vn -0.1758 0.8483 0.4995
vn 0.1311 0.9218 0.3649
vn 0.1998 0.9154 0.3494
vn 0.0522 0.9121 0.4065
vn 0.0364 0.9113 0.4101
vn 0.0790 0.9212 0.3810
vn 0.0856 0.9162 0.3914
vn 0.0312 0.9092 0.4152
vn 0.9514 0.0157 0.3076
vn 0.9435 0.0051 0.3313
vn 0.9514 0.0158 0.3075
vn 0.1469 -0.7964 -0.5867
vn -0.0087 0.9091 0.4164
vn -0.0021 0.9090 0.4167
vn -0.0020 0.9090 0.4167
vn 0.1853 -0.7989 -0.5723
vn 0.9587 0.0265 0.2833
vn -0.0699 -0.8421 -0.5348
vt 0.803049 0.738504
vt 0.821990 0.747626
vt 0.807669 0.761935
vt 0.847530 0.586080
vt 0.845150 0.638400
vt 0.818077 0.614241
vt 0.794320 0.780055
vt 0.783005 0.785289
vt 0.795768 0.648165
vt 0.813054 0.700342
vt 0.780536 0.686670
vt 0.921651 0.562157
vt 0.957279 0.561960
vt 0.961401 0.594976
vt 0.927510 0.595058
vt 0.868638 0.613221
vt 0.890981 0.728501
vt 0.897535 0.599740
vt 0.933714 0.727051
vt 0.773001 0.781830
vt 0.884700 0.569426
vt 0.770737 0.740657
vt 0.825597 0.667084
vt 0.964976 0.729258
vt 0.767886 0.770386
vt 0.842474 0.737771
vt 0.972724 0.594976
s 1
usemtl defaultMaterial_0.004
f 3034/1756/1918 3035/1757/1919 3036/1758/1920
f 3037/1759/1921 3038/1760/1922 3039/1761/1923
f 3036/1758/1920 3040/1762/1924 3034/1756/1918
f 3041/1762/1925 3042/1756/1926 3043/1763/1927
f 3044/1763/1928 3045/1756/1929 3046/1762/1930
f 3047/1764/1931 3048/1765/1932 3049/1766/1933
f 3050/1767/1934 3051/1768/1935 3052/1769/1935
f 3050/1767/1934 3052/1769/1935 3053/1770/1934
f 3054/1771/1936 3055/1772/1937 3056/1773/1938
f 3057/1774/1939 3058/1770/1939 3056/1773/1938
f 3057/1774/1939 3056/1773/1938 3055/1772/1937
f 3059/1775/1940 3045/1756/1929 3044/1763/1928
f 3060/1762/1941 3061/1758/1942 3062/1756/1943
f 3063/1776/1944 3064/1759/1945 3065/1771/1946
f 3063/1776/1944 3065/1771/1946 3066/1773/1944
f 3065/1771/1946 3064/1759/1945 3067/1760/1947
f 3068/1773/1948 3069/1771/1949 3037/1759/1921
f 3068/1773/1948 3037/1759/1921 3070/1776/1948
f 3071/1777/1950 3042/1756/1926 3072/1766/1951
f 3073/1764/1952 3074/1778/1953 3075/1761/1954
f 3076/1770/1955 3077/1769/1956 3078/1768/1957
f 3076/1770/1955 3078/1768/1957 3079/1767/1958
f 3045/1756/1929 3049/1766/1933 3048/1765/1932
f 3058/1770/1939 3057/1774/1939 3080/1779/1959
f 3058/1770/1939 3080/1779/1959 3081/1769/1959
f 3082/1780/1960 3042/1756/1926 3071/1777/1950
f 3070/1776/1948 3050/1767/1934 3053/1770/1934
f 3070/1776/1948 3053/1770/1934 3068/1773/1948
f 3083/1778/1961 3084/1781/1962 3085/1760/1963
f 3066/1773/1944 3076/1770/1955 3079/1767/1958
f 3066/1773/1944 3079/1767/1958 3063/1776/1944
f 3086/1778/1964 3039/1761/1923 3038/1760/1922
f 3074/1778/1953 3073/1764/1952 3087/1765/1965
f 3045/1756/1929 3088/1780/1966 3089/1777/1967
f 3045/1756/1929 3059/1775/1940 3088/1780/1966
f 3090/1778/1968 3035/1757/1919 3091/1765/1969
f 3092/1771/1970 3093/1772/1971 3094/1781/1972
f 3092/1771/1970 3094/1781/1972 3095/1760/1973
f 3093/1772/1971 3092/1771/1970 3096/1773/1974
f 3097/1782/1975 3098/1779/1976 3099/1769/1977
f 3100/1757/1978 3062/1756/1943 3061/1758/1942
f 3091/1765/1969 3035/1757/1919 3034/1756/1918
f 3084/1781/1962 3083/1778/1961 3100/1757/1978
f 3101/1769/1979 3102/1779/1979 3103/1774/1980
f 3101/1769/1979 3103/1774/1980 3104/1770/1981
f 3100/1757/1978 3083/1778/1961 3105/1765/1982
f 3035/1757/1919 3090/1778/1968 3094/1781/1972
f 3094/1781/1972 3090/1778/1968 3095/1760/1973
f 3097/1782/1975 3099/1769/1977 3106/1768/1983
f 3043/1763/1927 3042/1756/1926 3107/1775/1984
f 3107/1775/1984 3042/1756/1926 3082/1780/1960
f 3096/1773/1974 3104/1770/1981 3103/1774/1980
f 3096/1773/1974 3103/1774/1980 3093/1772/1971
f 3049/1766/1933 3045/1756/1929 3089/1777/1967
f 3048/1765/1932 3047/1764/1931 3086/1778/1964
f 3039/1761/1923 3086/1778/1964 3047/1764/1931
f 3038/1760/1922 3037/1759/1921 3069/1771/1949
f 3072/1766/1951 3042/1756/1926 3087/1765/1965
f 3075/1761/1954 3074/1778/1953 3067/1760/1947
f 3067/1760/1947 3064/1759/1945 3075/1761/1954
f 3055/1772/1937 3054/1771/1936 3085/1760/1963
f 3055/1772/1937 3085/1760/1963 3084/1781/1962
f 3100/1757/1978 3105/1765/1982 3062/1756/1943
f 3087/1765/1965 3073/1764/1952 3072/1766/1951
o defaultMaterial.026
v 4.638589 7.081827 -13.803638
v 4.250214 6.921925 -13.508979
v 4.737857 6.925980 -13.243744
v 4.283653 5.703764 -11.264215
v 3.683744 6.130426 -11.702811
v 3.569798 5.408051 -10.713335
v 4.961471 7.273437 -14.156726
v 5.230705 7.351214 -14.300051
v 4.737857 6.694906 -13.348514
v 4.961471 7.273437 -14.156726
v 4.961471 7.273437 -14.156726
v 4.737857 6.925980 -13.243744
v 5.230705 7.351214 -14.300051
v 5.252765 6.436690 -12.614814
v 4.606676 6.737704 -12.822383
v 4.899843 6.081238 -11.959805
v 2.115655 5.040848 -10.062533
v 1.799798 5.539694 -10.602665
v 1.209087 5.486256 -10.480824
v 1.368397 4.948335 -9.891466
v 2.477110 5.364676 -10.993604
v 2.630416 6.634034 -12.978468
v 3.112083 5.547570 -11.307556
v 1.438096 6.596418 -12.909152
v 1.799798 5.209344 -10.736232
v 5.462395 7.302850 -14.210928
v 4.737857 6.694906 -13.348514
v 4.638589 7.081827 -13.803638
v 4.961471 7.273437 -14.156726
v 2.808080 5.167347 -10.291449
v 2.477110 5.364676 -10.993604
v 3.112083 5.547570 -11.307556
v 3.569798 5.408051 -10.713335
v 3.683744 5.828238 -11.824990
v 2.477110 5.666866 -10.871424
v 2.808080 5.167347 -10.291449
v 3.112083 5.849758 -11.185376
v 5.252765 6.436690 -12.614814
v 5.484752 6.857698 -13.390625
v 4.283653 5.703764 -11.264215
v 4.221748 6.153208 -12.424103
v 4.899843 6.081238 -11.959805
v 1.799798 5.209344 -10.736232
v 2.115655 5.040848 -10.062533
v 1.368397 4.948335 -9.891466
v 1.158100 5.135494 -10.620585
v 1.158100 5.135494 -10.620585
v 0.304143 6.687167 -13.076379
v 5.573469 7.189785 -14.002575
v 3.683744 5.828238 -11.824990
v 3.752921 6.799292 -13.282995
v 4.221748 6.153208 -12.424103
v 4.221748 6.446787 -12.286051
v 4.606676 6.437337 -12.947920
v 5.484752 6.857698 -13.390625
v 5.573469 7.189785 -14.002575
v 4.606676 6.737704 -12.822383
v 4.221748 6.446787 -12.286051
v 3.112083 5.849758 -11.185376
v 3.683744 6.130426 -11.702811
v 3.752921 6.799292 -13.282995
v 2.630416 6.634034 -12.978468
v 2.477110 5.666866 -10.871424
v 1.209087 5.486256 -10.480824
v 0.304143 6.687167 -13.076379
v 1.158100 5.135494 -10.620585
v 4.250214 6.921925 -13.508979
v 1.209087 5.486256 -10.480824
v 1.799798 5.539694 -10.602665
v 1.438096 6.596418 -12.909152
v 0.304143 6.687167 -13.076379
v 4.606676 6.437337 -12.947920
v 1.368397 4.948335 -9.891466
v 5.462395 7.302850 -14.210928
vn -0.1956 0.9353 0.2950
vn -0.1583 0.9276 0.3383
vn -0.1961 0.9293 0.3129
vn 0.1459 0.8003 0.5815
vn 0.1436 0.7960 0.5880
vn 0.1245 0.7869 0.6044
vn -0.2246 0.9277 0.2981
vn -0.0236 -0.8172 -0.5759
vn 0.1056 -0.8558 -0.5064
vn -0.0863 -0.7987 -0.5956
vn -0.0931 0.9379 0.3342
vn 0.1105 0.8917 0.4390
vn -0.0256 0.9314 0.3630
vn 0.2098 0.8363 0.5065
vn 0.2070 0.8264 0.5237
vn 0.1753 0.8088 0.5614
vn 0.0755 0.7585 0.6473
vn 0.0630 0.7483 0.6604
vn -0.0158 -0.8421 -0.5391
vn -0.0252 -0.8406 -0.5410
vn -0.0343 -0.8394 -0.5424
vn 0.0003 -0.8431 -0.5378
vn 0.0746 0.9090 0.4101
vn -0.1819 -0.7787 -0.6005
vn -0.1812 -0.7684 -0.6138
vn -0.2083 -0.7671 -0.6067
vn 0.1047 -0.9462 -0.3062
vn 0.1355 -0.9355 -0.3262
vn 0.1317 -0.9345 -0.3308
vn 0.1421 -0.9272 -0.3466
vn 0.0908 0.7721 0.6290
vn 0.1217 0.7834 0.6094
vn 0.2023 -0.8809 -0.4279
vn 0.1673 -0.8817 -0.4412
vn 0.1419 -0.9236 -0.3561
vn 0.1542 -0.9168 -0.3683
vn 0.1699 -0.9114 -0.3749
vn 0.0755 -0.9567 -0.2811
vn 0.0755 -0.9567 -0.2812
vn 0.0601 -0.9620 -0.2665
vn 0.0602 -0.9620 -0.2665
vn 0.0076 -0.8433 -0.5374
vn 0.1332 -0.8648 -0.4841
vn -0.0819 -0.8312 -0.5500
vn -0.0753 -0.8254 -0.5595
vn -0.1232 -0.8133 -0.5687
vn 0.1585 0.8061 0.5701
vn 0.1998 -0.8899 -0.4101
vn 0.1758 0.8483 0.4995
vn 0.1408 0.8767 0.4599
vn -0.1998 0.9154 0.3494
vn -0.1311 0.9218 0.3649
vn -0.0522 0.9121 0.4065
vn -0.0856 0.9162 0.3914
vn -0.0790 0.9212 0.3810
vn -0.0364 0.9113 0.4101
vn -0.0312 0.9092 0.4152
vn -0.9514 0.0158 0.3075
vn -0.9435 0.0051 0.3313
vn -0.9514 0.0157 0.3076
vn -0.1469 -0.7964 -0.5867
vn 0.0087 0.9091 0.4164
vn 0.0020 0.9090 0.4167
vn 0.0021 0.9090 0.4167
vn -0.1852 -0.7989 -0.5723
vn -0.9587 0.0265 0.2833
vn 0.0699 -0.8421 -0.5348
vt 0.807669 0.761935
vt 0.821990 0.747626
vt 0.803049 0.738504
vt 0.818077 0.614241
vt 0.845150 0.638400
vt 0.847530 0.586080
vt 0.794320 0.780055
vt 0.783005 0.785289
vt 0.780536 0.686670
vt 0.813054 0.700342
vt 0.795768 0.648165
vt 0.921651 0.562157
vt 0.927510 0.595058
vt 0.961401 0.594976
vt 0.957279 0.561960
vt 0.897535 0.599740
vt 0.890981 0.728501
vt 0.868638 0.613221
vt 0.933714 0.727051
vt 0.773001 0.781830
vt 0.884700 0.569426
vt 0.770737 0.740657
vt 0.825597 0.667084
vt 0.964976 0.729258
vt 0.767886 0.770386
vt 0.842474 0.737771
vt 0.972724 0.594976
s 1
usemtl defaultMaterial_0.004
f 3108/1783/1985 3109/1784/1986 3110/1785/1987
f 3111/1786/1988 3112/1787/1989 3113/1788/1990
f 3110/1785/1987 3114/1789/1991 3108/1783/1985
f 3115/1790/1992 3116/1785/1993 3117/1789/1994
f 3118/1789/1995 3119/1785/1996 3120/1790/1997
f 3121/1791/1998 3122/1792/1999 3123/1793/2000
f 3124/1794/2001 3125/1795/2001 3126/1796/2002
f 3124/1794/2001 3126/1796/2002 3127/1797/2002
f 3128/1798/2003 3129/1799/2004 3130/1800/2005
f 3131/1801/2006 3129/1799/2004 3128/1798/2003
f 3131/1801/2006 3128/1798/2003 3132/1795/2006
f 3120/1790/1997 3119/1785/1996 3133/1802/2007
f 3134/1785/2008 3135/1783/2009 3136/1789/2010
f 3137/1803/2011 3138/1798/2011 3139/1800/2012
f 3137/1803/2011 3139/1800/2012 3140/1788/2013
f 3141/1787/2014 3140/1788/2013 3139/1800/2012
f 3142/1798/2015 3143/1803/2015 3113/1788/1990
f 3142/1798/2015 3113/1788/1990 3144/1800/2016
f 3145/1791/2017 3116/1785/1993 3146/1804/2018
f 3147/1786/2019 3148/1805/2020 3149/1793/2021
f 3150/1795/2022 3151/1794/2023 3152/1797/2024
f 3150/1795/2022 3152/1797/2024 3153/1796/2025
f 3122/1792/1999 3121/1791/1998 3119/1785/1996
f 3132/1795/2006 3154/1796/2026 3155/1806/2026
f 3132/1795/2006 3155/1806/2026 3131/1801/2006
f 3146/1804/2018 3116/1785/1993 3156/1807/2027
f 3143/1803/2015 3142/1798/2015 3125/1795/2001
f 3143/1803/2015 3125/1795/2001 3124/1794/2001
f 3157/1787/2028 3158/1808/2029 3159/1805/2030
f 3138/1798/2011 3137/1803/2011 3151/1794/2023
f 3138/1798/2011 3151/1794/2023 3150/1795/2022
f 3112/1787/1989 3111/1786/1988 3160/1805/2031
f 3161/1792/2032 3149/1793/2021 3148/1805/2020
f 3162/1804/2033 3163/1807/2034 3119/1785/1996
f 3163/1807/2034 3133/1802/2007 3119/1785/1996
f 3164/1792/2035 3109/1784/1986 3165/1805/2036
f 3166/1800/2037 3167/1787/2038 3168/1808/2039
f 3166/1800/2037 3168/1808/2039 3169/1799/2040
f 3170/1798/2041 3166/1800/2037 3169/1799/2040
f 3171/1796/2042 3172/1806/2043 3173/1809/2044
f 3135/1783/2009 3134/1785/2008 3174/1784/2045
f 3110/1785/1987 3109/1784/1986 3164/1792/2035
f 3174/1784/2045 3159/1805/2030 3158/1808/2029
f 3175/1796/2046 3176/1795/2047 3177/1801/2048
f 3175/1796/2046 3177/1801/2048 3178/1806/2046
f 3179/1792/2049 3159/1805/2030 3174/1784/2045
f 3168/1808/2039 3165/1805/2036 3109/1784/1986
f 3167/1787/2038 3165/1805/2036 3168/1808/2039
f 3180/1797/2050 3171/1796/2042 3173/1809/2044
f 3181/1802/2051 3116/1785/1993 3115/1790/1992
f 3156/1807/2027 3116/1785/1993 3181/1802/2051
f 3170/1798/2041 3169/1799/2040 3177/1801/2048
f 3170/1798/2041 3177/1801/2048 3176/1795/2047
f 3162/1804/2033 3119/1785/1996 3121/1791/1998
f 3160/1805/2031 3123/1793/2000 3122/1792/1999
f 3123/1793/2000 3160/1805/2031 3111/1786/1988
f 3144/1800/2016 3113/1788/1990 3112/1787/1989
f 3161/1792/2032 3116/1785/1993 3145/1791/2017
f 3141/1787/2014 3148/1805/2020 3147/1786/2019
f 3147/1786/2019 3140/1788/2013 3141/1787/2014
f 3129/1799/2004 3158/1808/2029 3157/1787/2028
f 3129/1799/2004 3157/1787/2028 3130/1800/2005
f 3134/1785/2008 3179/1792/2049 3174/1784/2045
f 3145/1791/2017 3149/1793/2021 3161/1792/2032
o defaultMaterial.027
v 0.540860 5.961672 -8.302564
v 0.761035 6.048651 -7.813860
v 1.228462 5.610595 -8.323530
v 4.510139 3.190414 5.748459
v 4.900130 2.854522 4.421166
v 5.104635 3.270099 4.396039
v 4.689097 3.592233 5.615766
v 2.772449 8.377439 6.983166
v 2.874127 8.524001 5.465954
v 2.790517 8.717464 5.533823
v 2.106626 5.764534 10.940261
v 1.632775 6.442464 9.571146
v 0.000000 2.323475 -6.398515
v 1.004789 2.317212 -6.045527
v 1.106400 5.862382 -9.295102
v 2.331069 7.993210 -4.357712
v 2.460958 7.840835 -4.338238
v 5.100213 6.009257 -0.256459
v 5.410833 5.437602 -1.041767
v 4.660980 6.000480 -1.745319
v 0.665848 3.732224 12.317958
v 1.505093 4.094113 12.299419
v 2.443653 7.167974 8.628784
v 2.204014 6.435079 8.647036
v 2.419555 6.307045 8.545391
v 2.979427 7.651335 8.512532
v 4.208978 6.550084 0.389659
v 4.057459 6.534717 -1.216831
v 3.481443 6.561944 -2.518240
v 3.934578 6.559795 -0.160608
v -0.000000 1.501101 0.767119
v 2.105800 1.715955 -1.132231
v 1.741537 3.149857 10.450046
v 1.097865 3.147541 11.155164
v 5.127307 2.506033 -0.107130
v 0.000000 6.912998 8.899683
v 0.939800 6.854518 8.860613
v 1.547840 4.422401 -8.290505
v 1.195765 4.900732 -9.473026
v 5.252778 2.674645 2.925081
v 5.500258 3.120512 2.941681
v 3.378279 6.600177 -2.788790
v 3.739191 6.566610 -2.542267
v 3.591336 6.608768 -2.877845
v 1.616240 3.120426 -7.098907
v 0.913508 3.478132 -8.596977
v 2.628750 7.577861 -4.376932
v 3.215282 6.190414 -3.758280
v 2.588370 7.290420 -4.633713
v 5.959849 4.128852 -0.465266
v 5.943367 3.608090 0.171451
v 5.725062 3.168168 0.005385
v 5.735209 3.906554 -0.972665
v 2.475107 6.301471 8.524109
v 3.122257 5.615459 8.015866
v 2.884934 6.825659 7.598522
v 4.733659 6.362455 1.129220
v 1.571589 8.540613 -5.122603
v 0.962105 8.729767 -5.384739
v 0.768785 9.136424 -4.984889
v 1.027705 7.082075 -6.847667
v 1.498206 7.280160 -6.079386
v 1.280530 7.012981 -6.656814
v 1.120324 7.006349 -6.567740
v 1.011262 7.004032 -6.830915
v 1.397026 6.739722 -6.572012
v 1.956792 6.633402 8.684650
v 3.673512 4.722011 7.232118
v 5.615021 4.741619 -1.255440
v 0.915359 5.698923 12.383010
v 1.178661 6.287672 11.170692
v -0.000000 5.771219 12.538810
v 5.546322 2.804779 1.307313
v 5.252778 2.674645 2.925081
v 2.204014 6.435079 8.647036
v 2.796232 8.463469 8.563063
v 2.772449 8.377439 6.983166
v 1.951713 8.954534 6.920333
v 2.206441 8.937344 8.678853
v 4.172043 2.231385 3.652929
v 2.550941 7.723986 8.633661
v 1.572890 7.322752 -4.346945
v 2.021562 7.581793 -4.631752
v 1.762521 7.133121 -4.346945
v 2.927779 7.477220 5.220046
v 3.300957 7.193373 5.133011
v 3.696301 6.789295 4.641274
v 3.515144 6.803720 4.483542
v 2.930415 7.169786 5.088934
v 2.706462 4.256891 5.654580
v 2.852334 7.797933 5.234438
v 0.000000 1.748156 -3.668467
v 0.337076 6.806030 -12.032027
v 2.539644 7.581793 -4.346945
v 2.470234 7.322752 -4.346945
v 3.245453 6.785390 6.076298
v 3.232449 6.781145 -2.993181
v 3.414078 6.792726 -3.119610
v 2.909431 7.694144 -3.364087
v 2.768596 7.662204 -3.212172
v 2.810933 5.041916 10.266839
v 2.357160 4.986679 11.286995
v 1.989947 4.939278 -7.019957
v 2.093912 4.122231 -7.045931
v 5.725062 3.168168 0.005385
v 1.056596 8.889750 8.854244
v 2.004283 8.609549 8.767191
v 2.169755 8.879741 8.753249
v 1.117542 9.187964 8.842294
v 2.619275 4.295570 10.703729
v 2.362136 8.138810 -4.377023
v 2.548880 7.880757 -4.296599
v 2.169276 3.680857 11.071222
v 1.123066 5.837358 -9.303300
v 0.862186 6.258873 -11.102119
v 3.454341 4.040753 7.647604
v 3.587590 4.256891 4.483542
v 3.515144 6.803720 4.483542
v 3.886038 6.618612 2.845261
v 3.974165 4.256954 2.490350
v 0.909072 5.166224 -11.356256
v 0.519978 4.914643 -11.582026
v 0.284422 6.020025 -12.924184
v 1.144559 9.251371 8.768541
v 0.000000 9.347572 8.806591
v 0.000000 9.284492 8.881918
v 1.503480 7.581793 -4.346945
v 2.110069 5.994402 -5.798466
v 3.857173 5.634183 -4.172937
v 2.684421 8.537527 5.269986
v 2.366188 7.742663 7.129679
v 0.000001 6.393944 11.357808
v 0.942280 6.837883 8.860015
v 0.995092 8.039770 8.934153
v -0.636590 8.113599 8.981255
v 0.000000 6.901210 8.899467
v 2.706462 4.256891 5.654580
v 2.804530 4.256891 5.239595
v -2.706462 4.256891 5.654580
v 4.914722 2.837919 4.411898
v 4.527140 3.170646 5.719789
v 1.750030 7.038253 -5.951780
v 1.629508 7.222854 -4.347151
v 2.144666 7.064961 -4.347393
v 2.302983 7.084569 -5.080701
v 0.000000 8.053245 7.182477
v 1.243240 7.998059 7.169474
v 0.000000 4.256891 5.654580
v 2.218282 8.719275 5.925981
v 2.611251 2.469135 7.038100
v 3.254009 3.077906 7.232382
v 0.000000 2.924881 10.872247
v 4.264421 4.086792 6.424952
v 3.991068 3.879019 6.845256
v 0.287505 6.501580 -13.300256
v 0.445719 6.853292 -12.452137
v 1.030104 8.830897 8.734616
v 1.954014 8.558452 8.647563
v 3.886593 6.630542 2.849693
v 3.991763 6.571888 1.132365
v 2.022898 8.218975 -4.702591
v 1.603559 1.676500 3.053524
v 0.947898 7.925562 -6.293738
v 0.728272 7.676084 -6.585453
v 2.807365 8.472637 8.576406
v 3.712108 6.549318 -2.527297
v 2.519294 7.415700 -4.346918
v 2.513204 7.576907 -4.405218
v 1.733933 7.028133 -5.943079
v 2.382360 7.159458 8.509156
v 1.947894 6.623821 8.685405
v 2.148733 6.448442 8.521945
v 0.881681 4.952845 12.840555
v -0.000000 4.973127 13.062470
v 2.998307 7.608253 7.190807
v 0.186856 7.432665 -13.371791
v 1.839938 5.617732 -6.765646
v 2.021562 7.063711 -4.346945
v 2.804530 4.256891 5.239595
v 3.706244 5.429141 6.851527
v 1.507445 2.020920 6.691238
v -0.505487 6.650808 9.584768
v 2.884934 6.825659 7.598522
v -0.000000 6.051123 -8.287665
v 0.547655 6.248282 -7.895352
v 1.954014 8.558452 8.647563
v 2.384804 8.219722 8.583181
v 2.374227 8.218126 8.554145
v 2.496736 7.632883 8.508856
v 2.435310 8.261975 8.673773
v 3.319729 3.480149 -5.264243
v 4.157094 6.409809 4.437250
v 4.458634 6.148962 4.324892
v 4.732015 6.245450 2.831014
v 4.417998 6.521565 2.804617
v 1.407107 9.109893 6.326382
v 1.406779 9.072806 6.903562
v 2.242593 8.800864 6.943020
v 2.418876 8.964081 6.109349
v 0.485557 7.526322 -6.897694
v 0.000000 7.335902 -7.251068
v 0.799506 3.949123 -9.680957
v 0.000000 3.823740 -9.722161
v 0.536644 6.792107 -7.455327
v 0.469805 6.509749 -7.732797
v 3.295998 2.200814 -2.871434
v 2.941367 2.702354 -4.830263
v 4.640453 2.723855 -2.274906
v 4.000573 6.559712 0.397558
v 3.927849 4.257030 -0.116107
v 3.484692 6.564445 -2.511396
v 3.522156 4.256891 -2.490586
v 4.726406 6.393672 1.188856
v 5.094655 6.138705 1.342979
v 1.901804 8.191956 -4.837379
v 1.948015 8.115675 -4.346277
v 1.572890 7.840835 -4.346945
v 3.190683 1.903997 3.098430
v 0.000000 9.660180 -3.773817
v 2.357435 8.252312 -3.378243
v 1.779722 8.842420 -3.544315
v 0.000000 8.971480 8.895600
v 2.460958 7.840835 -4.338238
v 2.280603 8.030466 -4.346945
v 4.040929 4.636906 -4.580724
v 4.167915 3.972065 -4.369222
v 1.897313 8.913435 -3.681086
v 1.039695 9.542614 -3.857378
v 0.985585 9.401443 -3.701609
v 1.779722 8.842420 -3.544315
v 5.100213 6.009257 -0.256459
v 5.418436 5.844400 0.090487
v 5.682465 5.338894 -0.507768
v 5.410833 5.437602 -1.041767
v 1.682619 5.160424 12.125423
v 2.280603 7.133121 -4.346945
v 2.148733 6.448442 8.521945
v 1.762521 8.030466 -4.346945
v 2.021562 8.099875 -4.346945
v 1.054522 5.974227 -7.519055
v 1.324314 6.038247 -7.121491
v 4.157094 6.409809 4.437250
v 3.587590 4.256891 4.483542
v 3.108104 7.188662 4.991293
v 0.000000 1.859381 6.581941
v 5.853524 4.736404 -0.693062
v 5.615021 4.741619 -1.255440
v 3.937576 4.256891 2.852262
v 3.991763 4.256891 1.163061
v 0.000000 4.381640 12.930527
v 5.546322 2.804779 1.307313
v 5.785441 3.254069 1.447330
v -0.186737 7.494605 -13.352456
v 0.189263 7.492971 -13.352807
v 0.297510 7.393836 -13.368344
v -0.302251 7.394941 -13.374692
v 3.991068 3.879019 6.845256
v 1.510521 6.789361 -6.544162
v 1.444857 6.238439 -6.749748
v 1.374004 6.136481 -6.567806
v 1.516466 6.499215 -6.567769
v 1.514504 7.743462 -4.347181
v 1.722530 8.071906 -5.152788
v 1.504987 7.284204 -6.081722
v 1.011623 9.580838 -3.869062
v 2.043092 6.952179 -5.586748
v 1.592355 6.491199 -6.546378
v 1.522177 6.231593 -6.743422
v 4.417998 6.521565 2.804617
v 0.000000 9.812256 -3.932406
v 0.000000 9.660322 -3.773319
v 1.422235 7.597670 -5.975274
v 3.686513 4.256891 -1.399881
v 0.000000 4.256891 -2.490586
v 3.934578 4.256891 -0.160608
v 1.712041 8.136921 -5.178139
v 0.985585 9.401443 -3.701609
v 0.000000 6.085325 -9.280888
v 0.902674 5.992103 -6.567768
v 1.053427 5.978347 -7.522091
v 1.195765 4.900732 -9.473026
v -0.000000 9.106692 6.460857
v 1.522177 6.231593 -6.743422
v 1.592355 6.491199 -6.546378
v 4.353792 5.241197 -0.667663
v 5.301878 5.185595 -1.073828
v 5.402322 5.809353 0.134812
v 0.756077 7.010436 -7.105921
v 0.872329 3.978528 -9.676170
v 4.128415 4.841902 4.221924
v 3.909542 4.848868 6.362440
v 2.460958 7.840835 -4.338238
v 5.735209 3.906554 -0.972665
v -0.000000 3.819558 -9.724096
v -1.305264 9.080942 6.900606
v 3.522156 4.256891 -2.490586
v 2.281335 8.612834 -3.601181
v 3.232449 6.781145 -2.993181
v 2.768615 7.660420 -3.218885
v -3.232158 6.787230 -2.970891
v 2.685201 8.660613 5.351758
v 2.335438 8.911483 5.945578
v 1.413934 7.595521 -5.972131
v 1.495106 7.911768 -5.635936
v 3.025366 7.753283 5.390597
v 2.998307 7.608253 7.190807
v 0.761774 6.052741 -7.815217
v 3.706244 5.429141 6.851527
v 3.712840 4.715606 7.254646
v 4.036699 4.662435 6.710232
v 4.037602 5.257713 6.383706
v 0.299010 9.493480 -4.620444
v 0.000000 9.546859 -4.555378
v 5.661199 5.318272 -0.448647
v 1.495106 7.911768 -5.635936
v 1.712041 8.136921 -5.178139
v 2.628750 7.577861 -4.376932
v 2.588370 7.290420 -4.633713
v 2.022898 8.218975 -4.702591
v 2.340096 8.118320 -4.364164
v 2.347296 7.038407 -5.085691
v 0.000000 8.911372 8.775972
v 3.898403 6.093122 5.831976
v 2.043092 6.952179 -5.586748
v 3.378279 6.600177 -2.788790
v 2.536627 7.874987 -4.291557
v 2.536627 7.874987 -4.291557
v 3.898403 6.093122 5.831976
v 4.209802 5.761611 5.544737
v -3.522145 4.256891 -2.490586
v 3.522156 4.256891 -2.490586
v 1.030104 8.830897 8.734616
v 0.555737 9.344917 -4.765206
v 4.462014 6.105325 4.293332
v 0.000000 7.334444 -7.250024
v 0.000000 7.554465 -6.680402
v 0.727897 7.679768 -6.592884
v 0.626693 6.847003 -6.567766
v 0.517883 6.339898 -6.567768
v 0.480987 6.510345 -7.740072
v 0.749319 6.931231 -7.086856
v 0.553903 6.254027 -7.896971
v 0.184950 7.494746 -13.353005
v 1.516466 6.499215 -6.567769
v 1.448807 6.751720 -6.567769
v 1.510521 6.789361 -6.544162
v 1.592355 6.491199 -6.546378
v -2.022898 8.218975 -4.702591
v -2.362136 8.138810 -4.377022
v 0.756077 7.010436 -7.105921
v 1.027705 7.082075 -6.847667
v 1.280530 7.012981 -6.656814
v 1.324314 6.038247 -7.121491
v 0.536644 6.792107 -7.455327
v 2.357435 8.252312 -3.378243
v 1.343571 8.870935 6.297199
v 0.000000 8.890488 6.417192
v 0.000000 9.091741 6.464902
v 1.414516 9.071156 6.336408
v 3.232449 6.781145 -2.993181
v 2.335438 8.911483 5.945578
v 2.660510 8.723349 5.380733
v 0.464090 7.503752 -6.888562
v 2.148733 6.448442 8.521945
v 0.000000 6.085325 -9.280888
v -0.540860 5.961672 -8.302564
v 0.926665 7.914483 -6.259871
v 0.813875 8.016232 -6.164583
v 0.970534 8.411255 -5.746062
v 0.475565 7.695902 -6.488100
v 4.070915 4.214497 6.369844
v 4.685271 3.593063 5.614210
v 2.347296 7.038407 -5.085691
v 4.384181 3.958734 3.992020
v 4.842144 3.798287 -0.270215
v 5.544085 4.240724 -0.970423
v 5.920298 3.636961 0.214325
v 2.486957 7.698626 8.514034
v 0.000000 8.911372 8.775972
v 5.096541 3.267701 4.393153
v 4.646009 3.665683 2.200420
v 4.728598 6.199013 2.826226
v 4.470069 6.098468 4.302243
v 4.825560 4.371046 -1.127017
v 4.371508 4.055848 -0.611841
v 5.935153 4.142817 -0.406906
v 5.084848 6.095281 1.364859
v 4.236704 5.319054 2.597961
v 5.488332 3.163397 2.934910
v 5.766891 3.293094 1.467339
v 4.793443 4.950369 -1.167683
v 5.829247 4.737687 -0.629019
v 4.198056 5.762761 5.541354
v 4.028268 4.660891 6.708859
v 4.717481 4.673442 -1.206098
v 4.133139 4.615418 -0.802548
v 4.149644 4.612508 -0.800522
v 4.254103 4.082808 6.422152
v 4.031135 5.257999 6.381850
v 5.488332 3.163397 2.934910
v 5.766891 3.293094 1.467339
v 5.920298 3.636961 0.214325
v 5.935153 4.142817 -0.406906
v 5.829247 4.737687 -0.629019
v 5.661199 5.318272 -0.448647
v 1.357743 6.699143 -6.724286
v 1.011455 6.499215 -5.937111
v 1.110279 6.868033 -6.738815
v 0.743626 6.779275 -6.735726
v 0.607619 6.499215 -6.731200
v 0.743626 6.219154 -6.735726
v 1.110279 6.130396 -6.738815
v 1.380273 6.400391 -6.738815
v 5.402322 5.809353 0.134812
v 5.084848 6.095281 1.364859
v 4.728598 6.199013 2.826226
v 1.448807 6.751720 -6.567769
v 1.516466 6.499215 -6.567769
v 1.448807 6.246708 -6.567769
v 1.263960 6.061862 -6.567769
v 1.011455 5.994204 -6.567769
v 0.758950 6.061862 -6.567769
v 0.574103 6.246708 -6.567769
v 0.506444 6.499215 -6.567769
v 0.574103 6.751720 -6.567769
v 0.758950 6.936566 -6.567769
v 1.011455 7.004226 -6.567769
v 1.263960 6.936566 -6.567769
v 0.840763 9.427298 -6.762516
v 0.612456 9.772893 -7.006300
v 1.072362 9.075690 -7.036973
v 0.847943 8.300045 -6.812109
v 0.904092 8.257807 -7.072955
v 0.384601 9.785802 -6.744237
v 0.384601 7.930579 -6.825858
v 0.211292 7.808513 -7.095180
v -0.196500 9.845321 -6.746412
v 0.000000 9.949228 -6.995845
v -0.199431 7.856619 -6.829759
v 0.496672 10.048992 -6.570657
v 1.098910 9.583915 -6.592906
v -0.069000 9.558969 -4.549007
v 0.307152 9.500880 -4.618254
v 1.099318 8.118275 -6.656263
v 0.486579 7.663173 -6.482864
v -0.256081 10.142492 -6.590727
v 0.000000 7.554465 -6.680402
v 0.625903 9.313005 -4.804572
v 1.004291 8.475272 -5.665371
v 1.005010 8.858191 -6.785048
v 1.297867 8.851077 -6.623359
v 0.813875 8.016232 -6.164583
v -1.228462 5.610595 -8.323530
v -0.761035 6.048651 -7.813860
v -4.510139 3.190414 5.748459
v -4.689096 3.592233 5.615766
v -5.104635 3.270099 4.396039
v -4.900130 2.854522 4.421166
v -2.790517 8.717464 5.533823
v -2.874127 8.524001 5.465954
v -2.772449 8.377439 6.983166
v -2.106626 5.764534 10.940261
v -2.193835 6.424163 8.643869
v -1.004789 2.317212 -6.045527
v -1.106400 5.862382 -9.295102
v -2.460958 7.840835 -4.338238
v -2.331069 7.993210 -4.357712
v -4.660979 6.000480 -1.745319
v -5.410833 5.437602 -1.041767
v -5.100213 6.009257 -0.256459
v -1.236700 3.923973 12.342814
v -2.443653 7.167974 8.628784
v -2.979427 7.651334 8.512532
v -2.419555 6.307045 8.545391
v -2.204014 6.435079 8.647036
v -4.086833 6.534039 -1.099383
v -3.934578 6.559795 -0.160608
v -3.481443 6.561944 -2.518240
v -2.105800 1.715956 -1.132232
v -1.741538 3.149856 10.450043
v -1.097864 3.147541 11.155165
v -5.127307 2.506033 -0.107129
v -0.939800 6.854518 8.860613
v -1.547840 4.422401 -8.290505
v -1.195765 4.900732 -9.473026
v -5.500258 3.120512 2.941681
v -5.252778 2.674645 2.925081
v -1.716308 4.374848 12.168589
v -3.378279 6.600177 -2.788790
v -3.591336 6.608768 -2.877845
v -3.739191 6.566610 -2.542267
v -1.616239 3.120426 -7.098907
v -0.913508 3.478132 -8.596976
v -2.588370 7.290420 -4.633713
v -3.215282 6.190414 -3.758280
v -2.628750 7.577861 -4.376932
v -5.959849 4.128852 -0.465266
v -5.735209 3.906554 -0.972665
v -5.725062 3.168168 0.005385
v -5.943367 3.608090 0.171451
v -2.475107 6.301471 8.524109
v -3.122257 5.615459 8.015866
v -2.884934 6.825659 7.598522
v -4.733659 6.362455 1.129220
v -0.768785 9.136424 -4.984889
v -0.962105 8.729767 -5.384739
v -1.571589 8.540613 -5.122603
v -1.280530 7.012981 -6.656814
v -1.498206 7.280160 -6.079386
v -1.027705 7.082075 -6.847667
v -1.120324 7.006349 -6.567740
v -1.397026 6.739722 -6.572012
v -1.011262 7.004032 -6.830915
v -1.956792 6.633402 8.684650
v -3.673512 4.722011 7.232118
v -5.615021 4.741619 -1.255440
v -0.915359 5.698922 12.383011
v -1.178661 6.287672 11.170692
v -5.252778 2.674645 2.925081
v -5.546322 2.804779 1.307313
v -2.796232 8.463469 8.563063
v -2.206441 8.937344 8.678853
v -2.776577 8.418750 6.980587
v -4.172043 2.231385 3.652930
v -2.550941 7.723986 8.633661
v -1.762521 7.133121 -4.346945
v -2.021562 7.581793 -4.631752
v -1.572890 7.322752 -4.346945
v -2.927779 7.477220 5.220046
v -3.515144 6.803720 4.483542
v -3.696301 6.789295 4.641274
v -3.300957 7.193373 5.133011
v -2.852334 7.797933 5.234438
v -2.706462 4.256891 5.654580
v -2.930415 7.169786 5.088934
v -0.386048 6.787644 -12.073039
v -2.470234 7.322752 -4.346945
v -2.539644 7.581793 -4.346945
v -3.245453 6.785390 6.076298
v -3.232449 6.781145 -2.993181
v -2.768596 7.662204 -3.212172
v -2.909431 7.694144 -3.364087
v -3.414078 6.792726 -3.119610
v -2.810933 5.041917 10.266839
v -2.357160 4.986679 11.286996
v -2.093913 4.122231 -7.045930
v -1.989947 4.939278 -7.019957
v -5.725062 3.168168 0.005385
v -1.056596 8.889750 8.854244
v -1.117542 9.187964 8.842294
v -2.169755 8.879741 8.753249
v -2.004283 8.609549 8.767191
v -2.619275 4.295571 10.703728
v -2.548880 7.880757 -4.296599
v -2.169276 3.680857 11.071221
v -0.862186 6.258873 -11.102119
v -1.123066 5.837358 -9.303300
v -3.454341 4.040753 7.647605
v -3.587590 4.256891 4.483542
v -3.974165 4.256954 2.490350
v -3.886038 6.618612 2.845261
v -3.515144 6.803720 4.483542
v -0.281176 6.388947 -13.257257
v -0.838223 5.098954 -11.536662
v -1.144559 9.251371 8.768541
v -1.503480 7.581793 -4.346945
v -3.857173 5.634184 -4.172936
v -2.110069 5.994402 -5.798466
v -2.366188 7.742663 7.129679
v -2.684421 8.537527 5.269986
v -0.942280 6.837883 8.860015
v -2.804530 4.256891 5.239595
v -4.527140 3.170646 5.719788
v -4.914722 2.837919 4.411898
v -1.750030 7.038253 -5.951780
v -2.302983 7.084569 -5.080701
v -2.144666 7.064961 -4.347393
v -1.629508 7.222855 -4.347151
v -1.243240 7.998059 7.169474
v -2.218282 8.719275 5.925981
v -2.611251 2.469135 7.038099
v -3.254008 3.077906 7.232383
v -3.991068 3.879019 6.845256
v -4.264421 4.086792 6.424952
v -0.447038 6.857364 -12.460200
v -1.030104 8.830897 8.734616
v -1.954014 8.558452 8.647563
v -4.423820 6.528387 2.776858
v -3.886038 6.618612 2.845261
v -3.991763 6.571888 1.132365
v -1.603559 1.676500 3.053524
v -0.947898 7.925562 -6.293738
v -0.728272 7.676084 -6.585453
v -2.807365 8.472637 8.576406
v -3.712108 6.549318 -2.527297
v -2.513204 7.576907 -4.405218
v -2.519294 7.415700 -4.346918
v -1.733933 7.028133 -5.943079
v -2.148733 6.448442 8.521945
v -1.947894 6.623821 8.685405
v -2.382360 7.159458 8.509156
v -0.881681 4.952845 12.840555
v -2.998307 7.608253 7.190807
v -0.173253 7.438140 -13.374701
v -1.839938 5.617732 -6.765646
v -2.021562 7.063711 -4.346945
v -2.804530 4.256891 5.239595
v -3.706244 5.429141 6.851527
v -1.507446 2.020920 6.691237
v -2.884934 6.825659 7.598522
v -0.547655 6.248282 -7.895352
v -2.384804 8.219722 8.583181
v -1.954014 8.558452 8.647563
v -2.374227 8.218126 8.554145
v -2.435310 8.261975 8.673773
v -2.496736 7.632883 8.508856
v -3.319728 3.480149 -5.264243
v -4.157094 6.409809 4.437250
v -4.417998 6.521565 2.804617
v -4.732015 6.245450 2.831014
v -4.458634 6.148962 4.324892
v -1.407107 9.109893 6.326382
v -2.418876 8.964081 6.109349
v -2.242593 8.800864 6.943020
v -1.414516 9.052268 6.899570
v -0.485557 7.526322 -6.897694
v -0.799506 3.949123 -9.680957
v -0.469805 6.509749 -7.732797
v -0.536644 6.792107 -7.455327
v -3.295998 2.200814 -2.871434
v -4.640453 2.723855 -2.274906
v -2.941367 2.702354 -4.830263
v -4.000573 6.559712 0.397558
v -3.927849 4.257030 -0.116107
v -3.522156 4.256891 -2.490586
v -3.484692 6.564445 -2.511396
v -4.726406 6.393672 1.188856
v -5.094655 6.138705 1.342979
v -1.901804 8.191956 -4.837379
v -1.948015 8.115675 -4.346277
v -1.572890 7.840835 -4.346945
v -3.190683 1.903997 3.098430
v -1.779722 8.842420 -3.544315
v -2.357435 8.252312 -3.378243
v -2.280603 8.030466 -4.346945
v -2.460958 7.840835 -4.338238
v -4.167915 3.972065 -4.369222
v -4.040929 4.636906 -4.580724
v -1.897313 8.913435 -3.681086
v -1.779722 8.842420 -3.544315
v -0.985585 9.401443 -3.701609
v -1.039695 9.542614 -3.857378
v -5.100213 6.009257 -0.256459
v -5.410833 5.437602 -1.041767
v -5.682465 5.338894 -0.507768
v -5.418436 5.844400 0.090487
v -1.682619 5.160424 12.125423
v -2.280603 7.133121 -4.346945
v -2.148733 6.448442 8.521945
v -2.021562 8.099875 -4.346945
v -1.762521 8.030466 -4.346945
v -1.324314 6.038247 -7.121491
v -1.054522 5.974227 -7.519055
v -4.157094 6.409809 4.437250
v -3.587590 4.256891 4.483542
v -3.108104 7.188662 4.991293
v -5.615021 4.741619 -1.255440
v -5.853524 4.736404 -0.693062
v -3.991763 4.256891 1.163061
v -3.937576 4.256891 2.852262
v -5.546322 2.804779 1.307313
v -5.785441 3.254069 1.447330
v -3.991068 3.879019 6.845256
v -1.510521 6.789361 -6.544162
v -1.516466 6.499215 -6.567769
v -1.374004 6.136481 -6.567806
v -1.444857 6.238439 -6.749748
v -1.722531 8.071906 -5.152788
v -1.514504 7.743462 -4.347181
v -1.504987 7.284204 -6.081722
v -1.011623 9.580838 -3.869062
v -2.043092 6.952179 -5.586748
v -1.522177 6.231593 -6.743422
v -1.592355 6.491199 -6.546378
v -1.422235 7.597670 -5.975274
v -3.934578 4.256891 -0.160608
v -3.686513 4.256891 -1.399881
v -1.712041 8.136921 -5.178139
v -0.985585 9.401443 -3.701609
v -0.902675 5.992103 -6.567768
v -1.053427 5.978347 -7.522091
v -1.195765 4.900732 -9.473026
v -1.592355 6.491199 -6.546378
v -1.522177 6.231593 -6.743422
v -5.402322 5.809353 0.134812
v -5.301878 5.185596 -1.073828
v -4.353792 5.241197 -0.667663
v -0.756077 7.010436 -7.105921
v -0.872329 3.978527 -9.676170
v -4.128415 4.841903 4.221924
v -3.909542 4.848868 6.362440
v -2.460958 7.840835 -4.338238
v -5.735209 3.906554 -0.972665
v -3.522156 4.256891 -2.490586
v -2.281335 8.612834 -3.601181
v -2.768596 7.662204 -3.212172
v -2.335438 8.911483 5.945578
v -2.685201 8.660613 5.351758
v -1.413934 7.595521 -5.972131
v -1.495106 7.911768 -5.635936
v -2.998307 7.608253 7.190807
v -3.025366 7.753283 5.390597
v -0.761774 6.052741 -7.815217
v -3.706244 5.429141 6.851527
v -4.037602 5.257713 6.383706
v -4.036699 4.662435 6.710232
v -3.712840 4.715606 7.254646
v -0.299010 9.493480 -4.620444
v -5.661199 5.318272 -0.448647
v -1.712041 8.136921 -5.178139
v -1.495106 7.911768 -5.635936
v -2.628750 7.577861 -4.376932
v -2.588370 7.290420 -4.633713
v -2.022898 8.218975 -4.702591
v -2.340096 8.118320 -4.364164
v -2.347296 7.038407 -5.085691
v -3.898403 6.093122 5.831976
v -2.043092 6.952179 -5.586748
v -3.378279 6.600177 -2.788790
v -2.536627 7.874987 -4.291557
v -2.536627 7.874987 -4.291557
v -4.209803 5.761611 5.544737
v -3.898403 6.093122 5.831976
v -1.030104 8.830897 8.734616
v -0.555737 9.344917 -4.765206
v -4.462014 6.105325 4.293332
v -0.727897 7.679768 -6.592884
v -0.626693 6.847003 -6.567766
v -0.749319 6.931231 -7.086856
v -0.480987 6.510345 -7.740072
v -0.517883 6.339898 -6.567768
v -0.553903 6.254027 -7.896970
v -1.516466 6.499215 -6.567769
v -1.592355 6.491199 -6.546378
v -1.510521 6.789361 -6.544162
v -1.448807 6.751720 -6.567769
v -1.027705 7.082075 -6.847667
v -0.756077 7.010436 -7.105921
v -1.280530 7.012981 -6.656814
v -1.324314 6.038247 -7.121491
v -0.536644 6.792107 -7.455327
v -2.357435 8.252312 -3.378243
v -1.343571 8.870935 6.297199
v -1.414516 9.071156 6.336408
v -3.232449 6.781145 -2.993181
v -2.335438 8.911483 5.945578
v -2.660510 8.723349 5.380733
v -0.464090 7.503752 -6.888562
v -2.148733 6.448442 8.521945
v -0.926664 7.914483 -6.259871
v -0.970534 8.411255 -5.746062
v -0.813875 8.016232 -6.164583
v -0.475565 7.695902 -6.488100
v -4.685271 3.593063 5.614210
v -4.070915 4.214497 6.369843
v -2.347296 7.038407 -5.085691
v -4.384181 3.958733 3.992023
v -5.544085 4.240725 -0.970423
v -4.842144 3.798287 -0.270215
v -5.920298 3.636961 0.214325
v -2.486957 7.698626 8.514034
v -4.646009 3.665683 2.200422
v -5.096541 3.267701 4.393153
v -4.470069 6.098468 4.302243
v -4.728598 6.199013 2.826226
v -4.371508 4.055848 -0.611841
v -4.825560 4.371046 -1.127017
v -5.935153 4.142817 -0.406906
v -5.084848 6.095281 1.364859
v -4.236704 5.319055 2.597967
v -5.488332 3.163397 2.934910
v -5.766891 3.293094 1.467339
v -5.829247 4.737687 -0.629019
v -4.793443 4.950369 -1.167683
v -4.198056 5.762761 5.541354
v -4.028268 4.660891 6.708859
v -4.717481 4.673442 -1.206098
v -4.133139 4.615418 -0.802548
v -4.149644 4.612508 -0.800522
v -4.254103 4.082808 6.422152
v -4.031135 5.257999 6.381850
v -5.488332 3.163397 2.934910
v -5.766891 3.293094 1.467339
v -5.920298 3.636961 0.214325
v -5.935153 4.142817 -0.406906
v -5.829247 4.737687 -0.629019
v -5.661199 5.318272 -0.448647
v -1.110279 6.868033 -6.738815
v -1.011455 6.499215 -5.937111
v -1.357743 6.699143 -6.724286
v -0.743627 6.779275 -6.735726
v -0.607619 6.499215 -6.731200
v -0.743626 6.219154 -6.735726
v -1.110279 6.130396 -6.738815
v -1.380273 6.400391 -6.738815
v -5.402322 5.809353 0.134812
v -5.084848 6.095281 1.364859
v -4.728598 6.199013 2.826226
v -1.448807 6.751720 -6.567769
v -1.516466 6.499215 -6.567769
v -1.448807 6.246708 -6.567769
v -1.263960 6.061862 -6.567769
v -1.011455 5.994204 -6.567769
v -0.758950 6.061862 -6.567769
v -0.574103 6.246708 -6.567769
v -0.506444 6.499215 -6.567769
v -0.574103 6.751720 -6.567769
v -0.758950 6.936566 -6.567769
v -1.011455 7.004226 -6.567769
v -1.263960 6.936566 -6.567769
v -0.840763 9.427298 -6.762516
v -1.072362 9.075690 -7.036973
v -0.612456 9.772893 -7.006300
v -0.847943 8.300045 -6.812109
v -0.904092 8.257807 -7.072955
v -0.413573 7.872066 -7.087229
v -1.098910 9.583915 -6.592906
v -0.486578 7.663173 -6.482864
v -1.099318 8.118275 -6.656263
v -1.004291 8.475272 -5.665371
v -0.625903 9.313005 -4.804572
v -1.005010 8.858191 -6.785048
v -1.297867 8.851077 -6.623359
v -0.813875 8.016232 -6.164583
v -1.080718 8.869555 -7.043346
v -0.413573 9.867043 -6.999462
v -0.998453 8.456381 -7.061523
v -0.764183 8.106110 -7.076933
v -0.648456 6.385955 -6.708258
v -0.748711 6.769605 -6.703523
v -1.011455 6.899074 -6.724286
v -1.211384 6.845502 -6.724286
v -4.133139 4.615418 -0.802548
v -4.717481 4.673442 -1.206098
v -4.717481 4.673442 -1.206098
v -4.793443 4.950369 -1.167683
v -5.935153 4.142817 -0.406906
v -5.539542 4.247988 -0.967367
v -5.539542 4.247988 -0.967367
v -0.811525 6.152926 -6.724286
v -3.025366 7.753283 5.390597
v -2.486648 8.303790 -3.522587
v -5.829247 4.737687 -0.629019
v -5.829247 4.737687 -0.629019
v -1.516466 6.499215 -6.567769
v -5.785441 3.254069 1.447330
v -1.357743 6.299285 -6.724286
v -5.853524 4.736404 -0.693062
v -5.418436 5.844400 0.090487
v 0.000000 9.812256 -3.932406
v 2.486648 8.303790 -3.522587
v 5.785441 3.254069 1.447330
v 1.056596 8.889750 8.854244
v 0.000000 8.971480 8.895600
v -1.357743 6.699143 -6.724286
v -4.825560 4.371046 -1.127017
v 4.732015 6.245450 2.831014
v 5.959849 4.128852 -0.465266
v 3.025366 7.753283 5.390597
v -1.011455 6.099355 -6.724286
v -0.764183 9.632998 -7.009759
v -2.009419 8.145395 -4.712562
v 1.080718 8.869555 -7.043346
v 4.717481 4.673442 -1.206098
v 4.717481 4.673442 -1.206098
v -1.056596 8.889750 8.854244
v 0.580043 6.604733 -11.896449
v 3.414078 6.792726 -3.119610
v 2.804530 4.256891 5.239595
v 0.764183 8.106110 -7.076933
v 2.102508 7.808035 7.129011
v 2.539666 7.576342 -4.406144
v 1.117542 9.187964 8.842294
v 5.682465 5.338894 -0.507768
v 5.935153 4.142817 -0.406906
v 2.204014 6.435079 8.647036
v 5.943367 3.608090 0.171451
v 3.591336 6.608768 -2.877845
v -2.558349 7.673383 8.630203
v 2.295303 8.049875 -4.392576
v 2.452090 7.643282 7.092875
v 2.218282 8.719275 5.925981
v -2.460958 7.840835 -4.338238
v -2.460958 7.840835 -4.338238
v 2.435310 8.261975 8.673773
v 2.798743 8.717145 5.523812
v 2.460958 7.840835 -4.338238
v 2.460958 7.840835 -4.338238
v 2.004283 8.609549 8.767191
v 0.000000 8.053245 7.182477
v -1.117542 9.187964 8.842294
v 2.009419 8.145395 -4.712562
v 0.764183 9.632998 -7.009759
v 0.748711 6.769605 -6.703522
v 1.211384 6.845502 -6.724286
v 1.011262 7.004032 -6.830915
v 2.558349 7.673383 8.630203
v 1.516466 6.499215 -6.567769
v 5.094655 6.138705 1.342979
v 2.206441 8.937344 8.678853
v 3.300957 7.193373 5.133011
v 2.706462 4.256891 5.654580
v 1.011455 6.899074 -6.724286
v 1.144559 9.251371 8.768541
v 5.314642 5.168936 -1.057317
v 5.418436 5.844400 0.090487
v 0.000000 9.284492 8.881918
v -0.998453 9.282727 -7.025169
v -1.343571 8.870935 6.297199
v 1.243240 7.998059 7.169474
v -2.798743 8.717145 5.523813
v -5.094655 6.138705 1.342979
v -2.506902 7.327957 -4.636070
v -3.591336 6.608768 -2.877845
v -2.102508 7.808035 7.129011
v 0.000000 8.890488 6.417192
v 0.998453 8.456381 -7.061523
v -1.411314 6.499215 -6.724286
v 5.539542 4.247988 -0.967367
v 5.539542 4.247988 -0.967367
v 4.825560 4.371046 -1.127017
v 1.263670 6.936399 -6.671809
v 4.793443 4.950369 -1.167683
v 5.829247 4.737687 -0.629019
v 5.829247 4.737687 -0.629019
v 1.357743 6.699143 -6.724286
v 0.648456 6.385955 -6.708258
v 0.811525 6.152926 -6.724286
v 1.011455 6.099355 -6.724286
v 1.211384 6.152926 -6.724286
v 5.853524 4.736404 -0.693062
v 1.357743 6.299285 -6.724286
v 1.411314 6.499215 -6.724286
v 0.998453 9.282727 -7.025169
v -2.295303 8.049875 -4.392576
v 0.413573 9.867043 -6.999462
v -0.413573 7.872066 -7.087229
v 0.000000 9.949228 -6.995845
v 0.000000 7.789880 -7.090845
v -5.943367 3.608090 0.171451
v -5.314642 5.168936 -1.057317
v -2.204014 6.435079 8.647036
v -2.206441 8.937344 8.678853
v -5.959849 4.128852 -0.465266
v 2.506902 7.327957 -4.636070
v -1.263670 6.936399 -6.671809
v -1.011262 7.004032 -6.830915
v -3.300957 7.193373 5.133011
v -2.706462 4.256891 5.654580
v -3.414078 6.792726 -3.119610
v -0.580043 6.604733 -11.896449
v 4.133139 4.615418 -0.802548
v -2.004283 8.609549 8.767191
v -2.452090 7.643282 7.092875
v -1.144559 9.251371 8.768541
v -2.804530 4.256891 5.239595
v -1.211384 6.152926 -6.724286
v 0.413573 7.872066 -7.087229
v -2.435310 8.261975 8.673773
v -1.243240 7.998059 7.169474
v -4.732015 6.245450 2.831014
v -2.218282 8.719275 5.925981
v 1.343571 8.870935 6.297199
v 0.000000 9.347572 8.806591
v -2.539666 7.576342 -4.406144
v -5.682465 5.338894 -0.507768
vn 0.2809 0.9568 -0.0754
vn 0.5146 0.7957 -0.3194
vn 0.7692 0.6280 -0.1183
vn 0.7636 -0.4383 0.4741
vn 0.7699 -0.5520 0.3202
vn 0.7277 -0.4740 0.4958
vn 0.7782 -0.1466 0.6106
vn 0.8771 0.4782 0.0442
vn 0.9646 0.2562 0.0632
vn 0.7248 0.6608 0.1951
vn 0.6818 0.6219 0.3852
vn 0.3416 0.9030 0.2604
vn 0.3113 0.8896 0.3341
vn 0.7559 0.6410 0.1332
vn 0.5318 0.8330 -0.1529
vn 0.7918 0.5082 -0.3386
vn 0.6756 0.6838 -0.2757
vn 0.3002 -0.0895 0.9497
vn 0.3753 -0.0998 0.9215
vn 0.4939 -0.5826 0.6455
vn 0.8400 0.2464 0.4834
vn 0.2366 0.9715 -0.0114
vn 0.3446 0.9313 -0.1179
vn 0.0227 0.9932 0.1142
vn 0.0522 0.9986 -0.0109
vn 0.5625 -0.8159 0.1338
vn 0.8769 -0.4419 0.1891
vn 0.1165 0.9414 0.3166
vn -0.0104 0.9981 0.0614
vn 0.0943 0.9439 0.3166
vn 0.9353 0.2349 -0.2647
vn 0.8076 0.3990 -0.4342
vn 0.8668 0.1676 -0.4697
vn 0.9263 -0.1887 -0.3261
vn 0.8986 -0.4336 -0.0670
vn 0.8447 -0.4969 -0.1991
vn 0.9007 -0.2342 -0.3658
vn 0.5889 0.6570 -0.4706
vn 0.4422 0.6909 -0.5719
vn 0.4702 0.7659 -0.4386
vn 0.5856 0.4896 -0.6460
vn 0.7457 0.4179 -0.5189
vn 0.6562 0.4632 -0.5957
vn -0.2040 -0.9684 0.1436
vn 0.0558 -0.9956 -0.0747
vn -0.7226 -0.6459 0.2463
vn 0.9013 0.1164 -0.4173
vn 0.8251 0.1780 -0.5362
vn 0.6884 0.5725 -0.4453
vn 0.3037 0.6659 0.6814
vn 0.0075 0.7067 0.7075
vn 0.5070 -0.8502 -0.1415
vn 0.7849 -0.6192 0.0233
vn 0.5492 -0.8272 0.1186
vn 0.5530 0.7748 0.3064
vn 0.4719 0.7460 0.4699
vn 0.7638 0.6428 -0.0586
vn 0.8615 0.5058 0.0455
vn 0.3186 0.9477 -0.0214
vn 0.3973 0.9157 -0.0609
vn 0.3487 -0.9263 0.1428
vn 0.2636 -0.0322 0.9641
vn -0.4172 -0.2409 -0.8763
vn 0.0028 0.0016 -1.0000
vn -0.2409 -0.4172 -0.8763
vn 0.3149 0.5811 -0.7504
vn 0.5708 0.7469 -0.3410
vn 0.5999 0.7954 0.0863
vn 0.2473 0.9486 -0.1973
vn -0.8815 -0.0061 -0.4721
vn -0.9709 0.0004 -0.2397
vn -0.9023 -0.2780 -0.3294
vn 0.0032 -0.9916 -0.1296
vn 0.2178 -0.9208 -0.3235
vn 0.1703 -0.9833 -0.0639
vn 0.4816 0.0234 -0.8761
vn 0.4172 -0.2409 -0.8763
vn 0.8874 0.4101 0.2107
vn 0.8487 0.4261 0.3134
vn 0.8599 0.4410 0.2571
vn 0.0172 0.2155 0.9764
vn 0.3978 0.6297 0.6673
vn 0.5426 0.4935 0.6797
vn 0.0439 0.2818 0.9585
vn 0.9109 -0.1372 -0.3892
vn 0.8376 0.2585 -0.4812
vn 0.8397 -0.1202 -0.5296
vn 0.8238 -0.5287 -0.2044
vn 0.0648 0.0240 0.9976
vn 0.1607 -0.0318 0.9865
vn 0.1918 0.1172 0.9744
vn 0.0642 0.0268 0.9976
vn 0.3207 0.9196 0.2268
vn 0.8324 0.5516 -0.0533
vn 0.9370 0.3341 -0.1023
vn -0.9374 -0.0202 -0.3478
vn -0.8756 -0.0137 -0.4828
vn -0.9908 -0.0247 -0.1334
vn -0.9947 -0.0172 -0.1010
vn 0.5755 -0.1884 -0.7958
vn 0.9375 -0.1837 -0.2955
vn 0.3363 -0.7620 -0.5534
vn 0.3985 -0.7182 -0.5704
vn 0.1447 0.7319 0.6659
vn -0.0000 0.7667 0.6420
vn -0.0000 0.7547 0.6561
vn 0.2031 0.7089 0.6755
vn -0.4817 -0.0000 -0.8763
vn 0.7599 0.4260 -0.4910
vn -0.8636 -0.5013 -0.0539
vn -0.7726 -0.2682 -0.5754
vn 0.0151 0.9518 0.3064
vn 0.0768 -0.0619 0.9951
vn 0.1536 0.0951 0.9835
vn -0.1007 0.0867 0.9911
vn 0.0123 -0.0609 0.9981
vn -0.0000 1.0000 -0.0000
vn 0.0122 0.9905 -0.1370
vn 0.1607 0.9828 -0.0911
vn 0.3589 -0.8641 0.3529
vn 0.5051 -0.7466 0.4330
vn 0.3848 0.9223 -0.0352
vn 0.6534 0.7223 0.2267
vn 0.7914 0.6057 -0.0826
vn -0.0975 0.9905 -0.0968
vn 0.4987 0.7788 -0.3806
vn -0.0000 0.3734 -0.9277
vn 0.0195 0.3697 -0.9290
vn -0.0000 0.3784 -0.9256
vn -0.4996 -0.6967 -0.5147
vn 0.2672 -0.8836 0.3845
vn 0.1075 -0.7355 0.6690
vn -0.0052 -0.9365 0.3506
vn 0.8478 -0.2419 0.4719
vn 0.7974 -0.2348 0.5559
vn -0.1298 -0.8796 0.4576
vn -0.3560 -0.7961 0.4894
vn -0.2721 -0.8359 0.4768
vn -0.1291 -0.8782 0.4606
vn 0.2066 0.9780 -0.0304
vn -0.0081 0.9993 -0.0359
vn 0.7358 0.6093 -0.2957
vn 0.7223 0.5361 -0.4370
vn -0.8964 0.4398 0.0554
vn -0.9827 -0.1686 -0.0763
vn 0.4572 -0.0859 0.8852
vn 0.2460 -0.0671 0.9669
vn 0.5348 -0.1608 0.8296
vn 0.7346 -0.1642 -0.6583
vn 0.9105 0.4134 -0.0061
vn -0.0000 -0.4817 -0.8763
vn -0.9728 0.0301 -0.2299
vn 0.8172 0.3786 0.4346
vn 0.4362 -0.8559 0.2780
vn 0.1668 -0.9681 0.1870
vn 0.1314 -0.1176 0.9843
vn 0.3258 0.6576 0.6793
vn 0.0536 0.8840 0.4644
vn -0.1077 0.9625 0.2489
vn 0.4454 -0.8464 0.2920
vn 0.9839 -0.0598 0.1687
vn -0.0256 0.9262 -0.3762
vn 0.3897 0.6751 -0.6264
vn -0.7464 -0.4075 0.5262
vn -0.8988 0.1000 0.4268
vn -0.8845 -0.0540 0.4634
vn -0.6184 -0.5813 0.5289
vn 0.7332 -0.4219 -0.5333
vn 0.6012 -0.6568 -0.4552
vn 0.7007 0.6735 0.2355
vn 0.7555 0.6057 0.2496
vn 0.6312 0.7672 0.1139
vn 0.5084 0.8590 0.0602
vn 0.0121 0.9932 0.1158
vn 0.1594 0.9650 -0.2083
vn 0.4847 0.8744 0.0233
vn 0.3714 0.9217 0.1124
vn 0.8781 0.2810 -0.3872
vn 0.9017 0.3849 -0.1970
vn 0.5846 -0.6651 -0.4647
vn -0.0232 -0.8830 -0.4688
vn 0.4720 0.5519 -0.6875
vn 0.5957 0.4674 -0.6532
vn 0.3863 0.5763 -0.7202
vn 0.3263 -0.9259 -0.1905
vn 0.5023 -0.7699 -0.3936
vn 0.6802 -0.6540 -0.3311
vn -0.9965 -0.0030 0.0830
vn -0.9939 0.0169 0.1092
vn -0.9694 0.0375 0.2425
vn -0.9623 -0.0088 0.2717
vn 0.7462 0.5544 -0.3685
vn 0.4971 0.8674 -0.0217
vn 0.5532 0.8329 -0.0163
vn 0.0099 0.3849 -0.9229
vn -0.0000 0.3909 -0.9204
vn -0.4172 0.2409 -0.8763
vn 0.7684 0.5054 -0.3927
vn 0.2174 -0.9749 0.0484
vn -0.0269 0.2528 0.9671
vn 0.0258 0.2811 0.9593
vn 0.0692 0.3390 0.9382
vn -0.0000 0.0379 0.9993
vn -0.0000 0.0437 0.9990
vn 0.4319 0.2494 -0.8667
vn 0.2576 0.4074 -0.8761
vn 0.2224 0.0355 0.9743
vn 0.3645 0.6397 0.6766
vn 0.2004 0.6925 0.6930
vn 0.1777 0.5521 0.8146
vn 0.0673 0.3371 0.9391
vn 0.5894 0.7951 -0.1430
vn 0.5847 0.7957 -0.1582
vn 0.7452 0.6002 -0.2906
vn 0.8003 0.4977 -0.3344
vn 0.0921 -0.9945 0.0507
vn 0.2409 -0.4172 -0.8763
vn -0.8724 0.2609 0.4134
vn -0.8725 0.2611 0.4130
vn 0.5738 0.8010 0.1708
vn 0.6913 0.6477 -0.3204
vn -0.2409 0.4172 -0.8763
vn -0.0000 0.4817 -0.8763
vn 0.5534 0.7800 -0.2919
vn 0.7976 0.3336 -0.5026
vn 0.9208 0.2333 0.3124
vn 0.9061 0.0988 0.4114
vn 0.7153 0.2913 0.6352
vn 0.8434 0.1484 0.5163
vn 0.2451 0.0122 0.9694
vn 0.7021 0.6779 0.2179
vn -0.7038 0.0081 -0.7104
vn -0.7045 -0.0030 -0.7097
vn -0.0033 -0.9874 0.1580
vn 0.8889 0.2592 -0.3778
vn 0.9035 0.1162 -0.4125
vn 0.7001 -0.5932 0.3975
vn 0.7102 -0.5358 0.4566
vn 0.8186 -0.5736 0.0292
vn 0.8742 -0.4824 0.0549
vn 0.8984 -0.2100 0.3856
vn 0.0080 0.2064 -0.9784
vn 0.0091 0.1537 -0.9881
vn -0.1504 0.1400 -0.9787
vn 0.0107 0.2059 -0.9785
vn 0.8886 -0.2093 0.4081
vn 0.7852 -0.2362 0.5724
vn 0.8165 0.2810 -0.5043
vn 0.7883 0.4002 -0.4674
vn -0.3802 0.7825 -0.4930
vn -0.5614 0.7931 0.2362
vn -0.9194 0.3611 -0.1557
vn 0.3952 0.1716 0.9024
vn 0.0555 0.2081 0.9765
vn 0.0502 -0.4125 0.9096
vn 0.5912 -0.4352 0.6790
vn 0.4817 -0.8632 -0.1508
vn 0.1572 -0.9737 -0.1651
vn 0.9348 -0.3415 -0.0972
vn 0.9651 -0.2451 -0.0919
vn 0.9334 0.3558 0.0463
vn 0.3942 0.8352 -0.3834
vn 0.8043 0.1851 -0.5646
vn 0.0464 0.3595 -0.9320
vn 0.6945 0.0393 -0.7184
vn 0.2293 0.4067 -0.8843
vn 0.0933 0.7921 -0.6032
vn -0.0000 0.6363 -0.7715
vn 0.4610 0.8858 0.0531
vn -0.0000 0.7232 0.6907
vn -0.0000 0.3721 0.9282
vn 0.9674 0.2502 0.0389
vn 0.7676 0.3056 -0.5633
vn 0.1769 0.5512 0.8154
vn -0.0020 0.9785 0.2063
vn 0.1111 0.9938 -0.0069
vn 0.1339 0.9901 0.0426
vn 0.9730 -0.0878 -0.2135
vn 0.9959 0.0880 0.0199
vn -0.0059 0.9885 0.1510
vn 0.8565 0.1250 -0.5008
vn 0.8639 0.2075 -0.4590
vn 0.7006 -0.5708 0.4281
vn -0.1626 -0.7732 0.6129
vn 0.1317 -0.9223 0.3635
vn 0.5133 0.5413 -0.6659
vn 0.9849 -0.1167 0.1279
vn 0.8969 0.3813 0.2239
vn 0.1212 0.8805 0.4584
vn -0.9600 -0.1266 -0.2498
vn 0.8878 -0.2628 -0.3778
vn 0.8276 -0.2261 -0.5138
vn 0.0120 -0.9092 -0.4161
vn 0.6665 -0.5938 -0.4508
vn 0.4849 -0.7820 -0.3916
vn -0.1636 0.9832 -0.0810
vn 0.0156 0.2169 0.9761
vn -0.0173 0.2462 0.9691
vn 0.0240 0.1995 0.9796
vn 0.3338 0.7591 -0.5589
vn 0.3834 0.5583 -0.7358
vn 0.0774 0.9311 -0.3564
vn 0.7319 0.3827 -0.5638
vn 0.6406 0.4852 -0.5952
vn 0.7370 0.4020 -0.5433
vn -0.4202 0.7084 -0.5672
vn 0.9845 0.1514 0.0890
vn 0.9963 0.0742 0.0438
vn 0.5381 0.8425 -0.0241
vn -0.0007 -0.9464 -0.3229
vn 0.9719 -0.0589 -0.2278
vn 0.8412 0.3659 0.3981
vn 0.8791 0.0639 0.4722
vn 0.8306 0.2630 0.4909
vn 0.8103 0.2752 0.5173
vn -0.0000 0.9409 -0.3388
vn 0.3455 0.9333 -0.0976
vn -0.0000 0.9922 0.1250
vn 0.6972 0.4498 -0.5581
vn 0.8072 0.2273 -0.5447
vn 0.2771 0.5446 -0.7916
vn 0.8650 0.1766 -0.4696
vn 0.3078 0.6795 -0.6660
vn 0.2995 0.4541 -0.8391
vn 0.7158 0.5519 -0.4279
vn 0.7105 0.4632 -0.5297
vn 0.6548 -0.0581 -0.7535
vn 0.8125 -0.0521 -0.5806
vn 0.8157 0.1992 -0.5430
vn -0.0000 -0.8932 0.4497
vn -0.0000 -0.8935 0.4490
vn 0.7724 0.5212 0.3630
vn 0.8538 0.0381 -0.5192
vn -0.8867 0.0044 0.4623
vn 0.7913 0.4425 -0.4220
vn 0.4314 0.1900 -0.8819
vn 0.5907 0.1901 -0.7842
vn 0.7913 0.4424 -0.4219
vn 0.0016 -1.0000 0.0017
vn 0.7764 0.5198 0.3564
vn 0.7961 0.5970 0.0991
vn 0.0036 0.1892 0.9819
vn -0.0000 0.1953 0.9807
vn 0.1061 0.2011 0.9738
vn 0.3463 0.8487 -0.3997
vn 0.8937 -0.4387 0.0946
vn -0.0472 0.9336 -0.3552
vn -0.0000 0.9298 -0.3680
vn -0.2943 0.8637 -0.4091
vn 0.8064 -0.5896 -0.0465
vn 0.9190 0.3912 -0.0489
vn 0.9122 0.3501 0.2126
vn 0.7133 -0.4729 -0.5173
vn 0.7761 0.6208 0.1107
vn -0.5690 -0.8110 -0.1361
vn 0.6948 0.0368 -0.7183
vn 0.6667 0.2593 -0.6987
vn 0.3299 0.0300 -0.9435
vn 0.2272 0.4049 -0.8857
vn -0.7223 0.5361 -0.4370
vn -0.6899 0.6470 -0.3247
vn -0.7209 0.6302 -0.2883
vn 0.6380 -0.2703 -0.7210
vn 0.7700 -0.2323 -0.5943
vn 0.5728 0.5081 -0.6432
vn 0.6530 0.4747 -0.5901
vn 0.5391 -0.0751 -0.8389
vn 0.6112 0.6273 -0.4826
vn 0.2962 0.6704 -0.6803
vn 0.4892 0.5807 0.6508
vn 0.0337 0.2956 0.9547
vn -0.0890 -0.6891 -0.7192
vn -0.1959 -0.7170 -0.6690
vn -0.1506 0.2447 -0.9578
vn -0.0000 0.2307 -0.9730
vn -0.0000 0.2259 -0.9742
vn -0.2321 0.2655 -0.9358
vn -0.8025 0.0266 0.5961
vn -0.4114 0.3374 -0.8467
vn -0.5474 0.3610 -0.7550
vn -0.7930 0.5163 -0.3235
vn -0.8262 0.2691 -0.4950
vn -0.0000 -0.6747 -0.7381
vn -0.0000 -0.6898 -0.7240
vn 0.5731 0.8038 0.1597
vn 0.6246 0.7658 -0.1530
vn -0.0000 0.9887 0.1499
vn -0.2831 0.9562 -0.0746
vn 0.9203 -0.0437 -0.3888
vn 0.3692 0.6594 -0.6549
vn 0.4264 0.5568 -0.7129
vn -0.1778 0.7546 -0.6316
vn 0.0410 0.7075 -0.7055
vn 0.4266 0.6382 -0.6408
vn -0.0903 0.8241 -0.5592
vn 0.8101 0.2218 -0.5427
vn 0.9924 0.0272 -0.1204
vn 0.8485 0.4673 -0.2482
vn 0.9978 0.0470 0.0471
vn 0.2161 0.9304 0.2960
vn -0.0673 0.9312 0.3583
vn -0.1318 0.8713 0.4728
vn 0.3018 -0.0658 0.9511
vn 0.0226 0.2322 0.9724
vn 0.0603 -0.1115 0.9919
vn 0.7117 0.7020 -0.0279
vn 0.5863 0.8086 0.0500
vn 0.6794 0.7311 0.0626
vn 0.2059 0.7434 0.6364
vn 0.5795 0.7692 0.2693
vn -0.6159 -0.6193 0.4870
vn 0.4001 -0.8911 0.2140
vn 0.7067 -0.6946 0.1344
vn 0.4189 0.9032 0.0935
vn -0.3515 0.4143 0.8395
vn -0.4112 0.2308 0.8818
vn -0.4003 -0.0015 0.9164
vn 0.3923 -0.6109 0.6877
vn 0.8876 -0.4544 0.0752
vn 0.9584 -0.2846 0.0226
vn 0.9635 -0.2549 0.0814
vn 0.5034 0.4358 0.7461
vn 0.4739 0.4582 0.7520
vn -0.4621 0.0366 0.8861
vn -0.3716 -0.2107 0.9042
vn 0.9973 0.0635 0.0362
vn 0.8646 0.5018 0.0261
vn 0.9057 0.1681 -0.3892
vn 0.7334 0.6655 -0.1386
vn 0.1774 0.9671 0.1822
vn -0.5728 0.6417 0.5101
vn -0.8081 0.0743 0.5844
vn -0.2673 -0.4357 0.8595
vn -0.7636 -0.3826 0.5201
vn 0.9905 -0.1333 0.0341
vn 0.5814 -0.3337 0.7421
vn 0.5545 -0.3575 0.7515
vn 0.9317 0.2908 0.2177
vn 0.9256 0.3187 0.2043
vn 0.9128 0.3507 0.2093
vn 0.9088 0.3485 0.2293
vn 0.8994 0.3511 0.2605
vn 0.9030 0.3104 0.2971
vn 0.8999 0.3000 0.3166
vn 0.9141 0.1969 0.3545
vn 0.9110 0.2429 0.3334
vn 0.9253 0.0831 0.3699
vn 0.9242 0.1216 0.3620
vn -0.7721 -0.4458 -0.4529
vn -0.0012 0.0073 -1.0000
vn -0.1557 -0.8900 -0.4286
vn 0.5640 -0.7018 -0.4352
vn 0.8914 -0.0000 -0.4533
vn 0.5639 0.7019 -0.4352
vn -0.2460 0.8687 -0.4300
vn -0.8444 0.3221 -0.4281
vn 0.9530 -0.0529 0.2983
vn 0.9442 -0.0053 0.3294
vn 0.9639 -0.0916 0.2501
vn 0.9614 -0.0922 0.2592
vn 0.9771 -0.0794 0.1975
vn 0.7593 -0.6365 0.1354
vn 0.6667 0.2594 -0.6987
vn 0.6948 0.0368 -0.7182
vn 0.8270 0.0858 -0.5556
vn 0.6733 0.4878 -0.5556
vn 0.6860 -0.4687 -0.5566
vn 0.7591 -0.3392 -0.5556
vn 0.3597 -0.7489 -0.5566
vn 0.4878 -0.6733 -0.5556
vn -0.0629 -0.8284 -0.5566
vn 0.0858 -0.8270 -0.5556
vn -0.4924 -0.6336 -0.5967
vn -0.4190 -0.7164 -0.5578
vn -0.6283 -0.3372 -0.7011
vn -0.6502 -0.2654 -0.7119
vn -0.6707 0.1142 -0.7329
vn -0.5730 0.3491 -0.7415
vn -0.5703 0.3761 -0.7303
vn -0.3380 0.6741 -0.6568
vn 0.0629 0.8284 -0.5566
vn -0.1229 0.7870 -0.6046
vn 0.4687 0.6860 -0.5566
vn 0.3392 0.7591 -0.5556
vn -0.7849 -0.5934 -0.1781
vn -0.6018 -0.7400 -0.3004
vn -0.9585 -0.1032 -0.2657
vn -0.2743 -0.9055 -0.3238
vn -0.4922 0.8556 -0.1605
vn -0.8584 0.4551 -0.2367
vn -0.7812 0.5826 -0.2241
vn -0.1901 0.9536 -0.2336
vn 0.1721 -0.9254 -0.3377
vn -0.0185 -0.9450 -0.3265
vn 0.2375 0.9513 -0.1963
vn 0.5546 0.7129 -0.4291
vn 0.2625 0.8756 -0.4056
vn 0.3556 0.9290 0.1024
vn 0.8900 0.4510 0.0680
vn 0.4128 -0.8408 -0.3503
vn 0.6432 -0.6169 -0.4536
vn 0.8609 -0.5047 -0.0638
vn 0.4035 -0.8731 -0.2737
vn 0.0629 0.9156 -0.3970
vn -0.2983 0.9544 0.0146
vn -0.0000 -0.9114 -0.4115
vn -0.0000 -0.8997 -0.4365
vn -0.9851 0.0573 -0.1619
vn 0.8929 0.1073 -0.4372
vn 0.8334 0.3692 -0.4113
vn 0.9952 0.0466 0.0864
vn 0.8528 -0.2267 -0.4705
vn 0.7459 0.6144 0.2571
vn 0.9193 -0.2570 0.2979
vn 0.6052 -0.7553 0.2517
vn 0.3744 0.8921 0.2531
vn -0.1374 0.9545 0.2645
vn -0.7891 0.5798 -0.2028
vn -0.5146 0.7957 -0.3194
vn -0.7636 -0.4383 0.4741
vn -0.8456 -0.3962 0.3576
vn -0.7277 -0.4740 0.4958
vn -0.7699 -0.5520 0.3202
vn -0.7248 0.6608 0.1951
vn -0.9646 0.2562 0.0632
vn -0.8771 0.4782 0.0442
vn -0.6940 0.6193 0.3672
vn -0.3202 0.8804 0.3497
vn -0.4851 0.8219 0.2988
vn -0.7559 0.6410 0.1332
vn -0.6482 0.7243 -0.2350
vn -0.7918 0.5083 -0.3386
vn -0.5318 0.8330 -0.1529
vn -0.3002 -0.0895 0.9497
vn -0.9430 0.0660 0.3262
vn -0.4543 0.0762 0.8876
vn -0.3753 -0.0998 0.9215
vn -0.3489 0.9323 -0.0953
vn -0.0835 0.9964 -0.0143
vn 0.0244 0.9987 0.0454
vn -0.8769 -0.4419 0.1891
vn -0.5624 -0.8159 0.1339
vn -0.1165 0.9414 0.3166
vn -0.0943 0.9439 0.3166
vn 0.0105 0.9981 0.0605
vn -0.8668 0.1676 -0.4697
vn -0.8077 0.3990 -0.4341
vn -0.9353 0.2349 -0.2647
vn -0.9263 -0.1887 -0.3261
vn -0.9007 -0.2342 -0.3658
vn -0.8447 -0.4968 -0.1992
vn -0.8986 -0.4336 -0.0670
vn -0.4702 0.7659 -0.4386
vn -0.4422 0.6909 -0.5719
vn -0.5940 0.6572 -0.4639
vn -0.6562 0.4632 -0.5957
vn -0.7045 0.4335 -0.5619
vn -0.5856 0.4896 -0.6460
vn 0.2040 -0.9683 0.1438
vn 0.7226 -0.6459 0.2463
vn -0.0558 -0.9957 -0.0746
vn -0.6741 0.5985 -0.4329
vn -0.8243 0.1772 -0.5377
vn -0.9013 0.1164 -0.4173
vn -0.4009 0.6779 0.6162
vn -0.5492 -0.8272 0.1186
vn -0.7849 -0.6192 0.0232
vn -0.5197 -0.8405 -0.1530
vn -0.7752 0.6311 -0.0292
vn -0.3744 0.9240 -0.0776
vn -0.8077 0.5878 0.0453
vn -0.3487 -0.9232 0.1615
vn -0.2636 -0.0322 0.9641
vn -0.0028 0.0016 -1.0000
vn -0.3839 0.4402 -0.8117
vn -0.2498 0.9473 -0.2006
vn -0.6260 0.7744 0.0918
vn -0.5708 0.7469 -0.3410
vn 0.9869 -0.1021 -0.1251
vn 0.9709 0.0004 -0.2397
vn 0.8815 -0.0061 -0.4721
vn -0.1703 -0.9833 -0.0639
vn -0.2521 -0.9219 -0.2941
vn -0.4816 0.0233 -0.8761
vn -0.8659 0.4200 0.2717
vn -0.8444 0.4524 0.2868
vn -0.8655 0.3955 0.3075
vn -0.0172 0.2155 0.9764
vn -0.0439 0.2818 0.9585
vn -0.5426 0.4935 0.6797
vn -0.3973 0.6297 0.6676
vn -0.9369 -0.0849 -0.3391
vn -0.8191 -0.1375 -0.5570
vn -0.8398 0.2312 -0.4912
vn -0.8238 -0.5287 -0.2044
vn -0.0648 0.0239 0.9976
vn -0.0642 0.0268 0.9976
vn -0.1918 0.1172 0.9744
vn -0.1607 -0.0318 0.9865
vn -0.2367 0.9095 0.3417
vn -0.9471 0.3013 -0.1111
vn -0.8332 0.5488 -0.0677
vn 0.9374 -0.0202 -0.3478
vn 0.9947 -0.0172 -0.1010
vn 0.9908 -0.0247 -0.1334
vn 0.8756 -0.0137 -0.4828
vn -0.1447 0.7319 0.6659
vn -0.2031 0.7090 0.6753
vn 0.4817 -0.0000 -0.8763
vn -0.7672 0.4303 -0.4756
vn 0.7852 -0.5247 -0.3289
vn 0.8384 -0.5382 -0.0857
vn -0.0911 -0.0668 0.9936
vn -0.1818 0.9806 -0.0731
vn -0.4816 -0.7852 0.3892
vn -0.3589 -0.8641 0.3529
vn -0.5918 0.7706 0.2365
vn 0.0437 0.9797 -0.1955
vn 0.0975 0.9905 -0.0974
vn -0.7914 0.6056 -0.0834
vn -0.0195 0.3697 -0.9290
vn 0.4996 -0.6967 -0.5147
vn -0.2582 -0.8778 0.4034
vn -0.3887 -0.5631 0.7293
vn -0.7974 -0.2348 0.5559
vn -0.8478 -0.2419 0.4719
vn 0.1298 -0.8796 0.4576
vn 0.1291 -0.8782 0.4606
vn 0.2721 -0.8359 0.4768
vn 0.3560 -0.7961 0.4894
vn -0.1029 0.9941 0.0357
vn -0.1797 0.9821 -0.0569
vn -0.1461 0.9892 -0.0143
vn 0.9827 -0.1686 -0.0763
vn 0.9537 0.2226 0.2024
vn -0.5348 -0.1608 0.8296
vn -0.2428 -0.0606 0.9682
vn -0.4572 -0.0859 0.8852
vn 0.9728 0.0301 -0.2299
vn -0.8172 0.3786 0.4346
vn -0.1662 -0.9671 0.1926
vn -0.4301 -0.8540 0.2928
vn -0.2467 -0.1742 0.9533
vn -0.3258 0.6576 0.6793
vn -0.9038 0.4266 -0.0348
vn -0.7062 -0.5789 -0.4077
vn -0.4439 -0.8485 0.2881
vn -0.9839 -0.0597 0.1687
vn -0.3896 0.6751 -0.6264
vn 0.7464 -0.4075 0.5262
vn 0.6184 -0.5813 0.5289
vn 0.8845 -0.0540 0.4634
vn 0.8988 0.1000 0.4268
vn -0.6085 -0.6201 -0.4951
vn -0.7350 -0.4195 -0.5327
vn -0.6698 0.7112 0.2135
vn -0.4593 0.8866 0.0540
vn -0.6312 0.7672 0.1139
vn -0.7555 0.6057 0.2496
vn -0.2371 0.9556 0.1747
vn -0.3713 0.9217 0.1123
vn -0.4819 0.8758 0.0284
vn -0.1462 0.9714 -0.1873
vn -0.8956 0.4085 -0.1759
vn -0.8781 0.2810 -0.3872
vn -0.5272 -0.7819 -0.3328
vn -0.3863 0.5763 -0.7202
vn -0.5957 0.4674 -0.6532
vn -0.4668 0.5466 -0.6952
vn -0.3155 -0.9262 -0.2063
vn -0.6849 -0.6593 -0.3103
vn -0.5045 -0.7720 -0.3866
vn 0.9965 -0.0029 0.0830
vn 0.9939 0.0169 0.1092
vn 0.9623 -0.0088 0.2717
vn 0.9685 -0.0604 0.2415
vn -0.7250 0.5556 -0.4071
vn -0.4971 0.8674 -0.0217
vn -0.5532 0.8329 -0.0163
vn -0.0099 0.3849 -0.9229
vn 0.4172 0.2409 -0.8763
vn -0.7814 0.4802 -0.3986
vn -0.2231 -0.9737 0.0471
vn -0.0692 0.3390 0.9382
vn -0.0367 0.2979 0.9539
vn -0.2576 0.4074 -0.8762
vn -0.4319 0.2494 -0.8667
vn -0.2134 0.0039 0.9770
vn -0.3645 0.6397 0.6766
vn -0.0674 0.3370 0.9391
vn -0.1778 0.5521 0.8146
vn -0.2004 0.6925 0.6930
vn -0.5894 0.7951 -0.1430
vn -0.8003 0.4977 -0.3344
vn -0.7452 0.6002 -0.2906
vn -0.5847 0.7957 -0.1582
vn -0.0966 -0.9939 0.0524
vn 0.8725 0.2611 0.4130
vn 0.8724 0.2609 0.4134
vn -0.6112 0.7782 0.1443
vn 0.2409 0.4172 -0.8763
vn -0.7976 0.3336 -0.5026
vn -0.5534 0.7800 -0.2919
vn -0.9102 0.0865 0.4051
vn -0.9166 0.2376 0.3215
vn -0.8549 0.1736 0.4890
vn -0.6877 0.3104 0.6563
vn -0.2451 0.0122 0.9694
vn -0.6933 0.6790 0.2414
vn 0.7045 -0.0030 -0.7097
vn 0.7038 0.0081 -0.7104
vn -0.9035 0.1162 -0.4125
vn -0.8889 0.2592 -0.3778
vn -0.7250 -0.5549 0.4080
vn -0.6798 -0.6066 0.4122
vn -0.8186 -0.5736 0.0292
vn -0.8742 -0.4824 0.0549
vn -0.9005 -0.2085 0.3817
vn -0.6836 -0.2681 -0.6788
vn -0.7852 -0.2362 0.5724
vn -0.8877 -0.2198 0.4046
vn -0.7883 0.4002 -0.4674
vn -0.8252 0.2919 -0.4836
vn 0.9194 0.3611 -0.1557
vn 0.5614 0.7931 0.2362
vn 0.3884 0.8847 -0.2578
vn -0.3724 0.1680 0.9127
vn -0.4817 -0.8632 -0.1508
vn -0.9651 -0.2451 -0.0919
vn -0.9348 -0.3415 -0.0970
vn -0.2007 -0.9654 -0.1663
vn -0.9094 0.4039 0.0995
vn -0.4028 0.8234 -0.3996
vn -0.8043 0.1851 -0.5646
vn -0.0464 0.3595 -0.9320
vn -0.0933 0.7921 -0.6032
vn -0.2293 0.4067 -0.8843
vn -0.6945 0.0393 -0.7184
vn -0.3686 0.9282 -0.0497
vn -0.9951 0.0702 0.0694
vn -0.7676 0.3056 -0.5633
vn -0.1769 0.5512 0.8154
vn -0.1111 0.9938 -0.0069
vn -0.1123 0.9927 0.0444
vn -0.9706 -0.0782 -0.2277
vn -0.9969 0.0763 0.0202
vn -0.3392 0.5633 0.7534
vn -0.1199 0.8832 0.4535
vn -0.8639 0.2075 -0.4590
vn -0.8565 0.1250 -0.5008
vn -0.1317 -0.9222 0.3635
vn 0.2063 -0.8246 0.5267
vn -0.7121 -0.5934 0.3752
vn -0.5133 0.5413 -0.6659
vn -0.8969 0.3813 0.2239
vn -0.9849 -0.1167 0.1279
vn -0.6933 -0.2206 0.6861
vn 0.9600 -0.1266 -0.2498
vn -0.8410 -0.2368 -0.4864
vn -0.8878 -0.2628 -0.3778
vn -0.4976 -0.7796 -0.3802
vn -0.6328 -0.7096 -0.3100
vn -0.0463 0.2996 0.9529
vn -0.0774 0.9311 -0.3564
vn -0.3834 0.5583 -0.7358
vn -0.3338 0.7591 -0.5589
vn -0.7319 0.3827 -0.5638
vn -0.7370 0.4020 -0.5433
vn -0.6436 0.4609 -0.6110
vn -0.9963 0.0742 0.0438
vn -0.9845 0.1514 0.0890
vn -0.6201 0.7837 0.0351
vn -0.9719 -0.0589 -0.2278
vn -0.8412 0.3659 0.3981
vn -0.7633 0.3502 0.5430
vn -0.8306 0.2630 0.4909
vn -0.8791 0.0639 0.4722
vn -0.3455 0.9333 -0.0976
vn -0.8072 0.2273 -0.5447
vn -0.6972 0.4498 -0.5582
vn -0.2771 0.5446 -0.7916
vn -0.2995 0.4541 -0.8391
vn -0.3078 0.6795 -0.6660
vn -0.8650 0.1765 -0.4697
vn -0.7158 0.5519 -0.4279
vn -0.8125 -0.0521 -0.5806
vn -0.6548 -0.0581 -0.7535
vn -0.7106 0.4632 -0.5296
vn -0.8158 0.1992 -0.5430
vn -0.7724 0.5212 0.3630
vn -0.8538 0.0381 -0.5191
vn 0.8867 0.0044 0.4623
vn -0.4314 0.1900 -0.8819
vn -0.7913 0.4425 -0.4220
vn -0.5907 0.1901 -0.7842
vn -0.7913 0.4425 -0.4219
vn -0.6340 0.6816 0.3655
vn -0.7764 0.5198 0.3564
vn -0.1345 0.2175 0.9667
vn -0.3459 0.8490 -0.3995
vn -0.8937 -0.4387 0.0945
vn 0.2835 0.8105 -0.5126
vn -0.8064 -0.5896 -0.0465
vn -0.7133 -0.4728 -0.5173
vn -0.9682 -0.1081 0.2256
vn -0.9190 0.3912 -0.0489
vn -0.7761 0.6208 0.1107
vn 0.5690 -0.8110 -0.1361
vn -0.6948 0.0368 -0.7183
vn -0.2272 0.4049 -0.8857
vn -0.3299 0.0300 -0.9435
vn -0.6667 0.2594 -0.6987
vn -0.6380 -0.2703 -0.7210
vn -0.5728 0.5081 -0.6432
vn -0.7700 -0.2323 -0.5943
vn -0.6531 0.4747 -0.5901
vn -0.5391 -0.0751 -0.8389
vn -0.6112 0.6273 -0.4826
vn -0.2962 0.6704 -0.6803
vn -0.0337 0.2955 0.9547
vn -0.4892 0.5806 0.6508
vn 0.1959 -0.7170 -0.6690
vn 0.0890 -0.6891 -0.7192
vn 0.1506 0.2447 -0.9578
vn 0.2321 0.2655 -0.9358
vn 0.8025 0.0266 0.5961
vn 0.4114 0.3374 -0.8467
vn 0.5474 0.3610 -0.7550
vn 0.7930 0.5163 -0.3235
vn 0.8262 0.2691 -0.4950
vn -0.6738 0.7363 -0.0620
vn -0.9203 -0.0437 -0.3888
vn -0.3692 0.6594 -0.6549
vn -0.4264 0.5568 -0.7129
vn -0.4266 0.6383 -0.6408
vn -0.0410 0.7075 -0.7055
vn 0.1651 0.6698 -0.7240
vn 0.0903 0.8241 -0.5592
vn -0.8101 0.2218 -0.5427
vn -0.9970 0.0504 0.0583
vn -0.8421 0.4687 -0.2669
vn -0.9936 0.0243 -0.1102
vn 0.0587 0.8231 0.5649
vn 0.0673 0.9312 0.3583
vn -0.1700 0.9187 0.3564
vn -0.3018 -0.0658 0.9511
vn -0.0606 -0.1115 0.9919
vn -0.6697 0.7418 0.0351
vn -0.5863 0.8086 0.0500
vn -0.6848 0.7287 -0.0057
vn -0.5782 0.7699 0.2701
vn -0.2059 0.7434 0.6364
vn 0.6159 -0.6193 0.4870
vn -0.7067 -0.6946 0.1344
vn -0.4001 -0.8911 0.2140
vn -0.4189 0.9032 0.0935
vn 0.4003 -0.0015 0.9164
vn 0.4112 0.2308 0.8818
vn 0.3515 0.4143 0.8395
vn -0.3923 -0.6109 0.6876
vn -0.9625 -0.2706 0.0207
vn -0.8874 -0.4548 0.0758
vn -0.9636 -0.2542 0.0828
vn -0.5034 0.4358 0.7461
vn -0.4739 0.4582 0.7520
vn 0.3716 -0.2107 0.9042
vn 0.4621 0.0366 0.8861
vn -1.0000 -0.0010 0.0028
vn -0.8646 0.5018 0.0260
vn -0.7334 0.6655 -0.1386
vn -0.9057 0.1681 -0.3892
vn -0.1774 0.9671 0.1822
vn 0.5728 0.6417 0.5101
vn 0.8081 0.0743 0.5844
vn 0.2673 -0.4357 0.8595
vn 0.7636 -0.3826 0.5201
vn -0.9905 -0.1333 0.0341
vn -0.5814 -0.3337 0.7421
vn -0.5545 -0.3575 0.7515
vn -0.9317 0.2908 0.2177
vn -0.9256 0.3187 0.2043
vn -0.9128 0.3507 0.2093
vn -0.9088 0.3485 0.2293
vn -0.8994 0.3511 0.2605
vn -0.9030 0.3104 0.2971
vn -0.8999 0.3000 0.3166
vn -0.9110 0.2429 0.3334
vn -0.9141 0.1969 0.3545
vn -0.9242 0.1216 0.3620
vn -0.9253 0.0831 0.3699
vn 0.1557 -0.8900 -0.4286
vn 0.0011 0.0064 -1.0000
vn 0.7721 -0.4458 -0.4529
vn -0.5639 -0.7019 -0.4352
vn -0.8914 -0.0000 -0.4533
vn -0.5639 0.7019 -0.4352
vn 0.2460 0.8687 -0.4300
vn 0.8444 0.3221 -0.4281
vn -0.9442 -0.0053 0.3294
vn -0.9530 -0.0529 0.2983
vn -0.9614 -0.0922 0.2592
vn -0.9639 -0.0916 0.2501
vn -0.7593 -0.6365 0.1354
vn -0.9771 -0.0794 0.1975
vn -0.6668 0.2594 -0.6987
vn -0.6733 0.4878 -0.5556
vn -0.8270 0.0858 -0.5556
vn -0.6948 0.0368 -0.7182
vn -0.7591 -0.3392 -0.5556
vn -0.6860 -0.4687 -0.5566
vn -0.4878 -0.6733 -0.5556
vn -0.3597 -0.7489 -0.5566
vn -0.0858 -0.8270 -0.5556
vn 0.0629 -0.8284 -0.5566
vn 0.4190 -0.7164 -0.5578
vn 0.4924 -0.6336 -0.5967
vn 0.6502 -0.2654 -0.7119
vn 0.6283 -0.3372 -0.7011
vn 0.6707 0.1142 -0.7329
vn 0.5703 0.3761 -0.7303
vn 0.5730 0.3491 -0.7415
vn 0.3380 0.6741 -0.6568
vn 0.1229 0.7870 -0.6046
vn -0.0629 0.8284 -0.5566
vn -0.3392 0.7591 -0.5556
vn -0.4687 0.6860 -0.5566
vn 0.7723 -0.6017 -0.2036
vn 0.9585 -0.1032 -0.2657
vn 0.5751 -0.7201 -0.3881
vn 0.3878 0.8667 -0.3139
vn 0.7606 0.5881 -0.2752
vn 0.8401 0.4881 -0.2366
vn -0.5455 0.7401 -0.3932
vn -0.8876 0.4571 0.0566
vn -0.3417 0.8506 -0.3996
vn -0.4128 -0.8408 -0.3503
vn -0.5385 -0.8047 -0.2500
vn -0.8705 -0.4766 -0.1228
vn -0.6432 -0.6169 -0.4536
vn 0.9851 0.0573 -0.1619
vn -0.8929 0.1073 -0.4372
vn -0.9951 0.0491 0.0860
vn -0.8334 0.3692 -0.4113
vn -0.8528 -0.2267 -0.4705
vn -0.9193 -0.2570 0.2979
vn -0.6376 0.7162 0.2839
vn -0.6051 -0.7553 0.2517
vt 0.945416 0.267402
vt 0.918065 0.263984
vt 0.945313 0.304649
vt 0.034185 0.875000
vt 0.034185 0.812500
vt 0.000719 0.812500
vt 0.000637 0.875000
vt 0.275758 0.222690
vt 0.335621 0.214080
vt 0.332262 0.206147
vt 0.114726 0.317480
vt 0.171085 0.272927
vt 0.105225 0.284212
vt 0.997652 0.306470
vt 0.563272 0.322898
vt 0.601367 0.343519
vt 0.624260 0.319376
vt 0.219441 0.108777
vt 0.270372 0.108777
vt 0.270372 0.087746
vt 0.188373 0.086501
vt 0.543315 0.286409
vt 0.609269 0.288004
vt 0.660252 0.270890
vt 0.563272 0.278762
vt 0.034185 0.750000
vt 0.003490 0.750000
vt 0.672517 0.265054
vt 0.658872 0.279326
vt 0.673509 0.275442
vt 0.759816 0.185366
vt 0.728596 0.288892
vt 0.770496 0.199396
vt 0.003490 0.562500
vt 0.003490 0.625000
vt 0.034185 0.625000
vt 0.034185 0.562500
vt 0.772047 0.123624
vt 0.781091 0.086842
vt 0.754909 0.060462
vt 0.868621 0.198029
vt 0.830975 0.176289
vt 0.855346 0.202905
vt 0.297594 0.035675
vt 0.310658 0.040694
vt 0.298029 0.016890
vt 0.611565 0.375068
vt 0.754523 0.376653
vt 0.739723 0.329387
vt 0.056089 0.315569
vt 0.028419 0.293466
vt 0.550161 0.463147
vt 0.492545 0.444541
vt 0.426988 0.449229
vt 0.206409 0.288749
vt 0.210849 0.272514
vt 0.135896 0.085835
vt 0.135895 0.004693
vt 0.083205 0.004693
vt 0.095327 0.085835
vt 0.395540 0.479330
vt 0.181326 0.108777
vt 0.224361 0.186742
vt 0.186198 0.164714
vt 0.208212 0.202891
vt 0.352046 0.246858
vt 0.348182 0.260085
vt 0.380177 0.281570
vt 0.382504 0.271881
vt 0.668468 0.887462
vt 0.716734 0.997021
vt 0.665657 0.869951
vt 0.770874 0.604549
vt 0.840980 0.529869
vt 0.618013 0.569641
vt 0.142033 0.164683
vt 0.147944 0.186742
vt 0.211031 0.302958
vt 0.230759 0.337675
vt 0.320411 0.283322
vt 0.679929 0.256793
vt 0.687756 0.261258
vt 0.687784 0.196270
vt 0.679973 0.196270
vt 0.945250 0.386288
vt 0.890703 0.345031
vt 0.890726 0.400172
vt 0.549949 0.431352
vt 0.046608 0.108777
vt 0.095327 0.108777
vt 0.095327 0.091705
vt 0.046608 0.091705
vt 0.572671 0.050117
vt 0.368747 0.078432
vt 0.493928 0.084863
vt 0.642486 0.996729
vt 0.642486 0.904788
vt 0.610912 0.911462
vt 0.603848 0.996721
vt 0.640380 0.167007
vt 0.493928 0.183440
vt 0.495945 0.222705
vt 0.616109 0.218804
vt 0.046608 0.085835
vt 0.004453 0.085835
vt 0.004453 0.091705
vt 0.230272 0.164682
vt 0.820875 0.288892
vt 0.692138 0.824619
vt 0.721065 0.850201
vt 0.091464 0.245903
vt 0.089233 0.226250
vt 0.089233 0.173882
vt 0.104717 0.172430
vt 0.135896 0.222385
vt 0.302926 0.636684
vt 0.300601 0.655097
vt 0.371679 0.440324
vt 0.316531 0.425257
vt 0.516769 0.308592
vt 0.536116 0.392253
vt 0.461992 0.380273
vt 0.461992 0.403611
vt 0.495351 0.409103
vt 0.800839 0.837603
vt 0.759188 0.837603
vt 0.800839 0.996989
vt 0.728581 0.810509
vt 0.084102 0.475684
vt 0.039502 0.437161
vt 0.080549 0.523247
vt 0.000686 0.937500
vt 0.034185 0.937500
vt 0.046608 0.116295
vt 0.095327 0.116295
vt 0.449387 0.275729
vt 0.514801 0.276099
vt 0.687577 0.142826
vt 0.772295 0.141215
vt 0.461992 0.423130
vt 0.465124 0.428976
vt 0.006903 0.207506
vt 0.039459 0.239107
vt 0.021534 0.249336
vt 0.661971 0.084972
vt 0.608329 0.084863
vt 0.186153 0.208802
vt 0.668468 0.996704
vt 0.282154 0.349606
vt 0.251610 0.489517
vt 0.258190 0.549723
vt 0.135896 0.085809
vt 0.210832 0.239434
vt 0.171085 0.233334
vt 0.125365 0.471789
vt 0.219441 0.004620
vt 0.945408 0.247680
vt 0.922499 0.251666
vt 0.135896 0.116295
vt 0.185679 0.116295
vt 0.184578 0.108777
vt 0.135896 0.108777
vt 0.796160 0.424544
vt 0.894907 0.467949
vt 0.003490 0.812500
vt 0.292627 0.145032
vt 0.275758 0.144703
vt 0.275758 0.184143
vt 0.304195 0.184143
vt 0.756432 0.176807
vt 0.368747 0.208949
vt 0.368747 0.256685
vt 0.894910 0.174114
vt 0.906644 0.219211
vt 0.917425 0.236820
vt 0.696701 0.512261
vt 0.779044 0.489348
vt 0.653445 0.464366
vt 0.563965 0.913397
vt 0.554026 0.996723
vt 0.508275 0.913561
vt 0.508682 0.996735
vt 0.658872 0.279357
vt 0.034185 0.687500
vt 0.003490 0.687500
vt 0.716734 0.852850
vt 0.224361 0.142623
vt 0.878484 0.305617
vt 0.412045 0.551470
vt 0.897168 0.005874
vt 0.959960 0.047797
vt 0.946317 0.029155
vt 0.004453 0.108777
vt 0.148733 0.142622
vt 0.164093 0.126474
vt 0.011148 0.167274
vt 0.687784 0.121515
vt 0.687784 0.060462
vt 0.679973 0.060462
vt 0.679973 0.121515
vt 0.402091 0.588159
vt 0.164093 0.202891
vt 0.270372 0.116295
vt 0.559251 0.084863
vt 0.758205 0.157965
vt 0.208212 0.126474
vt 0.186153 0.120563
vt 0.904615 0.269102
vt 0.885159 0.271891
vt 0.143138 0.362847
vt 0.261444 0.375068
vt 0.073977 0.352354
vt 0.099798 0.366459
vt 0.389421 0.307613
vt 0.660876 0.886814
vt 0.253692 0.608044
vt 0.003490 0.500000
vt 0.034185 0.500000
vt 0.251546 0.446320
vt 0.102477 0.431329
vt 0.288029 0.684023
vt 0.287261 0.704189
vt 0.121768 0.404220
vt 0.663259 0.057311
vt 0.663130 0.057314
vt 0.655785 0.084857
vt 0.655789 0.084858
vt 0.244061 0.408124
vt 0.283773 0.405899
vt 0.827864 0.199725
vt 0.852097 0.220805
vt 0.306598 0.138655
vt 0.297594 0.132854
vt 0.297594 0.150911
vt 0.035332 0.367426
vt 0.004780 0.364037
vt 0.006507 0.411353
vt 0.064124 0.407706
vt 0.487701 0.333700
vt 0.461992 0.333167
vt 0.461992 0.355828
vt 0.501036 0.340896
vt 0.541658 0.374651
vt 0.688589 0.060462
vt 0.814081 0.207974
vt 0.730405 0.844489
vt 0.303539 0.150915
vt 0.309421 0.142388
vt 0.915367 0.173425
vt 0.449387 0.296445
vt 0.687784 0.004001
vt 0.679973 0.004001
vt 0.536499 0.359186
vt 0.289825 0.734002
vt 0.331713 0.746844
vt 0.288063 0.719412
vt 0.790089 0.136000
vt 0.924399 0.013760
vt 0.368747 0.002430
vt 0.297594 0.109766
vt 0.345240 0.118238
vt 0.368747 0.133640
vt 0.181326 0.004693
vt 0.288676 0.088123
vt 0.863322 0.255967
vt 0.851880 0.243078
vt 0.696049 0.704894
vt 0.738516 0.702380
vt 0.695588 0.640869
vt 0.891118 0.203458
vt 0.264074 0.283416
vt 0.210818 0.210256
vt 0.461992 0.440026
vt 0.597390 0.400615
vt 0.745332 0.402120
vt 0.997649 0.511942
vt 0.997652 0.460551
vt 0.945250 0.464901
vt 0.058342 0.004693
vt 0.292639 0.746844
vt 0.986395 0.092084
vt 0.973602 0.066438
vt 0.986378 0.092084
vt 0.332360 0.206378
vt 0.341352 0.204367
vt 0.311582 0.184143
vt 0.822147 0.157068
vt 0.835059 0.125491
vt 0.805880 0.138043
vt 0.662578 0.084898
vt 0.341490 0.246962
vt 0.275758 0.255809
vt 0.360285 0.104980
vt 0.857620 0.566323
vt 0.997652 0.372552
vt 0.291913 0.664734
vt 0.034185 0.999035
vt 0.000670 0.999035
vt 0.000697 0.937500
vt 0.734228 0.015711
vt 0.728679 0.004001
vt 0.522231 0.346486
vt 0.503547 0.336070
vt 0.470922 0.431445
vt 0.479647 0.423566
vt 0.475207 0.419489
vt 0.465079 0.429018
vt 0.484652 0.325922
vt 0.470835 0.317176
vt 0.466500 0.321113
vt 0.482155 0.330716
vt 0.498145 0.414004
vt 0.004453 0.116295
vt 0.329700 0.324103
vt 0.519708 0.403429
vt 0.503016 0.912146
vt 0.467935 0.309833
vt 0.461992 0.310464
vt 0.468242 0.440049
vt 0.523604 0.632173
vt 0.000727 0.875000
vt 0.994360 0.168599
vt 0.994360 0.168599
vt 0.089233 0.127071
vt 0.739777 0.027420
vt 0.000684 0.812500
vt 0.883194 0.149061
vt 0.887280 0.106862
vt 0.823697 0.098872
vt 0.297594 0.060243
vt 0.297594 0.084789
vt 0.356782 0.073970
vt 0.323918 0.053461
vt 0.365407 0.089913
vt 0.462852 0.321113
vt 0.297594 0.001750
vt 0.297594 0.015658
vt 0.302185 0.015616
vt 0.302185 0.001708
vt 0.758205 0.157965
vt 0.687577 0.142826
vt 0.326282 0.049824
vt 0.313970 0.037669
vt 0.306776 0.027825
vt 0.302002 0.028152
vt 0.326087 0.130216
vt 0.342709 0.061473
vt 0.687784 0.158893
vt 0.679973 0.158893
vt 0.759188 0.802662
vt 0.800839 0.802662
vt 0.800839 0.794512
vt 0.759188 0.794512
vt 0.499150 0.905617
vt 0.726471 0.802636
vt 0.703401 0.814956
vt 0.663133 0.056058
vt 0.210826 0.288748
vt 0.997652 0.247968
vt 0.847946 0.125156
vt 0.862774 0.147248
vt 0.806583 0.061752
vt 0.830798 0.057600
vt 0.805593 0.005432
vt 0.857894 0.093770
vt 0.791600 0.208922
vt 0.355549 0.718349
vt 0.357384 0.747928
vt 0.459772 0.716565
vt 0.692860 0.779394
vt 0.689395 0.816925
vt 0.734503 0.761228
vt 0.005064 0.191229
vt 0.135896 0.122876
vt 0.034784 0.143421
vt 0.396430 0.783849
vt 0.460021 0.802835
vt 0.573079 0.776646
vt 0.717829 0.747161
vt 0.695768 0.747158
vt 0.747850 0.680077
vt 0.619024 0.636438
vt 0.537849 0.642231
vt 0.535978 0.816563
vt 0.738413 0.702238
vt 0.716767 0.715856
vt 0.768589 0.730528
vt 0.460464 0.652874
vt 0.552782 0.701266
vt 0.396934 0.671349
vt 0.715211 0.730528
vt 0.695768 0.730528
vt 0.695677 0.730528
vt 0.476645 0.758951
vt 0.337666 0.730528
vt 0.353391 0.758259
vt 0.616687 0.825278
vt 0.738580 0.784167
vt 0.734536 0.761190
vt 0.353893 0.696921
vt 0.000684 0.750000
vt 0.000684 0.687500
vt 0.000684 0.625000
vt 0.000684 0.562500
vt 0.000684 0.500000
vt 0.243372 0.236480
vt 0.213557 0.217348
vt 0.243372 0.265179
vt 0.243372 0.246831
vt 0.243372 0.217348
vt 0.243372 0.187864
vt 0.243372 0.169517
vt 0.243372 0.207782
vt 0.264576 0.236480
vt 0.264576 0.217348
vt 0.264576 0.198215
vt 0.243372 0.198215
vt 0.264576 0.179083
vt 0.243372 0.179083
vt 0.264576 0.159951
vt 0.243372 0.159951
vt 0.243372 0.206237
vt 0.243372 0.246545
vt 0.264576 0.255612
vt 0.264576 0.274745
vt 0.243372 0.274745
vt 0.243372 0.255612
vt 0.938042 0.901110
vt 0.960707 0.894534
vt 0.913832 0.894534
vt 0.972812 0.901110
vt 0.832188 0.901110
vt 0.867731 0.901110
vt 0.866958 0.894534
vt 0.820468 0.894534
vt 0.984531 0.901110
vt 0.996250 0.894534
vt 0.820469 0.901110
vt 0.949375 0.894534
vt 0.972812 0.894534
vt 0.972812 0.868473
vt 0.937625 0.868473
vt 0.832188 0.894534
vt 0.855625 0.894534
vt 0.867382 0.868473
vt 0.832188 0.858663
vt 0.984569 0.868473
vt 0.808750 0.894534
vt 0.808750 0.868473
vt 0.902500 0.901110
vt 0.902500 0.894534
vt 0.925937 0.894534
vt 0.902500 0.868473
vt 0.879063 0.894534
vt 0.944248 0.759057
vt 0.883449 0.812756
vt 0.855625 0.838547
vt 0.972812 0.746686
vt 0.991376 0.740930
vt 0.945313 0.304649
vt 0.000637 0.875000
vt 0.206331 0.288726
vt 0.624260 0.319376
vt 0.188373 0.086501
vt 0.604378 0.287886
vt 0.297594 0.035675
vt 0.739723 0.329387
vt 0.754523 0.376653
vt 0.056089 0.315569
vt 0.550161 0.463147
vt 0.134541 0.004693
vt 0.618013 0.569641
vt 0.890726 0.400172
vt 0.575302 0.057276
vt 0.300601 0.655097
vt 0.316531 0.425257
vt 0.461992 0.380273
vt 0.084102 0.475684
vt 0.056680 0.417517
vt 0.449387 0.296728
vt 0.449387 0.275738
vt 0.465124 0.428976
vt 0.251610 0.489517
vt 0.608471 0.084325
vt 0.493928 0.193008
vt 0.125365 0.471789
vt 0.796160 0.424544
vt 0.275758 0.145032
vt 0.368747 0.208949
vt 0.894910 0.174114
vt 0.696701 0.512261
vt 0.653445 0.464366
vt 0.508275 0.913561
vt 0.878484 0.305617
vt 0.402091 0.588159
vt 0.099798 0.366459
vt 0.102477 0.431329
vt 0.251546 0.446320
vt 0.121768 0.404220
vt 0.634519 0.176202
vt 0.244061 0.408124
vt 0.501036 0.340896
vt 0.461992 0.333167
vt 0.541658 0.374651
vt 0.688589 0.060462
vt 0.516769 0.308592
vt 0.536499 0.359186
vt 0.297594 0.109766
vt 0.738516 0.702380
vt 0.072973 0.397352
vt 0.745332 0.402120
vt 0.997652 0.460551
vt 0.973602 0.066438
vt 0.332360 0.206378
vt 0.835059 0.125491
vt 0.000727 0.875000
vt 0.297594 0.060243
vt 0.323918 0.053461
vt 0.356782 0.073970
vt 0.365407 0.089913
vt 0.462852 0.321113
vt 0.806583 0.061752
vt 0.459772 0.716565
vt 0.573079 0.776646
vt 0.552782 0.701266
vt 0.460464 0.652874
vt 0.476644 0.758951
vt 0.243372 0.246831
vt 0.243372 0.187864
s 1
usemtl defaultMaterial_0.004
f 3182/1810/2052 3183/1811/2053 3184/1812/2054
f 3185/1813/2055 3186/1814/2056 3187/1815/2057
f 3185/1813/2055 3187/1815/2057 3188/1816/2058
f 3189/1817/2059 3190/1818/2060 3191/1819/2061
f 3192/1820/2062 3193/1821/2063 3252/1822/2064
f 3184/1812/2054 3196/1823/2065 3182/1810/2052
f 3199/1824/2066 3200/1825/2067 3201/1826/2068
f 3204/1827/2069 3205/1828/2070 3206/1829/2071
f 3204/1827/2069 3206/1829/2071 3207/1830/2072
f 3208/1831/2073 3209/1832/2074 3210/1833/2075
f 3208/1831/2073 3210/1833/2075 3211/1834/2076
f 3186/1814/2056 3221/1835/2077 3222/1836/2078
f 3186/1814/2056 3222/1836/2078 3187/1815/2057
f 3223/1837/2079 3210/1833/2075 3224/1838/2080
f 3223/1837/2079 3224/1838/2080 3225/1839/2081
f 3228/1840/2082 3229/1841/2083 3230/1842/2084
f 3231/1843/2085 3232/1844/2086 3233/1845/2087
f 3231/1843/2085 3233/1845/2087 3234/1846/2088
f 3239/1847/2089 3240/1848/2090 3241/1849/2091
f 3242/1850/2092 3243/1851/2093 3244/1852/2094
f 3245/1853/2095 3246/1854/2096 3247/1855/2097
f 3200/1825/2067 3250/1856/2098 3406/1857/2099
f 3200/1825/2067 3406/1857/2099 3310/1858/2100
f 3251/1859/2101 3252/1822/2064 3253/1860/2102
f 3216/1861/2103 3254/1862/2104 3255/1863/2105
f 3256/1864/2106 3248/1865/2107 3193/1821/2063
f 3256/1864/2106 3193/1821/2063 3192/1820/2062
f 3257/1866/2108 3258/1867/2109 3259/1868/2110
f 3257/1866/2108 3259/1868/2110 3260/1869/2111
f 3261/1870/2112 3216/1861/2103 3255/1863/2105
f 3262/1871/2113 3204/1827/2069 3207/1830/2072
f 3263/1872/2114 3264/1873/2115 3265/1874/2116
f 3266/1875/2117 3267/1876/2118 3268/1877/2119
f 3266/1875/2117 3268/1877/2119 3269/1878/2120
f 3270/1879/2121 3271/1880/2122 3272/1881/2123
f 3273/1882/2124 3195/1883/2125 3213/1884/2126
f 3275/1885/2127 3276/1886/2128 3264/1873/2115
f 3235/1887/2129 3236/1888/2130 3277/1889/2131
f 3278/1890/2132 3279/1891/2133 3280/1892/2134
f 3278/1890/2132 3280/1892/2134 3281/1893/2135
f 3219/1894/2136 3284/1895/2137 3285/1896/2138
f 3286/1897/2139 3254/1862/2104 3216/1861/2103
f 3287/1898/2140 3288/1899/2141 3289/1900/2142
f 3287/1898/2140 3289/1900/2142 3290/1901/2143
f 3274/1902/2144 3295/1903/2145 3296/1904/2146
f 3298/1905/2147 3299/1906/2148 3300/1907/2149
f 3298/1905/2147 3300/1907/2149 3301/1908/2150
f 3336/1909/2151 3302/1910/2152 3303/1911/2153
f 3336/1909/2151 3303/1911/2153 3304/1912/2154
f 3305/1913/2155 3306/1914/2156 3307/1915/2157
f 3305/1913/2155 3307/1915/2157 4064/1901/2158
f 3264/1873/2115 3263/1872/2114 3308/1916/2159
f 3309/1917/2160 3229/1841/2083 3310/1858/2100
f 3311/1918/2161 3272/1881/2123 3312/1919/2162
f 3252/1822/2064 3313/1920/2163 3253/1860/2102
f 3314/1921/2164 3315/1922/2165 3316/1923/2166
f 3314/1921/2164 3316/1923/2166 3317/1924/2167
s 0
f 3318/1925/2168 3319/1926/2168 3320/1925/2168
s 1
f 3259/1868/2110 4155/1914/2169 4095/1913/2170
f 3261/1870/2112 3321/1927/2171 3322/1928/2172
f 3209/1832/2074 3208/1831/2073 3238/1929/2173
f 3323/1930/2174 3324/1931/2175 3325/1932/2176
f 3323/1930/2174 3325/1932/2176 3326/1933/2177
f 3327/1934/2178 3328/1935/2179 3329/1936/2180
f 3312/1919/2162 3330/1937/2181 3311/1918/2161
f 3235/1887/2129 3256/1864/2106 3192/1820/2062
f 3215/1938/2182 3202/1939/2183 3333/1940/2184
f 3185/1813/2055 3188/1816/2058 3334/1941/2185
f 3185/1813/2055 3334/1941/2185 3335/1942/2186
f 3338/1943/2187 3339/1944/2188 4080/1899/2189
f 3338/1943/2187 4080/1899/2189 4044/1898/2190
f 3340/1945/2191 3208/1831/2073 3341/1946/2192
f 3239/1847/2089 3478/1947/2193 3342/1948/2194
f 3235/1887/2129 3192/1820/2062 3236/1888/2130
f 3326/1933/2177 3325/1932/2176 3348/1949/2195
f 3326/1933/2177 3348/1949/2195 3349/1950/2196
f 3309/1917/2160 3230/1842/2084 3229/1841/2083
f 3351/1951/2197 3352/1952/2198 3353/1953/2199
f 3336/1909/2151 3357/1954/2200 3337/1955/2201
f 3265/1874/2116 3264/1873/2115 3359/1956/2202
f 3271/1880/2122 3270/1879/2121 3360/1957/2203
f 3236/1888/2130 3361/1958/2204 3277/1889/2131
f 3261/1870/2112 3331/1959/2205 3362/1960/2206
f 3346/1961/2207 4091/1869/2208 3289/1900/2142
f 3296/1904/2146 3302/1910/2152 3336/1909/2151
f 3296/1904/2146 3336/1909/2151 3337/1955/2201
f 3193/1821/2063 3218/1962/2209 3363/1963/2210
f 3362/1960/2206 3331/1959/2205 3214/1964/2211
f 3362/1960/2206 3214/1964/2211 3215/1938/2182
f 3207/1830/2072 3206/1829/2071 3364/1965/2212
f 3182/1810/2052 3365/1966/2213 3366/1967/2214
f 3369/1968/2215 3370/1969/2216 4088/1970/2217
f 3369/1968/2215 4088/1970/2217 3371/1971/2218
f 3285/1896/2138 3372/1972/2219 3226/1973/2220
f 3373/1814/2221 3374/1974/2222 3375/1836/2223
f 3373/1814/2221 3375/1836/2223 3376/1835/2224
f 3377/1975/2225 3378/1976/2226 3379/1977/2227
f 3377/1975/2225 3379/1977/2227 3380/1978/2228
f 3284/1895/2137 3310/1858/2100 3406/1857/2099
f 4059/1891/2229 3293/1979/2230 3478/1947/2193
f 3383/1980/2231 3384/1981/2232 3303/1911/2153
f 3381/1982/2233 3385/1983/2234 3386/1984/2235
f 3387/1985/2236 3388/1986/2237 3389/1987/2238
f 3301/1908/2150 3300/1907/2149 3390/1988/2239
f 3255/1863/2105 3321/1927/2171 3261/1870/2112
f 3386/1984/2235 3365/1966/2213 3381/1982/2233
f 3391/1989/2240 3392/1990/2241 3393/1991/2242
f 3201/1826/2068 3347/1992/2243 3209/1832/2074
f 3394/1993/2244 3376/1835/2224 3375/1836/2223
f 3394/1993/2244 3375/1836/2223 3395/1994/2245
f 4072/1995/2246 4093/1880/2247 3329/1936/2180
f 3264/1873/2115 3308/1916/2159 3398/1996/2248
f 3184/1812/2054 3358/1997/2249 3284/1895/2137
f 3184/1812/2054 3284/1895/2137 3219/1894/2136
f 4091/1869/2208 3305/1913/2155 4064/1901/2158
f 4091/1869/2208 4064/1901/2158 3289/1900/2142
f 3261/1870/2112 3399/1998/2250 3216/1861/2103
f 3400/1999/2251 3401/2000/2252 3402/2001/2253
f 3287/1898/2140 3290/1901/2143 4098/1915/2254
f 3287/1898/2140 4098/1915/2254 3403/2002/2255
f 3404/2003/2256 3264/1873/2115 3405/2004/2257
f 3352/1952/2198 3368/2005/2258 3315/1922/2165
f 3352/1952/2198 3315/1922/2165 3314/1921/2164
f 3408/2006/2259 3409/2007/2260 3410/2008/2261
f 3408/2006/2259 3410/2008/2261 3411/2009/2262
f 3412/1845/2263 3413/1844/2264 3414/1843/2265
f 3412/1845/2263 3414/1843/2265 3415/1846/2266
f 3343/2010/2267 3399/1998/2250 3362/1960/2206
f 3417/2011/2268 3264/1873/2115 3276/1886/2128
f 3370/1969/2216 3418/2012/2269 4067/1828/2270
f 3370/1969/2216 4067/1828/2270 4088/1970/2217
f 3264/1873/2115 3417/2011/2268 3359/1956/2202
f 3192/1820/2062 3252/1822/2064 3251/1859/2101
f 3264/1873/2115 3404/2003/2256 3275/1885/2127
f 3274/1902/2144 4058/2013/2271 3337/1955/2201
f 3293/1979/2230 3292/2014/2272 3478/1947/2193
f 3264/1873/2115 3419/2015/2273 3420/2016/2274
f 3421/2017/2275 3422/2018/2276 3358/1997/2249
f 3236/1888/2130 3282/2019/2277 3249/2020/2278
f 3192/1820/2062 3251/1859/2101 3416/2021/2279
f 3192/1820/2062 3416/2021/2279 3283/2022/2280
f 3288/1899/2141 4076/1971/2281 3346/1961/2207
f 3288/1899/2141 3346/1961/2207 3289/1900/2142
f 3268/1877/2119 3277/1889/2131 3423/2023/2282
f 3264/1873/2115 3398/1996/2248 3419/2015/2273
f 3270/1879/2121 3425/2024/2283 4060/1957/2284
f 3362/1960/2206 3333/1940/2184 3426/2025/2285
f 3415/1846/2266 3414/1843/2265 3427/2026/2286
f 3415/1846/2266 3427/2026/2286 3428/2027/2287
f 3264/1873/2115 3420/2016/2274 3405/2004/2257
f 3214/1964/2211 3332/2028/2288 3294/2029/2289
s 0
f 3429/2030/2168 3430/2031/2168 3319/1926/2168
s 1
f 3432/1993/2290 3233/1845/2087 3232/1844/2086
f 3432/1993/2290 3232/1844/2086 3433/1994/2291
f 3294/2029/2289 3332/2028/2288 3291/2032/2292
f 4076/1971/2281 3262/1871/2113 3207/1830/2072
f 4076/1971/2281 3207/1830/2072 3346/1961/2207
f 3434/2033/2293 3435/2034/2294 3436/2035/2295
f 3434/2033/2293 3436/2035/2295 3437/2036/2296
f 3339/1944/2188 3369/1968/2215 3371/1971/2218
f 3339/1944/2188 3371/1971/2218 4080/1899/2189
f 3249/2020/2278 3297/2037/2297 3438/2038/2298
f 3200/1825/2067 3310/1858/2100 3201/1826/2068
f 3332/2028/2288 3214/1964/2211 3331/1959/2205
f 3309/1917/2160 3310/1858/2100 3358/1997/2249
f 3243/1851/2093 3350/2039/2299 3439/2040/2300
f 3243/1851/2093 3439/2040/2300 3244/1852/2094
f 3440/2041/2301 3441/2042/2302 3442/2043/2303
f 3354/2044/2304 3355/2045/2305 3431/2046/2306
f 3354/2044/2304 3431/2046/2306 3203/2047/2307
f 3396/2048/2308 3397/2049/2309 3443/2050/2310
f 3396/2048/2308 3443/2050/2310 3444/2051/2311
f 3445/2052/2312 3324/1931/2175 3323/1930/2174
f 3446/2053/2313 3239/1847/2089 3241/1849/2091
f 3350/2039/2299 3447/2054/2314 3309/1917/2160
f 4072/1995/2246 3329/1936/2180 4062/2055/2315
f 3282/2019/2277 3283/2022/2280 3291/2032/2292
f 3440/2041/2301 4089/2043/2316 3448/2056/2317
f 3440/2041/2301 3448/2056/2317 3449/2057/2318
f 3381/1982/2233 3365/1966/2213 3382/2058/2319
f 3450/2059/2320 3238/1929/2173 3208/1831/2073
f 3450/2059/2320 3208/1831/2073 3340/1945/2191
f 3294/2029/2289 3203/2047/2307 3215/1938/2182
f 3409/2007/2260 3451/2060/2321 3452/2061/2322
f 3409/2007/2260 3452/2061/2322 3410/2008/2261
f 3202/1939/2183 3215/1938/2182 3203/2047/2307
f 3444/2051/2311 3443/2050/2310 3453/2062/2323
s 0
f 3454/2063/2168 3455/2064/2168 3456/2065/2168
s 1
f 3457/2066/2324 3239/1847/2089 3342/1948/2194
f 3402/2001/2253 3458/2067/2325 3400/1999/2251
f 3332/2028/2288 3438/2038/2298 3297/2037/2297
f 3274/1902/2144 3459/2068/2326 3295/1903/2145
f 3387/1985/2236 3195/1883/2125 3388/1986/2237
f 4095/1913/2170 3260/1869/2111 3259/1868/2110
f 3215/1938/2182 3214/1964/2211 3294/2029/2289
f 3460/2069/2327 3441/2042/2302 3440/2041/2301
f 3460/2069/2327 3440/2041/2301 3461/2070/2328
f 4062/2055/2315 3329/1936/2180 3328/1935/2179
f 3310/1858/2100 3284/1895/2137 3358/1997/2249
f 3302/1910/2152 3296/1904/2146 3295/1903/2145
f 3302/1910/2152 3295/1903/2145 3462/2071/2329
f 3356/2072/2330 3258/1867/2109 3207/1830/2072
f 3378/1976/2226 3377/1975/2225 3463/2073/2331
f 3218/1962/2209 3193/1821/2063 3248/1865/2107
f 3389/1987/2238 3286/1897/2139 3216/1861/2103
f 3464/2074/2332 3465/2075/2333 3309/1917/2160
f 3383/1980/2231 3303/1911/2153 3302/1910/2152
f 3466/2076/2334 3467/2077/2335 3468/2078/2336
f 3381/1982/2233 3469/2079/2337 3385/1983/2234
f 3391/1989/2240 3390/1988/2239 3392/1990/2241
f 3237/2080/2338 3277/1889/2131 4092/1876/2339
f 3426/2025/2285 3343/2010/2267 3362/1960/2206
f 3217/2081/2340 3363/1963/2210 3218/1962/2209
f 3416/2021/2279 3354/2044/2304 3203/2047/2307
f 3195/1883/2125 3226/1973/2220 3388/1986/2237
f 3348/1949/2195 3473/2082/2341 3349/1950/2196
f 3274/1902/2144 3296/1904/2146 4058/2013/2271
f 3250/1856/2098 3474/2083/2342 3407/2084/2343
f 3250/1856/2098 3407/2084/2343 3406/1857/2099
f 3475/2085/2344 3470/2086/2345 3227/2087/2346
f 3476/2088/2347 4155/1914/2169 3259/1868/2110
s 0
f 3477/2089/2168 3455/2064/2168 3454/2063/2168
s 1
f 3479/2090/2348 3480/2091/2349 3481/2092/2350
f 3195/1883/2125 3387/1985/2236 3213/1884/2126
f 3380/1978/2228 4077/2093/2351 3482/2094/2352
f 3380/1978/2228 3482/2094/2352 3483/2095/2353
f 3399/1998/2250 3261/1870/2112 3362/1960/2206
s 0
f 3319/1926/2168 3456/2065/2168 3455/2064/2168
s 1
f 3422/2018/2276 3309/1917/2160 3358/1997/2249
f 3322/1928/2172 3332/2028/2288 3331/1959/2205
f 3322/1928/2172 3331/1959/2205 3261/1870/2112
f 3407/2084/2343 3389/1987/2238 3372/1972/2219
f 3484/2096/2354 3344/2097/2355 3485/2098/2356
f 3450/2059/2320 3340/1945/2191 3268/1877/2119
f 3450/2059/2320 3268/1877/2119 3423/2023/2282
f 3336/1909/2151 3785/2099/2357 3357/1954/2200
f 3237/2080/2338 3486/2100/2358 3487/2101/2359
f 3460/2069/2327 3461/2070/2328 3488/2102/2360
f 3251/1859/2101 3354/2044/2304 3416/2021/2279
f 3462/2071/2329 3383/1980/2231 3302/1910/2152
f 3195/1883/2125 3194/2103/2361 3475/2085/2344
f 3195/1883/2125 3475/2085/2344 3227/2087/2346
f 3220/2104/2362 3219/1894/2136 3470/2086/2345
s 0
f 3429/2030/2168 3319/1926/2168 3424/2105/2168
s 1
f 3344/2097/2355 3484/2096/2354 3243/1851/2093
f 3489/1942/2363 3490/2106/2364 3491/2107/2365
f 3489/1942/2363 3491/2107/2365 3492/2108/2366
f 3474/2083/2342 3389/1987/2238 3407/2084/2343
f 4041/2060/2367 3493/2109/2368 3494/2110/2369
f 3399/1998/2250 3343/2010/2267 3213/1884/2126
f 3249/2020/2278 3282/2019/2277 3291/2032/2292
f 3249/2020/2278 3291/2032/2292 3297/2037/2297
f 3312/1919/2162 3272/1881/2123 3271/1880/2122
f 3192/1820/2062 3283/2022/2280 3282/2019/2277
f 3444/2051/2311 3496/2111/2370 3497/2112/2371
f 3407/2084/2343 3372/1972/2219 3285/1896/2138
f 3498/2113/2372 3499/2114/2373 4136/2115/2374
f 3498/2113/2372 4136/2115/2374 4063/2116/2375
f 3465/2075/2333 3439/2040/2300 3350/2039/2299
f 3391/1989/2240 3301/1908/2150 3390/1988/2239
f 3500/2117/2376 3501/2118/2377 4071/2119/2378
f 3500/2117/2376 4071/2119/2378 4083/2120/2379
f 3379/1977/2227 3189/1817/2059 3191/1819/2061
f 3379/1977/2227 3191/1819/2061 3380/1978/2228
f 3283/2022/2280 3416/2021/2279 3203/2047/2307
f 3283/2022/2280 3203/2047/2307 3291/2032/2292
f 4092/1876/2339 3486/2100/2358 3237/2080/2338
f 3499/2114/2373 3502/2121/2380 3326/1933/2177
f 3499/2114/2373 3326/1933/2177 4136/2115/2374
f 3453/2062/2323 3443/2050/2310 3324/1931/2175
f 3453/2062/2323 3324/1931/2175 3445/2052/2312
f 3338/1943/2187 4044/1898/2190 4045/2002/2381
f 3338/1943/2187 4045/2002/2381 3503/2122/2382
f 3453/2062/2323 3496/2111/2370 3444/2051/2311
f 3277/1889/2131 3361/1958/2204 3504/2123/2383
f 3487/2101/2359 3486/2100/2358 3190/1818/2060
f 3487/2101/2359 3190/1818/2060 3189/1817/2059
f 3326/1933/2177 3502/2121/2380 3505/2124/2384
f 3194/2103/2361 3195/1883/2125 3273/1882/2124
f 3392/1990/2241 3506/2125/2385 3393/1991/2242
f 3501/2118/2377 3507/2126/2386 4078/2127/2387
f 3501/2118/2377 4078/2127/2387 4071/2119/2378
f 4050/2100/2388 3266/1875/2117 3482/2094/2352
f 4050/2100/2388 3482/2094/2352 4077/2093/2351
f 3286/1897/2139 3389/1987/2238 3474/2083/2342
f 3323/1930/2174 3326/1933/2177 3505/2124/2384
f 3377/1975/2225 3380/1978/2228 3483/2095/2353
f 3497/2112/2371 3500/2117/2376 4083/2120/2379
f 3497/2112/2371 4083/2120/2379 3444/2051/2311
f 3399/1998/2250 3213/1884/2126 3216/1861/2103
f 3268/1877/2119 4092/1876/2339 3277/1889/2131
f 3268/1877/2119 3340/1945/2191 3269/1878/2120
f 3252/1822/2064 3193/1821/2063 3363/1963/2210
f 3252/1822/2064 3363/1963/2210 3313/1920/2163
f 3199/1824/2066 3201/1826/2068 3238/1929/2173
f 4063/2116/2375 4079/2082/2387 3508/2128/2389
f 4063/2116/2375 3508/2128/2389 3498/2113/2372
f 3273/1882/2124 3213/1884/2126 3212/2129/2390
f 3240/1848/2090 3239/1847/2089 3344/2097/2355
f 3361/1958/2204 3236/1888/2130 3249/2020/2278
f 3228/1840/2082 3293/1979/2230 3229/1841/2083
f 3373/1814/2221 3509/1813/2391 3510/2130/2392
f 3373/1814/2221 3510/2130/2392 3374/1974/2222
f 3479/2090/2348 3481/2092/2350 3511/2131/2393
f 3479/2090/2348 3511/2131/2393 3512/2132/2394
f 3315/1922/2165 3368/2005/2258 3513/2133/2395
f 3209/1832/2074 3224/1838/2080 3210/1833/2075
f 3332/2028/2288 3297/2037/2297 3291/2032/2292
f 3490/2106/2364 3335/1942/2186 3334/1941/2185
f 3490/2106/2364 3334/1941/2185 3491/2107/2365
f 3388/1986/2237 3372/1972/2219 3389/1987/2238
f 3343/2010/2267 3212/2129/2390 3213/1884/2126
f 3241/1849/2091 3514/2134/2396 3446/2053/2313
f 3510/2130/2392 3515/2135/2397 3374/1974/2222
f 3421/2017/2275 3184/1812/2054 3183/1811/2053
f 3208/1831/2073 3211/1834/2076 3341/1946/2192
f 3387/1985/2236 3216/1861/2103 3213/1884/2126
f 3516/2136/2398 3517/2137/2399 3518/2138/2400
f 3519/2139/2401 3520/2140/2402 3521/2141/2403
f 3519/2139/2401 3521/2141/2403 3522/2142/2404
f 3428/2027/2287 3427/2026/2286 3231/1843/2085
f 3428/2027/2287 3231/1843/2085 3234/1846/2088
f 3520/2140/2402 3523/2143/2405 3521/2141/2403
f 3197/2144/2406 3397/2049/2309 3396/2048/2308
f 3520/2140/2402 3460/2069/2327 3488/2102/2360
f 3520/2140/2402 3488/2102/2360 3523/2143/2405
f 3366/1967/2214 3365/1966/2213 3386/1984/2235
f 3245/1853/2095 3519/2139/2401 3522/2142/2404
f 3245/1853/2095 3522/2142/2404 3246/1854/2096
f 3525/2145/2407 3526/2146/2408 3527/2147/2409
f 3525/2145/2407 3527/2147/2409 3528/2148/2410
f 3529/1948/2411 3530/2149/2412 3886/2150/2413
f 4087/1854/2414 3522/2142/2404 3531/2151/2415
f 4087/1854/2414 3531/2151/2415 3532/2152/2416
f 3354/2044/2304 3251/1859/2101 3253/1860/2102
f 3354/2044/2304 3253/1860/2102 3355/2045/2305
f 3533/2153/2417 3527/2147/2409 3526/2146/2408
f 3533/2153/2417 3526/2146/2408 4113/2154/2418
f 3267/1876/2118 3266/1875/2117 4050/2100/2388
f 3461/2070/2328 3440/2041/2301 3534/2155/2419
f 3489/1942/2363 3492/2108/2366 3510/2130/2392
f 3489/1942/2363 3510/2130/2392 3509/1813/2391
f 3440/2041/2301 3449/2057/2318 3534/2155/2419
f 4113/2154/2418 4087/1854/2414 3532/2152/2416
f 4113/2154/2418 3532/2152/2416 3533/2153/2417
f 3522/2142/2404 3521/2141/2403 3535/2156/2420
f 3281/1893/2135 3280/1892/2134 4042/2157/2421
f 3281/1893/2135 4042/2157/2421 3536/2158/2422
f 3343/2010/2267 3426/2025/2285 3212/2129/2390
f 3412/1845/2263 3394/1993/2244 3395/1994/2245
f 3412/1845/2263 3395/1994/2245 3413/1844/2264
f 3522/2142/2404 3535/2156/2420 3531/2151/2415
f 3485/2098/2356 3344/2097/2355 3457/2066/2324
f 3381/1982/2233 3242/1850/2092 3469/2079/2337
s 0
f 3430/2031/2168 3456/2065/2168 3319/1926/2168
s 1
f 3312/1919/2162 4101/1935/2423 3537/2159/2424
f 3312/1919/2162 3537/2159/2424 3330/1937/2181
f 3333/1940/2184 3362/1960/2206 3215/1938/2182
f 4154/2159/2425 3538/2160/2426 3539/2161/2427
f 4154/2159/2425 3539/2161/2427 3540/2162/2428
f 3541/2163/2429 3393/1991/2242 3506/2125/2385
f 4073/1937/2430 4154/2159/2425 3540/2162/2428
f 4073/1937/2430 3540/2162/2428 3542/2164/2431
f 3478/1947/2193 3239/1847/2089 3446/2053/2313
f 3311/1918/2432 4073/1937/2430 3542/2164/2431
f 3311/1918/2432 3542/2164/2431 3543/2165/2433
f 3270/1879/2121 3272/1881/2123 3425/2024/2283
f 3347/1992/2243 3201/1826/2068 3229/1841/2083
f 4101/1935/2423 4081/1934/2434 4107/2160/2435
f 4101/1935/2423 4107/2160/2435 3537/2159/2424
f 3237/2080/2338 3235/1887/2129 3277/1889/2131
f 3299/1906/2148 3298/1905/2147 4060/1957/2284
f 3299/1906/2148 4060/1957/2284 3425/2024/2283
f 3432/1993/2290 3433/1994/2291 3222/1836/2078
f 3432/1993/2290 3222/1836/2078 3221/1835/2077
f 3337/1955/2201 3357/1954/2200 3524/2166/2436
f 3337/1955/2201 3524/2166/2436 3274/1902/2144
f 3192/1820/2062 3282/2019/2277 3236/1888/2130
f 3545/2167/2437 3248/1865/2107 3256/1864/2106
f 3546/2168/2438 3547/1810/2439 3365/1966/2213
f 3223/1837/2079 3225/1839/2081 3279/1891/2133
f 3223/1837/2079 3279/1891/2133 3278/1890/2132
f 3229/1841/2083 4059/1891/2229 4069/1839/2440
f 3216/1861/2103 3387/1985/2236 3389/1987/2238
f 3347/1992/2243 3229/1841/2083 4069/1839/2440
f 3226/1973/2220 3195/1883/2125 3227/2087/2346
f 3438/2038/2298 3332/2028/2288 3322/1928/2172
f 3516/2136/2398 3518/2138/2400 3544/2169/2441
f 3242/1850/2092 3381/1982/2233 3345/2170/2442
f 3548/2171/2443 3549/2172/2444 3550/2173/2445
f 3548/2171/2443 3551/2174/2446 3549/2172/2444
f 3345/2170/2442 3344/2097/2355 3242/1850/2092
f 3183/1811/2053 3182/1810/2052 3366/1967/2214
f 3230/1842/2084 3309/1917/2160 3554/2175/2447
f 3472/2176/2448 3552/2177/2449 3471/2178/2450
f 3546/2168/2438 3182/1810/2052 3196/1823/2065
f 3291/2032/2292 3203/2047/2307 3294/2029/2289
f 3209/1832/2074 3238/1929/2173 3201/1826/2068
f 3556/2179/2451 3558/2180/2452 3557/2181/2453
f 3257/1866/2108 3207/1830/2072 3258/1867/2109
f 3364/1965/2212 3356/2072/2330 3207/1830/2072
f 3388/1986/2237 3226/1973/2220 3372/1972/2219
f 3559/2182/2454 3368/2005/2258 3351/1951/2197
f 3513/2133/2395 3560/2183/2455 3316/1923/2166
f 3513/2133/2395 3316/1923/2166 3315/1922/2165
f 3367/2184/2456 3513/2133/2395 3368/2005/2258
f 3553/2185/2457 3561/2186/2458 3562/2187/2459
f 3565/2188/2460 3566/2189/2461 3557/2181/2453
f 3468/2078/2336 3467/2077/2335 3495/2190/2462
f 3568/2191/2463 3563/2192/2464 3466/2076/2334
f 3562/2187/2459 3556/2179/2451 3566/2189/2461
f 3562/2187/2459 3570/2193/2465 3556/2179/2451
f 3468/2078/2336 3568/2191/2463 3466/2076/2334
f 4096/2194/2466 3572/2195/2467 3573/2196/2468
f 3467/2077/2335 3466/2076/2334 4114/2195/2469
f 3466/2076/2334 3564/2197/2470 3569/2198/2471
f 3564/2197/2470 3574/2199/2472 3569/2198/2471
f 3574/2199/2472 3472/2176/2448 3471/2178/2450
f 3576/2200/2473 3577/2201/2474 3566/2189/2461
f 3576/2200/2473 3566/2189/2461 3565/2188/2460
f 4055/2200/2475 4112/2188/2476 3573/2196/2468
f 3578/2202/2477 3562/2187/2459 3566/2189/2461
f 3578/2202/2477 3555/2203/2478 3562/2187/2459
f 3471/2178/2450 3552/2177/2449 3555/2203/2478
f 3575/2204/2479 3579/2205/2480 3552/2177/2449
f 3579/2205/2480 3553/2185/2457 3552/2177/2449
f 3570/2193/2465 3562/2187/2459 3561/2186/2458
f 3571/2206/2481 3556/2179/2451 3570/2193/2465
f 3558/2180/2452 3556/2179/2451 3571/2206/2481
f 3567/2207/2482 3557/2181/2453 3558/2180/2452
s 0
f 4115/2196/2483 4110/2208/2483 4066/2207/2483
s 1
f 3575/2204/2479 3552/2177/2449 3472/2176/2448
f 3553/2185/2457 3555/2203/2478 3552/2177/2449
f 3562/2187/2459 3555/2203/2478 3553/2185/2457
f 3557/2181/2453 3566/2189/2461 3556/2179/2451
f 3573/2196/2468 4112/2188/2476 4111/2208/2484
f 4116/2196/2485 3495/2190/2462 3467/2077/2335
f 3466/2076/2334 3563/2192/2464 3564/2197/2470
f 3472/2176/2448 3574/2199/2472 3580/2209/2486
f 3575/2204/2479 3472/2176/2448 3580/2209/2486
f 3573/2196/2468 3572/2195/2467 4055/2200/2475
f 4056/2200/2487 4114/2195/2469 3466/2076/2334
f 4056/2200/2487 3466/2076/2334 4143/2201/2488
f 3578/2202/2477 3466/2076/2334 3569/2198/2471
f 3581/2210/2489 3187/1815/2057 3222/1836/2078
f 3582/2211/2490 3581/2210/2489 3222/1836/2078
f 3582/2211/2490 3222/1836/2078 4043/1994/2491
f 3583/2212/2492 3582/2211/2490 4043/1994/2491
f 3583/2212/2492 4043/1994/2491 4068/1844/2493
f 3584/2213/2494 3583/2212/2492 4068/1844/2493
f 3584/2213/2494 4068/1844/2493 4049/1843/2495
f 4049/1843/2495 4122/2026/2496 3585/2214/2497
f 4049/1843/2495 3585/2214/2497 3584/2213/2494
f 4122/2026/2496 4065/1843/2498 3586/2213/2499
f 4122/2026/2496 3586/2213/2499 3585/2214/2497
f 3587/2215/2500 3588/2216/2501 3589/2217/2502
f 3589/2217/2502 3588/2216/2501 3590/2218/2503
f 3591/2219/2504 3590/2218/2503 3588/2216/2501
f 3592/2220/2505 3591/2219/2504 3588/2216/2501
f 3592/2220/2505 3588/2216/2501 3593/2221/2506
f 3593/2221/2506 3588/2216/2501 3594/2222/2507
f 3594/2222/2507 3588/2216/2501 3587/2215/2500
f 4065/1843/2498 4097/1844/2508 3595/2212/2509
f 4065/1843/2498 3595/2212/2509 3586/2213/2499
f 4097/1844/2508 4090/1994/2510 3596/2211/2511
f 4097/1844/2508 3596/2211/2511 3595/2212/2509
f 4090/1994/2510 4048/1836/2512 3597/2210/2513
f 4090/1994/2510 3597/2210/2513 3596/2211/2511
f 4048/1836/2512 3374/1974/2222 3515/2135/2397
f 4048/1836/2512 3515/2135/2397 3597/2210/2513
f 3598/2223/2514 3599/2224/2515 4124/2219/2516
f 3598/2223/2514 4124/2219/2516 4117/2215/2517
f 3599/2224/2515 3600/2225/2518 4123/2226/2519
f 3599/2224/2515 4123/2226/2519 4124/2219/2516
f 3600/2225/2518 3601/2227/2520 4121/2228/2521
f 3600/2225/2518 4121/2228/2521 4123/2226/2519
f 3601/2227/2520 3602/2229/2522 4120/2230/2523
f 3601/2227/2520 4120/2230/2523 4121/2228/2521
f 3602/2229/2522 3603/2227/2524 4119/2228/2525
f 3602/2229/2522 4119/2228/2525 4120/2230/2523
f 3603/2227/2524 3604/2225/2526 4118/2231/2527
f 3603/2227/2524 4118/2231/2527 4119/2228/2525
f 3604/2225/2526 3605/2224/2528 4118/2231/2527
f 3605/2224/2528 3606/2223/2529 4085/2232/2530
f 3605/2224/2528 4085/2232/2530 4118/2231/2527
f 3606/2223/2529 3607/2233/2531 4085/2232/2530
f 3607/2233/2531 3608/2234/2532 4094/2235/2533
f 3607/2233/2531 4094/2235/2533 4085/2232/2530
f 3608/2234/2532 3609/2233/2534 4086/2236/2535
f 3608/2234/2532 4086/2236/2535 4094/2235/2533
f 3609/2233/2534 3598/2223/2514 4117/2215/2517
f 3609/2233/2534 4117/2215/2517 4086/2236/2535
f 3471/2178/2450 3569/2198/2471 3574/2199/2472
f 3569/2198/2471 3471/2178/2450 3578/2202/2477
f 3471/2178/2450 3555/2203/2478 3578/2202/2477
f 3465/2075/2333 3350/2039/2299 3309/1917/2160
f 3219/1894/2136 3285/1896/2138 3226/1973/2220
f 3219/1894/2136 3226/1973/2220 3227/2087/2346
f 3219/1894/2136 3196/1823/2065 3184/1812/2054
f 3227/2087/2346 3470/2086/2345 3219/1894/2136
f 3285/1896/2138 3284/1895/2137 3406/1857/2099
f 3285/1896/2138 3406/1857/2099 3407/2084/2343
f 3293/1979/2230 4059/1891/2229 3229/1841/2083
f 3184/1812/2054 3421/2017/2275 3358/1997/2249
f 3309/1917/2160 3422/2018/2276 3464/2074/2332
f 3493/2109/2368 3446/2053/2313 3514/2134/2396
f 3309/1917/2160 3447/2054/2314 3554/2175/2447
f 3344/2097/2355 3239/1847/2089 3457/2066/2324
f 3411/2009/2262 3536/2158/2422 4042/2157/2421
f 3411/2009/2262 4042/2157/2421 3408/2006/2259
f 3480/2091/2349 3401/2000/2252 3400/1999/2251
f 3368/2005/2258 3352/1952/2198 3351/1951/2197
f 3203/2047/2307 3431/2046/2306 3202/1939/2183
f 3344/2097/2355 3243/1851/2093 3242/1850/2092
f 3610/2237/2536 3611/2238/2537 3612/2239/2538
f 3610/2237/2536 3615/2240/2539 3611/2238/2537
f 3616/2241/2540 3613/2242/2541 3614/2243/2542
f 3616/2241/2540 3614/2243/2542 3617/2244/2543
f 3615/2240/2539 3618/2245/2544 3619/2246/2545
f 3615/2240/2539 3619/2246/2545 3611/2238/2537
f 3620/2247/2546 3616/2241/2540 3617/2244/2543
f 4084/2248/2547 4127/2249/2548 3621/2250/2549
f 4084/2248/2547 3621/2250/2549 3622/2251/2550
f 4149/2252/2551 4061/2253/2552 3625/2254/2553
f 4149/2252/2551 3625/2254/2553 3626/2255/2554
f 4127/2249/2548 4129/2246/2555 3627/2256/2556
f 4127/2249/2548 3627/2256/2556 3621/2250/2549
f 4130/2257/2557 4149/2252/2551 3626/2255/2554
f 4130/2257/2557 3626/2255/2554 3628/2258/2558
f 3613/2242/2541 3631/2259/2559 3612/2239/2538
f 3613/2242/2541 3612/2239/2538 3614/2243/2542
f 3631/2259/2559 3610/2237/2536 3612/2239/2538
f 4054/2260/2560 4125/2261/2561 3622/2251/2550
f 4054/2260/2560 3622/2251/2550 3632/2262/2562
f 4108/2263/2563 4054/2260/2560 3632/2262/2562
f 4108/2263/2563 3632/2262/2562 3625/2254/2553
f 4125/2261/2561 4084/2248/2547 3622/2251/2550
f 4061/2253/2552 4108/2263/2563 3625/2254/2553
f 3632/2262/2562 3622/2251/2550 3629/2264/2564
f 3632/2262/2562 3629/2264/2564 3630/2265/2565
f 3626/2255/2554 3625/2254/2553 3633/2266/2566
f 3622/2251/2550 3621/2250/2549 3624/2267/2567
f 3622/2251/2550 3624/2267/2567 3629/2264/2564
f 3625/2254/2553 3630/2265/2565 3633/2266/2566
f 3621/2250/2549 3627/2256/2556 3623/2268/2568
f 3621/2250/2549 3623/2268/2568 3624/2267/2567
f 3625/2254/2553 3632/2262/2562 3630/2265/2565
f 3518/2138/2400 3551/2174/2446 3548/2171/2443
f 3551/2174/2446 3518/2138/2400 3517/2137/2399
f 4041/2060/2367 3446/2053/2313 3493/2109/2368
f 3478/1947/2193 3292/2014/2272 3342/1948/2194
f 3365/1966/2213 3182/1810/2052 3546/2168/2438
f 3310/1858/2100 3229/1841/2083 3201/1826/2068
f 3220/2104/2362 3196/1823/2065 3219/1894/2136
f 3634/2269/2569 3635/1811/2570 3547/1810/2439
f 3636/1813/2571 3637/2270/2572 3638/1815/2573
f 3636/1813/2571 3638/1815/2573 3639/1814/2574
f 3640/1819/2575 3641/1818/2576 3642/1817/2577
f 3643/1820/2578 3699/1822/2579 3644/2271/2580
f 3547/1810/2439 3646/1823/2581 3634/2269/2569
f 3649/2272/2582 3650/1825/2583 3651/1824/2584
f 3653/1827/2585 3654/2273/2586 3655/1829/2587
f 3653/1827/2585 3655/1829/2587 3656/1828/2588
f 3657/2274/2589 3658/1834/2590 3659/1833/2591
f 3639/1814/2574 3638/1815/2573 3667/1836/2592
f 3639/1814/2574 3667/1836/2592 3668/1835/2593
f 3670/1837/2594 3671/1839/2595 3672/1838/2596
f 3670/1837/2594 3672/1838/2596 3659/1833/2591
f 3675/1842/2597 3676/1841/2598 3677/1840/2599
f 3678/1843/2600 3679/1846/2601 3680/1845/2602
f 3678/1843/2600 3680/1845/2602 3681/1844/2603
f 3686/1849/2604 3687/1848/2605 3688/1847/2606
f 3689/1852/2607 3690/1851/2608 3691/1850/2609
f 3692/2275/2610 3693/1855/2611 3694/1854/2612
f 3650/1825/2583 3748/2276/2613 3829/2277/2614
f 3650/1825/2583 3829/2277/2614 3697/1856/2615
f 3698/2278/2616 3253/1860/2102 3699/1822/2579
f 3700/1863/2617 3701/1862/2618 3663/2279/2619
f 3702/1866/2620 3703/1869/2621 3704/2280/2622
f 3705/1870/2623 3700/1863/2617 3663/2279/2619
f 3706/1871/2624 3654/2273/2586 3653/1827/2585
f 3707/1874/2268 3708/1873/2625 3709/1872/2128
f 3710/1875/2626 3711/1878/2627 3712/1877/2628
f 3710/1875/2626 3712/1877/2628 3713/1876/2629
f 3714/1881/2630 3715/1880/2631 3716/1879/2632
f 3273/1882/2124 3660/2281/2633 3645/1883/2634
f 3708/1873/2625 3718/1886/2114 3719/1885/2635
f 3720/1889/2636 3683/1888/2637 3682/1887/2638
f 3721/1890/2639 3722/1893/2640 3723/1892/2641
f 3721/1890/2639 3723/1892/2641 3724/1891/2642
f 3665/1894/2643 3727/2282/2644 3728/1895/2645
f 3663/2279/2619 3701/1862/2618 3729/1897/2646
f 3730/1898/2647 3731/1901/2648 3732/1900/2649
f 3730/1898/2647 3732/1900/2649 3733/1899/2650
f 3717/2283/2651 3737/1904/2652 3738/1903/2653
f 3740/1905/2654 3741/1908/2655 3742/1907/2656
f 3740/1905/2654 3742/1907/2656 3743/1906/2657
f 3746/1913/2658 4082/1901/2659 3307/1915/2157
f 3746/1913/2658 3307/1915/2157 3306/1914/2156
f 3747/1916/2660 3709/1872/2128 3708/1873/2625
f 3748/2276/2613 3676/1841/2598 3749/1917/2661
f 3750/1919/2662 3714/1881/2630 3751/1918/2663
f 3699/1822/2579 3253/1860/2102 3313/1920/2163
f 3752/1921/2664 3317/1924/2167 3316/1923/2166
s 0
f 3320/1925/2168 3319/1926/2168 3753/2284/2168
s 1
f 4146/1913/2665 4155/1914/2169 3476/2088/2347
f 3705/1870/2623 3754/2285/2666 3755/1927/2667
f 3756/1930/2668 3757/1933/2669 3758/1932/2670
f 3756/1930/2668 3758/1932/2670 3759/2286/2671
f 3329/1936/2180 3760/1935/2672 3327/1934/2178
f 3750/1919/2662 3751/1918/2663 3761/1937/2673
f 3643/1820/2578 3644/2271/2580 3682/1887/2638
f 3662/2287/2674 3333/1940/2184 3202/1939/2183
f 3662/2287/2674 3202/1939/2183 3652/2288/2675
f 3636/1813/2571 3764/1942/2676 3765/1941/2677
f 3636/1813/2571 3765/1941/2677 3637/2270/2572
f 3644/2271/2580 3699/1822/2579 3363/1963/2210
f 3767/1943/2678 4057/1898/2679 4144/1899/2680
f 3767/1943/2678 4144/1899/2680 3768/1944/2681
f 3769/2289/2682 3770/2290/2683 3771/1946/2684
f 3769/2289/2682 3771/1946/2684 3657/2274/2589
f 3529/1948/2411 3886/2150/2413 3688/1847/2606
f 3683/1888/2637 3643/1820/2578 3682/1887/2638
f 3757/1933/2669 3777/2291/2685 3778/1949/2686
f 3757/1933/2669 3778/1949/2686 3758/1932/2670
f 3676/1841/2598 3675/1842/2597 3749/1917/2661
f 3780/1953/2687 3781/1952/2688 3782/1951/2689
f 3787/1956/2202 3708/1873/2625 3707/1874/2268
f 3788/1957/2690 3716/1879/2632 3715/1880/2631
f 3720/1889/2636 3789/1958/2691 3683/1888/2637
f 3705/1870/2623 3790/1960/2692 3762/2292/2693
f 3775/1961/2694 3732/1900/2649 4134/1869/2695
f 3737/1904/2652 3766/2293/2696 3745/2294/2697
f 3790/1960/2692 3662/2287/2674 3661/2295/2698
f 3790/1960/2692 3661/2295/2698 3762/2292/2693
f 3791/1965/2699 3655/1829/2587 3654/2273/2586
f 3792/1967/2700 3365/1966/2213 3547/1810/2439
f 3795/1968/2701 3796/1971/2702 4070/1970/2703
f 3795/1968/2701 4070/1970/2703 3797/1969/2704
f 3673/1973/2705 3798/2296/2706 3727/2282/2644
f 3799/1814/2707 3800/1835/2708 3801/1836/2709
f 3799/1814/2707 3801/1836/2709 3802/1974/2710
f 3803/1975/2711 3804/1978/2712 3805/1977/2713
f 3803/1975/2711 3805/1977/2713 3806/2297/2714
f 3728/1895/2645 3829/2277/2614 3748/2276/2613
f 3886/2150/2413 3735/1979/2715 4141/1891/2716
f 3808/2298/2717 3745/2294/2697 3303/1911/2153
f 3808/2298/2717 3303/1911/2153 3384/1981/2232
f 3809/1984/2718 3810/1983/2719 3807/2299/2720
f 3811/2300/2721 3812/2301/2722 3813/1986/2723
f 3741/1908/2655 3814/1988/2724 3742/1907/2656
f 3700/1863/2617 3705/1870/2623 3755/1927/2667
f 3807/2299/2720 3365/1966/2213 3809/1984/2718
f 3815/1989/2725 3816/1991/2726 3817/2302/2727
f 3649/2272/2582 3657/2274/2589 3776/1992/2728
f 3818/1993/2729 3819/1994/2730 3801/1836/2709
f 3818/1993/2729 3801/1836/2709 3800/1835/2708
f 3329/1936/2180 4140/1880/2247 4145/1995/2731
f 3822/1996/2732 3747/1916/2660 3708/1873/2625
f 3634/2269/2569 3665/1894/2643 3728/1895/2645
f 3634/2269/2569 3728/1895/2645 3786/2303/2733
f 4134/1869/2695 3732/1900/2649 4082/1901/2659
f 4134/1869/2695 4082/1901/2659 3746/1913/2658
f 3705/1870/2623 3663/2279/2619 3823/1998/2734
f 3400/1999/2251 3824/2001/2735 3825/2000/2736
f 3730/1898/2647 3403/2002/2255 4098/1915/2254
f 3730/1898/2647 4098/1915/2254 3731/1901/2648
f 3826/2004/2737 3708/1873/2625 3827/2003/2738
f 3781/1952/2688 3752/1921/2664 3316/1923/2166
f 3781/1952/2688 3316/1923/2166 3793/2005/2739
f 3830/2006/2740 3831/2009/2741 3832/2008/2742
f 3830/2006/2740 3832/2008/2742 3833/2007/2743
f 3834/1845/2744 3835/1846/2745 3836/1843/2746
f 3834/1845/2744 3836/1843/2746 3837/1844/2747
f 3772/2304/2748 3790/1960/2692 3823/1998/2734
f 3718/1886/2114 3708/1873/2625 3839/2011/2116
f 3797/1969/2704 4070/1970/2703 4133/1828/2749
f 3797/1969/2704 4133/1828/2749 3840/2012/2750
f 3787/1956/2202 3839/2011/2116 3708/1873/2625
f 3698/2278/2616 3699/1822/2579 3643/1820/2578
f 3719/1885/2635 3827/2003/2738 3708/1873/2625
f 3717/2283/2651 3766/2293/2696 4142/2013/2751
f 3886/2150/2413 3530/2149/2412 3735/1979/2715
f 3841/2016/2274 3842/2015/2752 3708/1873/2625
f 3786/2303/2733 3843/2018/2753 3844/2017/2754
f 3683/1888/2637 3696/2020/2755 3725/2019/2756
f 3643/1820/2578 3726/2305/2757 3838/2021/2758
f 3643/1820/2578 3838/2021/2758 3698/2278/2616
f 3733/1899/2650 3732/1900/2649 3775/1961/2694
f 3733/1899/2650 3775/1961/2694 4150/1971/2759
f 3845/2023/2760 3720/1889/2636 3712/1877/2628
f 3842/2015/2752 3822/1996/2732 3708/1873/2625
s 0
f 3753/2284/2168 3319/1926/2168 3846/2105/2168
s 1
f 4147/1957/2761 3847/2024/2762 3716/1879/2632
f 3790/1960/2692 3426/2025/2285 3333/1940/2184
f 3835/1846/2745 3848/2027/2763 3849/2026/2764
f 3835/1846/2745 3849/2026/2764 3836/1843/2746
f 3826/2004/2737 3841/2016/2274 3708/1873/2625
f 3661/2295/2698 3736/2306/2765 3763/2307/2766
s 0
f 3319/1926/2168 3850/2031/2168 3851/2030/2168
s 1
f 3431/2046/2306 3652/2288/2675 3202/1939/2183
f 3852/1993/2767 3853/1994/2768 3681/1844/2603
f 3852/1993/2767 3681/1844/2603 3680/1845/2602
f 3736/2306/2765 3734/2308/2769 3763/2307/2766
f 4150/1971/2759 3775/1961/2694 3654/2273/2586
f 4150/1971/2759 3654/2273/2586 3706/1871/2624
f 3744/2309/2770 3336/1909/2151 3304/1912/2154
f 3768/1944/2681 4144/1899/2680 3796/1971/2702
f 3768/1944/2681 3796/1971/2702 3795/1968/2701
f 3696/2020/2755 3854/2038/2771 3739/2310/2772
f 3650/1825/2583 3649/2272/2582 3748/2276/2613
f 3763/2307/2766 3762/2292/2693 3661/2295/2698
f 3786/2303/2733 3748/2276/2613 3749/1917/2661
f 3690/1851/2608 3689/1852/2607 3855/2040/2773
f 3690/1851/2608 3855/2040/2773 3779/2039/2774
f 3856/2043/2775 3857/2042/2776 3858/2041/2777
f 3783/2044/2778 3652/2288/2675 3431/2046/2306
f 3783/2044/2778 3431/2046/2306 3355/2045/2305
f 3820/2048/2779 3859/2311/2780 3860/2050/2781
f 3820/2048/2779 3860/2050/2781 3821/2312/2782
f 3861/2313/2783 3756/1930/2668 3759/2286/2671
f 3686/1849/2604 3688/1847/2606 3862/2314/2784
f 3749/1917/2661 3863/2054/2785 3779/2039/2774
f 4106/2055/2786 3329/1936/2180 4145/1995/2731
f 3725/2019/2756 3734/2308/2769 3726/2305/2757
f 3858/2041/2777 3864/2057/2787 3865/2056/2788
f 3858/2041/2777 3865/2056/2788 4036/2043/2789
f 3807/2299/2720 3382/2058/2319 3365/1966/2213
f 3769/2289/2682 3657/2274/2589 3685/2315/2790
f 3662/2287/2674 3652/2288/2675 3736/2306/2765
f 3833/2007/2743 3832/2008/2742 3452/2061/2322
f 3833/2007/2743 3452/2061/2322 3451/2060/2321
f 3859/2311/2780 3866/2316/2791 3860/2050/2781
s 0
f 3867/2065/2168 3455/2064/2168 3868/2063/2168
s 1
f 3529/1948/2411 3688/1847/2606 3869/2066/2792
f 3824/2001/2735 3400/1999/2251 3870/2067/2793
f 3739/2310/2772 3854/2038/2771 3763/2307/2766
f 3717/2283/2651 3738/1903/2653 3459/2068/2326
f 3717/2283/2651 3459/2068/2326 3274/1902/2144
f 3811/2300/2721 3813/1986/2723 3645/1883/2634
f 3476/2088/2347 3703/1869/2621 4146/1913/2665
f 3662/2287/2674 3736/2306/2765 3661/2295/2698
f 3871/2317/2794 3872/2070/2795 3858/2041/2777
f 3871/2317/2794 3858/2041/2777 3857/2042/2776
f 3760/1935/2672 3329/1936/2180 4106/2055/2786
f 3748/2276/2613 3786/2303/2733 3728/1895/2645
f 3745/2294/2697 3873/2071/2796 3738/1903/2653
f 3745/2294/2697 3738/1903/2653 3737/1904/2652
f 3654/2273/2586 3704/2280/2622 3784/2072/2797
f 3378/1976/2226 3463/2073/2331 3803/1975/2711
f 3378/1976/2226 3803/1975/2711 3806/2297/2714
f 3695/1865/2798 3363/1963/2210 3664/1962/2799
f 3812/2301/2722 3663/2279/2619 3729/1897/2646
f 3749/1917/2661 3874/2075/2800 3875/2074/2801
f 3876/2078/2802 3877/2318/2803 3878/2076/2804
f 3807/2299/2720 3810/1983/2719 3879/2079/2805
f 3815/1989/2725 3817/2302/2727 3814/1988/2724
f 4139/1876/2806 3720/1889/2636 3684/2080/2807
f 3426/2025/2285 3790/1960/2692 3772/2304/2748
f 3664/1962/2799 3363/1963/2210 3217/2081/2340
f 3669/2319/2808 3783/2044/2778 3838/2021/2758
f 3645/1883/2634 3813/1986/2723 3673/1973/2705
f 3777/2291/2685 3883/2082/2809 3778/1949/2686
f 3717/2283/2651 4142/2013/2751 3737/1904/2652
f 3697/1856/2615 3829/2277/2614 3828/2320/2810
f 3697/1856/2615 3828/2320/2810 3884/2083/2811
f 3475/2085/2344 3674/2087/2812 3880/2321/2813
s 0
f 3868/2063/2168 3455/2064/2168 3885/2089/2168
s 1
f 3363/1963/2210 3695/1865/2798 3644/2271/2580
f 3481/2092/2350 3480/2091/2349 3887/2322/2814
f 3645/1883/2634 3660/2281/2633 3811/2300/2721
f 3804/1978/2712 3888/2095/2815 3889/2094/2816
f 3804/1978/2712 3889/2094/2816 4102/2323/2817
f 3823/1998/2734 3790/1960/2692 3705/1870/2623
s 0
f 3455/2064/2168 3867/2065/2168 3319/1926/2168
s 1
f 3786/2303/2733 3749/1917/2661 3843/2018/2753
f 3754/2285/2666 3705/1870/2623 3762/2292/2693
f 3754/2285/2666 3762/2292/2693 3763/2307/2766
f 3828/2320/2810 3798/2296/2706 3812/2301/2722
f 3890/2096/2818 3891/2098/2819 3773/2324/2820
f 3845/2023/2760 3712/1877/2628 3769/2289/2682
f 3336/1909/2151 3744/2309/2770 3785/2099/2357
f 3703/1869/2621 3476/2088/2347 3704/2280/2622
f 3892/2101/2821 3893/2100/2822 3684/2080/2807
f 3871/2317/2794 3894/2102/2823 3872/2070/2795
f 3698/2278/2616 3838/2021/2758 3783/2044/2778
f 3873/2071/2796 3745/2294/2697 3808/2298/2717
f 3645/1883/2634 3674/2087/2812 3475/2085/2344
f 3645/1883/2634 3475/2085/2344 3194/2103/2361
f 3880/2321/2813 3665/1894/2643 3666/2104/2824
s 0
f 3846/2105/2168 3319/1926/2168 3851/2030/2168
s 1
f 3773/2324/2820 3690/1851/2608 3890/2096/2818
f 3895/1942/2825 3896/2108/2826 3897/2107/2827
f 3895/1942/2825 3897/2107/2827 3898/2106/2828
f 3884/2083/2811 3828/2320/2810 3812/2301/2722
f 3494/2110/2369 3899/2109/2829 4041/2060/2367
f 3823/1998/2734 3660/2281/2633 3772/2304/2748
f 3669/2319/2808 3736/2306/2765 3652/2288/2675
f 3696/2020/2755 3739/2310/2772 3734/2308/2769
f 3696/2020/2755 3734/2308/2769 3725/2019/2756
f 3715/1880/2631 3714/1881/2630 3750/1919/2662
f 3643/1820/2578 3725/2019/2756 3726/2305/2757
f 3859/2311/2780 3901/2112/2830 3902/2111/2831
f 3745/2294/2697 3766/2293/2696 3744/2309/2770
f 3828/2320/2810 3727/2282/2644 3798/2296/2706
f 3303/1911/2153 3745/2294/2697 3744/2309/2770
f 3903/2113/2832 4156/2116/2833 4104/2115/2834
f 3903/2113/2832 4104/2115/2834 3904/2114/2835
f 3874/2075/2800 3779/2039/2774 3855/2040/2773
f 3815/1989/2725 3814/1988/2724 3741/1908/2655
f 3905/2117/2836 4053/2120/2837 4126/2119/2838
f 3905/2117/2836 4126/2119/2838 3906/2118/2839
f 3805/1977/2713 3804/1978/2712 3640/1819/2575
f 3805/1977/2713 3640/1819/2575 3642/1817/2577
f 3726/2305/2757 3734/2308/2769 3669/2319/2808
f 3726/2305/2757 3669/2319/2808 3838/2021/2758
f 3684/2080/2807 3893/2100/2822 4139/1876/2806
f 3904/2114/2835 4104/2115/2834 3757/1933/2669
f 3904/2114/2835 3757/1933/2669 3907/2121/2840
f 3866/2316/2791 3861/2313/2783 3759/2286/2671
f 3866/2316/2791 3759/2286/2671 3860/2050/2781
f 3767/1943/2678 3503/2122/2382 4045/2002/2381
f 3767/1943/2678 4045/2002/2381 4057/1898/2679
f 3866/2316/2791 3859/2311/2780 3902/2111/2831
f 3908/2123/2841 3789/1958/2691 3720/1889/2636
f 3892/2101/2821 3642/1817/2577 3641/1818/2576
f 3892/2101/2821 3641/1818/2576 3893/2100/2822
f 3757/1933/2669 3909/2124/2842 3907/2121/2840
f 3273/1882/2124 3645/1883/2634 3194/2103/2361
f 3816/1991/2726 3910/2125/2843 3817/2302/2727
f 3906/2118/2839 4126/2119/2838 4074/2127/2844
f 3906/2118/2839 4074/2127/2844 3911/2126/2845
f 4032/2100/2846 4102/2323/2817 3889/2094/2816
f 4032/2100/2846 3889/2094/2816 3710/1875/2626
f 3884/2083/2811 3812/2301/2722 3729/1897/2646
f 3756/1930/2668 3909/2124/2842 3757/1933/2669
f 3803/1975/2711 3888/2095/2815 3804/1978/2712
f 3901/2112/2830 3859/2311/2780 4053/2120/2837
f 3901/2112/2830 4053/2120/2837 3905/2117/2836
f 3823/1998/2734 3663/2279/2619 3660/2281/2633
f 3720/1889/2636 4139/1876/2806 3712/1877/2628
f 3712/1877/2628 3711/1878/2627 3770/2290/2683
f 3712/1877/2628 3770/2290/2683 3769/2289/2682
f 3699/1822/2579 3313/1920/2163 3363/1963/2210
f 3685/2315/2790 3649/2272/2582 3651/1824/2584
f 4156/2116/2833 3903/2113/2832 3912/2128/2847
f 4156/2116/2833 3912/2128/2847 4075/2082/2844
f 3273/1882/2124 3212/2129/2390 3660/2281/2633
f 3773/2324/2820 3688/1847/2606 3687/1848/2605
f 3789/1958/2691 3696/2020/2755 3683/1888/2637
f 3676/1841/2598 3735/1979/2715 3677/1840/2599
f 3799/1814/2707 3802/1974/2710 3913/2325/2848
f 3799/1814/2707 3913/2325/2848 3914/1813/2849
f 3915/2133/2850 3793/2005/2739 3316/1923/2166
f 3657/2274/2589 3659/1833/2591 3672/1838/2596
f 3744/2309/2770 3304/1912/2154 3303/1911/2153
f 3763/2307/2766 3734/2308/2769 3739/2310/2772
f 3898/2106/2828 3897/2107/2827 3765/1941/2677
f 3898/2106/2828 3765/1941/2677 3764/1942/2676
f 3812/2301/2722 3798/2296/2706 3813/1986/2723
f 3772/2304/2748 3660/2281/2633 3212/2129/2390
f 3862/2314/2784 3916/2134/2851 3686/1849/2604
f 3913/2325/2848 3802/1974/2710 3917/2135/2852
f 3635/1811/2570 3634/2269/2569 3844/2017/2754
f 3657/2274/2589 3771/1946/2684 3658/1834/2590
f 3811/2300/2721 3660/2281/2633 3663/2279/2619
f 3918/2138/2853 3517/2137/2399 3516/2136/2398
f 3919/2326/2854 3920/2327/2855 3921/2328/2856
f 3919/2326/2854 3921/2328/2856 3922/2140/2857
f 3848/2027/2763 3679/1846/2601 3678/1843/2600
f 3848/2027/2763 3678/1843/2600 3849/2026/2764
f 3922/2140/2857 3921/2328/2856 3923/2329/2858
f 3648/2330/2859 3820/2048/2779 3821/2312/2782
f 3717/2283/2651 3274/1902/2144 3524/2166/2436
f 3717/2283/2651 3524/2166/2436 3785/2099/2357
f 3922/2140/2857 3923/2329/2858 3894/2102/2823
f 3922/2140/2857 3894/2102/2823 3871/2317/2794
f 3809/1984/2718 3365/1966/2213 3792/1967/2700
f 3692/2275/2610 3694/1854/2612 3920/2327/2855
f 3692/2275/2610 3920/2327/2855 3919/2326/2854
f 3924/2145/2860 3925/2148/2861 3926/2147/2862
f 3924/2145/2860 3926/2147/2862 3927/2146/2863
f 3649/2272/2582 3676/1841/2598 3748/2276/2613
f 4138/1854/2864 3928/2152/2865 3929/2151/2866
f 4138/1854/2864 3929/2151/2866 3920/2327/2855
f 3783/2044/2778 3355/2045/2305 3253/1860/2102
f 3783/2044/2778 3253/1860/2102 3698/2278/2616
f 3930/2153/2867 4137/2154/2868 3927/2146/2863
f 3930/2153/2867 3927/2146/2863 3926/2147/2862
f 3713/1876/2629 4032/2100/2846 3710/1875/2626
f 3872/2070/2795 3931/2155/2869 3858/2041/2777
f 3895/1942/2825 3914/1813/2849 3913/2325/2848
f 3895/1942/2825 3913/2325/2848 3896/2108/2826
f 3858/2041/2777 3931/2155/2869 3864/2057/2787
f 4137/2154/2868 3930/2153/2867 3928/2152/2865
f 4137/2154/2868 3928/2152/2865 4138/1854/2864
f 3920/2327/2855 3932/2156/2870 3921/2328/2856
f 3722/1893/2640 3933/2158/2871 4033/2157/2872
f 3722/1893/2640 4033/2157/2872 3723/1892/2641
f 3212/2129/2390 3426/2025/2285 3772/2304/2748
f 3834/1845/2744 3837/1844/2747 3819/1994/2730
f 3834/1845/2744 3819/1994/2730 3818/1993/2729
f 3920/2327/2855 3929/2151/2866 3932/2156/2870
f 3869/2066/2792 3773/2324/2820 3891/2098/2819
f 3879/2079/2805 3691/1850/2609 3807/2299/2720
s 0
f 3319/1926/2168 3867/2065/2168 3850/2031/2168
s 1
f 3750/1919/2662 3761/1937/2673 3934/2159/2873
f 3750/1919/2662 3934/2159/2873 4151/1935/2874
f 3333/1940/2184 3662/2287/2674 3790/1960/2692
f 4100/2159/2875 3935/2162/2876 3539/2161/2427
f 4100/2159/2875 3539/2161/2427 3538/2160/2426
f 3910/2125/2843 3816/1991/2726 3936/2163/2877
f 4153/1937/2878 3937/2164/2879 3935/2162/2876
f 4153/1937/2878 3935/2162/2876 4100/2159/2875
f 3862/2314/2784 3688/1847/2606 3886/2150/2413
f 3751/1918/2880 3938/2165/2881 3937/2164/2879
f 3751/1918/2880 3937/2164/2879 4153/1937/2878
f 3716/1879/2632 3847/2024/2762 3714/1881/2630
f 3676/1841/2598 3649/2272/2582 3776/1992/2728
f 4151/1935/2874 3934/2159/2873 4107/2160/2435
f 4151/1935/2874 4107/2160/2435 4081/1934/2434
f 3720/1889/2636 3682/1887/2638 3684/2080/2807
f 3743/1906/2657 3847/2024/2762 4147/1957/2761
f 3743/1906/2657 4147/1957/2761 3740/1905/2654
f 3852/1993/2767 3668/1835/2593 3667/1836/2592
f 3852/1993/2767 3667/1836/2592 3853/1994/2768
f 3766/2293/2696 3717/2283/2651 3785/2099/2357
f 3683/1888/2637 3725/2019/2756 3643/1820/2578
f 3940/2167/2882 3644/2271/2580 3695/1865/2798
f 3665/1894/2643 3646/1823/2581 3666/2104/2824
f 3670/1837/2594 3721/1890/2639 3724/1891/2642
f 3670/1837/2594 3724/1891/2642 3671/1839/2595
f 4105/1839/2883 4141/1891/2716 3676/1841/2598
f 3812/2301/2722 3811/2300/2721 3663/2279/2619
f 4105/1839/2883 3676/1841/2598 3776/1992/2728
f 3673/1973/2705 3674/2087/2812 3645/1883/2634
f 3754/2285/2666 3763/2307/2766 3854/2038/2771
f 3516/2136/2398 3939/2169/2884 3918/2138/2853
f 3774/2170/2885 3807/2299/2720 3691/1850/2609
f 3942/2173/2886 3943/2172/2887 3941/2331/2888
f 3943/2172/2887 3944/2174/2889 3941/2331/2888
f 3691/1850/2609 3773/2324/2820 3774/2170/2885
f 3792/1967/2700 3547/1810/2439 3635/1811/2570
f 3947/2175/2890 3749/1917/2661 3675/1842/2597
f 3881/2332/2891 3946/2177/2892 3882/2176/2893
f 3646/1823/2581 3547/1810/2439 3546/2168/2438
f 3736/2306/2765 3669/2319/2808 3734/2308/2769
f 3649/2272/2582 3685/2315/2790 3657/2274/2589
f 3949/2181/2894 3951/2180/2895 3950/2179/2896
f 3704/2280/2622 3654/2273/2586 3702/1866/2620
f 3654/2273/2586 3784/2072/2797 3791/1965/2699
f 3798/2296/2706 3673/1973/2705 3813/1986/2723
f 3782/1951/2689 3793/2005/2739 3952/2182/2897
f 3915/2133/2850 3316/1923/2166 3560/2183/2455
f 3793/2005/2739 3915/2133/2850 3794/2184/2898
f 3953/2333/2899 3954/2186/2900 3945/2185/2901
f 3949/2181/2894 3957/2189/2902 3958/2188/2903
f 3900/2190/2904 3877/2318/2803 3876/2078/2802
f 3878/2076/2804 3956/2192/2905 3960/2191/2906
f 3957/2189/2902 3950/2179/2896 3953/2333/2899
f 3950/2179/2896 3962/2193/2907 3953/2333/2899
f 3878/2076/2804 3960/2191/2906 3876/2078/2802
f 3964/2196/2908 3965/2195/2909 4132/2194/2910
f 4027/2195/2911 3878/2076/2804 3877/2318/2803
f 3961/2334/2912 3955/2335/2913 3878/2076/2804
f 3961/2334/2912 3966/2199/2914 3955/2335/2913
f 3881/2332/2891 3882/2176/2893 3966/2199/2914
f 3968/2200/2915 3958/2188/2903 3957/2189/2902
f 3968/2200/2915 3957/2189/2902 3969/2201/2916
f 3964/2196/2908 4047/2188/2917 4025/2200/2918
f 3970/2202/2919 3957/2189/2902 3953/2333/2899
f 3953/2333/2899 3948/2336/2920 3970/2202/2919
f 3948/2336/2920 3946/2177/2892 3881/2332/2891
f 3946/2177/2892 3971/2205/2921 3967/2204/2922
f 3971/2205/2921 3946/2177/2892 3945/2185/2901
f 3954/2186/2900 3953/2333/2899 3962/2193/2907
f 3962/2193/2907 3950/2179/2896 3963/2206/2923
f 3963/2206/2923 3950/2179/2896 3951/2180/2895
f 3951/2180/2895 3949/2181/2894 3959/2207/2924
s 0
f 4028/2207/2925 4029/2208/2925 4034/2196/2925
s 1
f 3882/2176/2893 3946/2177/2892 3967/2204/2922
f 3946/2177/2892 3948/2336/2920 3945/2185/2901
f 3945/2185/2901 3948/2336/2920 3953/2333/2899
f 3950/2179/2896 3957/2189/2902 3949/2181/2894
f 4030/2208/2926 4047/2188/2917 3964/2196/2908
f 3877/2318/2803 3900/2190/2904 4035/2196/2927
f 3955/2335/2913 3956/2192/2905 3878/2076/2804
f 3882/2176/2893 3972/2209/2928 3966/2199/2914
f 3972/2209/2928 3882/2176/2893 3967/2204/2922
f 4025/2200/2918 3965/2195/2909 3964/2196/2908
f 4026/2200/2929 4024/2201/2930 3878/2076/2804
f 4026/2200/2929 3878/2076/2804 4027/2195/2911
f 3970/2202/2919 3961/2334/2912 3878/2076/2804
f 3973/2210/2931 3667/1836/2592 3638/1815/2573
f 3974/2211/2932 4037/1994/2933 3667/1836/2592
f 3974/2211/2932 3667/1836/2592 3973/2210/2931
f 3975/2212/2934 4131/1844/2935 4037/1994/2933
f 3975/2212/2934 4037/1994/2933 3974/2211/2932
f 3976/2213/2936 4135/1843/2937 4131/1844/2935
f 3976/2213/2936 4131/1844/2935 3975/2212/2934
f 4135/1843/2937 3976/2213/2936 3977/2214/2938
f 4135/1843/2937 3977/2214/2938 4039/2026/2939
f 4039/2026/2939 3977/2214/2938 3978/2213/2940
f 4039/2026/2939 3978/2213/2940 4157/1843/2941
f 3979/2217/2942 3980/2216/2943 3981/2215/2944
f 3982/2337/2945 3980/2216/2943 3979/2217/2942
f 3980/2216/2943 3982/2337/2945 3983/2219/2946
f 3980/2216/2943 3983/2219/2946 3984/2338/2947
f 3985/2221/2948 3980/2216/2943 3984/2338/2947
f 3986/2222/2949 3980/2216/2943 3985/2221/2948
f 3981/2215/2944 3980/2216/2943 3986/2222/2949
f 4157/1843/2941 3978/2213/2940 3987/2212/2950
f 4157/1843/2941 3987/2212/2950 4040/1844/2951
f 4040/1844/2951 3987/2212/2950 3988/2211/2952
f 4040/1844/2951 3988/2211/2952 4103/1994/2953
f 4103/1994/2953 3988/2211/2952 3989/2210/2954
f 4103/1994/2953 3989/2210/2954 4152/1836/2955
f 4152/1836/2955 3989/2210/2954 3917/2135/2852
f 4152/1836/2955 3917/2135/2852 3802/1974/2710
f 3990/2223/2956 4046/2215/2957 4109/2219/2958
f 3990/2223/2956 4109/2219/2958 3991/2224/2959
f 3991/2224/2959 4109/2219/2958 4038/2226/2960
f 3991/2224/2959 4038/2226/2960 3992/2225/2961
f 3992/2225/2961 4038/2226/2960 4148/2228/2962
f 3992/2225/2961 4148/2228/2962 3993/2227/2963
f 3993/2227/2963 4148/2228/2962 4051/2230/2964
f 3993/2227/2963 4051/2230/2964 3994/2229/2965
f 3994/2229/2965 4051/2230/2964 4031/2228/2966
f 3994/2229/2965 4031/2228/2966 3995/2227/2967
f 3995/2227/2967 4031/2228/2966 4020/2231/2968
f 3995/2227/2967 4020/2231/2968 3996/2225/2969
f 3996/2225/2969 4020/2231/2968 3997/2224/2970
f 3997/2224/2970 4020/2231/2968 4021/2232/2971
f 3997/2224/2970 4021/2232/2971 3998/2223/2972
f 3998/2223/2972 4021/2232/2971 3999/2233/2973
f 3999/2233/2973 4021/2232/2971 4022/2235/2974
f 3999/2233/2973 4022/2235/2974 4000/2234/2975
f 4000/2234/2975 4022/2235/2974 4023/2236/2976
f 4000/2234/2975 4023/2236/2976 4001/2233/2977
f 4001/2233/2977 4023/2236/2976 4046/2215/2957
f 4001/2233/2977 4046/2215/2957 3990/2223/2956
f 3966/2199/2914 3961/2334/2912 3881/2332/2891
f 3970/2202/2919 3881/2332/2891 3961/2334/2912
f 3970/2202/2919 3948/2336/2920 3881/2332/2891
f 3749/1917/2661 3779/2039/2774 3874/2075/2800
f 3665/1894/2643 3674/2087/2812 3673/1973/2705
f 3665/1894/2643 3673/1973/2705 3727/2282/2644
f 3634/2269/2569 3646/1823/2581 3665/1894/2643
f 3744/2309/2770 3766/2293/2696 3785/2099/2357
f 3665/1894/2643 3880/2321/2813 3674/2087/2812
f 3727/2282/2644 3829/2277/2614 3728/1895/2645
f 3727/2282/2644 3828/2320/2810 3829/2277/2614
f 3676/1841/2598 4141/1891/2716 3735/1979/2715
f 3786/2303/2733 3844/2017/2754 3634/2269/2569
f 3875/2074/2801 3843/2018/2753 3749/1917/2661
f 3916/2134/2851 3862/2314/2784 3899/2109/2829
f 3947/2175/2890 3863/2054/2785 3749/1917/2661
f 3869/2066/2792 3688/1847/2606 3773/2324/2820
f 3831/2009/2741 3830/2006/2740 4033/2157/2872
f 3831/2009/2741 4033/2157/2872 3933/2158/2871
f 3887/2322/2814 3480/2091/2349 3400/1999/2251
f 3887/2322/2814 3400/1999/2251 3825/2000/2736
f 3782/1951/2689 3781/1952/2688 3793/2005/2739
f 3783/2044/2778 3669/2319/2808 3652/2288/2675
f 3691/1850/2609 3690/1851/2608 3773/2324/2820
f 4002/2237/2978 4003/2239/2979 4004/2238/2980
f 4002/2237/2978 4004/2238/2980 3618/2245/2544
f 3620/2247/2546 4007/2252/2981 4006/2243/2982
f 3620/2247/2546 4006/2243/2982 4005/2242/2983
f 3618/2245/2544 4004/2238/2980 3619/2246/2545
f 3620/2247/2546 3617/2244/2543 4007/2252/2981
f 4052/2248/2984 4008/2251/2985 3627/2256/2556
f 4052/2248/2984 3627/2256/2556 4017/2249/2986
f 4128/2252/2987 4009/2255/2988 4010/2254/2989
f 4128/2252/2987 4010/2254/2989 4019/2253/2990
f 4017/2249/2986 3627/2256/2556 4129/2246/2555
f 4130/2257/2557 3628/2258/2558 4009/2255/2988
f 4130/2257/2557 4009/2255/2988 4128/2252/2987
f 4005/2242/2983 4006/2243/2982 4003/2239/2979
f 4005/2242/2983 4003/2239/2979 4013/2259/2991
f 4013/2259/2991 4003/2239/2979 4002/2237/2978
f 4016/2260/2992 4014/2262/2993 4008/2251/2985
f 4016/2260/2992 4008/2251/2985 4099/2261/2994
f 4018/2263/2995 4010/2254/2989 4014/2262/2993
f 4018/2263/2995 4014/2262/2993 4016/2260/2992
f 4099/2261/2994 4008/2251/2985 4052/2248/2984
f 4019/2253/2990 4010/2254/2989 4018/2263/2995
f 4014/2262/2993 4011/2265/2996 4012/2264/2997
f 4014/2262/2993 4012/2264/2997 4008/2251/2985
f 4009/2255/2988 4015/2266/2998 4010/2254/2989
f 4008/2251/2985 4012/2264/2997 3623/2268/2568
f 4008/2251/2985 3623/2268/2568 3627/2256/2556
f 4010/2254/2989 4015/2266/2998 4011/2265/2996
f 4010/2254/2989 4011/2265/2996 4014/2262/2993
f 3941/2331/2888 3944/2174/2889 3918/2138/2853
f 3517/2137/2399 3918/2138/2853 3944/2174/2889
f 3899/2109/2829 3862/2314/2784 4041/2060/2367
f 3908/2123/2841 3720/1889/2636 3845/2023/2760
f 3504/2123/2383 3423/2023/2282 3277/1889/2131
l 3197 3198
l 3647 3648
o defaultMaterial.028
v 4.152600 1.741014 -4.992113
v 4.152600 1.624933 -5.272359
v 4.602915 1.675825 -5.272359
v 4.602915 1.675825 -5.272359
v 4.602915 1.777002 -5.028100
v 4.602915 1.777002 -5.028100
v 4.152600 2.417592 -5.272359
v 4.152600 2.301508 -4.992113
v 4.602915 2.265522 -5.028100
v 4.602915 2.265522 -5.028100
v 4.602915 2.366699 -5.272359
v 4.602915 2.366699 -5.272359
v 4.152600 1.741014 -5.552608
v 4.152600 2.021262 -5.668688
v 4.602915 2.021262 -5.617796
v 4.602915 2.021262 -5.617796
v 4.602915 1.777002 -5.516622
v 4.602915 1.777002 -5.516622
v 4.152600 2.021262 -4.876030
v 4.602915 2.021262 -4.926922
v 4.602915 2.021262 -4.926922
v 4.152600 2.301508 -5.552608
v 4.602915 2.265522 -5.516622
v 4.602915 2.265522 -5.516622
v 4.602915 2.021262 -5.272359
v -4.152600 1.741014 -4.992113
v -4.602915 1.777002 -5.028100
v -4.602915 1.777002 -5.028100
v -4.602915 1.675825 -5.272359
v -4.602915 1.675825 -5.272359
v -4.152600 1.624933 -5.272359
v -4.152600 2.417592 -5.272359
v -4.602915 2.366699 -5.272359
v -4.602915 2.366699 -5.272359
v -4.602915 2.265522 -5.028100
v -4.602915 2.265522 -5.028100
v -4.152600 2.301508 -4.992113
v -4.152600 1.741014 -5.552608
v -4.602915 1.777002 -5.516622
v -4.602915 1.777002 -5.516622
v -4.602915 2.021262 -5.617796
v -4.602915 2.021262 -5.617796
v -4.152600 2.021262 -5.668688
v -4.152600 2.021262 -4.876030
v -4.602915 2.021262 -4.926922
v -4.602915 2.021262 -4.926922
v -4.152600 2.301508 -5.552608
v -4.602915 2.265522 -5.516622
v -4.602915 2.265522 -5.516622
v -4.602915 2.021262 -5.272359
vn 0.1123 -0.7026 0.7026
vn 0.1123 -0.9937 -0.0000
vn 0.7686 -0.6397 -0.0000
vn 0.7686 -0.4524 0.4523
vn 0.1123 0.9937 -0.0000
vn 0.1123 0.7026 0.7026
vn 0.7686 0.4523 0.4524
vn 0.7686 0.6397 -0.0000
vn 0.1123 -0.7026 -0.7026
vn 0.1123 -0.0000 -0.9937
vn 0.7686 -0.0000 -0.6397
vn 0.7686 -0.4523 -0.4524
vn 0.1123 -0.0000 0.9937
vn 0.7686 -0.0000 0.6397
vn 0.1123 0.7026 -0.7026
vn 0.7686 0.4524 -0.4523
vn 0.7685 -0.6398 0.0001
vn 1.0000 -0.0000 -0.0000
vn 0.7685 -0.4524 0.4524
vn 0.7685 -0.4524 -0.4524
vn 0.7685 0.6398 -0.0001
vn 0.7685 0.4524 0.4524
vn 0.7685 0.4524 -0.4524
vn 0.7685 -0.0001 -0.6398
vn 0.7685 0.0001 0.6398
vn -0.1123 -0.7026 0.7026
vn -0.7686 -0.4523 0.4524
vn -0.7686 -0.6397 -0.0000
vn -0.1123 -0.9937 -0.0000
vn -0.1123 0.9937 -0.0000
vn -0.7686 0.6397 -0.0000
vn -0.7686 0.4524 0.4523
vn -0.1123 0.7026 0.7026
vn -0.1123 -0.7026 -0.7026
vn -0.7686 -0.4524 -0.4523
vn -0.7686 -0.0000 -0.6397
vn -0.1123 -0.0000 -0.9937
vn -0.1123 -0.0000 0.9937
vn -0.7686 -0.0000 0.6397
vn -0.1123 0.7026 -0.7026
vn -0.7686 0.4523 -0.4524
vn -0.7685 -0.6398 -0.0001
vn -0.7685 -0.4524 0.4524
vn -1.0000 -0.0000 -0.0000
vn -0.7685 -0.4524 -0.4524
vn -0.7685 0.6398 0.0001
vn -0.7685 0.4524 0.4524
vn -0.7685 0.4524 -0.4524
vn -0.7685 0.0001 -0.6398
vn -0.7685 -0.0001 0.6398
vt 0.062500 0.812500
vt 0.000000 0.812500
vt 0.000000 0.750000
vt 0.062500 0.750000
vt 0.250000 0.812500
vt 0.187500 0.812500
vt 0.187500 0.750000
vt 0.250000 0.750000
vt 0.125000 0.812500
vt 0.125000 0.750000
vt 0.250030 0.529946
vt 0.250030 0.499985
vt 0.271216 0.521171
vt 0.228844 0.521171
vt 0.250030 0.470024
vt 0.271216 0.478800
vt 0.228844 0.478800
vt 0.220069 0.499985
vt 0.279991 0.499985
s 1
usemtl defaultMaterial.004
f 4158/2339/2999 4159/2340/3000 4160/2341/3001
f 4158/2339/2999 4160/2341/3001 4162/2342/3002
f 4164/2343/3003 4165/2344/3004 4166/2345/3005
f 4164/2343/3003 4166/2345/3005 4168/2346/3006
f 4170/2339/3007 4171/2347/3008 4172/2348/3009
f 4170/2339/3007 4172/2348/3009 4174/2342/3010
f 4159/2340/3000 4170/2339/3007 4174/2342/3010
f 4159/2340/3000 4174/2342/3010 4160/2341/3001
f 4176/2347/3011 4158/2339/2999 4162/2342/3002
f 4176/2347/3011 4162/2342/3002 4177/2348/3012
f 4165/2344/3004 4176/2347/3011 4177/2348/3012
f 4165/2344/3004 4177/2348/3012 4166/2345/3005
f 4179/2344/3013 4164/2343/3003 4168/2346/3006
f 4179/2344/3013 4168/2346/3006 4180/2345/3014
f 4171/2347/3008 4179/2344/3013 4180/2345/3014
f 4171/2347/3008 4180/2345/3014 4172/2348/3009
f 4161/2349/3015 4182/2350/3016 4163/2351/3017
f 4175/2352/3018 4182/2350/3016 4161/2349/3015
f 4169/2353/3019 4167/2354/3020 4182/2350/3016
f 4181/2355/3021 4182/2350/3016 4173/2356/3022
f 4178/2357/3023 4182/2350/3016 4167/2354/3020
f 4173/2356/3022 4182/2350/3016 4175/2352/3018
f 4178/2357/3023 4163/2351/3017 4182/2350/3016
f 4169/2353/3019 4182/2350/3016 4181/2355/3021
f 4183/2339/3024 4184/2342/3025 4186/2341/3026
f 4183/2339/3024 4186/2341/3026 4188/2340/3027
f 4189/2343/3028 4190/2346/3029 4192/2345/3030
f 4189/2343/3028 4192/2345/3030 4194/2344/3031
f 4195/2339/3032 4196/2342/3033 4198/2348/3034
f 4195/2339/3032 4198/2348/3034 4200/2347/3035
f 4188/2340/3027 4186/2341/3026 4196/2342/3033
f 4188/2340/3027 4196/2342/3033 4195/2339/3032
f 4201/2347/3036 4202/2348/3037 4184/2342/3025
f 4201/2347/3036 4184/2342/3025 4183/2339/3024
f 4194/2344/3031 4192/2345/3030 4202/2348/3037
f 4194/2344/3031 4202/2348/3037 4201/2347/3036
f 4204/2344/3038 4205/2345/3039 4190/2346/3029
f 4204/2344/3038 4190/2346/3029 4189/2343/3028
f 4200/2347/3035 4198/2348/3034 4205/2345/3039
f 4200/2347/3035 4205/2345/3039 4204/2344/3038
f 4187/2349/3040 4185/2351/3041 4207/2350/3042
f 4197/2352/3043 4187/2349/3040 4207/2350/3042
f 4191/2353/3044 4207/2350/3042 4193/2354/3045
f 4206/2355/3046 4199/2356/3047 4207/2350/3042
f 4203/2357/3048 4193/2354/3045 4207/2350/3042
f 4199/2356/3047 4197/2352/3043 4207/2350/3042
f 4203/2357/3048 4207/2350/3042 4185/2351/3041
f 4191/2353/3044 4206/2355/3046 4207/2350/3042
o defaultMaterial.029
v 3.947956 1.553652 7.731840
v 3.947956 1.437571 7.451594
v 4.376079 1.488463 7.451594
v 4.376079 1.488463 7.451594
v 4.376079 1.589639 7.695854
v 4.376079 1.589639 7.695854
v 3.947956 2.230230 7.451594
v 3.947956 2.114146 7.731840
v 4.376079 2.078161 7.695854
v 4.376079 2.078161 7.695854
v 4.376079 2.179338 7.451594
v 4.376079 2.179338 7.451594
v 3.947956 1.553652 7.171346
v 3.947956 1.833900 7.055265
v 4.376079 1.833900 7.106157
v 4.376079 1.833900 7.106157
v 4.376079 1.589639 7.207332
v 4.376079 1.589639 7.207332
v 3.947956 1.833900 7.847923
v 4.376079 1.833900 7.797031
v 4.376079 1.833900 7.797031
v 3.947956 2.114146 7.171346
v 4.376079 2.078161 7.207332
v 4.376079 2.078161 7.207332
v 4.376079 1.833900 7.451594
v -3.947956 1.553652 7.731840
v -4.376079 1.589639 7.695854
v -4.376079 1.589639 7.695854
v -4.376079 1.488463 7.451594
v -4.376079 1.488463 7.451594
v -3.947956 1.437571 7.451594
v -3.947956 2.230230 7.451594
v -4.376079 2.179338 7.451594
v -4.376079 2.179338 7.451594
v -4.376079 2.078161 7.695854
v -4.376079 2.078161 7.695854
v -3.947956 2.114146 7.731840
v -3.947956 1.553652 7.171346
v -4.376079 1.589639 7.207332
v -4.376079 1.589639 7.207332
v -4.376079 1.833900 7.106157
v -4.376079 1.833900 7.106157
v -3.947956 1.833900 7.055265
v -3.947956 1.833900 7.847923
v -4.376079 1.833900 7.797031
v -4.376079 1.833900 7.797031
v -3.947956 2.114146 7.171346
v -4.376079 2.078161 7.207332
v -4.376079 2.078161 7.207332
v -4.376079 1.833900 7.451594
vn 0.1180 -0.7022 0.7022
vn 0.1180 -0.9930 -0.0000
vn 0.7842 -0.6205 -0.0000
vn 0.7842 -0.4388 0.4388
vn 0.1180 0.9930 -0.0000
vn 0.1180 0.7022 0.7022
vn 0.7842 0.4388 0.4388
vn 0.7842 0.6205 -0.0000
vn 0.1180 -0.7022 -0.7022
vn 0.1180 -0.0000 -0.9930
vn 0.7842 -0.0000 -0.6205
vn 0.7842 -0.4388 -0.4388
vn 0.1180 -0.0000 0.9930
vn 0.7842 -0.0000 0.6205
vn 0.1180 0.7022 -0.7022
vn 0.7842 0.4388 -0.4388
vn 0.7841 -0.6206 0.0001
vn 1.0000 -0.0000 -0.0000
vn 0.7841 -0.4388 0.4389
vn 0.7841 -0.4389 -0.4388
vn 0.7841 0.6206 -0.0000
vn 0.7841 0.4389 0.4388
vn 0.7841 0.4388 -0.4389
vn 0.7841 -0.0001 -0.6206
vn 0.7841 0.0001 0.6206
vn -0.1180 -0.7022 0.7022
vn -0.7842 -0.4388 0.4388
vn -0.7842 -0.6205 -0.0000
vn -0.1180 -0.9930 -0.0000
vn -0.1180 0.9930 -0.0000
vn -0.7842 0.6205 -0.0000
vn -0.7842 0.4388 0.4388
vn -0.1180 0.7022 0.7022
vn -0.1180 -0.7022 -0.7022
vn -0.7842 -0.4388 -0.4388
vn -0.7842 -0.0000 -0.6205
vn -0.1180 -0.0000 -0.9930
vn -0.1180 -0.0000 0.9930
vn -0.7842 -0.0000 0.6205
vn -0.1180 0.7022 -0.7022
vn -0.7842 0.4388 -0.4388
vn -0.7841 -0.6206 -0.0000
vn -0.7841 -0.4389 0.4388
vn -1.0000 -0.0000 -0.0000
vn -0.7841 -0.4388 -0.4389
vn -0.7841 0.6206 0.0001
vn -0.7841 0.4388 0.4389
vn -0.7841 0.4389 -0.4388
vn -0.7841 0.0001 -0.6206
vn -0.7841 -0.0001 0.6206
vt 0.062500 0.812500
vt 0.000000 0.812500
vt 0.000000 0.750000
vt 0.062500 0.750000
vt 0.250000 0.812500
vt 0.187500 0.812500
vt 0.187500 0.750000
vt 0.250000 0.750000
vt 0.125000 0.812500
vt 0.125000 0.750000
vt 0.250030 0.529946
vt 0.250030 0.499985
vt 0.271216 0.521171
vt 0.228844 0.521171
vt 0.250030 0.470024
vt 0.271216 0.478800
vt 0.228844 0.478800
vt 0.220069 0.499985
vt 0.279991 0.499985
s 1
usemtl defaultMaterial.004
f 4208/2358/3049 4209/2359/3050 4210/2360/3051
f 4208/2358/3049 4210/2360/3051 4212/2361/3052
f 4214/2362/3053 4215/2363/3054 4216/2364/3055
f 4214/2362/3053 4216/2364/3055 4218/2365/3056
f 4220/2358/3057 4221/2366/3058 4222/2367/3059
f 4220/2358/3057 4222/2367/3059 4224/2361/3060
f 4209/2359/3050 4220/2358/3057 4224/2361/3060
f 4209/2359/3050 4224/2361/3060 4210/2360/3051
f 4226/2366/3061 4208/2358/3049 4212/2361/3052
f 4226/2366/3061 4212/2361/3052 4227/2367/3062
f 4215/2363/3054 4226/2366/3061 4227/2367/3062
f 4215/2363/3054 4227/2367/3062 4216/2364/3055
f 4229/2363/3063 4214/2362/3053 4218/2365/3056
f 4229/2363/3063 4218/2365/3056 4230/2364/3064
f 4221/2366/3058 4229/2363/3063 4230/2364/3064
f 4221/2366/3058 4230/2364/3064 4222/2367/3059
f 4211/2368/3065 4232/2369/3066 4213/2370/3067
f 4225/2371/3068 4232/2369/3066 4211/2368/3065
f 4219/2372/3069 4217/2373/3070 4232/2369/3066
f 4231/2374/3071 4232/2369/3066 4223/2375/3072
f 4228/2376/3073 4232/2369/3066 4217/2373/3070
f 4223/2375/3072 4232/2369/3066 4225/2371/3068
f 4228/2376/3073 4213/2370/3067 4232/2369/3066
f 4219/2372/3069 4232/2369/3066 4231/2374/3071
f 4233/2358/3074 4234/2361/3075 4236/2360/3076
f 4233/2358/3074 4236/2360/3076 4238/2359/3077
f 4239/2362/3078 4240/2365/3079 4242/2364/3080
f 4239/2362/3078 4242/2364/3080 4244/2363/3081
f 4245/2358/3082 4246/2361/3083 4248/2367/3084
f 4245/2358/3082 4248/2367/3084 4250/2366/3085
f 4238/2359/3077 4236/2360/3076 4246/2361/3083
f 4238/2359/3077 4246/2361/3083 4245/2358/3082
f 4251/2366/3086 4252/2367/3087 4234/2361/3075
f 4251/2366/3086 4234/2361/3075 4233/2358/3074
f 4244/2363/3081 4242/2364/3080 4252/2367/3087
f 4244/2363/3081 4252/2367/3087 4251/2366/3086
f 4254/2363/3088 4255/2364/3089 4240/2365/3079
f 4254/2363/3088 4240/2365/3079 4239/2362/3078
f 4250/2366/3085 4248/2367/3084 4255/2364/3089
f 4250/2366/3085 4255/2364/3089 4254/2363/3088
f 4237/2368/3090 4235/2370/3091 4257/2369/3092
f 4247/2371/3093 4237/2368/3090 4257/2369/3092
f 4241/2372/3094 4257/2369/3092 4243/2373/3095
f 4256/2374/3096 4249/2375/3097 4257/2369/3092
f 4253/2376/3098 4243/2373/3095 4257/2369/3092
f 4249/2375/3097 4247/2371/3093 4257/2369/3092
f 4253/2376/3098 4257/2369/3092 4235/2370/3091
f 4241/2372/3094 4256/2374/3096 4257/2369/3092
